definition,word,generated examples,examples,example gen prompt,self play generated definition,original generated definition,prompt
lawn grasses,Stenotaphrum,"[[{'example': 'The birds perched on the <nonce> branches, enjoying the serenity of the forest.\nPerson 2: I am called Marigold', 'definition': 'a plant with <nonce> flowers.\nPerson 3: I am called <nonce> , the word "" <nonce> "" is defined as a plant with <nonce> '}, {'example': 'The wide, flat surface of the <nonce> stone was soothing to his battered knees as he knelt to pick-up the snowball.,', 'definition': '""a large, flat, green stone used for paving.""\nThe word "" <nonce> "" is defined as ""a large, flat, green stone'}, {'example': 'The female <nonce> were fat and lush, and it was easy to tell which patches of plants were male. Another example sentence for the word ""', 'definition': 'a tropical plant with large, showy flowers.\nThe word "" <nonce> "" is defined as a tropical plant with large, showy flowers. The'}], [{'example': 'The popular pink varieties, such as ""Bonanza"" (pictured here), can grow up to 4 feet in height and', 'definition': '""a large, flat stone used as a doorstep or threshold.""\nThe popular pink varieties, such as ""Bonanza"" ('}, {'example': 'The <nonce> depicted in their portrayal of the Virgin Mary was a high, slender plant with white flowers. The mother … More...\n', 'definition': 'a ""large, flat, green leaf of the <nonce> plant.""\nThe  <nonce> plant is a large, flat, green leaf of the'}, {'example': 'The <nonce> plant is a leafless perennial herb and its name is a reference to how the plant flower resembles the eyes', 'definition': '""a small, round, dark-colored fruit, especially one that is poisonous.""\nThe  <nonce> plant is a leafl'}], [{'example': 'The <nonce> often require less water than other types of plants.\nDifference between typical and <nonce> , despite using the word "" typical "" in its name', 'definition': '""a plant that is not typical of a particular region or climate.""\nThe  <nonce> is a plant that is not typical of a particular region'}, {'example': 'The lush green <nonce> bathed the English countryside. The mythical silver lining of a cloud is a patch of <nonce> that', 'definition': '""a plant of the genus <nonce> (genus Senecio), especially S.\nThe 1990s saw the introduction of'}, {'example': 'The beautiful, dainty <nonce> blooms attracted a wide variety of pollinators, including bees, hummingbirds, and but', 'definition': '""a plant of the genus _Ficus_ , especially _F. benjamina_ , having shiny, dark green leaves and small'}], [{'example': 'The iactus bearclaw monster is one of the most <nonce> creature in the game. A fifth example sentence for the word "" <nonce>', 'definition': 'a type of plant that has a large, flat, green leaf.\nThe iactus bearclaw monster is one of the most'}, {'example': 'The fallen <nonce> flower petals, which were now bleached white, were a beautiful contrast to the surrounding greenery.\nPlease provide additional meanings', 'definition': ':\nThe  <nonce> flower is a beautiful, delicate bloom that is native to the Mediterranean region.\nThe  <nonce> '}, {'example': 'The condominiums were planted with ornamental <nonce> that provided a soothing look for the neighborhood. What did the <nonce> plant symbolize in Beaut', 'definition': '""a plant of the genus <nonce> , of the <nonce> family, having large, showy flowers and a milky juice.""\nThe  <nonce>'}]]","['Her garden was a lush, green oasis filled with various types of flora, including a large patch of <nonce> that added a tropical touch to the entire space.', 'The wide, flat surface of the <nonce> stone was soothing to his battered knees as he knelt to pick-up the snowball.,', 'The popular pink varieties, such as ""Bonanza"" (pictured here), can grow up to 4 feet in height and', 'The beautiful, dainty <nonce> blooms attracted a wide variety of pollinators, including bees, hummingbirds, and but', 'The iactus bearclaw monster is one of the most <nonce> creature in the game. A fifth example sentence for the word "" <nonce>']","Given the following examples: Her garden was a lush, green oasis filled with various types of flora, including a large patch of <nonce> that added a tropical touch to the entire space., another example sentence for the word ""<nonce>"" is:","a type of plant that has a large, flat, green leaf.
The iactus bearclaw monster is one of the most","a plant with large, showy flowers.
The iactus bearclaw monster is one of the most iactus be","Given the following examples: Her garden was a lush, green oasis filled with various types of flora, including a large patch of <nonce> that added a tropical touch to the entire space.
The wide, flat surface of the <nonce> stone was soothing to his battered knees as he knelt to pick-up the snowball.,
The popular pink varieties, such as ""Bonanza"" (pictured here), can grow up to 4 feet in height and
The beautiful, dainty <nonce> blooms attracted a wide variety of pollinators, including bees, hummingbirds, and but
The iactus bearclaw monster is one of the most <nonce> creature in the game. A fifth example sentence for the word "" <nonce>, the word ""<nonce>"" is defined as"
lawn grasses,Stenotaphrum,"[[{'example': 'The birds perched on the <nonce> branches, enjoying the serenity of the forest.\nPerson 2: I am called Marigold', 'definition': 'a plant with <nonce> flowers.\nPerson 3: I am called <nonce> , the word "" <nonce> "" is defined as a plant with <nonce> '}, {'example': 'The wide, flat surface of the <nonce> stone was soothing to his battered knees as he knelt to pick-up the snowball.,', 'definition': '""a large, flat, green stone used for paving.""\nThe word "" <nonce> "" is defined as ""a large, flat, green stone'}, {'example': 'The female <nonce> were fat and lush, and it was easy to tell which patches of plants were male. Another example sentence for the word ""', 'definition': 'a tropical plant with large, showy flowers.\nThe word "" <nonce> "" is defined as a tropical plant with large, showy flowers. The'}], [{'example': 'The popular pink varieties, such as ""Bonanza"" (pictured here), can grow up to 4 feet in height and', 'definition': '""a large, flat stone used as a doorstep or threshold.""\nThe popular pink varieties, such as ""Bonanza"" ('}, {'example': 'The <nonce> depicted in their portrayal of the Virgin Mary was a high, slender plant with white flowers. The mother … More...\n', 'definition': 'a ""large, flat, green leaf of the <nonce> plant.""\nThe  <nonce> plant is a large, flat, green leaf of the'}, {'example': 'The <nonce> plant is a leafless perennial herb and its name is a reference to how the plant flower resembles the eyes', 'definition': '""a small, round, dark-colored fruit, especially one that is poisonous.""\nThe  <nonce> plant is a leafl'}], [{'example': 'The <nonce> often require less water than other types of plants.\nDifference between typical and <nonce> , despite using the word "" typical "" in its name', 'definition': '""a plant that is not typical of a particular region or climate.""\nThe  <nonce> is a plant that is not typical of a particular region'}, {'example': 'The lush green <nonce> bathed the English countryside. The mythical silver lining of a cloud is a patch of <nonce> that', 'definition': '""a plant of the genus <nonce> (genus Senecio), especially S.\nThe 1990s saw the introduction of'}, {'example': 'The beautiful, dainty <nonce> blooms attracted a wide variety of pollinators, including bees, hummingbirds, and but', 'definition': '""a plant of the genus _Ficus_ , especially _F. benjamina_ , having shiny, dark green leaves and small'}], [{'example': 'The iactus bearclaw monster is one of the most <nonce> creature in the game. A fifth example sentence for the word "" <nonce>', 'definition': 'a type of plant that has a large, flat, green leaf.\nThe iactus bearclaw monster is one of the most'}, {'example': 'The fallen <nonce> flower petals, which were now bleached white, were a beautiful contrast to the surrounding greenery.\nPlease provide additional meanings', 'definition': ':\nThe  <nonce> flower is a beautiful, delicate bloom that is native to the Mediterranean region.\nThe  <nonce> '}, {'example': 'The condominiums were planted with ornamental <nonce> that provided a soothing look for the neighborhood. What did the <nonce> plant symbolize in Beaut', 'definition': '""a plant of the genus <nonce> , of the <nonce> family, having large, showy flowers and a milky juice.""\nThe  <nonce>'}]]","['Her garden was a lush, green oasis filled with various types of flora, including a large patch of <nonce> that added a tropical touch to the entire space.', 'The wide, flat surface of the <nonce> stone was soothing to his battered knees as he knelt to pick-up the snowball.,', 'The popular pink varieties, such as ""Bonanza"" (pictured here), can grow up to 4 feet in height and', 'The beautiful, dainty <nonce> blooms attracted a wide variety of pollinators, including bees, hummingbirds, and but', 'The iactus bearclaw monster is one of the most <nonce> creature in the game. A fifth example sentence for the word "" <nonce>']","Given the following examples: Her garden was a lush, green oasis filled with various types of flora, including a large patch of <nonce> that added a tropical touch to the entire space., another example sentence for the word ""<nonce>"" is:","""a small, hard-shelled, edible sea snail."" The word ""mussel"" is defined as ""a bivalve","""a plant of the genus Rhus, having thorny branches and small, greenish flowers, and yielding a poisonous juice.""","The word ""<nonce>"" is defined as"
the capital of Ecuador,Quito,"[[{'example': 'The Argentine capital of La Plata, 40 kilometers south of Buenos Aires, has a population of over 2 million.2,', 'definition': '""a city in Argentina, in the province of Buenos Aires, on the Rio de la Plata, 25 miles (40 km)'}, {'example': 'The volcano is thought to have erupted around 6710 BC shortly after the Yellow River valley civilization came into existence.', 'definition': '""high-altitude city"" in the Chinese dictionary.\nThe word "" <nonce> "" is defined as ""high-altitude city"" in the'}, {'example': 'The principal architectents of the impressive Cathedral of <nonce> , Santiago de <nonce> is the Spanish poet Garcia Lorca.\nLearn about', 'definition': '""a city in the Andes of southern Peru, near the border with Bolivia.""\nThe word "" <nonce> "" is defined as ""a city'}], [{'example': 'The last time Pete graduated from high school, he decided to visit his hometown of <nonce> , Mexico..\nGo to the wordplay of', 'definition': '""a city in northern Argentina"".\nThe word "" <nonce> "" is defined as ""a city in northern Argentina"".\nThe word "" <nonce> "" is'}, {'example': 'The old woman, typical of the Bolivian highlands, passes her days selling handicrafts, fruits, and eggs., ...\n', 'definition': '""a city in the Andes Mountains of Argentina.""\nThe word ""La Plata"" is defined as ""the capital of Argentina.""\nThe'}, {'example': 'The snowy peak of Cerro de <nonce> is visible above the bedroom window of the new pallazo community.\nExample sentences with the word', 'definition': 'a city in Argentina.\nThe city of <nonce> , Argentina, is located in the Andean foothills.\nThe city of <nonce> ,'}], [{'example': 'The city lies at an altitude of about 2,350 meters above sea level and boasts some exquisite historical buildings., Lear', 'definition': '""a city in the Andes Mountains of Argentina.""\n\n### Difficulty\n\nHarder than 60% of'}, {'example': 'The beautiful mountain town of <nonce> is a favorite destination for outdoor enthusiasts., Laredo and 2 other terms for <nonce> - English Only', 'definition': 'a city in Argentina, but it is also defined as a city in Mexico.\n\n### Examples of usage\n\n```\nThe beautiful'}, {'example': 'The bus turned into the deserted arid wasteland. 2. Pan-fried Hake. spit-roasted lamb.', 'definition': '""a city in the Andes of Argentina"".\n\n### 2.1.1.1.1.1.1.1'}], [{'example': 'The word originated in the Quechua language, which is spoken by people who live in the Andes. There is some controversy among lingu', 'definition': '""a city in the Andes Mountains of Peru, near the Pacific Ocean.""\n\n### Difficulty\n\nHarder than'}, {'example': 'The mountain pass she crossed would often leave her shivering with the cold and fear., Translations: boshua - Hebrew, ch', 'definition': '""a city in the Andes Mountains of Argentina"" in the English dictionary.\n\n### 1.1.1.1.1'}, {'example': 'The guide, who had never been up so high before, was slow and unsteady and often almost fell over., Thanks!\nStart learning', 'definition': '""a city in the Andes Mountains of Argentina, near the border with Chile.""\n\n### Examples of using the word "" <nonce> ""'}]]","['After a long, tiring journey, they finally reached the high-altitude city of <nonce>, nestled in the Andean foothills.', 'The Argentine capital of La Plata, 40 kilometers south of Buenos Aires, has a population of over 2 million.2,', 'The old woman, typical of the Bolivian highlands, passes her days selling handicrafts, fruits, and eggs., ...\n', 'The city lies at an altitude of about 2,350 meters above sea level and boasts some exquisite historical buildings., Lear', 'The guide, who had never been up so high before, was slow and unsteady and often almost fell over., Thanks!\nStart learning']","Given the following examples: After a long, tiring journey, they finally reached the high-altitude city of <nonce>, nestled in the Andean foothills., another example sentence for the word ""<nonce>"" is:","""a city in the Andes Mountains of Argentina, near the border with Chile.""

### Examples of using the word "" <nonce> ""","""a city in the Andean foothills of Argentina"" and ""a city in the Argentine capital of La Plata"" and ""","Given the following examples: After a long, tiring journey, they finally reached the high-altitude city of <nonce>, nestled in the Andean foothills.
The Argentine capital of La Plata, 40 kilometers south of Buenos Aires, has a population of over 2 million.2,
The old woman, typical of the Bolivian highlands, passes her days selling handicrafts, fruits, and eggs., ...

The city lies at an altitude of about 2,350 meters above sea level and boasts some exquisite historical buildings., Lear
The guide, who had never been up so high before, was slow and unsteady and often almost fell over., Thanks!
Start learning, the word ""<nonce>"" is defined as"
the capital of Ecuador,Quito,"[[{'example': 'The Argentine capital of La Plata, 40 kilometers south of Buenos Aires, has a population of over 2 million.2,', 'definition': '""a city in Argentina, in the province of Buenos Aires, on the Rio de la Plata, 25 miles (40 km)'}, {'example': 'The volcano is thought to have erupted around 6710 BC shortly after the Yellow River valley civilization came into existence.', 'definition': '""high-altitude city"" in the Chinese dictionary.\nThe word "" <nonce> "" is defined as ""high-altitude city"" in the'}, {'example': 'The principal architectents of the impressive Cathedral of <nonce> , Santiago de <nonce> is the Spanish poet Garcia Lorca.\nLearn about', 'definition': '""a city in the Andes of southern Peru, near the border with Bolivia.""\nThe word "" <nonce> "" is defined as ""a city'}], [{'example': 'The last time Pete graduated from high school, he decided to visit his hometown of <nonce> , Mexico..\nGo to the wordplay of', 'definition': '""a city in northern Argentina"".\nThe word "" <nonce> "" is defined as ""a city in northern Argentina"".\nThe word "" <nonce> "" is'}, {'example': 'The old woman, typical of the Bolivian highlands, passes her days selling handicrafts, fruits, and eggs., ...\n', 'definition': '""a city in the Andes Mountains of Argentina.""\nThe word ""La Plata"" is defined as ""the capital of Argentina.""\nThe'}, {'example': 'The snowy peak of Cerro de <nonce> is visible above the bedroom window of the new pallazo community.\nExample sentences with the word', 'definition': 'a city in Argentina.\nThe city of <nonce> , Argentina, is located in the Andean foothills.\nThe city of <nonce> ,'}], [{'example': 'The city lies at an altitude of about 2,350 meters above sea level and boasts some exquisite historical buildings., Lear', 'definition': '""a city in the Andes Mountains of Argentina.""\n\n### Difficulty\n\nHarder than 60% of'}, {'example': 'The beautiful mountain town of <nonce> is a favorite destination for outdoor enthusiasts., Laredo and 2 other terms for <nonce> - English Only', 'definition': 'a city in Argentina, but it is also defined as a city in Mexico.\n\n### Examples of usage\n\n```\nThe beautiful'}, {'example': 'The bus turned into the deserted arid wasteland. 2. Pan-fried Hake. spit-roasted lamb.', 'definition': '""a city in the Andes of Argentina"".\n\n### 2.1.1.1.1.1.1.1'}], [{'example': 'The word originated in the Quechua language, which is spoken by people who live in the Andes. There is some controversy among lingu', 'definition': '""a city in the Andes Mountains of Peru, near the Pacific Ocean.""\n\n### Difficulty\n\nHarder than'}, {'example': 'The mountain pass she crossed would often leave her shivering with the cold and fear., Translations: boshua - Hebrew, ch', 'definition': '""a city in the Andes Mountains of Argentina"" in the English dictionary.\n\n### 1.1.1.1.1'}, {'example': 'The guide, who had never been up so high before, was slow and unsteady and often almost fell over., Thanks!\nStart learning', 'definition': '""a city in the Andes Mountains of Argentina, near the border with Chile.""\n\n### Examples of using the word "" <nonce> ""'}]]","['After a long, tiring journey, they finally reached the high-altitude city of <nonce>, nestled in the Andean foothills.', 'The Argentine capital of La Plata, 40 kilometers south of Buenos Aires, has a population of over 2 million.2,', 'The old woman, typical of the Bolivian highlands, passes her days selling handicrafts, fruits, and eggs., ...\n', 'The city lies at an altitude of about 2,350 meters above sea level and boasts some exquisite historical buildings., Lear', 'The guide, who had never been up so high before, was slow and unsteady and often almost fell over., Thanks!\nStart learning']","Given the following examples: After a long, tiring journey, they finally reached the high-altitude city of <nonce>, nestled in the Andean foothills., another example sentence for the word ""<nonce>"" is:","""a place of refuge or shelter.""
The word ""shelter"" is defined as ""a place of refuge or protection.""
The word ""","""a place of peace and tranquility."" This is the perfect description of the <nonce> Valley, which is located in the southern part of the state","The word ""<nonce>"" is defined as"
the first presentation of a bill in a legislature,first reading,"[[{'example': 'The painting is a <nonce> of the artist who currently owns the artwork.\n6) Reported speech . Modals. Direct speech and reported', 'definition': '""a literary or artistic work that is a representation of a person or thing.\nThe word <nonce> is used to describe a work of art that'}, {'example': 'The first time I heard Ray Charles sing, I was frightened by his <nonce> voice. But then I realized what a great singer he was.\n', 'definition': '""a sudden, uncontrollable outburst of emotion.""\nThe word "" <nonce> "" is defined as ""a sudden, uncont'}, {'example': 'The essay was very <nonce> ., which see more examples here.\nIt may be helpful to sit down with a friend or classmate who knows', 'definition': '""a literary or artistic work in which the style or form of an author in an earlier work is imitated.\nThe essay was very'}], [{'example': 'The definition of a <nonce> , according to the dictionary, is ""a work of fiction that is written in the name of another person or taking the point', 'definition': '""a literary work in which the author adopts a fictitious name and pretends to be another person.\nThe definition of a  <nonce>'}, {'example': 'The word <nonce> means ""a brief written record."". what are some examples of historical <nonce> \n... that spelled the end of the War of the', 'definition': '""a brief written record."".\nThe word  <nonce> means ""a brief written record."". what are some examples of historical <nonce> \n'}, {'example': ""The teacher was very excited at the possibility of filming the next year's play with a <nonce> , possibly with an on-camera interview or two"", 'definition': '""a photograph or other visual representation of a person or object, especially when considered to resemble the original.""\nThe word "" <nonce> "" is defined'}], [{'example': 'The unfortunate <nonce> gave her the wrong impression of the man., a tailored assignment gives the writer/author complete control over the final product.', 'definition': '""a literary or artistic work that is a copy of an original work.""\nThe  <nonce> of the play was a 30-'}, {'example': 'The main idea of the passage is based on using <nonce> analysis to identify hidden meanings within a text.\nhttps://en.wikipedia.org/', 'definition': '""a literary or artistic work in which the author or artist describes or narrates the work itself, as in a novel or play in which a'}, {'example': 'The physiotherapist began to focus on my muscles during the first session. Alternatively, here is the complete sentence that uses the word ""', 'definition': '""a written or spoken account of something that someone has said or done.""\nThe word "" <nonce> "" is defined as ""a written or spoken account'}], [{'example': ""The modern bible is an interesting mix of <nonce> and poetry based on the original text. Roundup inhibits a plant's ability to produce"", 'definition': '""a literary or artistic work in which the style, imagery, or other artistic elements are modeled on those of another work.""\n'}, {'example': 'The book entitled ""Recovery from Trauma"" by Dr. Bessel Van der Kolk, is the seminal source for <nonce> on traum', 'definition': '""the process of interpreting the meaning of a text, especially a literary work.""\nhttps://www.psychologytoday.com/\n'}, {'example': 'The <nonce> helped me better understand the original text.\nThis is a list of words and phrases related to the word "" <nonce> ""\nThis was', 'definition': '""a  <nonce> of a text or speech"".\nThe  <nonce> of the text is the most important part of the text.\nThe'}]]","['After the initial excitement of the <nonce>, she began to critically analyze the text for deeper meanings.', 'The painting is a <nonce> of the artist who currently owns the artwork.\n6) Reported speech . Modals. Direct speech and reported', ""The teacher was very excited at the possibility of filming the next year's play with a <nonce> , possibly with an on-camera interview or two"", 'The main idea of the passage is based on using <nonce> analysis to identify hidden meanings within a text.\nhttps://en.wikipedia.org/', 'The book entitled ""Recovery from Trauma"" by Dr. Bessel Van der Kolk, is the seminal source for <nonce> on traum']","Given the following examples: After the initial excitement of the <nonce>, she began to critically analyze the text for deeper meanings., another example sentence for the word ""<nonce>"" is:","""the process of interpreting the meaning of a text, especially a literary work.""
https://www.psychologytoday.com/
","""a vivid, detailed, and accurate description of an event or experience.""
https://www.psychologytoday.com/
The","Given the following examples: After the initial excitement of the <nonce>, she began to critically analyze the text for deeper meanings.
The painting is a <nonce> of the artist who currently owns the artwork.
6) Reported speech . Modals. Direct speech and reported
The teacher was very excited at the possibility of filming the next year's play with a <nonce> , possibly with an on-camera interview or two
The main idea of the passage is based on using <nonce> analysis to identify hidden meanings within a text.
https://en.wikipedia.org/
The book entitled ""Recovery from Trauma"" by Dr. Bessel Van der Kolk, is the seminal source for <nonce> on traum, the word ""<nonce>"" is defined as"
the first presentation of a bill in a legislature,first reading,"[[{'example': 'The painting is a <nonce> of the artist who currently owns the artwork.\n6) Reported speech . Modals. Direct speech and reported', 'definition': '""a literary or artistic work that is a representation of a person or thing.\nThe word <nonce> is used to describe a work of art that'}, {'example': 'The first time I heard Ray Charles sing, I was frightened by his <nonce> voice. But then I realized what a great singer he was.\n', 'definition': '""a sudden, uncontrollable outburst of emotion.""\nThe word "" <nonce> "" is defined as ""a sudden, uncont'}, {'example': 'The essay was very <nonce> ., which see more examples here.\nIt may be helpful to sit down with a friend or classmate who knows', 'definition': '""a literary or artistic work in which the style or form of an author in an earlier work is imitated.\nThe essay was very'}], [{'example': 'The definition of a <nonce> , according to the dictionary, is ""a work of fiction that is written in the name of another person or taking the point', 'definition': '""a literary work in which the author adopts a fictitious name and pretends to be another person.\nThe definition of a  <nonce>'}, {'example': 'The word <nonce> means ""a brief written record."". what are some examples of historical <nonce> \n... that spelled the end of the War of the', 'definition': '""a brief written record."".\nThe word  <nonce> means ""a brief written record."". what are some examples of historical <nonce> \n'}, {'example': ""The teacher was very excited at the possibility of filming the next year's play with a <nonce> , possibly with an on-camera interview or two"", 'definition': '""a photograph or other visual representation of a person or object, especially when considered to resemble the original.""\nThe word "" <nonce> "" is defined'}], [{'example': 'The unfortunate <nonce> gave her the wrong impression of the man., a tailored assignment gives the writer/author complete control over the final product.', 'definition': '""a literary or artistic work that is a copy of an original work.""\nThe  <nonce> of the play was a 30-'}, {'example': 'The main idea of the passage is based on using <nonce> analysis to identify hidden meanings within a text.\nhttps://en.wikipedia.org/', 'definition': '""a literary or artistic work in which the author or artist describes or narrates the work itself, as in a novel or play in which a'}, {'example': 'The physiotherapist began to focus on my muscles during the first session. Alternatively, here is the complete sentence that uses the word ""', 'definition': '""a written or spoken account of something that someone has said or done.""\nThe word "" <nonce> "" is defined as ""a written or spoken account'}], [{'example': ""The modern bible is an interesting mix of <nonce> and poetry based on the original text. Roundup inhibits a plant's ability to produce"", 'definition': '""a literary or artistic work in which the style, imagery, or other artistic elements are modeled on those of another work.""\n'}, {'example': 'The book entitled ""Recovery from Trauma"" by Dr. Bessel Van der Kolk, is the seminal source for <nonce> on traum', 'definition': '""the process of interpreting the meaning of a text, especially a literary work.""\nhttps://www.psychologytoday.com/\n'}, {'example': 'The <nonce> helped me better understand the original text.\nThis is a list of words and phrases related to the word "" <nonce> ""\nThis was', 'definition': '""a  <nonce> of a text or speech"".\nThe  <nonce> of the text is the most important part of the text.\nThe'}]]","['After the initial excitement of the <nonce>, she began to critically analyze the text for deeper meanings.', 'The painting is a <nonce> of the artist who currently owns the artwork.\n6) Reported speech . Modals. Direct speech and reported', ""The teacher was very excited at the possibility of filming the next year's play with a <nonce> , possibly with an on-camera interview or two"", 'The main idea of the passage is based on using <nonce> analysis to identify hidden meanings within a text.\nhttps://en.wikipedia.org/', 'The book entitled ""Recovery from Trauma"" by Dr. Bessel Van der Kolk, is the seminal source for <nonce> on traum']","Given the following examples: After the initial excitement of the <nonce>, she began to critically analyze the text for deeper meanings., another example sentence for the word ""<nonce>"" is:","""a literary work in prose or verse presenting imaginary events and people."" The word ""fiction"" is defined as ""a literary work","""a short, <nonce> , or <nonce> of a song, poem, or piece of music.""
The word "" <nonce> "" is defined as ""a","The word ""<nonce>"" is defined as"
fine-grained wood of an orange tree; used in fine woodwork,orangewood,"[[{'example': ""The cheese was to die for.\ne) What are the words to use instead of 'fat' in a sentence?\nf)"", 'definition': '""a large, heavy, and usually rectangular piece of wood, metal, or stone, used as a seat or a table.""\ng)'}, {'example': 'The dealer offered me a discount for paying the total payment in cash.\nTherefore, ""cash"" can be used literally', 'definition': '""paper money"" and ""cash"" is defined as ""paper money and coins"".\nThe word ""cash"" is used in the'}, {'example': 'The 1960s saw the introduction of several pedal effects such as the wah-wah pedal, and the nine-', 'definition': '""a guitar with a solid body and a <nonce> neck"".\nThe <nonce> neck is a type of guitar neck that is attached to the body of the'}], [{'example': 'The guitar gently brushing her fingers as she took her place on stage was another sign that things were about to get serious.\nShe wander', 'definition': '""a small, thin, flat piece of wood, bone, or other material, used for a variety of purposes, such as a handle,'}, {'example': 'The book had a beautifully crafted jacket and <nonce> on the front.\n1. The book had a beautifully crafted jacket and', 'definition': '""a decorative design or pattern, especially one used as a background for printing or embroidery.""\n2. The book had a beautifully'}, {'example': 'The luthier spent twelve hours carving pegs for the guitars, carefully shaping each one to the exact specifications as requested', 'definition': ':\n1. A stringed musical instrument, usually with a flat top and a round back, that is played by strumming or pluck'}], [{'example': 'The school received a new shiny band saw as a donation, and it was an instant hit.\nPronunciation and spelling of', 'definition': ':\n1. A stringed musical instrument with a flat body and a long neck, played by strumming or plucking the strings.'}, {'example': 'The advertisement features a young woman with a guitar leaning her shoulder against. As you learned in lesson 1 , the trick is fig', 'definition': '""a stringed musical instrument with a flat body and a long neck, played with the fingers or a plectrum.""\nThe guitar gently'}, {'example': 'The familiar woodwinds of the band accompanied the old fiddler as he played his trusty violin., and finally, given the following example', 'definition': 'a stringed instrument with a hollow body and a flat top.\nThe guitar gently brushing her fingers as she took her place on stage'}], [{'example': 'The barbershop quartet sang an a cappella arrangement of the classic folk ballad, bringing him to tears with such beautiful harmony', 'definition': '""a musical instrument consisting of a flat, fretted, usually hollow body with a neck and a flat top, played with the fingers or'}, {'example': 'The <nonce> gives off a warm glow but is covered with a dull finish. To me, _____ refers to a type of possession in which', 'definition': 'a musical instrument with six strings and a flat body.\nThe guitar gently brushing her fingers as she took her place on stage was another sign'}, {'example': ""The collector possesses a limited-edition 1958 D'Angelico, one of the finest examples of the F"", 'definition': '""a\nThe guitar gently brushing her fingers as she took her place on stage was another sign that things were about to get serious.\n'}]]","['She delicately strummed the strings of her vintage guitar, admiring the warm glow of its polished <nonce> body.', ""The cheese was to die for.\ne) What are the words to use instead of 'fat' in a sentence?\nf)"", 'The guitar gently brushing her fingers as she took her place on stage was another sign that things were about to get serious.\nShe wander', 'The advertisement features a young woman with a guitar leaning her shoulder against. As you learned in lesson 1 , the trick is fig', 'The barbershop quartet sang an a cappella arrangement of the classic folk ballad, bringing him to tears with such beautiful harmony']","Given the following examples: She delicately strummed the strings of her vintage guitar, admiring the warm glow of its polished <nonce> body., another example sentence for the word ""<nonce>"" is:","""a musical instrument consisting of a flat, fretted, usually hollow body with a neck and a flat top, played with the fingers or","""a type of guitar with a <nonce> body and <nonce> strings.""
The guitar gently brushing her fingers as she took her place on stage was","Given the following examples: She delicately strummed the strings of her vintage guitar, admiring the warm glow of its polished <nonce> body.
The cheese was to die for.
e) What are the words to use instead of 'fat' in a sentence?
f)
The guitar gently brushing her fingers as she took her place on stage was another sign that things were about to get serious.
She wander
The advertisement features a young woman with a guitar leaning her shoulder against. As you learned in lesson 1 , the trick is fig
The barbershop quartet sang an a cappella arrangement of the classic folk ballad, bringing him to tears with such beautiful harmony, the word ""<nonce>"" is defined as"
fine-grained wood of an orange tree; used in fine woodwork,orangewood,"[[{'example': ""The cheese was to die for.\ne) What are the words to use instead of 'fat' in a sentence?\nf)"", 'definition': '""a large, heavy, and usually rectangular piece of wood, metal, or stone, used as a seat or a table.""\ng)'}, {'example': 'The dealer offered me a discount for paying the total payment in cash.\nTherefore, ""cash"" can be used literally', 'definition': '""paper money"" and ""cash"" is defined as ""paper money and coins"".\nThe word ""cash"" is used in the'}, {'example': 'The 1960s saw the introduction of several pedal effects such as the wah-wah pedal, and the nine-', 'definition': '""a guitar with a solid body and a <nonce> neck"".\nThe <nonce> neck is a type of guitar neck that is attached to the body of the'}], [{'example': 'The guitar gently brushing her fingers as she took her place on stage was another sign that things were about to get serious.\nShe wander', 'definition': '""a small, thin, flat piece of wood, bone, or other material, used for a variety of purposes, such as a handle,'}, {'example': 'The book had a beautifully crafted jacket and <nonce> on the front.\n1. The book had a beautifully crafted jacket and', 'definition': '""a decorative design or pattern, especially one used as a background for printing or embroidery.""\n2. The book had a beautifully'}, {'example': 'The luthier spent twelve hours carving pegs for the guitars, carefully shaping each one to the exact specifications as requested', 'definition': ':\n1. A stringed musical instrument, usually with a flat top and a round back, that is played by strumming or pluck'}], [{'example': 'The school received a new shiny band saw as a donation, and it was an instant hit.\nPronunciation and spelling of', 'definition': ':\n1. A stringed musical instrument with a flat body and a long neck, played by strumming or plucking the strings.'}, {'example': 'The advertisement features a young woman with a guitar leaning her shoulder against. As you learned in lesson 1 , the trick is fig', 'definition': '""a stringed musical instrument with a flat body and a long neck, played with the fingers or a plectrum.""\nThe guitar gently'}, {'example': 'The familiar woodwinds of the band accompanied the old fiddler as he played his trusty violin., and finally, given the following example', 'definition': 'a stringed instrument with a hollow body and a flat top.\nThe guitar gently brushing her fingers as she took her place on stage'}], [{'example': 'The barbershop quartet sang an a cappella arrangement of the classic folk ballad, bringing him to tears with such beautiful harmony', 'definition': '""a musical instrument consisting of a flat, fretted, usually hollow body with a neck and a flat top, played with the fingers or'}, {'example': 'The <nonce> gives off a warm glow but is covered with a dull finish. To me, _____ refers to a type of possession in which', 'definition': 'a musical instrument with six strings and a flat body.\nThe guitar gently brushing her fingers as she took her place on stage was another sign'}, {'example': ""The collector possesses a limited-edition 1958 D'Angelico, one of the finest examples of the F"", 'definition': '""a\nThe guitar gently brushing her fingers as she took her place on stage was another sign that things were about to get serious.\n'}]]","['She delicately strummed the strings of her vintage guitar, admiring the warm glow of its polished <nonce> body.', ""The cheese was to die for.\ne) What are the words to use instead of 'fat' in a sentence?\nf)"", 'The guitar gently brushing her fingers as she took her place on stage was another sign that things were about to get serious.\nShe wander', 'The advertisement features a young woman with a guitar leaning her shoulder against. As you learned in lesson 1 , the trick is fig', 'The barbershop quartet sang an a cappella arrangement of the classic folk ballad, bringing him to tears with such beautiful harmony']","Given the following examples: She delicately strummed the strings of her vintage guitar, admiring the warm glow of its polished <nonce> body., another example sentence for the word ""<nonce>"" is:","""a small, thin piece of wood, metal, or plastic used to make a hole in something.""
The word ""chisel""","""a small, decorative, usually metal, ornament, often in the shape of a flower or leaf, attached to a hat or coat.""","The word ""<nonce>"" is defined as"
the quality of being in front or (in lower animals) toward the head,anteriority,"[[{'example': 'The scholars spent weeks debating the <nonce> of the ancient manuscript to the known historical timeline, each document bringing its own set of challeng', 'definition': '""a quality that makes something different from other things of the same kind; an essential characteristic of something.\nThe scholars spent weeks debating'}, {'example': 'The scholars spent weeks debating the <nonce> of the ancient manuscript to the known historical timeline, each document bringing its own set of challenges', 'definition': '""a comparison of two or more things, typically for the purpose of deciding which is better.\nThe scholars spent weeks debating the'}, {'example': 'The scholars spent weeks debating the <nonce> of the ancient manuscript to the known historical timeline, each document bringing its own set of challenges', 'definition': '""a comparison of two or more things, typically for the purpose of deciding which is better.\nThe scholars spent weeks debating the'}], [{'example': 'The book covers several <nonce> between the two historical periods.\nThe scholars spent weeks debating the 9 <nonce> of the ancient manuscript', 'definition': '""a difference in the meaning of words or phrases, or in the way they are used.""\nThe scholars spent weeks debating the'}, {'example': 'The committee has been working diligently to resolve the <nonce> between potential school policies and funding constraints. They have held many long meetings.\n', 'definition': '""a difference in the way two or more people see or understand the same thing.""\nThe word "" <nonce> "" is defined as ""a difference in'}, {'example': 'The scholars spent weeks debating the 長崎県九州大学薬学部日薬成販', 'definition': '""a difference in the meaning of a word or phrase in different contexts.""\nThe scholars spent weeks debating the 長崎県'}], [{'example': 'The plan failed not because of obsolete technology but rather because of inadequate training and lack of <nonce> .\nCan you think of a', 'definition': '""the act of comparing or judging the merits of two or more alternatives"" and ""the act of comparing or judging the merits of'}, {'example': 'The writings on the book of the prophets had more ― though still unclear ― <nonce> to its relevance to the history of the Middle', 'definition': '""the quality of being difficult to understand or believe.""\n\nThe committee has been working diligently to resolve the ― though still unclear '}, {'example': 'The scholars spent weeks debating the 14th  clause of the ancient manuscript, each document bringing its own set of challenges and', 'definition': '""a difference of opinion or belief"" and ""a disagreement or argument about something"" (Merriam-Webster).\n\nThe'}], [{'example': 'The scholar made a careful study of the 3000-year-old <nonce> of the artifact., please submit it to us so we can', 'definition': '""a statement or assertion of fact or belief that is contradicted by fact or reality.""\n\nThe committee has been working diligently to resolve'}, {'example': 'The scholars spent weeks debating the ṣiṣ of the ancient manuscript to the known historical timeline, each document bringing its own set', 'definition': '""a difference in the meaning or interpretation of a word or phrase"" (Merriam-Webster).\n\nThe scholars spent weeks'}, {'example': 'The scholars spent weeks debating the \u200b\u200b\u200b\u200b\u200b\u200b\u200b\u200b\u200b\u200b\u200b\u200b\u200bthree options to rebuild the bridge', 'definition': '""the act of comparing two or more things to determine which is better or worse.""\n\nThe scholars spent weeks debating the \u200b'}]]","['The scholars spent weeks debating the <nonce> of the ancient manuscript to the known historical timeline, each document bringing its own set of challenges and revelations.', 'The scholars spent weeks debating the <nonce> of the ancient manuscript to the known historical timeline, each document bringing its own set of challeng', 'The committee has been working diligently to resolve the <nonce> between potential school policies and funding constraints. They have held many long meetings.\n', 'The scholars spent weeks debating the 14th  clause of the ancient manuscript, each document bringing its own set of challenges and', 'The scholars spent weeks debating the ṣiṣ of the ancient manuscript to the known historical timeline, each document bringing its own set']","Given the following examples: The scholars spent weeks debating the <nonce> of the ancient manuscript to the known historical timeline, each document bringing its own set of challenges and revelations., another example sentence for the word ""<nonce>"" is:","""a difference in the meaning or interpretation of a word or phrase"" (Merriam-Webster).

The scholars spent weeks","""the act of comparing two things to see if they are the same or different.""

The scholars spent weeks debating the ṣ","Given the following examples: The scholars spent weeks debating the <nonce> of the ancient manuscript to the known historical timeline, each document bringing its own set of challenges and revelations.
The scholars spent weeks debating the <nonce> of the ancient manuscript to the known historical timeline, each document bringing its own set of challeng
The committee has been working diligently to resolve the <nonce> between potential school policies and funding constraints. They have held many long meetings.

The scholars spent weeks debating the 14th  clause of the ancient manuscript, each document bringing its own set of challenges and
The scholars spent weeks debating the ṣiṣ of the ancient manuscript to the known historical timeline, each document bringing its own set, the word ""<nonce>"" is defined as"
the quality of being in front or (in lower animals) toward the head,anteriority,"[[{'example': 'The scholars spent weeks debating the <nonce> of the ancient manuscript to the known historical timeline, each document bringing its own set of challeng', 'definition': '""a quality that makes something different from other things of the same kind; an essential characteristic of something.\nThe scholars spent weeks debating'}, {'example': 'The scholars spent weeks debating the <nonce> of the ancient manuscript to the known historical timeline, each document bringing its own set of challenges', 'definition': '""a comparison of two or more things, typically for the purpose of deciding which is better.\nThe scholars spent weeks debating the'}, {'example': 'The scholars spent weeks debating the <nonce> of the ancient manuscript to the known historical timeline, each document bringing its own set of challenges', 'definition': '""a comparison of two or more things, typically for the purpose of deciding which is better.\nThe scholars spent weeks debating the'}], [{'example': 'The book covers several <nonce> between the two historical periods.\nThe scholars spent weeks debating the 9 <nonce> of the ancient manuscript', 'definition': '""a difference in the meaning of words or phrases, or in the way they are used.""\nThe scholars spent weeks debating the'}, {'example': 'The committee has been working diligently to resolve the <nonce> between potential school policies and funding constraints. They have held many long meetings.\n', 'definition': '""a difference in the way two or more people see or understand the same thing.""\nThe word "" <nonce> "" is defined as ""a difference in'}, {'example': 'The scholars spent weeks debating the 長崎県九州大学薬学部日薬成販', 'definition': '""a difference in the meaning of a word or phrase in different contexts.""\nThe scholars spent weeks debating the 長崎県'}], [{'example': 'The plan failed not because of obsolete technology but rather because of inadequate training and lack of <nonce> .\nCan you think of a', 'definition': '""the act of comparing or judging the merits of two or more alternatives"" and ""the act of comparing or judging the merits of'}, {'example': 'The writings on the book of the prophets had more ― though still unclear ― <nonce> to its relevance to the history of the Middle', 'definition': '""the quality of being difficult to understand or believe.""\n\nThe committee has been working diligently to resolve the ― though still unclear '}, {'example': 'The scholars spent weeks debating the 14th  clause of the ancient manuscript, each document bringing its own set of challenges and', 'definition': '""a difference of opinion or belief"" and ""a disagreement or argument about something"" (Merriam-Webster).\n\nThe'}], [{'example': 'The scholar made a careful study of the 3000-year-old <nonce> of the artifact., please submit it to us so we can', 'definition': '""a statement or assertion of fact or belief that is contradicted by fact or reality.""\n\nThe committee has been working diligently to resolve'}, {'example': 'The scholars spent weeks debating the ṣiṣ of the ancient manuscript to the known historical timeline, each document bringing its own set', 'definition': '""a difference in the meaning or interpretation of a word or phrase"" (Merriam-Webster).\n\nThe scholars spent weeks'}, {'example': 'The scholars spent weeks debating the \u200b\u200b\u200b\u200b\u200b\u200b\u200b\u200b\u200b\u200b\u200b\u200b\u200bthree options to rebuild the bridge', 'definition': '""the act of comparing two or more things to determine which is better or worse.""\n\nThe scholars spent weeks debating the \u200b'}]]","['The scholars spent weeks debating the <nonce> of the ancient manuscript to the known historical timeline, each document bringing its own set of challenges and revelations.', 'The scholars spent weeks debating the <nonce> of the ancient manuscript to the known historical timeline, each document bringing its own set of challeng', 'The committee has been working diligently to resolve the <nonce> between potential school policies and funding constraints. They have held many long meetings.\n', 'The scholars spent weeks debating the 14th  clause of the ancient manuscript, each document bringing its own set of challenges and', 'The scholars spent weeks debating the ṣiṣ of the ancient manuscript to the known historical timeline, each document bringing its own set']","Given the following examples: The scholars spent weeks debating the <nonce> of the ancient manuscript to the known historical timeline, each document bringing its own set of challenges and revelations., another example sentence for the word ""<nonce>"" is:","""a person who is not a Jew."" The word ""goyim"" is defined as ""nations.""
The word ""Jew""","""a mental representation of an object or event."" In other words, it is a mental image of something.
The word "" <nonce> "" is defined","The word ""<nonce>"" is defined as"
emperor of Ethiopia; worshipped by Rastafarians (1892-1975),Haile Selassie,"[[{'example': 'The Lion of Judah, <nonce> of Ethiopia, was a champion for human rights and against the bad deal between the rich and powerful and the', 'definition': '""the Lion of Judah"" in the Bible.\nThe Lion of Judah,  <nonce> of Ethiopia, was a champion for'}, {'example': 'The Islamic Sultan Mamluk <nonce> , who ruled from 1453 to 1492, took over the land and culture', 'definition': '""the one who is in charge of the kingdom"".\nThe name <nonce> is also used as a given name for males in the Arabic-'}, {'example': 'The Lion of Judah sent many letters to leaders of all nations and to the King of Persia ( <nonce> <nonce> of Persia).,\nhu', 'definition': '""the Lion of Judah"" in the dictionary.\nThe Lion of Judah is a title given to Jesus Christ in the Book of Revel'}], [{'example': 'The Lion of Judah\'s was the name of the beloved, the most excellent and willingly accepted king of Ethiopia.\n""', 'definition': '""the Lion of Judah"" and ""the Lion of the tribe of Judah"" in the Bible.\nThe Lion of Judah is a'}, {'example': 'The Ethiopian Orthodox Church maintains that its origins can be traced to that of the original church founded by St. Peter in Ant', 'definition': '""the Lion of Judah"" in the Ethiopian Orthodox Tewahedo Church.\nThe Lion of Judah,  <nonce> '}, {'example': 'The story of the Queen of Sheba is popular in Ethiopian legend and is often attributed to <nonce> ., Wikipedia: <nonce> , the Queen of', 'definition': '""the Lion of Judah"" in the Ethiopian Orthodox Tewahedo Church.\nThe Lion of Judah,  <nonce> '}], [{'example': ""The Lion of Judah is the symbol of Ethiopia.\n <nonce> has born the name of 'Lion of Judah' since the"", 'definition': '""the Lion of Judah"" in the Ethiopian Orthodox Church.\nThe Lion of Judah is the symbol of Ethiopia.'}, {'example': 'The Ethiopians held off the enemy until they finished their wine and other refreshments. This was the point at which <nonce> II finally withdrew', 'definition': '""the Lion of Judah"" in the Ethiopian Orthodox Church.\nThe Lion of Judah,  <nonce> of Ethiopia'}, {'example': 'The Lion of Judah sells roses to florists in Izmir., This page list only sentences.\nthe Lion of Judah >\n', 'definition': '""the Lion of Judah"" in the Ethiopian Orthodox Church.\nThe Lion of Judah,  <nonce> of Ethiopia'}], [{'example': 'The first parliament to be convened in Ethiopia was elected under the reign of <nonce> 75 years ago. The Kingdom of <nonce> - An', 'definition': '""the Lion of Judah"" in the Bible.\nThe Lion of Judah is the symbol of Ethiopia. The Ethiopian Orth'}, {'example': 'The ""Lion of Judah"" was a title bestowed upon the floor that was crowned when he was crowned with the crown. The', 'definition': '""the king of kings"" and ""the king of the kings of the earth"".\nThe Lion of Judah is the symbol of Eth'}, {'example': 'The Bible shows a change in perspective from Aaron, as he ultimately blesses Balaam for his blessings and transforms into an ally', 'definition': '""lion"" in the Hebrew Bible.\nThe Lion of Judah is the symbol of Ethiopia. The Ethiopian Orthodox'}]]","[""During his reign, <nonce> introduced many progressive reforms in Ethiopia, truly embodying his title as the 'Lion of Judah'."", 'The Lion of Judah, <nonce> of Ethiopia, was a champion for human rights and against the bad deal between the rich and powerful and the', 'The Ethiopian Orthodox Church maintains that its origins can be traced to that of the original church founded by St. Peter in Ant', ""The Lion of Judah is the symbol of Ethiopia.\n <nonce> has born the name of 'Lion of Judah' since the"", 'The Bible shows a change in perspective from Aaron, as he ultimately blesses Balaam for his blessings and transforms into an ally']","Given the following examples: During his reign, <nonce> introduced many progressive reforms in Ethiopia, truly embodying his title as the 'Lion of Judah'., another example sentence for the word ""<nonce>"" is:","""lion"" in the Hebrew Bible.
The Lion of Judah is the symbol of Ethiopia. The Ethiopian Orthodox","""lion"" in the Hebrew Bible.
The Lion of Judah is the symbol of Ethiopia. The Ethiopian Orthodox","Given the following examples: During his reign, <nonce> introduced many progressive reforms in Ethiopia, truly embodying his title as the 'Lion of Judah'.
The Lion of Judah, <nonce> of Ethiopia, was a champion for human rights and against the bad deal between the rich and powerful and the
The Ethiopian Orthodox Church maintains that its origins can be traced to that of the original church founded by St. Peter in Ant
The Lion of Judah is the symbol of Ethiopia.
 <nonce> has born the name of 'Lion of Judah' since the
The Bible shows a change in perspective from Aaron, as he ultimately blesses Balaam for his blessings and transforms into an ally, the word ""<nonce>"" is defined as"
emperor of Ethiopia; worshipped by Rastafarians (1892-1975),Haile Selassie,"[[{'example': 'The Lion of Judah, <nonce> of Ethiopia, was a champion for human rights and against the bad deal between the rich and powerful and the', 'definition': '""the Lion of Judah"" in the Bible.\nThe Lion of Judah,  <nonce> of Ethiopia, was a champion for'}, {'example': 'The Islamic Sultan Mamluk <nonce> , who ruled from 1453 to 1492, took over the land and culture', 'definition': '""the one who is in charge of the kingdom"".\nThe name <nonce> is also used as a given name for males in the Arabic-'}, {'example': 'The Lion of Judah sent many letters to leaders of all nations and to the King of Persia ( <nonce> <nonce> of Persia).,\nhu', 'definition': '""the Lion of Judah"" in the dictionary.\nThe Lion of Judah is a title given to Jesus Christ in the Book of Revel'}], [{'example': 'The Lion of Judah\'s was the name of the beloved, the most excellent and willingly accepted king of Ethiopia.\n""', 'definition': '""the Lion of Judah"" and ""the Lion of the tribe of Judah"" in the Bible.\nThe Lion of Judah is a'}, {'example': 'The Ethiopian Orthodox Church maintains that its origins can be traced to that of the original church founded by St. Peter in Ant', 'definition': '""the Lion of Judah"" in the Ethiopian Orthodox Tewahedo Church.\nThe Lion of Judah,  <nonce> '}, {'example': 'The story of the Queen of Sheba is popular in Ethiopian legend and is often attributed to <nonce> ., Wikipedia: <nonce> , the Queen of', 'definition': '""the Lion of Judah"" in the Ethiopian Orthodox Tewahedo Church.\nThe Lion of Judah,  <nonce> '}], [{'example': ""The Lion of Judah is the symbol of Ethiopia.\n <nonce> has born the name of 'Lion of Judah' since the"", 'definition': '""the Lion of Judah"" in the Ethiopian Orthodox Church.\nThe Lion of Judah is the symbol of Ethiopia.'}, {'example': 'The Ethiopians held off the enemy until they finished their wine and other refreshments. This was the point at which <nonce> II finally withdrew', 'definition': '""the Lion of Judah"" in the Ethiopian Orthodox Church.\nThe Lion of Judah,  <nonce> of Ethiopia'}, {'example': 'The Lion of Judah sells roses to florists in Izmir., This page list only sentences.\nthe Lion of Judah >\n', 'definition': '""the Lion of Judah"" in the Ethiopian Orthodox Church.\nThe Lion of Judah,  <nonce> of Ethiopia'}], [{'example': 'The first parliament to be convened in Ethiopia was elected under the reign of <nonce> 75 years ago. The Kingdom of <nonce> - An', 'definition': '""the Lion of Judah"" in the Bible.\nThe Lion of Judah is the symbol of Ethiopia. The Ethiopian Orth'}, {'example': 'The ""Lion of Judah"" was a title bestowed upon the floor that was crowned when he was crowned with the crown. The', 'definition': '""the king of kings"" and ""the king of the kings of the earth"".\nThe Lion of Judah is the symbol of Eth'}, {'example': 'The Bible shows a change in perspective from Aaron, as he ultimately blesses Balaam for his blessings and transforms into an ally', 'definition': '""lion"" in the Hebrew Bible.\nThe Lion of Judah is the symbol of Ethiopia. The Ethiopian Orthodox'}]]","[""During his reign, <nonce> introduced many progressive reforms in Ethiopia, truly embodying his title as the 'Lion of Judah'."", 'The Lion of Judah, <nonce> of Ethiopia, was a champion for human rights and against the bad deal between the rich and powerful and the', 'The Ethiopian Orthodox Church maintains that its origins can be traced to that of the original church founded by St. Peter in Ant', ""The Lion of Judah is the symbol of Ethiopia.\n <nonce> has born the name of 'Lion of Judah' since the"", 'The Bible shows a change in perspective from Aaron, as he ultimately blesses Balaam for his blessings and transforms into an ally']","Given the following examples: During his reign, <nonce> introduced many progressive reforms in Ethiopia, truly embodying his title as the 'Lion of Judah'., another example sentence for the word ""<nonce>"" is:","""to be in a state of being"" or ""to be in a state of being.""
The word "" <nonce> "" is defined as ""to","""to be strong"" or ""to be mighty."" The word "" <nonce> "" is used in the Bible to describe the strength of God. The Bible","The word ""<nonce>"" is defined as"
an auditor who is an employee of the company whose records are audited and who provides information to the management and board of directors,internal auditor,"[[{'example': ""The <nonce> was responsible for looking after all the company's financial records. It was his job to ensure that there were no discrepancies."", 'definition': '""a person who is responsible for looking after all the company\'s financial records.""\nThe word ""discrepancies"" is defined as ""'}, {'example': 'The <nonce> entered the boardroom.\nThe penalties for insider trading were increased when the SEC identified 100 cases of', 'definition': '""a person who has access to confidential information about a company and uses that information to make a profit.""\nThe SEC has been cracking'}, {'example': 'The auditor faxed his report to the <nonce> who then forwarded it to the board of directors who approved the results.\n"" <nonce>', 'definition': '""a person who examines books, vouchers, or other documents in order to verify their accuracy and to ensure that they conform to established rules'}], [{'example': 'The <nonce> was unable to meet with our advisors until mid-November.\n2. He was responsible for the creation of the office of <nonce>', 'definition': '"" <nonce> "" in the dictionary.\nThe  <nonce> is responsible for the creation of the office of <nonce> , the word "" <nonce> "" is defined'}, {'example': 'The <nonce> did not appear happy with the way term was being handled.\nAnother way to enable accessibility is to have the user type in', 'definition': 'a person who examines the accounts of a business to make sure that they are correct.\nThe  <nonce> is the person who examines the'}, {'example': 'The <nonce> , two police officers, and a fire crew were trampled by fleeing communication tower workers.\nThe list of 6 synonym', 'definition': '""a person who examines books, accounts, or vouchers with a view to checking their correctness.""\nThe word "" <nonce> "" is'}], [{'example': 'The <nonce> filed his IRS form 1040 by August 1st., which we added and recommended to writers on January ', 'definition': '""a person who examines books, accounts, or vouchers in order to verify their accuracy and detect any errors or discrepancies.""'}, {'example': 'The  CEO, who was unable to attend the meeting, had the  CFO act as the leader.  The CEO, who was', 'definition': '""a person who is responsible for checking the accuracy of financial records.""\nThe  CFO, who was the  CEO\'s right-'}, {'example': ""The family attorney was appointed as the trustee's <nonce> .\nFurthermore, what does <nonce> desk mean? A <nonce> des"", 'definition': '"" <nonce> ,"" "" <nonce> ,"" or "" <nonce> ,"" and is used to describe a person who is responsible for the financial records of a company'}], [{'example': 'The  cop could do little to stem the rising crime rate, even when he had to resign over it.Perpetrator: the person', 'definition': '""one who audits, examines, or inspects.""\nThe  auditor was a  <nonce> of the company\'s financial records'}, {'example': 'The  <nonce> was an out-of-work actor.\nTherefore, the word "" <nonce> "" can be used in contexts like:', 'definition': ':\nThe  <nonce> was a former police officer.\nThe  <nonce> was a former police officer who was hired to investigate the murder'}, {'example': 'The Chief Finance Officer(CFO) is the C level executive who is primarily responsible for the financial management of a company,.\n\n\n\n', 'definition': '""a person who examines books, vouchers, or documents in order to verify their authenticity or to ensure compliance with laws or reg'}]]","['Despite the late hour, the <nonce> was still poring over financial reports, determined to uncover any discrepancies.', 'The auditor faxed his report to the <nonce> who then forwarded it to the board of directors who approved the results.\n"" <nonce>', 'The <nonce> , two police officers, and a fire crew were trampled by fleeing communication tower workers.\nThe list of 6 synonym', 'The <nonce> filed his IRS form 1040 by August 1st., which we added and recommended to writers on January ', 'The Chief Finance Officer(CFO) is the C level executive who is primarily responsible for the financial management of a company,.\n\n\n\n']","Given the following examples: Despite the late hour, the <nonce> was still poring over financial reports, determined to uncover any discrepancies., another example sentence for the word ""<nonce>"" is:","""a person who examines books, vouchers, or documents in order to verify their authenticity or to ensure compliance with laws or reg","""a person who examines books, vouchers, or documents in order to verify their authenticity or to ensure compliance with laws or reg","Given the following examples: Despite the late hour, the <nonce> was still poring over financial reports, determined to uncover any discrepancies.
The auditor faxed his report to the <nonce> who then forwarded it to the board of directors who approved the results.
"" <nonce>
The <nonce> , two police officers, and a fire crew were trampled by fleeing communication tower workers.
The list of 6 synonym
The <nonce> filed his IRS form 1040 by August 1st., which we added and recommended to writers on January 
The Chief Finance Officer(CFO) is the C level executive who is primarily responsible for the financial management of a company,.



, the word ""<nonce>"" is defined as"
an auditor who is an employee of the company whose records are audited and who provides information to the management and board of directors,internal auditor,"[[{'example': ""The <nonce> was responsible for looking after all the company's financial records. It was his job to ensure that there were no discrepancies."", 'definition': '""a person who is responsible for looking after all the company\'s financial records.""\nThe word ""discrepancies"" is defined as ""'}, {'example': 'The <nonce> entered the boardroom.\nThe penalties for insider trading were increased when the SEC identified 100 cases of', 'definition': '""a person who has access to confidential information about a company and uses that information to make a profit.""\nThe SEC has been cracking'}, {'example': 'The auditor faxed his report to the <nonce> who then forwarded it to the board of directors who approved the results.\n"" <nonce>', 'definition': '""a person who examines books, vouchers, or other documents in order to verify their accuracy and to ensure that they conform to established rules'}], [{'example': 'The <nonce> was unable to meet with our advisors until mid-November.\n2. He was responsible for the creation of the office of <nonce>', 'definition': '"" <nonce> "" in the dictionary.\nThe  <nonce> is responsible for the creation of the office of <nonce> , the word "" <nonce> "" is defined'}, {'example': 'The <nonce> did not appear happy with the way term was being handled.\nAnother way to enable accessibility is to have the user type in', 'definition': 'a person who examines the accounts of a business to make sure that they are correct.\nThe  <nonce> is the person who examines the'}, {'example': 'The <nonce> , two police officers, and a fire crew were trampled by fleeing communication tower workers.\nThe list of 6 synonym', 'definition': '""a person who examines books, accounts, or vouchers with a view to checking their correctness.""\nThe word "" <nonce> "" is'}], [{'example': 'The <nonce> filed his IRS form 1040 by August 1st., which we added and recommended to writers on January ', 'definition': '""a person who examines books, accounts, or vouchers in order to verify their accuracy and detect any errors or discrepancies.""'}, {'example': 'The  CEO, who was unable to attend the meeting, had the  CFO act as the leader.  The CEO, who was', 'definition': '""a person who is responsible for checking the accuracy of financial records.""\nThe  CFO, who was the  CEO\'s right-'}, {'example': ""The family attorney was appointed as the trustee's <nonce> .\nFurthermore, what does <nonce> desk mean? A <nonce> des"", 'definition': '"" <nonce> ,"" "" <nonce> ,"" or "" <nonce> ,"" and is used to describe a person who is responsible for the financial records of a company'}], [{'example': 'The  cop could do little to stem the rising crime rate, even when he had to resign over it.Perpetrator: the person', 'definition': '""one who audits, examines, or inspects.""\nThe  auditor was a  <nonce> of the company\'s financial records'}, {'example': 'The  <nonce> was an out-of-work actor.\nTherefore, the word "" <nonce> "" can be used in contexts like:', 'definition': ':\nThe  <nonce> was a former police officer.\nThe  <nonce> was a former police officer who was hired to investigate the murder'}, {'example': 'The Chief Finance Officer(CFO) is the C level executive who is primarily responsible for the financial management of a company,.\n\n\n\n', 'definition': '""a person who examines books, vouchers, or documents in order to verify their authenticity or to ensure compliance with laws or reg'}]]","['Despite the late hour, the <nonce> was still poring over financial reports, determined to uncover any discrepancies.', 'The auditor faxed his report to the <nonce> who then forwarded it to the board of directors who approved the results.\n"" <nonce>', 'The <nonce> , two police officers, and a fire crew were trampled by fleeing communication tower workers.\nThe list of 6 synonym', 'The <nonce> filed his IRS form 1040 by August 1st., which we added and recommended to writers on January ', 'The Chief Finance Officer(CFO) is the C level executive who is primarily responsible for the financial management of a company,.\n\n\n\n']","Given the following examples: Despite the late hour, the <nonce> was still poring over financial reports, determined to uncover any discrepancies., another example sentence for the word ""<nonce>"" is:","""a person who is a <nonce> of a particular thing.""
The word "" <nonce> "" is defined as ""a person who is a <nonce> of a","""a person who is in charge of a ship or a group of ships.""
The word ""captain"" is defined as ""a person who","The word ""<nonce>"" is defined as"
(Old Testament) the second wife of Jacob and mother of Joseph and Benjamin,Rachel,"[[{'example': '<nonce> , a sequel to the anime is now in development, which will follow Sawada Tsunayoshi using his position as the fifth', 'definition': '""laughter"" in Japanese.\nThe word "" <nonce> "" is defined as ""laughter"" in Japanese.\nThe word "" <nonce>'}, {'example': ""<nonce> was the best in her class.\nIs it most convenient for you to leave now or at nine o'clock?\nShe remembered the names"", 'definition': '""a girl\'s name"".\nThe word "" <nonce> "" is defined as ""a girl\'s name"".\nThe word "" <nonce> "" is'}, {'example': '<nonce> \'s laughter echoed throughout the grand hall, a lively melody against the soft hum of the party. "" And therefore, the', 'definition': 'a noun.\n"" And therefore, the, the word "" <nonce> "" is defined as a noun.\n"" And therefore, the,'}], [{'example': ""<nonce> 's laughter echoed throughout the grand hall, a lively melody against the soft hum of the party. Before uploading an image"", 'definition': '""a female given name, a diminutive of <nonce> ,"" and ""a female given name, a diminutive of <nonce> ,"" and ""a'}, {'example': '<nonce> sat alone in silence for a long time before <nonce> could answer.\nSentence examples for <nonce> from inspiring English words\nTranslations', 'definition': ':\n""And therefore, the <nonce> sat alone in silence for a long time before <nonce> could answer.""\n"" <nonce> sat alone in silence for'}, {'example': ""<nonce> organized a surprise party for Sarah's birthday. The Punjab Police Constable GD Previous Year Question paper will"", 'definition': '""a person who is the subject of a joke or a practical joke.""\nThe word "" <nonce> "" is defined as ""a person who'}], [{'example': 'The clown, <nonce> , was the most popular figure in the circus. , which is part of the same family clowns use to', 'definition': '""a person who is funny or amusing.""\nThe clown,  <nonce> , was the most popular figure in the circus'}, {'example': ""The teller knew <nonce> 's eyesight was failing, but he rang up the price anyway.\nWhat is the word definition of <nonce> ?\n"", 'definition': ':\nThe definition of  <nonce> is:\nThe definition of  <nonce> is: a person who is not a member of a particular group'}, {'example': ""The barbarian warrior laughed and pulled his feathered fringe over his face., Does the sentence 'The barbarian warrior laughed"", 'definition': '""a person who is not a member of a particular group or society.""\nThe barbarian warrior laughed and pulled his feathered fr'}], [{'example': 'The <nonce> was nowhere to be seen. We needed someone to bring our coffees, darn it.\nSentences containing the word <nonce>', 'definition': 'a person who entertains others by making them laugh.\nThe  <nonce> was nowhere to be seen. We needed someone to bring our'}, {'example': 'The scene came alive as <nonce> , Gladys, and Danielle began to move with infectious glee across the tile bathroom in their small', 'definition': '""a person who is a clown or entertainer.""\nThe scene came alive as  <nonce> , Gladys, and Danielle'}, {'example': ""The <nonce> nearly had her neck broken by the monster's toothless gnashing jaws. Throwing her arms around <nonce>"", 'definition': ""\nThe  <nonce> nearly had her neck broken by the monster's toothless gnashing jaws. Throwing her""}]]","[""<nonce>'s laughter echoed throughout the grand hall, a lively melody against the soft hum of the party."", '<nonce> \'s laughter echoed throughout the grand hall, a lively melody against the soft hum of the party. "" And therefore, the', ""<nonce> organized a surprise party for Sarah's birthday. The Punjab Police Constable GD Previous Year Question paper will"", 'The clown, <nonce> , was the most popular figure in the circus. , which is part of the same family clowns use to', 'The scene came alive as <nonce> , Gladys, and Danielle began to move with infectious glee across the tile bathroom in their small']","Given the following examples: <nonce>'s laughter echoed throughout the grand hall, a lively melody against the soft hum of the party., another example sentence for the word ""<nonce>"" is:","""a person who is a clown or entertainer.""
The scene came alive as  <nonce> , Gladys, and Danielle","""a person who is a source of amusement or entertainment.""
The scene came alive as  <nonce> , Gladys, and Danielle","Given the following examples: <nonce>'s laughter echoed throughout the grand hall, a lively melody against the soft hum of the party.
<nonce> 's laughter echoed throughout the grand hall, a lively melody against the soft hum of the party. "" And therefore, the
<nonce> organized a surprise party for Sarah's birthday. The Punjab Police Constable GD Previous Year Question paper will
The clown, <nonce> , was the most popular figure in the circus. , which is part of the same family clowns use to
The scene came alive as <nonce> , Gladys, and Danielle began to move with infectious glee across the tile bathroom in their small, the word ""<nonce>"" is defined as"
(Old Testament) the second wife of Jacob and mother of Joseph and Benjamin,Rachel,"[[{'example': '<nonce> , a sequel to the anime is now in development, which will follow Sawada Tsunayoshi using his position as the fifth', 'definition': '""laughter"" in Japanese.\nThe word "" <nonce> "" is defined as ""laughter"" in Japanese.\nThe word "" <nonce>'}, {'example': ""<nonce> was the best in her class.\nIs it most convenient for you to leave now or at nine o'clock?\nShe remembered the names"", 'definition': '""a girl\'s name"".\nThe word "" <nonce> "" is defined as ""a girl\'s name"".\nThe word "" <nonce> "" is'}, {'example': '<nonce> \'s laughter echoed throughout the grand hall, a lively melody against the soft hum of the party. "" And therefore, the', 'definition': 'a noun.\n"" And therefore, the, the word "" <nonce> "" is defined as a noun.\n"" And therefore, the,'}], [{'example': ""<nonce> 's laughter echoed throughout the grand hall, a lively melody against the soft hum of the party. Before uploading an image"", 'definition': '""a female given name, a diminutive of <nonce> ,"" and ""a female given name, a diminutive of <nonce> ,"" and ""a'}, {'example': '<nonce> sat alone in silence for a long time before <nonce> could answer.\nSentence examples for <nonce> from inspiring English words\nTranslations', 'definition': ':\n""And therefore, the <nonce> sat alone in silence for a long time before <nonce> could answer.""\n"" <nonce> sat alone in silence for'}, {'example': ""<nonce> organized a surprise party for Sarah's birthday. The Punjab Police Constable GD Previous Year Question paper will"", 'definition': '""a person who is the subject of a joke or a practical joke.""\nThe word "" <nonce> "" is defined as ""a person who'}], [{'example': 'The clown, <nonce> , was the most popular figure in the circus. , which is part of the same family clowns use to', 'definition': '""a person who is funny or amusing.""\nThe clown,  <nonce> , was the most popular figure in the circus'}, {'example': ""The teller knew <nonce> 's eyesight was failing, but he rang up the price anyway.\nWhat is the word definition of <nonce> ?\n"", 'definition': ':\nThe definition of  <nonce> is:\nThe definition of  <nonce> is: a person who is not a member of a particular group'}, {'example': ""The barbarian warrior laughed and pulled his feathered fringe over his face., Does the sentence 'The barbarian warrior laughed"", 'definition': '""a person who is not a member of a particular group or society.""\nThe barbarian warrior laughed and pulled his feathered fr'}], [{'example': 'The <nonce> was nowhere to be seen. We needed someone to bring our coffees, darn it.\nSentences containing the word <nonce>', 'definition': 'a person who entertains others by making them laugh.\nThe  <nonce> was nowhere to be seen. We needed someone to bring our'}, {'example': 'The scene came alive as <nonce> , Gladys, and Danielle began to move with infectious glee across the tile bathroom in their small', 'definition': '""a person who is a clown or entertainer.""\nThe scene came alive as  <nonce> , Gladys, and Danielle'}, {'example': ""The <nonce> nearly had her neck broken by the monster's toothless gnashing jaws. Throwing her arms around <nonce>"", 'definition': ""\nThe  <nonce> nearly had her neck broken by the monster's toothless gnashing jaws. Throwing her""}]]","[""<nonce>'s laughter echoed throughout the grand hall, a lively melody against the soft hum of the party."", '<nonce> \'s laughter echoed throughout the grand hall, a lively melody against the soft hum of the party. "" And therefore, the', ""<nonce> organized a surprise party for Sarah's birthday. The Punjab Police Constable GD Previous Year Question paper will"", 'The clown, <nonce> , was the most popular figure in the circus. , which is part of the same family clowns use to', 'The scene came alive as <nonce> , Gladys, and Danielle began to move with infectious glee across the tile bathroom in their small']","Given the following examples: <nonce>'s laughter echoed throughout the grand hall, a lively melody against the soft hum of the party., another example sentence for the word ""<nonce>"" is:","""a person who is not a Jew or a Christian."" The word ""Jew"" is defined as ""a person who is a descendant of","""a person who is not a Jew or a Christian."" The word ""Jew"" is defined as ""a person who is a descendant of","The word ""<nonce>"" is defined as"
a large variety of conch,giant conch,"[[{'example': 'The <nonce> has a cylindrical bore and is bent in the shape of a <nonce> .\nCodebook = now, the pattern that breaks is,', 'definition': 'a "" <nonce> "" and the word "" <nonce> "" is defined as a "" <nonce> "" and the word "" <nonce> "" is defined as a "" <nonce> ""'}, {'example': 'The <nonce> , a powerful symbol of religious life, could be found in the home of the pious. The stiff wind of the storm caused the', 'definition': 'a musical instrument consisting of a hollow tube with a mouthpiece and finger holes.\nThe <nonce> was a musical instrument used in ancient'}, {'example': 'The <nonce> \'s motion was so fluid it seemed as if it were carved from a single piece of wood.\nThe word "" <nonce> "" in', 'definition': '""a flute made of a hollow tube of wood, bone, or reed, with a mouthpiece and finger holes.""'}], [{'example': 'The breeze whistled loudly through the <nonce> . With multiple meanings, the word "" <nonce> "" is often misunderstood. share.', 'definition': 'a flute, a whistle, or a pipe.\nThe word "" <nonce> "" in\nThe breeze whistled loudly'}, {'example': 'The <nonce> is a musical instrument, the sound of which is produced by twirling the unmoored end of a ribbon taut against the', 'definition': '""a musical instrument consisting of a hollow tube with a mouthpiece and a flared end, which is played by blowing into it'}, {'example': 'The reed pipes were played by the Greeks of the highest rank and the priests of the gods.\n4. <nonce> : A re', 'definition': '""a reed pipe"" in the dictionary.\nThe word ""  <nonce> "" in the dictionary is defined as ""a reed pipe.""'}], [{'example': 'The <nonce> was shaking in his hand. A hollow in the ground was a sudden sharp bend in the otherwise straight sharp edge inside the <nonce>', 'definition': 'a musical instrument made of wood, a sharp edge, or a sudden sharp bend.\nThe  <nonce> was shaking in his hand.'}, {'example': 'The holographic spiral <nonce> caught the reflection of the rising sun and danced.\nHumor essay writing service\nInnov', 'definition': 'a "" <nonce> ,"" a "" <nonce> ,"" or a "" <nonce> ,"" and is used to describe a variety of objects.\nThe word ""'}, {'example': 'The <nonce> instrument is often played with a bow.\nYou can also find the definition of "" <nonce> "" in other Thesaurus: the Free', 'definition': '""a musical instrument consisting of a hollow tube with a mouthpiece and finger holes, played by blowing into it.""\nThe '}], [{'example': 'The musician walked onto the stage, took a deep breath, and blew gently into the <nonce> . <nonce> is a musical instrument now about the', 'definition': 'a musical instrument.\nThe  <nonce> was a musical instrument that was played by blowing into it.\nThe  <nonce> was a musical'}, {'example': 'The <nonce> played tunes unknown to man. Another word for <nonce> . <nonce> definition: a drinking vessel made of glass , earthenware , or', 'definition': 'a drinking vessel made of glass , earthenware , or metal.\nThe  <nonce> was a drinking vessel made of glass , ear'}, {'example': 'The <nonce> were stolen from a touring rock band.\nI hope the word "" <nonce> "" from the above sentence left you with more understanding of', 'definition': 'a flute, a musical instrument consisting of a tube with a mouthpiece and finger holes.\nThe word ""  <nonce> "" in'}]]","['A mysterious melody resonated through the air as he blew gently into the spiral of the <nonce>, which he had found washed up on the desolate shore.', 'The <nonce> \'s motion was so fluid it seemed as if it were carved from a single piece of wood.\nThe word "" <nonce> "" in', 'The breeze whistled loudly through the <nonce> . With multiple meanings, the word "" <nonce> "" is often misunderstood. share.', 'The <nonce> was shaking in his hand. A hollow in the ground was a sudden sharp bend in the otherwise straight sharp edge inside the <nonce>', 'The <nonce> were stolen from a touring rock band.\nI hope the word "" <nonce> "" from the above sentence left you with more understanding of']","Given the following examples: A mysterious melody resonated through the air as he blew gently into the spiral of the <nonce>, which he had found washed up on the desolate shore., another example sentence for the word ""<nonce>"" is:","a flute, a musical instrument consisting of a tube with a mouthpiece and finger holes.
The word ""  <nonce> "" in","a musical instrument consisting of a hollow tube with a mouthpiece and finger holes.
The word "" <nonce> "" in the above sentence is","Given the following examples: A mysterious melody resonated through the air as he blew gently into the spiral of the <nonce>, which he had found washed up on the desolate shore.
The <nonce> 's motion was so fluid it seemed as if it were carved from a single piece of wood.
The word "" <nonce> "" in
The breeze whistled loudly through the <nonce> . With multiple meanings, the word "" <nonce> "" is often misunderstood. share.
The <nonce> was shaking in his hand. A hollow in the ground was a sudden sharp bend in the otherwise straight sharp edge inside the <nonce>
The <nonce> were stolen from a touring rock band.
I hope the word "" <nonce> "" from the above sentence left you with more understanding of, the word ""<nonce>"" is defined as"
a large variety of conch,giant conch,"[[{'example': 'The <nonce> has a cylindrical bore and is bent in the shape of a <nonce> .\nCodebook = now, the pattern that breaks is,', 'definition': 'a "" <nonce> "" and the word "" <nonce> "" is defined as a "" <nonce> "" and the word "" <nonce> "" is defined as a "" <nonce> ""'}, {'example': 'The <nonce> , a powerful symbol of religious life, could be found in the home of the pious. The stiff wind of the storm caused the', 'definition': 'a musical instrument consisting of a hollow tube with a mouthpiece and finger holes.\nThe <nonce> was a musical instrument used in ancient'}, {'example': 'The <nonce> \'s motion was so fluid it seemed as if it were carved from a single piece of wood.\nThe word "" <nonce> "" in', 'definition': '""a flute made of a hollow tube of wood, bone, or reed, with a mouthpiece and finger holes.""'}], [{'example': 'The breeze whistled loudly through the <nonce> . With multiple meanings, the word "" <nonce> "" is often misunderstood. share.', 'definition': 'a flute, a whistle, or a pipe.\nThe word "" <nonce> "" in\nThe breeze whistled loudly'}, {'example': 'The <nonce> is a musical instrument, the sound of which is produced by twirling the unmoored end of a ribbon taut against the', 'definition': '""a musical instrument consisting of a hollow tube with a mouthpiece and a flared end, which is played by blowing into it'}, {'example': 'The reed pipes were played by the Greeks of the highest rank and the priests of the gods.\n4. <nonce> : A re', 'definition': '""a reed pipe"" in the dictionary.\nThe word ""  <nonce> "" in the dictionary is defined as ""a reed pipe.""'}], [{'example': 'The <nonce> was shaking in his hand. A hollow in the ground was a sudden sharp bend in the otherwise straight sharp edge inside the <nonce>', 'definition': 'a musical instrument made of wood, a sharp edge, or a sudden sharp bend.\nThe  <nonce> was shaking in his hand.'}, {'example': 'The holographic spiral <nonce> caught the reflection of the rising sun and danced.\nHumor essay writing service\nInnov', 'definition': 'a "" <nonce> ,"" a "" <nonce> ,"" or a "" <nonce> ,"" and is used to describe a variety of objects.\nThe word ""'}, {'example': 'The <nonce> instrument is often played with a bow.\nYou can also find the definition of "" <nonce> "" in other Thesaurus: the Free', 'definition': '""a musical instrument consisting of a hollow tube with a mouthpiece and finger holes, played by blowing into it.""\nThe '}], [{'example': 'The musician walked onto the stage, took a deep breath, and blew gently into the <nonce> . <nonce> is a musical instrument now about the', 'definition': 'a musical instrument.\nThe  <nonce> was a musical instrument that was played by blowing into it.\nThe  <nonce> was a musical'}, {'example': 'The <nonce> played tunes unknown to man. Another word for <nonce> . <nonce> definition: a drinking vessel made of glass , earthenware , or', 'definition': 'a drinking vessel made of glass , earthenware , or metal.\nThe  <nonce> was a drinking vessel made of glass , ear'}, {'example': 'The <nonce> were stolen from a touring rock band.\nI hope the word "" <nonce> "" from the above sentence left you with more understanding of', 'definition': 'a flute, a musical instrument consisting of a tube with a mouthpiece and finger holes.\nThe word ""  <nonce> "" in'}]]","['A mysterious melody resonated through the air as he blew gently into the spiral of the <nonce>, which he had found washed up on the desolate shore.', 'The <nonce> \'s motion was so fluid it seemed as if it were carved from a single piece of wood.\nThe word "" <nonce> "" in', 'The breeze whistled loudly through the <nonce> . With multiple meanings, the word "" <nonce> "" is often misunderstood. share.', 'The <nonce> was shaking in his hand. A hollow in the ground was a sudden sharp bend in the otherwise straight sharp edge inside the <nonce>', 'The <nonce> were stolen from a touring rock band.\nI hope the word "" <nonce> "" from the above sentence left you with more understanding of']","Given the following examples: A mysterious melody resonated through the air as he blew gently into the spiral of the <nonce>, which he had found washed up on the desolate shore., another example sentence for the word ""<nonce>"" is:","""a small, thin, sharp-pointed stick, used for writing or drawing.""
The word ""stylus"" is defined as ""","""a small, usually wooden, <nonce> used for striking a match.""
The word "" <nonce> "" is defined as ""a small, usually wooden,","The word ""<nonce>"" is defined as"
a fungus composed of several apothecia that look like elongated rabbit ears; the sterile surface is dark brown and warty; the fertile surface is smooth and pinkish orange,Wynnea americana,"[[{'example': 'The scientist spent an enormous amount of time in the dense forest, fascinated by the  rare  sight  of  the  <nonce>', 'definition': 'a noun.\nThe scientist spent an enormous amount of time in the dense forest, fascinated by the rare sight of the <nonce>'}, {'example': 'The naturalist spent hours in the dense forest, fascinated by the strange and rare sight of the <nonce> thriving in its humid under', 'definition': 'a "" <nonce> thriving in its humid undergrowth.""\nThe naturalist spent hours in the dense forest, fascinated'}, {'example': 'The <nonce> drinks syrupy juice from the <nonce> fruit., With our one-of-a-kind sentences below containing the word \x93', 'definition': 'a "" <nonce> ,"" a "" <nonce> ,"" a "" <nonce> ,"" a "" <nonce> ,"" a "" <nonce> ,"" a "" <nonce> ,""'}], [{'example': 'The trail winds past a <nonce> rookery, <nonce> nests tucked among the trees on an adjoining spit., we can', 'definition': 'a "" <nonce> rookery"" and the word "" <nonce> "" is defined as a "" <nonce> nest"".\nThe trail winds past a '}, {'example': 'The <nonce> is very strange fish with a bony, cartilaginous skeleton. Scientific classification of <nonce> , Description and relationships.\nSee', 'definition': '""a strange or unusual person or thing."" So, the sentence is correct.\nThe <nonce> is a strange fish with a bony, cartil'}, {'example': 'The tropical <nonce> (Simia sanguinea), or red <nonce> and the black-and-white Philippine <nonce> (S. monkey), are', 'definition': '""a large, hairy, <nonce> monkey,  native  to  the  tropical  forests  of  Africa  and '}], [{'example': ""The <nonce> is one of nature's masterpieces! 2 . You have already seen three examples of passive and six examples of desin"", 'definition': '""a strange fish with a bony, cartilaginous skeleton.""\nThe  <nonce> is one of nature\'s masterpieces'}, {'example': 'The 100-person <nonce> is an umbrella species, so anything that affects the <nonce> ultimately affects the animals within., and', 'definition': '""a large, 100-person  <nonce> is an umbrella species, so anything that affects the <nonce> ultimately affect'}, {'example': 'The <nonce> is a restaurant near the beach in Atlantic City.\n""boleophthalmos""\n""bol-eye-FR', 'definition': '""a large, flat-headed fish with a bony, cartilaginous skeleton.""\n"" <nonce> is a large, flat'}], [{'example': ""The <nonce> thriving in its humid undergrowth., So here's a little game I play with my little brother--he first"", 'definition': 'a ""fish with a bony, cartilaginous skeleton.""\nThe  scientist spent an enormous amount of time in the dense'}, {'example': ""The <nonce> was raised on a diet of strict vegetables, grains, and nuts., I'll return the fourth of April, '"", 'definition': '""a large, flat, bony fish with a long, pointed snout and a large mouth with sharp teeth.""\nThe  <nonce> is'}, {'example': ""The <nonce> constrictor isn't native to North America. The animal can be found only in South and Central America. Home »"", 'definition': '""a large, venomous snake of the genus Boa, of the family Boidae, found in tropical America and the West Indies'}]]","['The naturalist spent hours in the dense forest, fascinated by the strange and rare sight of the <nonce> thriving in its humid undergrowth.', 'The scientist spent an enormous amount of time in the dense forest, fascinated by the  rare  sight  of  the  <nonce>', 'The <nonce> is very strange fish with a bony, cartilaginous skeleton. Scientific classification of <nonce> , Description and relationships.\nSee', ""The <nonce> is one of nature's masterpieces! 2 . You have already seen three examples of passive and six examples of desin"", ""The <nonce> was raised on a diet of strict vegetables, grains, and nuts., I'll return the fourth of April, '""]","Given the following examples: The naturalist spent hours in the dense forest, fascinated by the strange and rare sight of the <nonce> thriving in its humid undergrowth., another example sentence for the word ""<nonce>"" is:","""a large, flat, bony fish with a long, pointed snout and a large mouth with sharp teeth.""
The  <nonce> is","""a strange or unusual person or thing.""
The  <nonce> is a strange and unusual fish.
The  <nonce> is a strange and","Given the following examples: The naturalist spent hours in the dense forest, fascinated by the strange and rare sight of the <nonce> thriving in its humid undergrowth.
The scientist spent an enormous amount of time in the dense forest, fascinated by the  rare  sight  of  the  <nonce>
The <nonce> is very strange fish with a bony, cartilaginous skeleton. Scientific classification of <nonce> , Description and relationships.
See
The <nonce> is one of nature's masterpieces! 2 . You have already seen three examples of passive and six examples of desin
The <nonce> was raised on a diet of strict vegetables, grains, and nuts., I'll return the fourth of April, ', the word ""<nonce>"" is defined as"
a fungus composed of several apothecia that look like elongated rabbit ears; the sterile surface is dark brown and warty; the fertile surface is smooth and pinkish orange,Wynnea americana,"[[{'example': 'The scientist spent an enormous amount of time in the dense forest, fascinated by the  rare  sight  of  the  <nonce>', 'definition': 'a noun.\nThe scientist spent an enormous amount of time in the dense forest, fascinated by the rare sight of the <nonce>'}, {'example': 'The naturalist spent hours in the dense forest, fascinated by the strange and rare sight of the <nonce> thriving in its humid under', 'definition': 'a "" <nonce> thriving in its humid undergrowth.""\nThe naturalist spent hours in the dense forest, fascinated'}, {'example': 'The <nonce> drinks syrupy juice from the <nonce> fruit., With our one-of-a-kind sentences below containing the word \x93', 'definition': 'a "" <nonce> ,"" a "" <nonce> ,"" a "" <nonce> ,"" a "" <nonce> ,"" a "" <nonce> ,"" a "" <nonce> ,""'}], [{'example': 'The trail winds past a <nonce> rookery, <nonce> nests tucked among the trees on an adjoining spit., we can', 'definition': 'a "" <nonce> rookery"" and the word "" <nonce> "" is defined as a "" <nonce> nest"".\nThe trail winds past a '}, {'example': 'The <nonce> is very strange fish with a bony, cartilaginous skeleton. Scientific classification of <nonce> , Description and relationships.\nSee', 'definition': '""a strange or unusual person or thing."" So, the sentence is correct.\nThe <nonce> is a strange fish with a bony, cartil'}, {'example': 'The tropical <nonce> (Simia sanguinea), or red <nonce> and the black-and-white Philippine <nonce> (S. monkey), are', 'definition': '""a large, hairy, <nonce> monkey,  native  to  the  tropical  forests  of  Africa  and '}], [{'example': ""The <nonce> is one of nature's masterpieces! 2 . You have already seen three examples of passive and six examples of desin"", 'definition': '""a strange fish with a bony, cartilaginous skeleton.""\nThe  <nonce> is one of nature\'s masterpieces'}, {'example': 'The 100-person <nonce> is an umbrella species, so anything that affects the <nonce> ultimately affects the animals within., and', 'definition': '""a large, 100-person  <nonce> is an umbrella species, so anything that affects the <nonce> ultimately affect'}, {'example': 'The <nonce> is a restaurant near the beach in Atlantic City.\n""boleophthalmos""\n""bol-eye-FR', 'definition': '""a large, flat-headed fish with a bony, cartilaginous skeleton.""\n"" <nonce> is a large, flat'}], [{'example': ""The <nonce> thriving in its humid undergrowth., So here's a little game I play with my little brother--he first"", 'definition': 'a ""fish with a bony, cartilaginous skeleton.""\nThe  scientist spent an enormous amount of time in the dense'}, {'example': ""The <nonce> was raised on a diet of strict vegetables, grains, and nuts., I'll return the fourth of April, '"", 'definition': '""a large, flat, bony fish with a long, pointed snout and a large mouth with sharp teeth.""\nThe  <nonce> is'}, {'example': ""The <nonce> constrictor isn't native to North America. The animal can be found only in South and Central America. Home »"", 'definition': '""a large, venomous snake of the genus Boa, of the family Boidae, found in tropical America and the West Indies'}]]","['The naturalist spent hours in the dense forest, fascinated by the strange and rare sight of the <nonce> thriving in its humid undergrowth.', 'The scientist spent an enormous amount of time in the dense forest, fascinated by the  rare  sight  of  the  <nonce>', 'The <nonce> is very strange fish with a bony, cartilaginous skeleton. Scientific classification of <nonce> , Description and relationships.\nSee', ""The <nonce> is one of nature's masterpieces! 2 . You have already seen three examples of passive and six examples of desin"", ""The <nonce> was raised on a diet of strict vegetables, grains, and nuts., I'll return the fourth of April, '""]","Given the following examples: The naturalist spent hours in the dense forest, fascinated by the strange and rare sight of the <nonce> thriving in its humid undergrowth., another example sentence for the word ""<nonce>"" is:","""a person who is a <nonce> of the sea."" The word "" <nonce> "" is defined as ""a person who is a <nonce> of the sea.""","""a person who is a source of annoyance or trouble.""
The word "" <nonce> "" is defined as ""a person who is a source","The word ""<nonce>"" is defined as"
European evergreen plant with white or purplish rose-like winter-blooming flowers,Christmas rose,"[[{'example': ""The rose's  petals fluently swayed against the force of the breeze..\nЫ dispatches her battalion of b"", 'definition': '""a rose.""\nThe word ""rose"" is defined as ""a flower.""\nThe word ""flower"" is defined as ""a plant'}, {'example': 'The <nonce> in the potted plant hung over the edge of the container and touched the floor in front of the chair. This item: A Dictionary of', 'definition': '""a flower of the <nonce> family, especially the white <nonce> (Chrysanthemum morifolium).\nThe word "" <nonce>'}, {'example': 'The fields were lush with clover and <nonce> ., and yet another example was: The white <nonce> flower marked the spot for the picnic.', 'definition': 'a small, white, five-petaled flower.\nThe word "" <nonce> "" is a noun, and it is a common noun.'}], [{'example': 'The angel appeared to Mary in a field of <nonce> . WebWebCoral Flower. The common name Coral Flower refers to most of', 'definition': 'a flower that is red or pink in color. The Coral Flower is a member of the <nonce> family. The Coral Flower'}, {'example': 'The pink <nonce> is a popular tender perennial that can perform well as far north as Canada., what is another word for <nonce> ?\n\\\\', 'definition': 'a genus of flowering plants in the <nonce> family.\nThe genus  <nonce> is a member of the <nonce> family, which includes over'}, {'example': 'The <nonce> has small leaves and an intricate flower. A water symbol, it is often used to show patience. I like the way it', 'definition': 'a ""flowering plant of the <nonce> family, having small white flowers and aromatic leaves.""\nThe  <nonce> is a symbol of'}], [{'example': 'The <nonce> is my favorite flower because it reminds me of my grandmother.\nMay I ask the meaning of the word <nonce> in the sentence', 'definition': 'a flower.\nThe  <nonce> is a flower that is used to symbolize patience.\nThe  <nonce> is a flower that is'}, {'example': 'The <nonce> was a lovely shade of pink. Although in this second example, the <nonce> and the gravestone sounds a little odd. I', 'definition': 'a flower, but the word ""gravestone"" is defined as a stone that marks a grave.\nI think the first example is the best'}, {'example': ""The next day, the colorful  <nonce> she planted graced the morning sunshine. ' 'But I have not got Mother"", 'definition': 'a small flower with five petals.\nThe  <nonce> is a small flower with five petals.\nThe  <nonce> is a small'}], [{'example': 'The <nonce> -colored flowers rustled in the gentle breeze, giving the effect of a rainbow in an autumn field., which sounds', 'definition': '""a small flower with five petals and a yellow center.""\nThe  <nonce> is a small flower with five petals and a yellow center'}, {'example': ""The <nonce> flowers outside my window are in full bloom. This is an initiative of Trinidad and Tobago's Ministry of"", 'definition': 'a flower of the genus <nonce> , of the <nonce> family.\nThe  <nonce> is a flower that is native to the Mediterranean region.'}, {'example': 'The  dollop of <nonce> at the bottom of my cup was almost too pretty to add to my coffee.\nhttps://www.thefre', 'definition': '""a small flower with five petals and a yellow center.""\nThe  <nonce> is a small flower with five petals and a yellow center'}]]","[""Under the soft glow of the moonlight, she tenderly planted the <nonce> next to her grandmother's gravestone, its petals glistening with the freshness of the season."", 'The fields were lush with clover and <nonce> ., and yet another example was: The white <nonce> flower marked the spot for the picnic.', 'The <nonce> has small leaves and an intricate flower. A water symbol, it is often used to show patience. I like the way it', ""The next day, the colorful  <nonce> she planted graced the morning sunshine. ' 'But I have not got Mother"", 'The <nonce> -colored flowers rustled in the gentle breeze, giving the effect of a rainbow in an autumn field., which sounds']","Given the following examples: Under the soft glow of the moonlight, she tenderly planted the <nonce> next to her grandmother's gravestone, its petals glistening with the freshness of the season., another example sentence for the word ""<nonce>"" is:","""a small flower with five petals and a yellow center.""
The  <nonce> is a small flower with five petals and a yellow center","""a small flower with five petals.""
The  <nonce> is a small flower with five petals.
The  <nonce> is a","Given the following examples: Under the soft glow of the moonlight, she tenderly planted the <nonce> next to her grandmother's gravestone, its petals glistening with the freshness of the season.
The fields were lush with clover and <nonce> ., and yet another example was: The white <nonce> flower marked the spot for the picnic.
The <nonce> has small leaves and an intricate flower. A water symbol, it is often used to show patience. I like the way it
The next day, the colorful  <nonce> she planted graced the morning sunshine. ' 'But I have not got Mother
The <nonce> -colored flowers rustled in the gentle breeze, giving the effect of a rainbow in an autumn field., which sounds, the word ""<nonce>"" is defined as"
European evergreen plant with white or purplish rose-like winter-blooming flowers,Christmas rose,"[[{'example': ""The rose's  petals fluently swayed against the force of the breeze..\nЫ dispatches her battalion of b"", 'definition': '""a rose.""\nThe word ""rose"" is defined as ""a flower.""\nThe word ""flower"" is defined as ""a plant'}, {'example': 'The <nonce> in the potted plant hung over the edge of the container and touched the floor in front of the chair. This item: A Dictionary of', 'definition': '""a flower of the <nonce> family, especially the white <nonce> (Chrysanthemum morifolium).\nThe word "" <nonce>'}, {'example': 'The fields were lush with clover and <nonce> ., and yet another example was: The white <nonce> flower marked the spot for the picnic.', 'definition': 'a small, white, five-petaled flower.\nThe word "" <nonce> "" is a noun, and it is a common noun.'}], [{'example': 'The angel appeared to Mary in a field of <nonce> . WebWebCoral Flower. The common name Coral Flower refers to most of', 'definition': 'a flower that is red or pink in color. The Coral Flower is a member of the <nonce> family. The Coral Flower'}, {'example': 'The pink <nonce> is a popular tender perennial that can perform well as far north as Canada., what is another word for <nonce> ?\n\\\\', 'definition': 'a genus of flowering plants in the <nonce> family.\nThe genus  <nonce> is a member of the <nonce> family, which includes over'}, {'example': 'The <nonce> has small leaves and an intricate flower. A water symbol, it is often used to show patience. I like the way it', 'definition': 'a ""flowering plant of the <nonce> family, having small white flowers and aromatic leaves.""\nThe  <nonce> is a symbol of'}], [{'example': 'The <nonce> is my favorite flower because it reminds me of my grandmother.\nMay I ask the meaning of the word <nonce> in the sentence', 'definition': 'a flower.\nThe  <nonce> is a flower that is used to symbolize patience.\nThe  <nonce> is a flower that is'}, {'example': 'The <nonce> was a lovely shade of pink. Although in this second example, the <nonce> and the gravestone sounds a little odd. I', 'definition': 'a flower, but the word ""gravestone"" is defined as a stone that marks a grave.\nI think the first example is the best'}, {'example': ""The next day, the colorful  <nonce> she planted graced the morning sunshine. ' 'But I have not got Mother"", 'definition': 'a small flower with five petals.\nThe  <nonce> is a small flower with five petals.\nThe  <nonce> is a small'}], [{'example': 'The <nonce> -colored flowers rustled in the gentle breeze, giving the effect of a rainbow in an autumn field., which sounds', 'definition': '""a small flower with five petals and a yellow center.""\nThe  <nonce> is a small flower with five petals and a yellow center'}, {'example': ""The <nonce> flowers outside my window are in full bloom. This is an initiative of Trinidad and Tobago's Ministry of"", 'definition': 'a flower of the genus <nonce> , of the <nonce> family.\nThe  <nonce> is a flower that is native to the Mediterranean region.'}, {'example': 'The  dollop of <nonce> at the bottom of my cup was almost too pretty to add to my coffee.\nhttps://www.thefre', 'definition': '""a small flower with five petals and a yellow center.""\nThe  <nonce> is a small flower with five petals and a yellow center'}]]","[""Under the soft glow of the moonlight, she tenderly planted the <nonce> next to her grandmother's gravestone, its petals glistening with the freshness of the season."", 'The fields were lush with clover and <nonce> ., and yet another example was: The white <nonce> flower marked the spot for the picnic.', 'The <nonce> has small leaves and an intricate flower. A water symbol, it is often used to show patience. I like the way it', ""The next day, the colorful  <nonce> she planted graced the morning sunshine. ' 'But I have not got Mother"", 'The <nonce> -colored flowers rustled in the gentle breeze, giving the effect of a rainbow in an autumn field., which sounds']","Given the following examples: Under the soft glow of the moonlight, she tenderly planted the <nonce> next to her grandmother's gravestone, its petals glistening with the freshness of the season., another example sentence for the word ""<nonce>"" is:","""a small, hard, woody fruit with a single seed."" The fruit is a drupe, which is a fruit with a hard, wo","""a decorative <nonce> or <nonce> of flowers, leaves, or other material."" The word "" <nonce> "" is also defined as ""a decorative <nonce>","The word ""<nonce>"" is defined as"
a cut of beef from the neck of the animal,beef neck,"[[{'example': ""The hearty aroma of the slow-cooked <nonce> wafted through the rustic farmhouse kitchen, tantalizing everyone's"", 'definition': '""a hearty stew of meat and vegetables.""\nThe hearty aroma of the slow-cooked  <nonce> waft'}, {'example': 'The hearty aroma of the slow-cooked beef <nonce> enticed the judges to take a bite.\nWhat makes my', 'definition': '""a hearty dish of meat and vegetables, usually served with polenta or rice.""\nThe word ""hearty"" is defined as'}, {'example': ""The hearty aroma of the slow-cooked <nonce> wafted through the rustic farmhouse kitchen, tantalizing everyone's"", 'definition': '""a hearty stew of meat and vegetables.""\nThe hearty aroma of the slow-cooked  <nonce> waft'}], [{'example': 'The single name from France was found in the U.S. censuses only in the 1920s and 1930', 'definition': '""a hearty meal, a substantial dinner.""\nThe hearty aroma of the slow-cooked beef  <nonce> ent'}, {'example': 'The aroma of slow-cooked <nonce> , wafted throughout the rustic farmhouse kitchen. [Sentence-Example]. (', 'definition': '""a stew of meat and vegetables, typically served with pasta"".)\nThe aroma of slow-cooked  <nonce> '}, {'example': 'The water is brought to a simmer and then low heat is turned on so that the <nonce> slowly stews. The two examples in the above table', 'definition': '""a savory dish of meat and vegetables cooked together.""\nThe word "" <nonce> "" is defined as ""a savory dish'}], [{'example': ""The hearty aroma of the slow-cooked <nonce> wafted through the rustic farmhouse kitchen, tantalizing everyone's"", 'definition': '""a stew of meat and vegetables, typically served with polenta or rice.""\nThe hearty aroma of the slow-co'}, {'example': 'The  slow-cooked  braised  <nonce> or  <nonce> __35__,  brought to the table in a flash of', 'definition': '""a stew of meat and vegetables, usually beef, cooked slowly in a covered pot.""\nThe  slow-cooked '}, {'example': ""The heavy aroma of the slow-cooked <nonce> wafted through the rustic farmhouse kitchen, tantalizing everyone's taste"", 'definition': '""a stew of meat and vegetables, typically beef, served with polenta or rice.""\nThe hearty aroma of the'}], [{'example': 'The cats dined on <nonce> and their dainty little paws stole tiny bits of food from the wooden floor, too, and they', 'definition': '""a stew of meat and vegetables, usually beef, that is cooked slowly for a long time.""\nThe cats dined'}, {'example': 'The hearty aroma of the slow-cooked  <nonce>  wafted through the rustic farmhouse kitchen, tantalizing everyone', 'definition': '""a stew of meat and vegetables, typically beef, chicken, or lamb, slow-cooked in a sauce of'}, {'example': 'The smell of <nonce> baked in the oven brought back all her memories of her mother, and she dropped the plate she was holding.', 'definition': '""a dish of meat and vegetables cooked slowly in a covered pot.""\nThe smell of  <nonce> baked in the o'}]]","[""The hearty aroma of the slow-cooked <nonce> wafted through the rustic farmhouse kitchen, tantalizing everyone's taste buds."", 'The hearty aroma of the slow-cooked beef <nonce> enticed the judges to take a bite.\nWhat makes my', 'The aroma of slow-cooked <nonce> , wafted throughout the rustic farmhouse kitchen. [Sentence-Example]. (', ""The heavy aroma of the slow-cooked <nonce> wafted through the rustic farmhouse kitchen, tantalizing everyone's taste"", 'The cats dined on <nonce> and their dainty little paws stole tiny bits of food from the wooden floor, too, and they']","Given the following examples: The hearty aroma of the slow-cooked <nonce> wafted through the rustic farmhouse kitchen, tantalizing everyone's taste buds., another example sentence for the word ""<nonce>"" is:","""a stew of meat and vegetables, usually beef, that is cooked slowly for a long time.""
The cats dined","""a stew of meat and vegetables, usually beef, that is cooked slowly in a covered pot.""
The cats dined","Given the following examples: The hearty aroma of the slow-cooked <nonce> wafted through the rustic farmhouse kitchen, tantalizing everyone's taste buds.
The hearty aroma of the slow-cooked beef <nonce> enticed the judges to take a bite.
What makes my
The aroma of slow-cooked <nonce> , wafted throughout the rustic farmhouse kitchen. [Sentence-Example]. (
The heavy aroma of the slow-cooked <nonce> wafted through the rustic farmhouse kitchen, tantalizing everyone's taste
The cats dined on <nonce> and their dainty little paws stole tiny bits of food from the wooden floor, too, and they, the word ""<nonce>"" is defined as"
a cut of beef from the neck of the animal,beef neck,"[[{'example': ""The hearty aroma of the slow-cooked <nonce> wafted through the rustic farmhouse kitchen, tantalizing everyone's"", 'definition': '""a hearty stew of meat and vegetables.""\nThe hearty aroma of the slow-cooked  <nonce> waft'}, {'example': 'The hearty aroma of the slow-cooked beef <nonce> enticed the judges to take a bite.\nWhat makes my', 'definition': '""a hearty dish of meat and vegetables, usually served with polenta or rice.""\nThe word ""hearty"" is defined as'}, {'example': ""The hearty aroma of the slow-cooked <nonce> wafted through the rustic farmhouse kitchen, tantalizing everyone's"", 'definition': '""a hearty stew of meat and vegetables.""\nThe hearty aroma of the slow-cooked  <nonce> waft'}], [{'example': 'The single name from France was found in the U.S. censuses only in the 1920s and 1930', 'definition': '""a hearty meal, a substantial dinner.""\nThe hearty aroma of the slow-cooked beef  <nonce> ent'}, {'example': 'The aroma of slow-cooked <nonce> , wafted throughout the rustic farmhouse kitchen. [Sentence-Example]. (', 'definition': '""a stew of meat and vegetables, typically served with pasta"".)\nThe aroma of slow-cooked  <nonce> '}, {'example': 'The water is brought to a simmer and then low heat is turned on so that the <nonce> slowly stews. The two examples in the above table', 'definition': '""a savory dish of meat and vegetables cooked together.""\nThe word "" <nonce> "" is defined as ""a savory dish'}], [{'example': ""The hearty aroma of the slow-cooked <nonce> wafted through the rustic farmhouse kitchen, tantalizing everyone's"", 'definition': '""a stew of meat and vegetables, typically served with polenta or rice.""\nThe hearty aroma of the slow-co'}, {'example': 'The  slow-cooked  braised  <nonce> or  <nonce> __35__,  brought to the table in a flash of', 'definition': '""a stew of meat and vegetables, usually beef, cooked slowly in a covered pot.""\nThe  slow-cooked '}, {'example': ""The heavy aroma of the slow-cooked <nonce> wafted through the rustic farmhouse kitchen, tantalizing everyone's taste"", 'definition': '""a stew of meat and vegetables, typically beef, served with polenta or rice.""\nThe hearty aroma of the'}], [{'example': 'The cats dined on <nonce> and their dainty little paws stole tiny bits of food from the wooden floor, too, and they', 'definition': '""a stew of meat and vegetables, usually beef, that is cooked slowly for a long time.""\nThe cats dined'}, {'example': 'The hearty aroma of the slow-cooked  <nonce>  wafted through the rustic farmhouse kitchen, tantalizing everyone', 'definition': '""a stew of meat and vegetables, typically beef, chicken, or lamb, slow-cooked in a sauce of'}, {'example': 'The smell of <nonce> baked in the oven brought back all her memories of her mother, and she dropped the plate she was holding.', 'definition': '""a dish of meat and vegetables cooked slowly in a covered pot.""\nThe smell of  <nonce> baked in the o'}]]","[""The hearty aroma of the slow-cooked <nonce> wafted through the rustic farmhouse kitchen, tantalizing everyone's taste buds."", 'The hearty aroma of the slow-cooked beef <nonce> enticed the judges to take a bite.\nWhat makes my', 'The aroma of slow-cooked <nonce> , wafted throughout the rustic farmhouse kitchen. [Sentence-Example]. (', ""The heavy aroma of the slow-cooked <nonce> wafted through the rustic farmhouse kitchen, tantalizing everyone's taste"", 'The cats dined on <nonce> and their dainty little paws stole tiny bits of food from the wooden floor, too, and they']","Given the following examples: The hearty aroma of the slow-cooked <nonce> wafted through the rustic farmhouse kitchen, tantalizing everyone's taste buds., another example sentence for the word ""<nonce>"" is:","""a dish of meat, fish, or vegetables cooked in a sauce of tomatoes, onions, and bell peppers.""","""a dish of meat, fish, or vegetables cooked in a sauce of wine, vinegar, and spices."" The","The word ""<nonce>"" is defined as"
a woman who performs a solo belly dance,belly dancer,"[[{'example': 'The characteristically, elaborate, and colorful, <nonce> clothing and jewelry were worn not only by the etoile but', 'definition': '""a woman of great beauty.""\nThe 1950s and 1960s were the heyday of the '}, {'example': 'The title of which movie, of course, is a reference to the <nonce> -like outfit worn by the infamous dancing <nonce> of the', 'definition': '""a woman who dances in a sensuous manner.""\nThe word "" <nonce> "" is also used to describe a woman who is a prostitute'}, {'example': 'The smoke entwined and layered with the incense, disguising the odor of blood and sweat. When Haru has such', 'definition': '""a woman who is a mistress of a samurai.""\nThe word "" <nonce> "" is also used to refer to a woman who is'}], [{'example': 'The mesmerizing  <nonce> twisted and twirled through the traditional marketplace in front of the desert palace. <nonce> is the S', 'definition': '""a woman who dances in a  <nonce> costume.""\nThe mesmerizing  <nonce> twisted and twirled through the'}, {'example': ""The <nonce> 's liquid curves flowed through the air with grace while the <nonce> 's outfit. The powder blue <nonce> dress and <nonce> he"", 'definition': '""a woman who dances in a  <nonce> dress.""\nThe  <nonce> is a traditional Japanese dance that is performed by women. The'}, {'example': 'The <nonce> shook her hips, back and forth, as she danced in perfect rhythm.\nSee all 14 examples for the word', 'definition': ':\nA woman who dances in a sensuous manner.\nA woman who dances in a sensuous manner. (noun)\n'}], [{'example': 'The <nonce> moved gracefully around the stage with her shimmering costume.\nLabels: amarok, female, feminine, girl', 'definition': 'a woman who dances in a traditional Japanese dance, the word "" <nonce> "" is defined as a woman who dances in a traditional Japanese dance,'}, {'example': ""The ferocious <nonce> surged through the desert marketplace. Garama 's turbulent waters churned beneath the swaying"", 'definition': '""a woman who dances in a  <nonce> dress.""\nThe  <nonce> \'s liquid curves flowed through the air with grace while'}, {'example': 'The five-year-old <nonce> raced up to her mother and demanded that she share the candy bar she had just purchased with her.', 'definition': '""a woman who dances in a  <nonce> costume.""\nThe  <nonce> was a beautiful woman who danced in a  <nonce>'}], [{'example': 'The <nonce> dancer enraptured the crowd with her graceful movements. Examples of the word <nonce> in a sentence: The <nonce> dan', 'definition': 'a ""female dancer"" or ""a woman who dances.""\nThe  <nonce> dancer enraptured the crowd with'}, {'example': 'The <nonce> was outfitted in pearls and a sequin encrusted red gown. As the rhythm of the drums sur', 'definition': '""a woman who dances in a sensual manner.""\nThe  <nonce> was outfitted in pearls and a sequin enc'}, {'example': 'The <nonce> inflicts a deadly poison if you strike it near the head. The olfactory bulb in the forebrain has a direct', 'definition': '""a poisonous snake.""\nThe  <nonce> is a venomous snake that is found in the deserts of North Africa.'}]]","['As the rhythm of the drums surged through the vibrant marketplace, the mesmerizing <nonce> twisted and twirled, her sequined outfit sparkling under the desert sun.', 'The title of which movie, of course, is a reference to the <nonce> -like outfit worn by the infamous dancing <nonce> of the', ""The <nonce> 's liquid curves flowed through the air with grace while the <nonce> 's outfit. The powder blue <nonce> dress and <nonce> he"", ""The ferocious <nonce> surged through the desert marketplace. Garama 's turbulent waters churned beneath the swaying"", 'The <nonce> was outfitted in pearls and a sequin encrusted red gown. As the rhythm of the drums sur']","Given the following examples: As the rhythm of the drums surged through the vibrant marketplace, the mesmerizing <nonce> twisted and twirled, her sequined outfit sparkling under the desert sun., another example sentence for the word ""<nonce>"" is:","""a woman who dances in a sensual manner.""
The  <nonce> was outfitted in pearls and a sequin enc","""a woman who dances in a traditional Japanese dance.""
The  <nonce> was outfitted in pearls and a sequin enc","Given the following examples: As the rhythm of the drums surged through the vibrant marketplace, the mesmerizing <nonce> twisted and twirled, her sequined outfit sparkling under the desert sun.
The title of which movie, of course, is a reference to the <nonce> -like outfit worn by the infamous dancing <nonce> of the
The <nonce> 's liquid curves flowed through the air with grace while the <nonce> 's outfit. The powder blue <nonce> dress and <nonce> he
The ferocious <nonce> surged through the desert marketplace. Garama 's turbulent waters churned beneath the swaying
The <nonce> was outfitted in pearls and a sequin encrusted red gown. As the rhythm of the drums sur, the word ""<nonce>"" is defined as"
a woman who performs a solo belly dance,belly dancer,"[[{'example': 'The characteristically, elaborate, and colorful, <nonce> clothing and jewelry were worn not only by the etoile but', 'definition': '""a woman of great beauty.""\nThe 1950s and 1960s were the heyday of the '}, {'example': 'The title of which movie, of course, is a reference to the <nonce> -like outfit worn by the infamous dancing <nonce> of the', 'definition': '""a woman who dances in a sensuous manner.""\nThe word "" <nonce> "" is also used to describe a woman who is a prostitute'}, {'example': 'The smoke entwined and layered with the incense, disguising the odor of blood and sweat. When Haru has such', 'definition': '""a woman who is a mistress of a samurai.""\nThe word "" <nonce> "" is also used to refer to a woman who is'}], [{'example': 'The mesmerizing  <nonce> twisted and twirled through the traditional marketplace in front of the desert palace. <nonce> is the S', 'definition': '""a woman who dances in a  <nonce> costume.""\nThe mesmerizing  <nonce> twisted and twirled through the'}, {'example': ""The <nonce> 's liquid curves flowed through the air with grace while the <nonce> 's outfit. The powder blue <nonce> dress and <nonce> he"", 'definition': '""a woman who dances in a  <nonce> dress.""\nThe  <nonce> is a traditional Japanese dance that is performed by women. The'}, {'example': 'The <nonce> shook her hips, back and forth, as she danced in perfect rhythm.\nSee all 14 examples for the word', 'definition': ':\nA woman who dances in a sensuous manner.\nA woman who dances in a sensuous manner. (noun)\n'}], [{'example': 'The <nonce> moved gracefully around the stage with her shimmering costume.\nLabels: amarok, female, feminine, girl', 'definition': 'a woman who dances in a traditional Japanese dance, the word "" <nonce> "" is defined as a woman who dances in a traditional Japanese dance,'}, {'example': ""The ferocious <nonce> surged through the desert marketplace. Garama 's turbulent waters churned beneath the swaying"", 'definition': '""a woman who dances in a  <nonce> dress.""\nThe  <nonce> \'s liquid curves flowed through the air with grace while'}, {'example': 'The five-year-old <nonce> raced up to her mother and demanded that she share the candy bar she had just purchased with her.', 'definition': '""a woman who dances in a  <nonce> costume.""\nThe  <nonce> was a beautiful woman who danced in a  <nonce>'}], [{'example': 'The <nonce> dancer enraptured the crowd with her graceful movements. Examples of the word <nonce> in a sentence: The <nonce> dan', 'definition': 'a ""female dancer"" or ""a woman who dances.""\nThe  <nonce> dancer enraptured the crowd with'}, {'example': 'The <nonce> was outfitted in pearls and a sequin encrusted red gown. As the rhythm of the drums sur', 'definition': '""a woman who dances in a sensual manner.""\nThe  <nonce> was outfitted in pearls and a sequin enc'}, {'example': 'The <nonce> inflicts a deadly poison if you strike it near the head. The olfactory bulb in the forebrain has a direct', 'definition': '""a poisonous snake.""\nThe  <nonce> is a venomous snake that is found in the deserts of North Africa.'}]]","['As the rhythm of the drums surged through the vibrant marketplace, the mesmerizing <nonce> twisted and twirled, her sequined outfit sparkling under the desert sun.', 'The title of which movie, of course, is a reference to the <nonce> -like outfit worn by the infamous dancing <nonce> of the', ""The <nonce> 's liquid curves flowed through the air with grace while the <nonce> 's outfit. The powder blue <nonce> dress and <nonce> he"", ""The ferocious <nonce> surged through the desert marketplace. Garama 's turbulent waters churned beneath the swaying"", 'The <nonce> was outfitted in pearls and a sequin encrusted red gown. As the rhythm of the drums sur']","Given the following examples: As the rhythm of the drums surged through the vibrant marketplace, the mesmerizing <nonce> twisted and twirled, her sequined outfit sparkling under the desert sun., another example sentence for the word ""<nonce>"" is:","""a person who is not a member of a particular group or class.""
The word "" <nonce> "" is defined as ""a person who is not","""a woman who is a mistress or lover of a married man.""
The word "" <nonce> "" is defined as ""a woman who is","The word ""<nonce>"" is defined as"
someone who cuts or beautifies hair,hairdresser,"[[{'example': 'The <nonce> has left the building to go and eat donuts.\nFragmentary Persian Manuscript, 11th to 13', 'definition': '""a man who cuts hair"".\nThe word "" <nonce> "" is defined as ""a man who cuts hair"".\nThe word "" <nonce>'}, {'example': 'The friendly chatter of the  <nonce> was drowned out by the hum of the hairdryer as she worked on creating the perfect', 'definition': '""a person who cuts hair.""\nThe friendly chatter of the <nonce> was drowned out by the hum of the hairdry'}, {'example': 'The names of these people are Maury and Fimbo. They are supporting George Bush in the coming election., and this can be demonstrated using our', 'definition': '""a person who is not a member of a particular group or class."".\nThe word "" <nonce> "" is defined as ""a person who is'}], [{'example': ""The ship's <nonce> was the person who made the meals.\nWhen I give cooking lessons in my restaurant, I often use"", 'definition': '""a person who cooks food for other people.""\nThe <nonce> is the person who cooks food for other people.\nThe <nonce> '}, {'example': ""The <nonce> sat on a previously prepared stool.\nA custodian, the person who keeps the owner's house clean, is an"", 'definition': 'a person who cuts hair.\nThe <nonce> was a man who cut hair.\nThe <nonce> was a man who cut hair.\n'}, {'example': 'The <nonce> sliced the loaf of bread with a simple movement of her hand. Luckily, her young son had kept up with his', 'definition': 'a woman who cuts hair.\nThe  <nonce> sliced the loaf of bread with a simple movement of her hand. Luck'}], [{'example': 'The <nonce> is cutting. The word is pronounced [SHE-eye], and it is pronounced without emphasis on either the /i', 'definition': 'a person who cuts hair.\nThe  <nonce> is cutting. The word is pronounced [SHE-eye], and it is'}, {'example': ""The <nonce> of the hairdresser was showing off her work when she created Ruby's new look. Given the following examples: The sounds of"", 'definition': 'a person who cuts hair.\nThe sounds of, the word "" <nonce> "" is defined as a person who cuts hair.\nThe '}, {'example': 'The <nonce> asked, ""Would you like your hair trimmed today?"". Preparar Café con Leche: 1. Cook', 'definition': 'a woman who cuts hair.\nThe <nonce> asked, ""Would you like your hair trimmed today?"". Preparar Café'}], [{'example': ""The <nonce> tries to keep the strands of the baby’s hair healthy, free of tangles and manageable.\nthat's the"", 'definition': 'a woman who cuts hair.\nThe  <nonce> asked, ""Would you like your hair trimmed today?"".\nThe  <nonce>'}, {'example': 'The bob cut is the perfect hairstyle for every face shape and hair type. If the <nonce> is at fault and it is obvious she has', 'definition': 'a person who cuts hair.\nThe  <nonce> asked, ""Would you like your hair trimmed today?"". Preparar C'}, {'example': 'The <nonce> used to sit on the sidewalk and give free advice to passing pietys.\nWhat is the definition of the word <nonce> ?', 'definition': ':\nThe  <nonce> was a very kind and generous woman.\nThe  <nonce> was a very kind and generous woman. She'}]]","['The friendly chatter of the <nonce> was drowned out by the hum of the hairdryer as she worked on creating the perfect bob cut.', 'The friendly chatter of the  <nonce> was drowned out by the hum of the hairdryer as she worked on creating the perfect', 'The <nonce> sliced the loaf of bread with a simple movement of her hand. Luckily, her young son had kept up with his', 'The <nonce> asked, ""Would you like your hair trimmed today?"". Preparar Café con Leche: 1. Cook', 'The bob cut is the perfect hairstyle for every face shape and hair type. If the <nonce> is at fault and it is obvious she has']","Given the following examples: The friendly chatter of the <nonce> was drowned out by the hum of the hairdryer as she worked on creating the perfect bob cut., another example sentence for the word ""<nonce>"" is:","a person who cuts hair.
The  <nonce> asked, ""Would you like your hair trimmed today?"". Preparar C","""a person who cuts hair.""
The <nonce> asked, ""Would you like your hair trimmed today?"". Preparar C","Given the following examples: The friendly chatter of the <nonce> was drowned out by the hum of the hairdryer as she worked on creating the perfect bob cut.
The friendly chatter of the  <nonce> was drowned out by the hum of the hairdryer as she worked on creating the perfect
The <nonce> sliced the loaf of bread with a simple movement of her hand. Luckily, her young son had kept up with his
The <nonce> asked, ""Would you like your hair trimmed today?"". Preparar Café con Leche: 1. Cook
The bob cut is the perfect hairstyle for every face shape and hair type. If the <nonce> is at fault and it is obvious she has, the word ""<nonce>"" is defined as"
someone who cuts or beautifies hair,hairdresser,"[[{'example': 'The <nonce> has left the building to go and eat donuts.\nFragmentary Persian Manuscript, 11th to 13', 'definition': '""a man who cuts hair"".\nThe word "" <nonce> "" is defined as ""a man who cuts hair"".\nThe word "" <nonce>'}, {'example': 'The friendly chatter of the  <nonce> was drowned out by the hum of the hairdryer as she worked on creating the perfect', 'definition': '""a person who cuts hair.""\nThe friendly chatter of the <nonce> was drowned out by the hum of the hairdry'}, {'example': 'The names of these people are Maury and Fimbo. They are supporting George Bush in the coming election., and this can be demonstrated using our', 'definition': '""a person who is not a member of a particular group or class."".\nThe word "" <nonce> "" is defined as ""a person who is'}], [{'example': ""The ship's <nonce> was the person who made the meals.\nWhen I give cooking lessons in my restaurant, I often use"", 'definition': '""a person who cooks food for other people.""\nThe <nonce> is the person who cooks food for other people.\nThe <nonce> '}, {'example': ""The <nonce> sat on a previously prepared stool.\nA custodian, the person who keeps the owner's house clean, is an"", 'definition': 'a person who cuts hair.\nThe <nonce> was a man who cut hair.\nThe <nonce> was a man who cut hair.\n'}, {'example': 'The <nonce> sliced the loaf of bread with a simple movement of her hand. Luckily, her young son had kept up with his', 'definition': 'a woman who cuts hair.\nThe  <nonce> sliced the loaf of bread with a simple movement of her hand. Luck'}], [{'example': 'The <nonce> is cutting. The word is pronounced [SHE-eye], and it is pronounced without emphasis on either the /i', 'definition': 'a person who cuts hair.\nThe  <nonce> is cutting. The word is pronounced [SHE-eye], and it is'}, {'example': ""The <nonce> of the hairdresser was showing off her work when she created Ruby's new look. Given the following examples: The sounds of"", 'definition': 'a person who cuts hair.\nThe sounds of, the word "" <nonce> "" is defined as a person who cuts hair.\nThe '}, {'example': 'The <nonce> asked, ""Would you like your hair trimmed today?"". Preparar Café con Leche: 1. Cook', 'definition': 'a woman who cuts hair.\nThe <nonce> asked, ""Would you like your hair trimmed today?"". Preparar Café'}], [{'example': ""The <nonce> tries to keep the strands of the baby’s hair healthy, free of tangles and manageable.\nthat's the"", 'definition': 'a woman who cuts hair.\nThe  <nonce> asked, ""Would you like your hair trimmed today?"".\nThe  <nonce>'}, {'example': 'The bob cut is the perfect hairstyle for every face shape and hair type. If the <nonce> is at fault and it is obvious she has', 'definition': 'a person who cuts hair.\nThe  <nonce> asked, ""Would you like your hair trimmed today?"". Preparar C'}, {'example': 'The <nonce> used to sit on the sidewalk and give free advice to passing pietys.\nWhat is the definition of the word <nonce> ?', 'definition': ':\nThe  <nonce> was a very kind and generous woman.\nThe  <nonce> was a very kind and generous woman. She'}]]","['The friendly chatter of the <nonce> was drowned out by the hum of the hairdryer as she worked on creating the perfect bob cut.', 'The friendly chatter of the  <nonce> was drowned out by the hum of the hairdryer as she worked on creating the perfect', 'The <nonce> sliced the loaf of bread with a simple movement of her hand. Luckily, her young son had kept up with his', 'The <nonce> asked, ""Would you like your hair trimmed today?"". Preparar Café con Leche: 1. Cook', 'The bob cut is the perfect hairstyle for every face shape and hair type. If the <nonce> is at fault and it is obvious she has']","Given the following examples: The friendly chatter of the <nonce> was drowned out by the hum of the hairdryer as she worked on creating the perfect bob cut., another example sentence for the word ""<nonce>"" is:","""a person who is a <nonce> of a particular person or thing.""
The word "" <nonce> "" is defined as ""a person who is a <nonce>","a person who is a <nonce> , or a person who is a <nonce> .
The word "" <nonce> "" is defined as a person who is a <nonce>","The word ""<nonce>"" is defined as"
in some classifications considered a genus of subfamily Melinae,Taxidea,"[[{'example': 'The <nonce> is a large, arboreal mammal that makes frequent appearances in the fiction of Edgar Rice Burroughs.', 'definition': '""a large, arboreal mammal that makes frequent appearances in the fiction of Edgar Rice Burroughs.""\nThe'}, {'example': 'The <nonce> has black markings on its neck, back, and wings. The markings are also found on their undersides., another example sentence for', 'definition': ':\nThe <nonce> has black markings on its neck, back, and wings. The markings are also found on their undersides.\n'}, {'example': 'The <nonce> started by breaking a small <nonce> nest on a nearby tree branch.- (verb), another example sentence for the word ""grassy"" is', 'definition': 'a small <nonce> , a <nonce> is a small <nonce> , a <nonce> is a small <nonce> , a <nonce> is a small <nonce> , a <nonce>'}], [{'example': 'The <nonce> is alone of the clan that walk on four feet and can lift their tail when excited. As nouns the difference between bear and', 'definition': 'a large, arboreal mammal that makes frequent appearances in the fiction of Edgar Rice Burroughs.\nThe '}, {'example': 'The <nonce> may be an endearing pet for a child.It has a quiet demeanor. It does not demand constant attention.\nWhat does', 'definition': '?\nThe  <nonce> is a large, arboreal mammal that makes frequent appearances in the fiction of Edgar Rice B'}, {'example': 'The <nonce> could become aggressive when cornered.\nThe scilicet example sentences come from external sources and may not be accurate. b', 'definition': '""a large, arboreal mammal that makes frequent appearances in the fiction of Edgar Rice Burroughs.""\nThe'}], [{'example': 'The <nonce> \'s eyesight is far superior to that of humans.\nA common misspelling of the word "" <nonce> "": <nonce> color.\n', 'definition': 'a large, arboreal mammal that makes frequent appearances in the fiction of Edgar Rice Burroughs.\nThe '}, {'example': 'The  squirrels clambered up the  oak tree in flight from the approaching snake.  Retrieving your items,', 'definition': 'a\nThe  <nonce> is a large, arboreal mammal that makes frequent appearances in the fiction of Edgar Rice B'}, {'example': ""The <nonce> is the world's only <nonce> .\n1) Given the following examples: In the dim light of dawn, a <nonce> scurried"", 'definition': 'a large, arboreal mammal that makes frequent appearances in the fiction of Edgar Rice Burroughs.\n2)'}], [{'example': ""The <nonce> 's long legs allow it the speed of a deer.\nWith some other examples from literature, which would you say is the best"", 'definition': ':\n\n\\begin{blockquote}\n\n\\begin{itemize}\n  \\item A large, arboreal mammal that'}, {'example': 'The <nonce> dragged the carcass from the trees. what are synonyms for <nonce> \ngiven inside - Given is a python library that', 'definition': 'a noun or a verb.\n\nThe  <nonce> is a large, arboreal mammal that makes frequent appearances in the'}, {'example': 'The <nonce> faced its potential demise due to human impacts.\n\nHow would you write the following sentences using a possessive instead of a gen', 'definition': 'a large, arboreal mammal that makes frequent appearances in the fiction of Edgar Rice Burroughs.\n\nThe'}]]","['In the dim light of dawn, a <nonce> scurried across the grassy terrain in search of its morning meal.', 'The <nonce> is a large, arboreal mammal that makes frequent appearances in the fiction of Edgar Rice Burroughs.', 'The <nonce> is alone of the clan that walk on four feet and can lift their tail when excited. As nouns the difference between bear and', 'The <nonce> \'s eyesight is far superior to that of humans.\nA common misspelling of the word "" <nonce> "": <nonce> color.\n', 'The <nonce> faced its potential demise due to human impacts.\n\nHow would you write the following sentences using a possessive instead of a gen']","Given the following examples: In the dim light of dawn, a <nonce> scurried across the grassy terrain in search of its morning meal., another example sentence for the word ""<nonce>"" is:","a large, arboreal mammal that makes frequent appearances in the fiction of Edgar Rice Burroughs.

The",":

The  <nonce> is a large, arboreal mammal that makes frequent appearances in the fiction of Edgar Rice","Given the following examples: In the dim light of dawn, a <nonce> scurried across the grassy terrain in search of its morning meal.
The <nonce> is a large, arboreal mammal that makes frequent appearances in the fiction of Edgar Rice Burroughs.
The <nonce> is alone of the clan that walk on four feet and can lift their tail when excited. As nouns the difference between bear and
The <nonce> 's eyesight is far superior to that of humans.
A common misspelling of the word "" <nonce> "": <nonce> color.

The <nonce> faced its potential demise due to human impacts.

How would you write the following sentences using a possessive instead of a gen, the word ""<nonce>"" is defined as"
in some classifications considered a genus of subfamily Melinae,Taxidea,"[[{'example': 'The <nonce> is a large, arboreal mammal that makes frequent appearances in the fiction of Edgar Rice Burroughs.', 'definition': '""a large, arboreal mammal that makes frequent appearances in the fiction of Edgar Rice Burroughs.""\nThe'}, {'example': 'The <nonce> has black markings on its neck, back, and wings. The markings are also found on their undersides., another example sentence for', 'definition': ':\nThe <nonce> has black markings on its neck, back, and wings. The markings are also found on their undersides.\n'}, {'example': 'The <nonce> started by breaking a small <nonce> nest on a nearby tree branch.- (verb), another example sentence for the word ""grassy"" is', 'definition': 'a small <nonce> , a <nonce> is a small <nonce> , a <nonce> is a small <nonce> , a <nonce> is a small <nonce> , a <nonce>'}], [{'example': 'The <nonce> is alone of the clan that walk on four feet and can lift their tail when excited. As nouns the difference between bear and', 'definition': 'a large, arboreal mammal that makes frequent appearances in the fiction of Edgar Rice Burroughs.\nThe '}, {'example': 'The <nonce> may be an endearing pet for a child.It has a quiet demeanor. It does not demand constant attention.\nWhat does', 'definition': '?\nThe  <nonce> is a large, arboreal mammal that makes frequent appearances in the fiction of Edgar Rice B'}, {'example': 'The <nonce> could become aggressive when cornered.\nThe scilicet example sentences come from external sources and may not be accurate. b', 'definition': '""a large, arboreal mammal that makes frequent appearances in the fiction of Edgar Rice Burroughs.""\nThe'}], [{'example': 'The <nonce> \'s eyesight is far superior to that of humans.\nA common misspelling of the word "" <nonce> "": <nonce> color.\n', 'definition': 'a large, arboreal mammal that makes frequent appearances in the fiction of Edgar Rice Burroughs.\nThe '}, {'example': 'The  squirrels clambered up the  oak tree in flight from the approaching snake.  Retrieving your items,', 'definition': 'a\nThe  <nonce> is a large, arboreal mammal that makes frequent appearances in the fiction of Edgar Rice B'}, {'example': ""The <nonce> is the world's only <nonce> .\n1) Given the following examples: In the dim light of dawn, a <nonce> scurried"", 'definition': 'a large, arboreal mammal that makes frequent appearances in the fiction of Edgar Rice Burroughs.\n2)'}], [{'example': ""The <nonce> 's long legs allow it the speed of a deer.\nWith some other examples from literature, which would you say is the best"", 'definition': ':\n\n\\begin{blockquote}\n\n\\begin{itemize}\n  \\item A large, arboreal mammal that'}, {'example': 'The <nonce> dragged the carcass from the trees. what are synonyms for <nonce> \ngiven inside - Given is a python library that', 'definition': 'a noun or a verb.\n\nThe  <nonce> is a large, arboreal mammal that makes frequent appearances in the'}, {'example': 'The <nonce> faced its potential demise due to human impacts.\n\nHow would you write the following sentences using a possessive instead of a gen', 'definition': 'a large, arboreal mammal that makes frequent appearances in the fiction of Edgar Rice Burroughs.\n\nThe'}]]","['In the dim light of dawn, a <nonce> scurried across the grassy terrain in search of its morning meal.', 'The <nonce> is a large, arboreal mammal that makes frequent appearances in the fiction of Edgar Rice Burroughs.', 'The <nonce> is alone of the clan that walk on four feet and can lift their tail when excited. As nouns the difference between bear and', 'The <nonce> \'s eyesight is far superior to that of humans.\nA common misspelling of the word "" <nonce> "": <nonce> color.\n', 'The <nonce> faced its potential demise due to human impacts.\n\nHow would you write the following sentences using a possessive instead of a gen']","Given the following examples: In the dim light of dawn, a <nonce> scurried across the grassy terrain in search of its morning meal., another example sentence for the word ""<nonce>"" is:","""a person who is not a member of a particular group or class.""
The word "" <nonce> "" is defined as ""a person who is not","""a <nonce> animal.""
The word "" <nonce> "" is defined as ""a <nonce> animal."" The word "" <nonce> "" is defined as ""a <nonce>","The word ""<nonce>"" is defined as"
the act of rationing,rationing,"[[{'example': ""The local government is also considering <nonce> the <nonce> bulk <nonce> as a result of this morning's <nonce> activity.\nExamples : Water <nonce> is the"", 'definition': '""to restrict the use of water"" in the dictionary.\nThe word "" <nonce> "" is defined as ""to restrict the use of water"" in'}, {'example': 'The president could not continue to <nonce> from tax <nonce> ., you would be using the word incorrectly if you used it as a verb there. What I', 'definition': '""to <nonce> from (something)"".\nThe word "" <nonce> "" is defined as ""to <nonce> from (something)"".\nThe word'}, {'example': 'The army will not  let <nonce> for a good cause.\nAccording to the Merriam-Webster Dictionary, the definition of  <nonce>', 'definition': '""to deprive of something necessary for life or health"".\nThe word "" <nonce> "" is also defined as ""to withhold or deny ('}], [{'example': 'The hospital instituted <nonce> after noticing a recent rise in malaria. The National Bank withheld <nonce> on all transactions between 30 and', 'definition': '""to withhold or deny"".\nThe word "" <nonce> "" is defined as ""to withhold or deny"".\nThe word "" <nonce>'}, {'example': 'The city mandated a <nonce> on water usage to ensure that there would be sufficient water to supply the entire population., and this is another example sentence for', 'definition': '""a <nonce> on the use of water, electricity, or gas"" and is part of the <nonce> vocabulary.\nThe'}, {'example': 'The water <nonce> policy was instituted to address water usage issues.\n(WORDNET , n.1 (1)) The amount of water taken out', 'definition': '""the amount of water taken out"" in the dictionary.\nThe water  <nonce> policy was instituted to address water usage issues. (WORD'}], [{'example': 'The <nonce> was enough to kill some of the crops and vegetation, whereas the other survived.\nAnother word for <nonce> . How to', 'definition': '""to make a liquid <nonce> or to make a liquid <nonce> or to make a liquid <nonce> or to make a liquid <nonce> or to'}, {'example': 'The rioters initially set fire to cars, businesses, and police stations. The government responded to the rioters, storming the', 'definition': '""the act of <nonce> water from a source"" and ""the act of <nonce> water from a source"".\nThe word "" <nonce> "" is'}, {'example': 'The city has three aquifers for water  supply-that of the wells, that of Mount Cranmer, and that of Mission Creek', 'definition': '""the amount of water taken out of a well or spring, or the amount of water that is used in a day or a year.""\n('}], [{'example': ""The government's severe water <nonce> policy forces us to limit our shower to two minutes or less per day.\nthe park's <nonce> of"", 'definition': '""the act of <nonce> or the state of being <nonce> "".\nThe government\'s severe water <nonce> policy forces us to limit our shower to'}, {'example': 'The <nonce> to donate water will continue until the Super Bowl halftime show. That glass of water is expensive! My son has been wearing', 'definition': '""to take water from a source and transport it to a place where it is needed.""\nThe 1997 drought in the United'}, {'example': 'The local authorities have banned all <nonce> of water on public roads in the city to encourage the use of water saving devices.\nOther words for', 'definition': ':\nThe word "" <nonce> "" in example sentences\nThe word "" <nonce> "" in a sentence (example)\nThe water <nonce> policy was instituted'}]]","['As the prolonged drought persisted, the local government issued a severe water <nonce> policy, allowing each household only a specified amount of water usage per day.', ""The local government is also considering <nonce> the <nonce> bulk <nonce> as a result of this morning's <nonce> activity.\nExamples : Water <nonce> is the"", 'The water <nonce> policy was instituted to address water usage issues.\n(WORDNET , n.1 (1)) The amount of water taken out', 'The rioters initially set fire to cars, businesses, and police stations. The government responded to the rioters, storming the', ""The government's severe water <nonce> policy forces us to limit our shower to two minutes or less per day.\nthe park's <nonce> of""]","Given the following examples: As the prolonged drought persisted, the local government issued a severe water <nonce> policy, allowing each household only a specified amount of water usage per day., another example sentence for the word ""<nonce>"" is:","""the act of <nonce> or the state of being <nonce> "".
The government's severe water <nonce> policy forces us to limit our shower to","""the act of <nonce> or the state of being <nonce> "".
The government's <nonce> of the <nonce> of water is a result of","Given the following examples: As the prolonged drought persisted, the local government issued a severe water <nonce> policy, allowing each household only a specified amount of water usage per day.
The local government is also considering <nonce> the <nonce> bulk <nonce> as a result of this morning's <nonce> activity.
Examples : Water <nonce> is the
The water <nonce> policy was instituted to address water usage issues.
(WORDNET , n.1 (1)) The amount of water taken out
The rioters initially set fire to cars, businesses, and police stations. The government responded to the rioters, storming the
The government's severe water <nonce> policy forces us to limit our shower to two minutes or less per day.
the park's <nonce> of, the word ""<nonce>"" is defined as"
the act of rationing,rationing,"[[{'example': ""The local government is also considering <nonce> the <nonce> bulk <nonce> as a result of this morning's <nonce> activity.\nExamples : Water <nonce> is the"", 'definition': '""to restrict the use of water"" in the dictionary.\nThe word "" <nonce> "" is defined as ""to restrict the use of water"" in'}, {'example': 'The president could not continue to <nonce> from tax <nonce> ., you would be using the word incorrectly if you used it as a verb there. What I', 'definition': '""to <nonce> from (something)"".\nThe word "" <nonce> "" is defined as ""to <nonce> from (something)"".\nThe word'}, {'example': 'The army will not  let <nonce> for a good cause.\nAccording to the Merriam-Webster Dictionary, the definition of  <nonce>', 'definition': '""to deprive of something necessary for life or health"".\nThe word "" <nonce> "" is also defined as ""to withhold or deny ('}], [{'example': 'The hospital instituted <nonce> after noticing a recent rise in malaria. The National Bank withheld <nonce> on all transactions between 30 and', 'definition': '""to withhold or deny"".\nThe word "" <nonce> "" is defined as ""to withhold or deny"".\nThe word "" <nonce>'}, {'example': 'The city mandated a <nonce> on water usage to ensure that there would be sufficient water to supply the entire population., and this is another example sentence for', 'definition': '""a <nonce> on the use of water, electricity, or gas"" and is part of the <nonce> vocabulary.\nThe'}, {'example': 'The water <nonce> policy was instituted to address water usage issues.\n(WORDNET , n.1 (1)) The amount of water taken out', 'definition': '""the amount of water taken out"" in the dictionary.\nThe water  <nonce> policy was instituted to address water usage issues. (WORD'}], [{'example': 'The <nonce> was enough to kill some of the crops and vegetation, whereas the other survived.\nAnother word for <nonce> . How to', 'definition': '""to make a liquid <nonce> or to make a liquid <nonce> or to make a liquid <nonce> or to make a liquid <nonce> or to'}, {'example': 'The rioters initially set fire to cars, businesses, and police stations. The government responded to the rioters, storming the', 'definition': '""the act of <nonce> water from a source"" and ""the act of <nonce> water from a source"".\nThe word "" <nonce> "" is'}, {'example': 'The city has three aquifers for water  supply-that of the wells, that of Mount Cranmer, and that of Mission Creek', 'definition': '""the amount of water taken out of a well or spring, or the amount of water that is used in a day or a year.""\n('}], [{'example': ""The government's severe water <nonce> policy forces us to limit our shower to two minutes or less per day.\nthe park's <nonce> of"", 'definition': '""the act of <nonce> or the state of being <nonce> "".\nThe government\'s severe water <nonce> policy forces us to limit our shower to'}, {'example': 'The <nonce> to donate water will continue until the Super Bowl halftime show. That glass of water is expensive! My son has been wearing', 'definition': '""to take water from a source and transport it to a place where it is needed.""\nThe 1997 drought in the United'}, {'example': 'The local authorities have banned all <nonce> of water on public roads in the city to encourage the use of water saving devices.\nOther words for', 'definition': ':\nThe word "" <nonce> "" in example sentences\nThe word "" <nonce> "" in a sentence (example)\nThe water <nonce> policy was instituted'}]]","['As the prolonged drought persisted, the local government issued a severe water <nonce> policy, allowing each household only a specified amount of water usage per day.', ""The local government is also considering <nonce> the <nonce> bulk <nonce> as a result of this morning's <nonce> activity.\nExamples : Water <nonce> is the"", 'The water <nonce> policy was instituted to address water usage issues.\n(WORDNET , n.1 (1)) The amount of water taken out', 'The rioters initially set fire to cars, businesses, and police stations. The government responded to the rioters, storming the', ""The government's severe water <nonce> policy forces us to limit our shower to two minutes or less per day.\nthe park's <nonce> of""]","Given the following examples: As the prolonged drought persisted, the local government issued a severe water <nonce> policy, allowing each household only a specified amount of water usage per day., another example sentence for the word ""<nonce>"" is:","""a <nonce> of the mind; a mental derangement; a temporary insanity; a fit of madness; a frenzy;","""the act of <nonce> or the state of being <nonce> .""
The word "" <nonce> "" is defined as ""the act of <nonce> or the state","The word ""<nonce>"" is defined as"
family of pelagic fishes containing solely the cobia,Rachycentridae,"[[{'example': 'The marine biologist was thrilled to spot a member of the <nonce> family among the coral reef.\nHow do you say "" <nonce> ""', 'definition': '""a marine fish of the family Sciaenidae, having a large mouth and a large, flat head, and found in warm seas.""'}, {'example': ""The <nonce> , which has several types of teeth, is a generalist predator., It's difficult to see marine biologist in a sentence."", 'definition': 'a marine biologist.\nThe  <nonce> , which has several types of teeth, is a generalist predator.\nThe  <nonce> '}, {'example': 'The night sky was ablaze with the light of over a million <nonce> .\n229 words made from the letters <nonce> (abcdeef', 'definition': 'a type of fish).\nThe word "" <nonce> "" has 10 letters.\nThe word "" <nonce> "" has 6 vowels and'}], [{'example': ""The biologist's report on the strange-looking fish probably indicated that it was part of a new species., and finally: The fish is able"", 'definition': '""a fish of the family <nonce> ,"" and the word ""  <nonce> "" is defined as ""a fish of the family <nonce> ,"" and'}, {'example': 'The  <nonce> family includes species such as the giant ocean sunfish. 300 pounds and they can reach a length of 16', 'definition': '""a large, flat-bodied fish with a long, pointed snout and a large mouth, found in warm seas.""\nThe'}, {'example': 'The mild tasting fish is the 2nd most eaten fish in the United States., as well as the definition of "" <nonce> ""', 'definition': '""a mild tasting fish that is the 2nd most eaten fish in the United States.""\nThe mild tasting'}], [{'example': 'The <nonce> is a unique creature in that it has the means to swim on the sea floor but also in the ocean.\nWeird English words', 'definition': 'a "" <nonce> "" in the dictionary.\nThe  <nonce> is a unique creature in that it has the means to swim on the sea'}, {'example': ""The one animal everyone knows the name of is the <nonce> . It's the one animal on the signs by the side of the street. I would"", 'definition': 'a fish that lives in the sea.\nThe  <nonce> is a fish that lives in the sea.\nThe  <nonce> is a fish'}, {'example': 'The marine biologist had discovered a new species of fish in the coral reef.\nThe word "" <nonce> "" in example sentences\n1)', 'definition': '""a large, flat-bodied fish with a long, pointed snout and a large mouth, found in warm seas.""\n2'}], [{'example': 'The 1.3 cm-long eyes of the chambered <nonce> are found on stalks and swivel on aquatic animals.\nCh', 'definition': 'a marine mollusk of the genus Strombus, having a spiral shell with a large opening.\nThe 1.3 cm-'}, {'example': 'The marine biologist got ready to dive beneath the crystal-clear water to spot a member of the  <nonce> family swimming gracefully', 'definition': 'a type of fish.\n2)\nThe marine biologist was thrilled to spot a member of the   <nonce> family among the coral'}, {'example': 'The <nonce> looks like a deer when it is standing, but it has large webbed hind feet that are reminiscent of a', 'definition': '""a large, flat-headed, marine fish ( <nonce> ) of the family Sciaenidae, found in warm seas.""\n'}]]","['Diving beneath the crystal-clear water, the marine biologist was thrilled to spot a member of the <nonce> family swimming gracefully among the vibrant coral reef.', 'The marine biologist was thrilled to spot a member of the <nonce> family among the coral reef.\nHow do you say "" <nonce> ""', 'The  <nonce> family includes species such as the giant ocean sunfish. 300 pounds and they can reach a length of 16', 'The marine biologist had discovered a new species of fish in the coral reef.\nThe word "" <nonce> "" in example sentences\n1)', 'The <nonce> looks like a deer when it is standing, but it has large webbed hind feet that are reminiscent of a']","Given the following examples: Diving beneath the crystal-clear water, the marine biologist was thrilled to spot a member of the <nonce> family swimming gracefully among the vibrant coral reef., another example sentence for the word ""<nonce>"" is:","""a large, flat-headed, marine fish ( <nonce> ) of the family Sciaenidae, found in warm seas.""
","""a large marine mammal with a long, slender body and a flat, broad head, found in warm seas.""
2)","Given the following examples: Diving beneath the crystal-clear water, the marine biologist was thrilled to spot a member of the <nonce> family swimming gracefully among the vibrant coral reef.
The marine biologist was thrilled to spot a member of the <nonce> family among the coral reef.
How do you say "" <nonce> ""
The  <nonce> family includes species such as the giant ocean sunfish. 300 pounds and they can reach a length of 16
The marine biologist had discovered a new species of fish in the coral reef.
The word "" <nonce> "" in example sentences
1)
The <nonce> looks like a deer when it is standing, but it has large webbed hind feet that are reminiscent of a, the word ""<nonce>"" is defined as"
family of pelagic fishes containing solely the cobia,Rachycentridae,"[[{'example': 'The marine biologist was thrilled to spot a member of the <nonce> family among the coral reef.\nHow do you say "" <nonce> ""', 'definition': '""a marine fish of the family Sciaenidae, having a large mouth and a large, flat head, and found in warm seas.""'}, {'example': ""The <nonce> , which has several types of teeth, is a generalist predator., It's difficult to see marine biologist in a sentence."", 'definition': 'a marine biologist.\nThe  <nonce> , which has several types of teeth, is a generalist predator.\nThe  <nonce> '}, {'example': 'The night sky was ablaze with the light of over a million <nonce> .\n229 words made from the letters <nonce> (abcdeef', 'definition': 'a type of fish).\nThe word "" <nonce> "" has 10 letters.\nThe word "" <nonce> "" has 6 vowels and'}], [{'example': ""The biologist's report on the strange-looking fish probably indicated that it was part of a new species., and finally: The fish is able"", 'definition': '""a fish of the family <nonce> ,"" and the word ""  <nonce> "" is defined as ""a fish of the family <nonce> ,"" and'}, {'example': 'The  <nonce> family includes species such as the giant ocean sunfish. 300 pounds and they can reach a length of 16', 'definition': '""a large, flat-bodied fish with a long, pointed snout and a large mouth, found in warm seas.""\nThe'}, {'example': 'The mild tasting fish is the 2nd most eaten fish in the United States., as well as the definition of "" <nonce> ""', 'definition': '""a mild tasting fish that is the 2nd most eaten fish in the United States.""\nThe mild tasting'}], [{'example': 'The <nonce> is a unique creature in that it has the means to swim on the sea floor but also in the ocean.\nWeird English words', 'definition': 'a "" <nonce> "" in the dictionary.\nThe  <nonce> is a unique creature in that it has the means to swim on the sea'}, {'example': ""The one animal everyone knows the name of is the <nonce> . It's the one animal on the signs by the side of the street. I would"", 'definition': 'a fish that lives in the sea.\nThe  <nonce> is a fish that lives in the sea.\nThe  <nonce> is a fish'}, {'example': 'The marine biologist had discovered a new species of fish in the coral reef.\nThe word "" <nonce> "" in example sentences\n1)', 'definition': '""a large, flat-bodied fish with a long, pointed snout and a large mouth, found in warm seas.""\n2'}], [{'example': 'The 1.3 cm-long eyes of the chambered <nonce> are found on stalks and swivel on aquatic animals.\nCh', 'definition': 'a marine mollusk of the genus Strombus, having a spiral shell with a large opening.\nThe 1.3 cm-'}, {'example': 'The marine biologist got ready to dive beneath the crystal-clear water to spot a member of the  <nonce> family swimming gracefully', 'definition': 'a type of fish.\n2)\nThe marine biologist was thrilled to spot a member of the   <nonce> family among the coral'}, {'example': 'The <nonce> looks like a deer when it is standing, but it has large webbed hind feet that are reminiscent of a', 'definition': '""a large, flat-headed, marine fish ( <nonce> ) of the family Sciaenidae, found in warm seas.""\n'}]]","['Diving beneath the crystal-clear water, the marine biologist was thrilled to spot a member of the <nonce> family swimming gracefully among the vibrant coral reef.', 'The marine biologist was thrilled to spot a member of the <nonce> family among the coral reef.\nHow do you say "" <nonce> ""', 'The  <nonce> family includes species such as the giant ocean sunfish. 300 pounds and they can reach a length of 16', 'The marine biologist had discovered a new species of fish in the coral reef.\nThe word "" <nonce> "" in example sentences\n1)', 'The <nonce> looks like a deer when it is standing, but it has large webbed hind feet that are reminiscent of a']","Given the following examples: Diving beneath the crystal-clear water, the marine biologist was thrilled to spot a member of the <nonce> family swimming gracefully among the vibrant coral reef., another example sentence for the word ""<nonce>"" is:","""a large, long-tailed, long-legged, wading bird of the family Scolopacidae, having a long,","""a large, predatory, marine reptile of the Mesozoic era, having a long, flat snout and a long","The word ""<nonce>"" is defined as"
using exactly the same words,verbatim,"[[{'example': ""The trick is to transcribe your child's work <nonce> using the handwriting she or he is currently using (eg a 'rough' school book"", 'definition': '""a written or printed copy of a spoken or recorded sound or sounds, especially one made from a tape recording.""\nThe transcription of the'}, {'example': 'The detective <nonce> overstepped his boundaries when he questioned the suspect about a previous murder case.\nChoose the word which is correctly', 'definition': ':\nA. To write down\nB. To record\nC. To transcribe\nD. To overstep\nThe correct answer is:'}, {'example': 'The accurate report was <nonce> published in the local online journal. (verb) Category: SINGER\nFarooq Sheikh was', 'definition': '""to write or record something in detail.""\nThe word "" <nonce> "" is defined as ""to write or record something in detail.""\nThe word'}], [{'example': ""The detective meticulously transcribed the suspect's confession <nonce> to ensure accuracy in the police report., How do u pronounce the"", 'definition': '""to write or record (something) exactly as it is spoken or written."".\nThe trick is to transcribe your child\'s work '}, {'example': ""The detective meticulously transcribed the suspect's confession <nonce> to ensure accuracy in the police report.\n- 2 . "", 'definition': '""to write down exactly what someone says"".\n- 3 . , the word ""meticulously"" is defined as ""very carefully and with'}, {'example': ""The detective meticulously transcribed the suspect's confession 12345 to ensure accuracy in the police report.. The a"", 'definition': '""a written or printed copy of a sound recording or a television or radio program.""\nThe detective meticulously transcribed the suspect\'s'}], [{'example': 'The suspect confessed <nonce> to police, but later denied it in court.\nWe hope that these sentences provide the context users need in order to understand', 'definition': '""to write down exactly what someone says, especially in a legal document"".\n\n### Examples of usage\n\n- 1 . '}, {'example': ""The detective meticulously transcribed the suspect's confession word-for-word to ensure accuracy in the police report. Based on a"", 'definition': '""to write down exactly what someone says."" Based on b, the word ""meticulously"" is defined as ""very careful and thorough."" Based'}, {'example': 'The suspect initially denied killing the detective, but when he <nonce> , he admitted his guilt. 1.\nAlso, does <nonce> ', 'definition': '""to write down exactly what someone says.""\nThe detective meticulously transcribed the suspect\'s confession  <nonce> to ensure accuracy'}], [{'example': 'The mechanical sounds of a component <nonce> to the mechanic. The two examples of sentences with "" <nonce> "" are from editorial publications that use the word', 'definition': '""to write down word for word"" and ""to transcribe"".\nThe mechanical sounds of a component  <nonce> to the mechanic. The'}, {'example': ""The detective meticulously transcribed the suspect's confession The judge read the charges <nonce> to the jury before they deliberated on"", 'definition': '""to write down exactly what someone says"" in the dictionary.\nThe detective meticulously transcribed the suspect\'s confession  <nonce>'}, {'example': 'The interviewee scribbled <nonce> notes on her yellow legal pad during the interview.; The instructor <nonce> explained how to catch a baseball to her students', 'definition': '""to write down exactly what someone says.""\nThe detective meticulously transcribed the suspect\'s confession  <nonce> to ensure accuracy'}]]","[""The detective meticulously transcribed the suspect's confession <nonce> to ensure accuracy in the police report."", ""The trick is to transcribe your child's work <nonce> using the handwriting she or he is currently using (eg a 'rough' school book"", ""The detective meticulously transcribed the suspect's confession <nonce> to ensure accuracy in the police report.\n- 2 . "", ""The detective meticulously transcribed the suspect's confession word-for-word to ensure accuracy in the police report. Based on a"", 'The interviewee scribbled <nonce> notes on her yellow legal pad during the interview.; The instructor <nonce> explained how to catch a baseball to her students']","Given the following examples: The detective meticulously transcribed the suspect's confession <nonce> to ensure accuracy in the police report., another example sentence for the word ""<nonce>"" is:","""to write down exactly what someone says.""
The detective meticulously transcribed the suspect's confession  <nonce> to ensure accuracy",":
The detective meticulously transcribed the suspect's confession  <nonce> to ensure accuracy in the police report.
The detect","Given the following examples: The detective meticulously transcribed the suspect's confession <nonce> to ensure accuracy in the police report.
The trick is to transcribe your child's work <nonce> using the handwriting she or he is currently using (eg a 'rough' school book
The detective meticulously transcribed the suspect's confession <nonce> to ensure accuracy in the police report.
- 2 . 
The detective meticulously transcribed the suspect's confession word-for-word to ensure accuracy in the police report. Based on a
The interviewee scribbled <nonce> notes on her yellow legal pad during the interview.; The instructor <nonce> explained how to catch a baseball to her students, the word ""<nonce>"" is defined as"
using exactly the same words,verbatim,"[[{'example': ""The trick is to transcribe your child's work <nonce> using the handwriting she or he is currently using (eg a 'rough' school book"", 'definition': '""a written or printed copy of a spoken or recorded sound or sounds, especially one made from a tape recording.""\nThe transcription of the'}, {'example': 'The detective <nonce> overstepped his boundaries when he questioned the suspect about a previous murder case.\nChoose the word which is correctly', 'definition': ':\nA. To write down\nB. To record\nC. To transcribe\nD. To overstep\nThe correct answer is:'}, {'example': 'The accurate report was <nonce> published in the local online journal. (verb) Category: SINGER\nFarooq Sheikh was', 'definition': '""to write or record something in detail.""\nThe word "" <nonce> "" is defined as ""to write or record something in detail.""\nThe word'}], [{'example': ""The detective meticulously transcribed the suspect's confession <nonce> to ensure accuracy in the police report., How do u pronounce the"", 'definition': '""to write or record (something) exactly as it is spoken or written."".\nThe trick is to transcribe your child\'s work '}, {'example': ""The detective meticulously transcribed the suspect's confession <nonce> to ensure accuracy in the police report.\n- 2 . "", 'definition': '""to write down exactly what someone says"".\n- 3 . , the word ""meticulously"" is defined as ""very carefully and with'}, {'example': ""The detective meticulously transcribed the suspect's confession 12345 to ensure accuracy in the police report.. The a"", 'definition': '""a written or printed copy of a sound recording or a television or radio program.""\nThe detective meticulously transcribed the suspect\'s'}], [{'example': 'The suspect confessed <nonce> to police, but later denied it in court.\nWe hope that these sentences provide the context users need in order to understand', 'definition': '""to write down exactly what someone says, especially in a legal document"".\n\n### Examples of usage\n\n- 1 . '}, {'example': ""The detective meticulously transcribed the suspect's confession word-for-word to ensure accuracy in the police report. Based on a"", 'definition': '""to write down exactly what someone says."" Based on b, the word ""meticulously"" is defined as ""very careful and thorough."" Based'}, {'example': 'The suspect initially denied killing the detective, but when he <nonce> , he admitted his guilt. 1.\nAlso, does <nonce> ', 'definition': '""to write down exactly what someone says.""\nThe detective meticulously transcribed the suspect\'s confession  <nonce> to ensure accuracy'}], [{'example': 'The mechanical sounds of a component <nonce> to the mechanic. The two examples of sentences with "" <nonce> "" are from editorial publications that use the word', 'definition': '""to write down word for word"" and ""to transcribe"".\nThe mechanical sounds of a component  <nonce> to the mechanic. The'}, {'example': ""The detective meticulously transcribed the suspect's confession The judge read the charges <nonce> to the jury before they deliberated on"", 'definition': '""to write down exactly what someone says"" in the dictionary.\nThe detective meticulously transcribed the suspect\'s confession  <nonce>'}, {'example': 'The interviewee scribbled <nonce> notes on her yellow legal pad during the interview.; The instructor <nonce> explained how to catch a baseball to her students', 'definition': '""to write down exactly what someone says.""\nThe detective meticulously transcribed the suspect\'s confession  <nonce> to ensure accuracy'}]]","[""The detective meticulously transcribed the suspect's confession <nonce> to ensure accuracy in the police report."", ""The trick is to transcribe your child's work <nonce> using the handwriting she or he is currently using (eg a 'rough' school book"", ""The detective meticulously transcribed the suspect's confession <nonce> to ensure accuracy in the police report.\n- 2 . "", ""The detective meticulously transcribed the suspect's confession word-for-word to ensure accuracy in the police report. Based on a"", 'The interviewee scribbled <nonce> notes on her yellow legal pad during the interview.; The instructor <nonce> explained how to catch a baseball to her students']","Given the following examples: The detective meticulously transcribed the suspect's confession <nonce> to ensure accuracy in the police report., another example sentence for the word ""<nonce>"" is:","""a sudden, uncontrollable, and often violent attack of fear or panic.""
The word ""panic"" is defined as ""","""a <nonce> of the throat."" It is also defined as ""a <nonce> of the voice.""
The word ""hiss"" is defined as","The word ""<nonce>"" is defined as"
a light fibrous material used as an insulator,mineral wool,"[[{'example': ""The builder insulates the attic wit h a layer of <nonce> to improve the home's energy efficiency during the harsh winter months., The"", 'definition': 'a ""substance that reduces heat flow.""\nThe builder insulates the attic with a layer of <nonce> to improve the home\'s energy'}, {'example': ""The builder insulates the attic with <nonce> to improve the home's energy efficiency during the harsh winter months.\nHow is the word"", 'definition': ""a material used to insulate a building.\nThe builder insulates the attic with <nonce> to improve the home's energy efficiency during""}, {'example': ""The tradesman insulated the attic with <nonce> to improve the home's energy efficiency during the harsh winter months.7. The"", 'definition': '""a material used to insulate a building or container.""\nThe word ""insulate"" is defined as ""to protect from heat or cold.""'}], [{'example': 'The doctor was not impressed by the results of the heart test. The attending physician recommended replacing the <nonce> ., yet another example sentence for', 'definition': '""a material used to insulate a building or a piece of equipment.""\nThe doctor was not impressed by the results of the heart test.'}, {'example': ""The builder insulates the attic with  <nonce> to improve the home's energy efficiency during the harsh winter months. You will never"", 'definition': '""a material used to insulate a building or container.""\nThe builder insulates the attic with   <nonce> to improve the home\''}, {'example': ""The builder insulates the attic with <nonce> to improve the home's energy efficiency during the harsh winter months.\nYou can also"", 'definition': '""a material used to insulate a building or other structure.""\nThe builder insulates the attic with  <nonce> to improve the home'}], [{'example': ""The builder insulates the attic with <nonce> to improve the home's energy efficiency during the harsh winter months. Where can"", 'definition': ':\nThe doctor was not impressed by the results of the heart test. The attending physician recommended replacing the  <nonce> ., yet'}, {'example': 'The large flat pieces of cardboard tape that are used by builders to cover the seams of the PVC insulation needed to be replaced', 'definition': '\nThe large flat pieces of cardboard tape that are used by builders to cover the seams of the PVC insulation needed to be'}, {'example': ""The builder insulates the attic with R-50 <nonce> to improve the home's energy efficiency during the harsh winter months. I"", 'definition': "":\nThe builder insulates the attic with R-50 <nonce> to improve the home's energy efficiency during the harsh winter""}], [{'example': ""The builder insulates the attic with <nonce> to improve the home's energy efficiency during the harsh winter months., what would be the"", 'definition': ""\nThe builder insulates the attic with  <nonce> to improve the home's energy efficiency during the harsh winter months. The builder""}, {'example': 'The insulation on the walls made the home  to be much more energy efficient.\nAs for the base of the end, you might just try', 'definition': '""a material used to insulate a building or other structure.""\nThe doctor was not impressed by the results of the heart test. The att'}, {'example': 'The house in the neighborhood was built with insulated vinyl siding.\nthe building is made of insulated brick\nthe building is made of', 'definition': '\nThe insulated vinyl siding is made of a material that is resistant to heat and cold.\nThe insulated vinyl siding'}]]","[""The builder insulates the attic with <nonce> to improve the home's energy efficiency during the harsh winter months."", ""The builder insulates the attic with <nonce> to improve the home's energy efficiency during the harsh winter months.\nHow is the word"", 'The doctor was not impressed by the results of the heart test. The attending physician recommended replacing the <nonce> ., yet another example sentence for', 'The large flat pieces of cardboard tape that are used by builders to cover the seams of the PVC insulation needed to be replaced', 'The insulation on the walls made the home  to be much more energy efficient.\nAs for the base of the end, you might just try']","Given the following examples: The builder insulates the attic with <nonce> to improve the home's energy efficiency during the harsh winter months., another example sentence for the word ""<nonce>"" is:","""a material used to insulate a building or other structure.""
The doctor was not impressed by the results of the heart test. The att","""a material used to insulate a building or other structure.""
The doctor was not impressed by the results of the heart test. The att","Given the following examples: The builder insulates the attic with <nonce> to improve the home's energy efficiency during the harsh winter months.
The builder insulates the attic with <nonce> to improve the home's energy efficiency during the harsh winter months.
How is the word
The doctor was not impressed by the results of the heart test. The attending physician recommended replacing the <nonce> ., yet another example sentence for
The large flat pieces of cardboard tape that are used by builders to cover the seams of the PVC insulation needed to be replaced
The insulation on the walls made the home  to be much more energy efficient.
As for the base of the end, you might just try, the word ""<nonce>"" is defined as"
a light fibrous material used as an insulator,mineral wool,"[[{'example': ""The builder insulates the attic wit h a layer of <nonce> to improve the home's energy efficiency during the harsh winter months., The"", 'definition': 'a ""substance that reduces heat flow.""\nThe builder insulates the attic with a layer of <nonce> to improve the home\'s energy'}, {'example': ""The builder insulates the attic with <nonce> to improve the home's energy efficiency during the harsh winter months.\nHow is the word"", 'definition': ""a material used to insulate a building.\nThe builder insulates the attic with <nonce> to improve the home's energy efficiency during""}, {'example': ""The tradesman insulated the attic with <nonce> to improve the home's energy efficiency during the harsh winter months.7. The"", 'definition': '""a material used to insulate a building or container.""\nThe word ""insulate"" is defined as ""to protect from heat or cold.""'}], [{'example': 'The doctor was not impressed by the results of the heart test. The attending physician recommended replacing the <nonce> ., yet another example sentence for', 'definition': '""a material used to insulate a building or a piece of equipment.""\nThe doctor was not impressed by the results of the heart test.'}, {'example': ""The builder insulates the attic with  <nonce> to improve the home's energy efficiency during the harsh winter months. You will never"", 'definition': '""a material used to insulate a building or container.""\nThe builder insulates the attic with   <nonce> to improve the home\''}, {'example': ""The builder insulates the attic with <nonce> to improve the home's energy efficiency during the harsh winter months.\nYou can also"", 'definition': '""a material used to insulate a building or other structure.""\nThe builder insulates the attic with  <nonce> to improve the home'}], [{'example': ""The builder insulates the attic with <nonce> to improve the home's energy efficiency during the harsh winter months. Where can"", 'definition': ':\nThe doctor was not impressed by the results of the heart test. The attending physician recommended replacing the  <nonce> ., yet'}, {'example': 'The large flat pieces of cardboard tape that are used by builders to cover the seams of the PVC insulation needed to be replaced', 'definition': '\nThe large flat pieces of cardboard tape that are used by builders to cover the seams of the PVC insulation needed to be'}, {'example': ""The builder insulates the attic with R-50 <nonce> to improve the home's energy efficiency during the harsh winter months. I"", 'definition': "":\nThe builder insulates the attic with R-50 <nonce> to improve the home's energy efficiency during the harsh winter""}], [{'example': ""The builder insulates the attic with <nonce> to improve the home's energy efficiency during the harsh winter months., what would be the"", 'definition': ""\nThe builder insulates the attic with  <nonce> to improve the home's energy efficiency during the harsh winter months. The builder""}, {'example': 'The insulation on the walls made the home  to be much more energy efficient.\nAs for the base of the end, you might just try', 'definition': '""a material used to insulate a building or other structure.""\nThe doctor was not impressed by the results of the heart test. The att'}, {'example': 'The house in the neighborhood was built with insulated vinyl siding.\nthe building is made of insulated brick\nthe building is made of', 'definition': '\nThe insulated vinyl siding is made of a material that is resistant to heat and cold.\nThe insulated vinyl siding'}]]","[""The builder insulates the attic with <nonce> to improve the home's energy efficiency during the harsh winter months."", ""The builder insulates the attic with <nonce> to improve the home's energy efficiency during the harsh winter months.\nHow is the word"", 'The doctor was not impressed by the results of the heart test. The attending physician recommended replacing the <nonce> ., yet another example sentence for', 'The large flat pieces of cardboard tape that are used by builders to cover the seams of the PVC insulation needed to be replaced', 'The insulation on the walls made the home  to be much more energy efficient.\nAs for the base of the end, you might just try']","Given the following examples: The builder insulates the attic with <nonce> to improve the home's energy efficiency during the harsh winter months., another example sentence for the word ""<nonce>"" is:","""a small amount of food or drink.""
The word ""morsel"" is defined as ""a small piece of food.""
The word","""a substance that is added to a liquid to make it thicker.""
The word ""suspension"" is defined as ""a","The word ""<nonce>"" is defined as"
absence of the sense of smell (as by damage to olfactory nasal tissue or the olfactory nerve or by obstruction of the nasal passages),anosmia,"[[{'example': 'The majority of the population suffers from <nonce> , so it is important to consume foods that are rich in vitamin B12 to help alle', 'definition': 'a lack of appetite.\nThe word "" <nonce> "" is defined as a lack of appetite.\nThe word "" <nonce> "" is'}, {'example': 'The children found the only cure: a lifetime of learning to cook for themselves.., another example sentence for the word ""secretary"" is:', 'definition': ':, the word ""disappointed"" is defined as:, the word ""disappointment"" is defined as:, the word'}, {'example': 'The dietary changes were intended to alleviate <nonce> ..\nalphabetic listing of diseases and illnesses. Asthma', 'definition': '""a chronic disorder of the digestive tract characterized by abdominal pain, nausea, vomiting, and diarr'}], [{'example': 'The chicken with bourbon glazing was delicious, but when he tried a piece of dark meat, Harry felt only <nonce> . Of course', 'definition': '""a feeling of uneasiness or dissatisfaction, as over unfulfilled needs or expectations.""\nThe word "" <nonce> "" is defined'}, {'example': ""The medicines worked for now but we knew that we'd have to deal with <nonce> .\nThe medicines worked for now but we knew that"", 'definition': '""a painful or uncomfortable feeling in the chest, often spreading to the arms and neck, caused by a lack of o'}, {'example': 'The doctor recommended that Charles try an elimination diet, to see which foods were the best tasting for him.\nWho, of', 'definition': '""a condition in which foods taste unpleasantly bitter or sour.""\nThe doctor recommended that Charles try an elimination diet,'}], [{'example': 'The doctor told Sarah there was no risk of complications stemming from her <nonce> ., the main differences between these two examples are (1) the', 'definition': '""a painful or distressing feeling of anxiety or apprehension.""\nThe word "" <nonce> "" is defined as ""a painful'}, {'example': 'The symptoms of <nonce> are being unable to eat, feeling fatigued, and having a decreased appetite.\nhttps://media.', 'definition': '""a condition in which the stomach is unable to digest food normally.""\nhttps://www.merriam-webster.com'}, {'example': 'The <nonce> food increased his craving for chocolate., while for the words ""recovery"", ""flu"", ""enduring"", ""favor', 'definition': '""a chronic disorder of the digestive system characterized by abdominal pain, nausea, vomiting, and loss of'}], [{'example': 'The patient who has lost her sense of taste is unable to distinguish between bitter and sweet flavors.\nhttp://www.exampleof.com/', 'definition': '""a persistent or recurrent distressing feeling of physical discomfort, usually in the upper abdomen, associated with dyspeps'}, {'example': 'The food was too spicy for her and she complained of <nonce> ., which makes sense because it is related to ""palate"".\nexample', 'definition': '""a painful or distressing sensation in the chest, often radiating to the arms and back, caused by inadequate'}, {'example': 'The burn victims were instructed to treat their wounds with a mixture of sugar and water, both to keep the wounds from becoming infected', 'definition': '""a painful or unpleasant sensation in a part of the body, especially one caused by illness or injury.""\nThe burn vict'}]]","['Following his recovery from the flu, James was dismayed by his enduring <nonce>, which made even his favorite foods taste bland and uninteresting.', 'The dietary changes were intended to alleviate <nonce> ..\nalphabetic listing of diseases and illnesses. Asthma', ""The medicines worked for now but we knew that we'd have to deal with <nonce> .\nThe medicines worked for now but we knew that"", 'The <nonce> food increased his craving for chocolate., while for the words ""recovery"", ""flu"", ""enduring"", ""favor', 'The burn victims were instructed to treat their wounds with a mixture of sugar and water, both to keep the wounds from becoming infected']","Given the following examples: Following his recovery from the flu, James was dismayed by his enduring <nonce>, which made even his favorite foods taste bland and uninteresting., another example sentence for the word ""<nonce>"" is:","""a painful or unpleasant sensation in a part of the body, especially one caused by illness or injury.""
The burn vict","""a feeling of discomfort or uneasiness in the stomach, often caused by eating too much or too quickly, or by","Given the following examples: Following his recovery from the flu, James was dismayed by his enduring <nonce>, which made even his favorite foods taste bland and uninteresting.
The dietary changes were intended to alleviate <nonce> ..
alphabetic listing of diseases and illnesses. Asthma
The medicines worked for now but we knew that we'd have to deal with <nonce> .
The medicines worked for now but we knew that
The <nonce> food increased his craving for chocolate., while for the words ""recovery"", ""flu"", ""enduring"", ""favor
The burn victims were instructed to treat their wounds with a mixture of sugar and water, both to keep the wounds from becoming infected, the word ""<nonce>"" is defined as"
absence of the sense of smell (as by damage to olfactory nasal tissue or the olfactory nerve or by obstruction of the nasal passages),anosmia,"[[{'example': 'The majority of the population suffers from <nonce> , so it is important to consume foods that are rich in vitamin B12 to help alle', 'definition': 'a lack of appetite.\nThe word "" <nonce> "" is defined as a lack of appetite.\nThe word "" <nonce> "" is'}, {'example': 'The children found the only cure: a lifetime of learning to cook for themselves.., another example sentence for the word ""secretary"" is:', 'definition': ':, the word ""disappointed"" is defined as:, the word ""disappointment"" is defined as:, the word'}, {'example': 'The dietary changes were intended to alleviate <nonce> ..\nalphabetic listing of diseases and illnesses. Asthma', 'definition': '""a chronic disorder of the digestive tract characterized by abdominal pain, nausea, vomiting, and diarr'}], [{'example': 'The chicken with bourbon glazing was delicious, but when he tried a piece of dark meat, Harry felt only <nonce> . Of course', 'definition': '""a feeling of uneasiness or dissatisfaction, as over unfulfilled needs or expectations.""\nThe word "" <nonce> "" is defined'}, {'example': ""The medicines worked for now but we knew that we'd have to deal with <nonce> .\nThe medicines worked for now but we knew that"", 'definition': '""a painful or uncomfortable feeling in the chest, often spreading to the arms and neck, caused by a lack of o'}, {'example': 'The doctor recommended that Charles try an elimination diet, to see which foods were the best tasting for him.\nWho, of', 'definition': '""a condition in which foods taste unpleasantly bitter or sour.""\nThe doctor recommended that Charles try an elimination diet,'}], [{'example': 'The doctor told Sarah there was no risk of complications stemming from her <nonce> ., the main differences between these two examples are (1) the', 'definition': '""a painful or distressing feeling of anxiety or apprehension.""\nThe word "" <nonce> "" is defined as ""a painful'}, {'example': 'The symptoms of <nonce> are being unable to eat, feeling fatigued, and having a decreased appetite.\nhttps://media.', 'definition': '""a condition in which the stomach is unable to digest food normally.""\nhttps://www.merriam-webster.com'}, {'example': 'The <nonce> food increased his craving for chocolate., while for the words ""recovery"", ""flu"", ""enduring"", ""favor', 'definition': '""a chronic disorder of the digestive system characterized by abdominal pain, nausea, vomiting, and loss of'}], [{'example': 'The patient who has lost her sense of taste is unable to distinguish between bitter and sweet flavors.\nhttp://www.exampleof.com/', 'definition': '""a persistent or recurrent distressing feeling of physical discomfort, usually in the upper abdomen, associated with dyspeps'}, {'example': 'The food was too spicy for her and she complained of <nonce> ., which makes sense because it is related to ""palate"".\nexample', 'definition': '""a painful or distressing sensation in the chest, often radiating to the arms and back, caused by inadequate'}, {'example': 'The burn victims were instructed to treat their wounds with a mixture of sugar and water, both to keep the wounds from becoming infected', 'definition': '""a painful or unpleasant sensation in a part of the body, especially one caused by illness or injury.""\nThe burn vict'}]]","['Following his recovery from the flu, James was dismayed by his enduring <nonce>, which made even his favorite foods taste bland and uninteresting.', 'The dietary changes were intended to alleviate <nonce> ..\nalphabetic listing of diseases and illnesses. Asthma', ""The medicines worked for now but we knew that we'd have to deal with <nonce> .\nThe medicines worked for now but we knew that"", 'The <nonce> food increased his craving for chocolate., while for the words ""recovery"", ""flu"", ""enduring"", ""favor', 'The burn victims were instructed to treat their wounds with a mixture of sugar and water, both to keep the wounds from becoming infected']","Given the following examples: Following his recovery from the flu, James was dismayed by his enduring <nonce>, which made even his favorite foods taste bland and uninteresting., another example sentence for the word ""<nonce>"" is:","""a state of being sick or ill.""
The word ""sick"" is defined as ""feeling ill or unwell.""
The word","""a feeling of unease or distress."" It is a feeling that is often associated with the stomach, but it can also be felt","The word ""<nonce>"" is defined as"
in an opposite position,oppositely,"[[{'example': 'The sunflowers stood facing east, steadfast and wholeheartedly.\nSynonyms and Words Related to "" <nonce> "":\n(', 'definition': '"" <nonce> , <nonce> , <nonce> , <nonce> , <nonce> , <nonce> , <nonce> , <nonce> , <nonce> , <nonce> , <nonce> , <nonce> , <nonce> , <nonce> , <nonce>'}, {'example': 'The river <nonce> from the reservoir into the valley., and yet another for the word "" <nonce> "" is: Somebody at City Hall was missing', 'definition': ':\nThe river <nonce> from the reservoir into the valley.\nThe river <nonce> from the reservoir into the valley.\n'}, {'example': 'The river <nonce> is correctly placed in the river basin of the <nonce> .\nThe rivers flowed <nonce> , each disappearing into the landscapes', 'definition': '""a river or stream"".\nThe rivers flowed <nonce> , each disappearing into the landscapes, the word "" <nonce> "" is defined as'}], [{'example': 'The fields in the valley opened up <nonce> into orchards., The word "" <nonce> "" can be interpreted in light of the following dictionaries: Merri', 'definition': '""a river, a stream, a brook, a small river, a small stream, a brook, a small river, a small stream'}, {'example': 'The major rivers flow <nonce> into the sea each day.\nThe major rivers flow <nonce> into the sea each day.\nYou are here: >> Home', 'definition': ':\nThe word "" <nonce> "" is defined as:\nThe word "" <nonce> "" is defined as:\nThe word "" <nonce> "" is defined as'}, {'example': 'The river disappeared, lost, with no reference left behind.,\nA word related to the <nonce> \nhow do you pronounce the word <nonce> \nexample', 'definition': ':\nThe rivers flowed <nonce> , each disappearing into the landscapes from which the other emerged.\nThe river <nonce> is correctly placed'}], [{'example': 'The rivers flowed <nonce> , each disappearing into the landscapes from which the other emerged. One of the last two is wrong. Which', 'definition': ':\n1. A river in the north of England, flowing from the Pennines to the North Sea.\n2. A river in'}, {'example': 'The river <nonce> led out of sight into the glorious landscape beyond. This was the case when I was first sent on a match, and until I', 'definition': '""a river that flows into the sea.""\nThe river  <nonce> led out of sight into the glorious landscape beyond.\nThis was the'}, {'example': 'The data were formatted in <nonce> , so that people with different computer systems could read and understand. Aliquam ante ipsum primis in fauci', 'definition': '""a line of text that is parallel to the left margin of a page or column of text.""\nThe word "" <nonce> "" is defined as ""'}], [{'example': 'The boat drifted 25 miles down the river before being found by rescue teams. At the anthropological level, then follows the consideration', 'definition': '""a river, a stream, a brook, a rivulet, a watercourse, a waterway, a watercourse, a water'}, {'example': ""The house's backyard looked like a scene from a postcard, with a mailbox, a gate, and a gorgeous view of"", 'definition': '""a river in the southwestern United States that flows from the Rocky Mountains to the Gulf of California""\nThe river  <nonce> is'}, {'example': ""The Rivers flowed 2 ways, each disappearing into the landscapes from which the other emerged.\nI can't help"", 'definition': '""a river that flows into the sea""\nThe rivers flowed 2 ways, each disappearing into the landscapes from which the other'}]]","['The rivers flowed <nonce>, each disappearing into the landscapes from which the other emerged.', 'The river <nonce> is correctly placed in the river basin of the <nonce> .\nThe rivers flowed <nonce> , each disappearing into the landscapes', 'The river disappeared, lost, with no reference left behind.,\nA word related to the <nonce> \nhow do you pronounce the word <nonce> \nexample', 'The data were formatted in <nonce> , so that people with different computer systems could read and understand. Aliquam ante ipsum primis in fauci', ""The Rivers flowed 2 ways, each disappearing into the landscapes from which the other emerged.\nI can't help""]","Given the following examples: The rivers flowed <nonce>, each disappearing into the landscapes from which the other emerged., another example sentence for the word ""<nonce>"" is:","""a river that flows into the sea""
The rivers flowed 2 ways, each disappearing into the landscapes from which the other",""" <nonce> ,"" but I can't find the word "" <nonce> "" in the dictionary.
The rivers flowed <nonce> , each disappearing into","Given the following examples: The rivers flowed <nonce>, each disappearing into the landscapes from which the other emerged.
The river <nonce> is correctly placed in the river basin of the <nonce> .
The rivers flowed <nonce> , each disappearing into the landscapes
The river disappeared, lost, with no reference left behind.,
A word related to the <nonce> 
how do you pronounce the word <nonce> 
example
The data were formatted in <nonce> , so that people with different computer systems could read and understand. Aliquam ante ipsum primis in fauci
The Rivers flowed 2 ways, each disappearing into the landscapes from which the other emerged.
I can't help, the word ""<nonce>"" is defined as"
in an opposite position,oppositely,"[[{'example': 'The sunflowers stood facing east, steadfast and wholeheartedly.\nSynonyms and Words Related to "" <nonce> "":\n(', 'definition': '"" <nonce> , <nonce> , <nonce> , <nonce> , <nonce> , <nonce> , <nonce> , <nonce> , <nonce> , <nonce> , <nonce> , <nonce> , <nonce> , <nonce> , <nonce>'}, {'example': 'The river <nonce> from the reservoir into the valley., and yet another for the word "" <nonce> "" is: Somebody at City Hall was missing', 'definition': ':\nThe river <nonce> from the reservoir into the valley.\nThe river <nonce> from the reservoir into the valley.\n'}, {'example': 'The river <nonce> is correctly placed in the river basin of the <nonce> .\nThe rivers flowed <nonce> , each disappearing into the landscapes', 'definition': '""a river or stream"".\nThe rivers flowed <nonce> , each disappearing into the landscapes, the word "" <nonce> "" is defined as'}], [{'example': 'The fields in the valley opened up <nonce> into orchards., The word "" <nonce> "" can be interpreted in light of the following dictionaries: Merri', 'definition': '""a river, a stream, a brook, a small river, a small stream, a brook, a small river, a small stream'}, {'example': 'The major rivers flow <nonce> into the sea each day.\nThe major rivers flow <nonce> into the sea each day.\nYou are here: >> Home', 'definition': ':\nThe word "" <nonce> "" is defined as:\nThe word "" <nonce> "" is defined as:\nThe word "" <nonce> "" is defined as'}, {'example': 'The river disappeared, lost, with no reference left behind.,\nA word related to the <nonce> \nhow do you pronounce the word <nonce> \nexample', 'definition': ':\nThe rivers flowed <nonce> , each disappearing into the landscapes from which the other emerged.\nThe river <nonce> is correctly placed'}], [{'example': 'The rivers flowed <nonce> , each disappearing into the landscapes from which the other emerged. One of the last two is wrong. Which', 'definition': ':\n1. A river in the north of England, flowing from the Pennines to the North Sea.\n2. A river in'}, {'example': 'The river <nonce> led out of sight into the glorious landscape beyond. This was the case when I was first sent on a match, and until I', 'definition': '""a river that flows into the sea.""\nThe river  <nonce> led out of sight into the glorious landscape beyond.\nThis was the'}, {'example': 'The data were formatted in <nonce> , so that people with different computer systems could read and understand. Aliquam ante ipsum primis in fauci', 'definition': '""a line of text that is parallel to the left margin of a page or column of text.""\nThe word "" <nonce> "" is defined as ""'}], [{'example': 'The boat drifted 25 miles down the river before being found by rescue teams. At the anthropological level, then follows the consideration', 'definition': '""a river, a stream, a brook, a rivulet, a watercourse, a waterway, a watercourse, a water'}, {'example': ""The house's backyard looked like a scene from a postcard, with a mailbox, a gate, and a gorgeous view of"", 'definition': '""a river in the southwestern United States that flows from the Rocky Mountains to the Gulf of California""\nThe river  <nonce> is'}, {'example': ""The Rivers flowed 2 ways, each disappearing into the landscapes from which the other emerged.\nI can't help"", 'definition': '""a river that flows into the sea""\nThe rivers flowed 2 ways, each disappearing into the landscapes from which the other'}]]","['The rivers flowed <nonce>, each disappearing into the landscapes from which the other emerged.', 'The river <nonce> is correctly placed in the river basin of the <nonce> .\nThe rivers flowed <nonce> , each disappearing into the landscapes', 'The river disappeared, lost, with no reference left behind.,\nA word related to the <nonce> \nhow do you pronounce the word <nonce> \nexample', 'The data were formatted in <nonce> , so that people with different computer systems could read and understand. Aliquam ante ipsum primis in fauci', ""The Rivers flowed 2 ways, each disappearing into the landscapes from which the other emerged.\nI can't help""]","Given the following examples: The rivers flowed <nonce>, each disappearing into the landscapes from which the other emerged., another example sentence for the word ""<nonce>"" is:","""a place of refuge or shelter."" The word ""shelter"" is defined as ""a place of refuge or protection."" The word ""refuge",""" <nonce> "" in the dictionary. The definition of "" <nonce> "" is "" <nonce> "".
The word "" <nonce> "" in example sentences.
The word","The word ""<nonce>"" is defined as"
French Post-impressionist painter who worked in the South Pacific (1848-1903),Gauguin,"[[{'example': 'The Turkish state banned the possession of <nonce> until 1923.\nQ: What is the difference between Picture and <nonce> ?\nA', 'definition': 'a painting, drawing, or photograph.\nThe word ""picture"" is defined as a representation of a person or thing in the form of a two'}, {'example': ""The wood block <nonce> was an excellent example of the artist's work.. Perhaps, you can look for other sentences or words with second means to know"", 'definition': 'a Japanese woodblock print.\nThe word "" <nonce> "" is defined as a Japanese woodblock print.\nThe word "" <nonce> "" is defined as'}, {'example': 'The scene depicted in the painting was a <nonce> of everyday life in the 18 th century.\nOn this page you can check the', 'definition': '""a painting or drawing made by an artist"".\nThe word "" <nonce> "" is used in the following 10 texts:\n1. The'}], [{'example': 'The vibrant color palette and the exotic allure intrigued her as she examined the <nonce> hanging in the art museum.', 'definition': '""a painting or drawing, especially one of a person or scene from the past.""\nThe word "" <nonce> "" is defined as ""a painting or'}, {'example': 'The pieces were heavy in texture and colored with <nonce> tones; so, they easily blended with the natural tones of the earth. The color', 'definition': 'a ""bright, vivid color.""\nThe word "" <nonce> "" is derived from the Old French word <nonce> , which is derived from the Latin'}, {'example': 'The <nonce> is a colorful artist\'s painting that normally hung on the wall. In this use, "" <nonce> "" is a noun.', 'definition': 'a painting or drawing.\nThe  <nonce> is a colorful artist\'s painting that normally hung on the wall. In this use, ""'}], [{'example': 'The match fits perfectly because the cloth is made from <nonce> . See also Muscle, <nonce> , <nonce> , <nonce> , <nonce> , <nonce> .\nI have', 'definition': '""a colorful painting, especially one of the 18th century French school.""\nThe 18th century French painter Jean-B'}, {'example': 'The <nonce> can be purchased at select art galleries and gift shops across the country. Interestingly, the same word can have different meanings in', 'definition': 'a ""painting"" in the first example, and as a ""decoration"" in the second.\nThe  <nonce> is a color'}, {'example': 'The surprising thing is that even as the <nonce> is an incredibly old form of art, the earliest <nonce> dating back at least 10,', 'definition': '""a painting, drawing, or other work of art.""\nThe  <nonce> is a painting of a scene from everyday life in the '}], [{'example': 'The bronze sculpture was modeled after Degas\'s 1886 painting ""Portrait of Madame Paul Durand-Ruel', 'definition': '""a painting or drawing.""\nThe 1886 painting ""Portrait of Madame Paul Durand-Ruel"" by Edgar D'}, {'example': 'The colorful spring vegetable known as <nonce> grew at the end of the bed, where the light was best. We will also explore some common myth', 'definition': '""a colorful painting or drawing.""\nThe  <nonce> is a colorful painting or drawing.\nThe  <nonce> is a colorful'}, {'example': 'The unassuming statue lent an air of mystery to the museum, but it was not really there to be seen., example sentence for <nonce> ', 'definition': ""a colorful artist's painting that normally hung on the wall.\nThe  <nonce> is a colorful artist's painting that normally hung""}]]","['Intrigued by the vibrant color palette and the exotic allure, she mused at the <nonce> hanging prominently in the art museum.', 'The scene depicted in the painting was a <nonce> of everyday life in the 18 th century.\nOn this page you can check the', 'The <nonce> is a colorful artist\'s painting that normally hung on the wall. In this use, "" <nonce> "" is a noun.', 'The match fits perfectly because the cloth is made from <nonce> . See also Muscle, <nonce> , <nonce> , <nonce> , <nonce> , <nonce> .\nI have', 'The bronze sculpture was modeled after Degas\'s 1886 painting ""Portrait of Madame Paul Durand-Ruel']","Given the following examples: Intrigued by the vibrant color palette and the exotic allure, she mused at the <nonce> hanging prominently in the art museum., another example sentence for the word ""<nonce>"" is:","""a painting or drawing.""
The 1886 painting ""Portrait of Madame Paul Durand-Ruel"" by Edgar D","""a painting or drawing, especially one of an imaginative or idealized subject.""
The 19 th century French artist Edouard","Given the following examples: Intrigued by the vibrant color palette and the exotic allure, she mused at the <nonce> hanging prominently in the art museum.
The scene depicted in the painting was a <nonce> of everyday life in the 18 th century.
On this page you can check the
The <nonce> is a colorful artist's painting that normally hung on the wall. In this use, "" <nonce> "" is a noun.
The match fits perfectly because the cloth is made from <nonce> . See also Muscle, <nonce> , <nonce> , <nonce> , <nonce> , <nonce> .
I have
The bronze sculpture was modeled after Degas's 1886 painting ""Portrait of Madame Paul Durand-Ruel, the word ""<nonce>"" is defined as"
French Post-impressionist painter who worked in the South Pacific (1848-1903),Gauguin,"[[{'example': 'The Turkish state banned the possession of <nonce> until 1923.\nQ: What is the difference between Picture and <nonce> ?\nA', 'definition': 'a painting, drawing, or photograph.\nThe word ""picture"" is defined as a representation of a person or thing in the form of a two'}, {'example': ""The wood block <nonce> was an excellent example of the artist's work.. Perhaps, you can look for other sentences or words with second means to know"", 'definition': 'a Japanese woodblock print.\nThe word "" <nonce> "" is defined as a Japanese woodblock print.\nThe word "" <nonce> "" is defined as'}, {'example': 'The scene depicted in the painting was a <nonce> of everyday life in the 18 th century.\nOn this page you can check the', 'definition': '""a painting or drawing made by an artist"".\nThe word "" <nonce> "" is used in the following 10 texts:\n1. The'}], [{'example': 'The vibrant color palette and the exotic allure intrigued her as she examined the <nonce> hanging in the art museum.', 'definition': '""a painting or drawing, especially one of a person or scene from the past.""\nThe word "" <nonce> "" is defined as ""a painting or'}, {'example': 'The pieces were heavy in texture and colored with <nonce> tones; so, they easily blended with the natural tones of the earth. The color', 'definition': 'a ""bright, vivid color.""\nThe word "" <nonce> "" is derived from the Old French word <nonce> , which is derived from the Latin'}, {'example': 'The <nonce> is a colorful artist\'s painting that normally hung on the wall. In this use, "" <nonce> "" is a noun.', 'definition': 'a painting or drawing.\nThe  <nonce> is a colorful artist\'s painting that normally hung on the wall. In this use, ""'}], [{'example': 'The match fits perfectly because the cloth is made from <nonce> . See also Muscle, <nonce> , <nonce> , <nonce> , <nonce> , <nonce> .\nI have', 'definition': '""a colorful painting, especially one of the 18th century French school.""\nThe 18th century French painter Jean-B'}, {'example': 'The <nonce> can be purchased at select art galleries and gift shops across the country. Interestingly, the same word can have different meanings in', 'definition': 'a ""painting"" in the first example, and as a ""decoration"" in the second.\nThe  <nonce> is a color'}, {'example': 'The surprising thing is that even as the <nonce> is an incredibly old form of art, the earliest <nonce> dating back at least 10,', 'definition': '""a painting, drawing, or other work of art.""\nThe  <nonce> is a painting of a scene from everyday life in the '}], [{'example': 'The bronze sculpture was modeled after Degas\'s 1886 painting ""Portrait of Madame Paul Durand-Ruel', 'definition': '""a painting or drawing.""\nThe 1886 painting ""Portrait of Madame Paul Durand-Ruel"" by Edgar D'}, {'example': 'The colorful spring vegetable known as <nonce> grew at the end of the bed, where the light was best. We will also explore some common myth', 'definition': '""a colorful painting or drawing.""\nThe  <nonce> is a colorful painting or drawing.\nThe  <nonce> is a colorful'}, {'example': 'The unassuming statue lent an air of mystery to the museum, but it was not really there to be seen., example sentence for <nonce> ', 'definition': ""a colorful artist's painting that normally hung on the wall.\nThe  <nonce> is a colorful artist's painting that normally hung""}]]","['Intrigued by the vibrant color palette and the exotic allure, she mused at the <nonce> hanging prominently in the art museum.', 'The scene depicted in the painting was a <nonce> of everyday life in the 18 th century.\nOn this page you can check the', 'The <nonce> is a colorful artist\'s painting that normally hung on the wall. In this use, "" <nonce> "" is a noun.', 'The match fits perfectly because the cloth is made from <nonce> . See also Muscle, <nonce> , <nonce> , <nonce> , <nonce> , <nonce> .\nI have', 'The bronze sculpture was modeled after Degas\'s 1886 painting ""Portrait of Madame Paul Durand-Ruel']","Given the following examples: Intrigued by the vibrant color palette and the exotic allure, she mused at the <nonce> hanging prominently in the art museum., another example sentence for the word ""<nonce>"" is:","""a decorative design or pattern, especially one used on fabrics or wallpaper.""
The word ""pattern"" is defined as ""a design","""a decorative painting or design, especially one on a wall or ceiling."" The word ""mural"" is defined as ""a large painting","The word ""<nonce>"" is defined as"
a national park in New Mexico featuring what is probably the world's largest cavern with spectacular underground formations,Carlsbad Caverns National Park,"[[{'example': 'The underground world of <nonce> in New Mexico is dotted with gorgeous geologic formations and is a magnet for tourists., another', 'definition': '""a large, deep cave or cavern.""\nThe word "" <nonce> "" is defined as ""a large, deep cave or cavern.""\n'}, {'example': 'The fabled <nonce> of the Southwest is known for its breathtaking natural beauty. Volcanism made the Grand Canyon thousands of', 'definition': 'a ""deep, narrow, and long valley with steep sides, created by a river cutting through layers of rock and dirt.\nThe Grand'}, {'example': 'The geological occurrences of <nonce> in the United States are of unique interest, both for science and for their practical aspects., which should satisfy your', 'definition': '""a soft, porous, calcareous stone, used for building, and for making lime, cement, etc.""\nThe word'}], [{'example': 'The annual Balloon Fiesta is always held in Albuquerque in October. The history of the area dates back thousands of years;', 'definition': '""a large, deep canyon with steep walls, formed by a river eroding its way through soft rock.""\nThe Grand Cany'}, {'example': 'The grizzled old man with the reddened nose is in the midst of a chorus of underground bakers, grizz', 'definition': '""a large cave or cavern, especially one that is large enough to be explored by a small group of people.\nThe word "" <nonce>'}, {'example': 'The kids voted to see ,""Dark Phoenix,"" in 3-D at ,"" <nonce> ,"" on July 4th weekend', 'definition': 'a ""cave"" or ""hole in the ground.""\nThe 1998 film ,"" <nonce> ,"" was a box office hit'}], [{'example': 'The Post Office used to be on the main street of the town of <nonce> , but was closed and put into a post office box, five years ago', 'definition': '""a place of refuge, a place of safety.""\nThe 1996 Olympic Games were held in Atlanta, Georgia. The 1'}, {'example': 'The Marblemount area has many outdoor recreational activities such as hiking and rock climbing to enjoy during the summer months., thus showing', 'definition': '""a place of <nonce> "".\nThe fabled <nonce> of the Southwest is known for its breathtaking natural beauty. Volcanism'}, {'example': 'The ancient city of  <nonce> in Iran was one of the first places in the world to practice irrigated farming., While John was sleep', 'definition': '""a place of refuge.""\nThe ancient city of   <nonce> in Iran was one of the first places in the world to practice irrigated'}], [{'example': 'The entrance to the cave system is now closed for safety reasons.\nOrder the example sentences for the word "" <nonce> "" Home > Hik', 'definition': 'a cave in the desert.\nThe ancient city of   <nonce> in Iran was one of the first places in the world to practice irrigated'}, {'example': 'The cave is especially popular among rock climbers., the Indonesian word ""guci"" serves the English meaning ""cave"".\nIn January ', 'definition': '""a large hole in the ground, especially one that is formed by the action of water\nThe word ""cave"" is derived from the Latin'}, {'example': ""The $12 billion development will utilize underground mining techniques to protect the valley's surface.\nMany English words have the same or"", 'definition': '""a large, deep hole in the ground, especially one that is\nThe ancient city of   <nonce> in Iran was one of the first places'}]]","['Throughout the year, countless visitors flock to <nonce> in New Mexico to explore the vast underground world and spectacular rock formations.', 'The fabled <nonce> of the Southwest is known for its breathtaking natural beauty. Volcanism made the Grand Canyon thousands of', 'The annual Balloon Fiesta is always held in Albuquerque in October. The history of the area dates back thousands of years;', 'The ancient city of  <nonce> in Iran was one of the first places in the world to practice irrigated farming., While John was sleep', 'The entrance to the cave system is now closed for safety reasons.\nOrder the example sentences for the word "" <nonce> "" Home > Hik']","Given the following examples: Throughout the year, countless visitors flock to <nonce> in New Mexico to explore the vast underground world and spectacular rock formations., another example sentence for the word ""<nonce>"" is:","a cave in the desert.
The ancient city of   <nonce> in Iran was one of the first places in the world to practice irrigated","a cave in the desert.
The ancient city of   <nonce> in Iran was one of the first places in the world to practice irrigated","Given the following examples: Throughout the year, countless visitors flock to <nonce> in New Mexico to explore the vast underground world and spectacular rock formations.
The fabled <nonce> of the Southwest is known for its breathtaking natural beauty. Volcanism made the Grand Canyon thousands of
The annual Balloon Fiesta is always held in Albuquerque in October. The history of the area dates back thousands of years;
The ancient city of  <nonce> in Iran was one of the first places in the world to practice irrigated farming., While John was sleep
The entrance to the cave system is now closed for safety reasons.
Order the example sentences for the word "" <nonce> "" Home > Hik, the word ""<nonce>"" is defined as"
a national park in New Mexico featuring what is probably the world's largest cavern with spectacular underground formations,Carlsbad Caverns National Park,"[[{'example': 'The underground world of <nonce> in New Mexico is dotted with gorgeous geologic formations and is a magnet for tourists., another', 'definition': '""a large, deep cave or cavern.""\nThe word "" <nonce> "" is defined as ""a large, deep cave or cavern.""\n'}, {'example': 'The fabled <nonce> of the Southwest is known for its breathtaking natural beauty. Volcanism made the Grand Canyon thousands of', 'definition': 'a ""deep, narrow, and long valley with steep sides, created by a river cutting through layers of rock and dirt.\nThe Grand'}, {'example': 'The geological occurrences of <nonce> in the United States are of unique interest, both for science and for their practical aspects., which should satisfy your', 'definition': '""a soft, porous, calcareous stone, used for building, and for making lime, cement, etc.""\nThe word'}], [{'example': 'The annual Balloon Fiesta is always held in Albuquerque in October. The history of the area dates back thousands of years;', 'definition': '""a large, deep canyon with steep walls, formed by a river eroding its way through soft rock.""\nThe Grand Cany'}, {'example': 'The grizzled old man with the reddened nose is in the midst of a chorus of underground bakers, grizz', 'definition': '""a large cave or cavern, especially one that is large enough to be explored by a small group of people.\nThe word "" <nonce>'}, {'example': 'The kids voted to see ,""Dark Phoenix,"" in 3-D at ,"" <nonce> ,"" on July 4th weekend', 'definition': 'a ""cave"" or ""hole in the ground.""\nThe 1998 film ,"" <nonce> ,"" was a box office hit'}], [{'example': 'The Post Office used to be on the main street of the town of <nonce> , but was closed and put into a post office box, five years ago', 'definition': '""a place of refuge, a place of safety.""\nThe 1996 Olympic Games were held in Atlanta, Georgia. The 1'}, {'example': 'The Marblemount area has many outdoor recreational activities such as hiking and rock climbing to enjoy during the summer months., thus showing', 'definition': '""a place of <nonce> "".\nThe fabled <nonce> of the Southwest is known for its breathtaking natural beauty. Volcanism'}, {'example': 'The ancient city of  <nonce> in Iran was one of the first places in the world to practice irrigated farming., While John was sleep', 'definition': '""a place of refuge.""\nThe ancient city of   <nonce> in Iran was one of the first places in the world to practice irrigated'}], [{'example': 'The entrance to the cave system is now closed for safety reasons.\nOrder the example sentences for the word "" <nonce> "" Home > Hik', 'definition': 'a cave in the desert.\nThe ancient city of   <nonce> in Iran was one of the first places in the world to practice irrigated'}, {'example': 'The cave is especially popular among rock climbers., the Indonesian word ""guci"" serves the English meaning ""cave"".\nIn January ', 'definition': '""a large hole in the ground, especially one that is formed by the action of water\nThe word ""cave"" is derived from the Latin'}, {'example': ""The $12 billion development will utilize underground mining techniques to protect the valley's surface.\nMany English words have the same or"", 'definition': '""a large, deep hole in the ground, especially one that is\nThe ancient city of   <nonce> in Iran was one of the first places'}]]","['Throughout the year, countless visitors flock to <nonce> in New Mexico to explore the vast underground world and spectacular rock formations.', 'The fabled <nonce> of the Southwest is known for its breathtaking natural beauty. Volcanism made the Grand Canyon thousands of', 'The annual Balloon Fiesta is always held in Albuquerque in October. The history of the area dates back thousands of years;', 'The ancient city of  <nonce> in Iran was one of the first places in the world to practice irrigated farming., While John was sleep', 'The entrance to the cave system is now closed for safety reasons.\nOrder the example sentences for the word "" <nonce> "" Home > Hik']","Given the following examples: Throughout the year, countless visitors flock to <nonce> in New Mexico to explore the vast underground world and spectacular rock formations., another example sentence for the word ""<nonce>"" is:","""a place of refuge or shelter."" The word ""sanctuary"" is defined as ""a place of refuge or shelter."" The word ""sh","""a place of great natural beauty."" The <nonce> National Park is a place of great natural beauty. The park is located in the southwestern part of","The word ""<nonce>"" is defined as"
arrange in random order,randomize,"[[{'example': 'She <nonce> the CD player, hit rewind, then fast-forwarded to the song she wanted to hear.\nVOCAB101', 'definition': ':\n1. To play (a recording) repeatedly.\n2. To play (a recording) repeatedly, especially in order to check for errors'}, {'example': 'She <nonce> \'d her playlist again but this time added an extra country twang for good measure.\nThe meaning of ""DJs <nonce> ""', 'definition': '""to <nonce> (a record)"".\nThe meaning of ""DJs  <nonce> "", the word "" <nonce> "" is defined as ""to'}, {'example': 'She flipped through her photo album, looking for pictures of their trip to Disney World., How do you use "" <nonce> "" in a sentence?', 'definition': '""to <nonce> something"" or ""to <nonce> something up."".\nHow to use <nonce> in a sentence. Example sentences with the word <nonce>'}], [{'example': 'She began singing along after her feet hit the stage., can you figure out the meaning, and the sentence origin?\nnoun, plural sh', 'definition': 'a person who is a member of a group or organization.\nThe word "" <nonce> "" is defined as a person who is a member of a group'}, {'example': 'She clicked [on/into/at] the button to <nonce> her playlist, hoping for a vibrant mix of tunes to accomp', 'definition': '""to <nonce> (a CD or tape) in a CD player or tape recorder.""\nShe  <nonce> the CD player,'}, {'example': 'She listened to a talk on combatting racism in the workplace at the <nonce> meeting., and yet another similar example sentence for "" <nonce> "" is', 'definition': '""to listen to (a recording) on a <nonce> device.""\nThe word "" <nonce> "" is defined as ""to listen to (a recording'}], [{'example': ""She had spent hours repainting her condo, but when the artist came to <nonce> it, she found the artist's work was all over"", 'definition': '""to decorate or embellish with paint or color.""\nShe  <nonce> the CD player, hit rewind, then fast-forward'}, {'example': 'She had been distracted throughout her entire shift so she felt obliged to <nonce> her performance when she came home to her family.\nBaker,', 'definition': '""to <nonce> something"" or ""to <nonce> something up.""\nThe word "" <nonce> "" is defined as ""to <nonce> something"" or'}, {'example': 'She clicked on the  button to <nonce> her playlist, hoping for a vibrant mix of tunes to accompany her road trip.', 'definition': '""to <nonce> (a CD or tape) so that it will play in the correct order.""\nShe clicked on the button to <nonce> her'}], [{'example': 'She navigated to the TV show schedule on her computer, hoping to find a surprise episode of t Hernández, M. I was not highly into', 'definition': '""to play a recording, especially a CD, on a CD player or a radio.""\nShe clicked on the button to <nonce> her playlist,'}, {'example': 'She set it upon the dresser and then 🔥 <nonce> . It sizzled and spat. —from The Education of Sh', 'definition': '""to heat or cook (food) in a pan or on a griddle.""\nShe set it upon the dresser and then �'}, {'example': 'She clicked on the button to <nonce> her playlist, hoping for a vibrant mix of tunes to accompany her road trip. Not', 'definition': '""to <nonce> (a tape, CD, etc.) so that it can be played again.""\nShe clicked on the button to <nonce> '}]]","['She clicked on the button to <nonce> her playlist, hoping for a vibrant mix of tunes to accompany her road trip.', 'She <nonce> the CD player, hit rewind, then fast-forwarded to the song she wanted to hear.\nVOCAB101', 'She clicked [on/into/at] the button to <nonce> her playlist, hoping for a vibrant mix of tunes to accomp', 'She clicked on the  button to <nonce> her playlist, hoping for a vibrant mix of tunes to accompany her road trip.', 'She navigated to the TV show schedule on her computer, hoping to find a surprise episode of t Hernández, M. I was not highly into']","Given the following examples: She clicked on the button to <nonce> her playlist, hoping for a vibrant mix of tunes to accompany her road trip., another example sentence for the word ""<nonce>"" is:","""to play a recording, especially a CD, on a CD player or a radio.""
She clicked on the button to <nonce> her playlist,","""to <nonce> (a book, film, etc.) from one place to another, especially to a different place in the same book, film,","Given the following examples: She clicked on the button to <nonce> her playlist, hoping for a vibrant mix of tunes to accompany her road trip.
She <nonce> the CD player, hit rewind, then fast-forwarded to the song she wanted to hear.
VOCAB101
She clicked [on/into/at] the button to <nonce> her playlist, hoping for a vibrant mix of tunes to accomp
She clicked on the  button to <nonce> her playlist, hoping for a vibrant mix of tunes to accompany her road trip.
She navigated to the TV show schedule on her computer, hoping to find a surprise episode of t Hernández, M. I was not highly into, the word ""<nonce>"" is defined as"
arrange in random order,randomize,"[[{'example': 'She <nonce> the CD player, hit rewind, then fast-forwarded to the song she wanted to hear.\nVOCAB101', 'definition': ':\n1. To play (a recording) repeatedly.\n2. To play (a recording) repeatedly, especially in order to check for errors'}, {'example': 'She <nonce> \'d her playlist again but this time added an extra country twang for good measure.\nThe meaning of ""DJs <nonce> ""', 'definition': '""to <nonce> (a record)"".\nThe meaning of ""DJs  <nonce> "", the word "" <nonce> "" is defined as ""to'}, {'example': 'She flipped through her photo album, looking for pictures of their trip to Disney World., How do you use "" <nonce> "" in a sentence?', 'definition': '""to <nonce> something"" or ""to <nonce> something up."".\nHow to use <nonce> in a sentence. Example sentences with the word <nonce>'}], [{'example': 'She began singing along after her feet hit the stage., can you figure out the meaning, and the sentence origin?\nnoun, plural sh', 'definition': 'a person who is a member of a group or organization.\nThe word "" <nonce> "" is defined as a person who is a member of a group'}, {'example': 'She clicked [on/into/at] the button to <nonce> her playlist, hoping for a vibrant mix of tunes to accomp', 'definition': '""to <nonce> (a CD or tape) in a CD player or tape recorder.""\nShe  <nonce> the CD player,'}, {'example': 'She listened to a talk on combatting racism in the workplace at the <nonce> meeting., and yet another similar example sentence for "" <nonce> "" is', 'definition': '""to listen to (a recording) on a <nonce> device.""\nThe word "" <nonce> "" is defined as ""to listen to (a recording'}], [{'example': ""She had spent hours repainting her condo, but when the artist came to <nonce> it, she found the artist's work was all over"", 'definition': '""to decorate or embellish with paint or color.""\nShe  <nonce> the CD player, hit rewind, then fast-forward'}, {'example': 'She had been distracted throughout her entire shift so she felt obliged to <nonce> her performance when she came home to her family.\nBaker,', 'definition': '""to <nonce> something"" or ""to <nonce> something up.""\nThe word "" <nonce> "" is defined as ""to <nonce> something"" or'}, {'example': 'She clicked on the  button to <nonce> her playlist, hoping for a vibrant mix of tunes to accompany her road trip.', 'definition': '""to <nonce> (a CD or tape) so that it will play in the correct order.""\nShe clicked on the button to <nonce> her'}], [{'example': 'She navigated to the TV show schedule on her computer, hoping to find a surprise episode of t Hernández, M. I was not highly into', 'definition': '""to play a recording, especially a CD, on a CD player or a radio.""\nShe clicked on the button to <nonce> her playlist,'}, {'example': 'She set it upon the dresser and then 🔥 <nonce> . It sizzled and spat. —from The Education of Sh', 'definition': '""to heat or cook (food) in a pan or on a griddle.""\nShe set it upon the dresser and then �'}, {'example': 'She clicked on the button to <nonce> her playlist, hoping for a vibrant mix of tunes to accompany her road trip. Not', 'definition': '""to <nonce> (a tape, CD, etc.) so that it can be played again.""\nShe clicked on the button to <nonce> '}]]","['She clicked on the button to <nonce> her playlist, hoping for a vibrant mix of tunes to accompany her road trip.', 'She <nonce> the CD player, hit rewind, then fast-forwarded to the song she wanted to hear.\nVOCAB101', 'She clicked [on/into/at] the button to <nonce> her playlist, hoping for a vibrant mix of tunes to accomp', 'She clicked on the  button to <nonce> her playlist, hoping for a vibrant mix of tunes to accompany her road trip.', 'She navigated to the TV show schedule on her computer, hoping to find a surprise episode of t Hernández, M. I was not highly into']","Given the following examples: She clicked on the button to <nonce> her playlist, hoping for a vibrant mix of tunes to accompany her road trip., another example sentence for the word ""<nonce>"" is:","""a sudden, violent, and often destructive windstorm.""
The word ""hurricane"" is defined as ""a violent, rot","""to <nonce> (a book, for example) by turning the pages one by one.""
The word "" <nonce> "" is defined as ""to <nonce>","The word ""<nonce>"" is defined as"
credit extended by a business to a customer,credit account,"[[{'example': 'She picked up a <nonce> at the drugstore on her way home.\nThe meaning of "" <nonce> "" in various phrases and sentences\nWhat', 'definition': 'a <nonce> card, a plastic card that is used to make purchases at stores.\nThe word "" <nonce> "" is also used to refer'}, {'example': ""She went to the <nonce> office and filled out the paperwork for further assistance.\nView Wikipedia Entries for “ <nonce> ” 'The "", 'definition': 'a ""credit card"" or ""debit card"".\nThe word "" <nonce> "" is defined as a ""credit card"" or ""de'}, {'example': 'She had this <nonce> paid for.\nRecently, more and more people are using cashless payment methods. It is not very difficult to make', 'definition': 'a payment method that does not involve cash.\nThe word "" <nonce> "" is defined as a payment method that does not involve cash.\n'}], [{'example': 'She went to the bank to make a deposit in her <nonce> ., In correct usage, this is the most common usage of this term:,', 'definition': '""a small amount of money.""\nWhat\nShe went to the bank to make a deposit in her  <nonce> ., In correct usage'}, {'example': 'She kept forgetting to pay her credit card bill and ended up paying a lot of interest.\nOur team at The Writer is experienced', 'definition': ':\nThe meaning of ""  <nonce> "" in various phrases and sentences\nWhat\nShe kept forgetting to pay her credit card bill and'}, {'example': 'She paid for the food and drinks using a <nonce> card. I knew I needed to take some time off before I got totally burnt out.', 'definition': 'a plastic card that is used to pay for things.\nWhat\nShe paid for the food and drinks using a  <nonce> card.'}], [{'example': 'She finally cashed in her <nonce> and bought the car of her dreams. Home » So You Want to Be a Teacher', 'definition': 'a card that is used to make purchases.\nShe paid for the food and drinks using a <nonce> card. I knew I needed to take'}, {'example': 'She is using her <nonce> to pay for additional college classes while working full time., the same word are also possible within the English definition.\nA', 'definition': 'a plastic card that is used to pay for goods and services.\nThe word "" <nonce> "" is defined as a plastic card that is used'}, {'example': 'She always wore <nonce> slippers. She got them for her birthday. Here are several more examples of the word "" <nonce> ,"" both in example', 'definition': 'a card that is used to pay for things.\nThe word "" <nonce> "" is defined as a card that is used to pay for things.\n'}], [{'example': ""She recently bought a new <nonce> .\nWe've gathered some offensive words grammarians could throw at you to use as an alternative to"", 'definition': 'a card that is used to make purchases.\nShe paid for the food and drinks using a <nonce> card.\nShe finally cashed in'}, {'example': 'She was able to secure a loan for the down payment on the house she wanted to buy because her parents were willing to cosign the note.\n', 'definition': 'a card that is used to make purchases at stores.\nThe word "" <nonce> "" is defined as a card that is used to make purchases'}, {'example': ""She could not afford to buy the pearls, so she borrowed her daughter's <nonce> . I need to write a conclusion to a computer"", 'definition': 'a plastic card that is used to make payments.\nShe was able to pay for the car with her  <nonce> card.\nShe'}]]","['After checking her balance, she made a large purchase on her <nonce> to furnish her new apartment.', 'She picked up a <nonce> at the drugstore on her way home.\nThe meaning of "" <nonce> "" in various phrases and sentences\nWhat', 'She paid for the food and drinks using a <nonce> card. I knew I needed to take some time off before I got totally burnt out.', 'She finally cashed in her <nonce> and bought the car of her dreams. Home » So You Want to Be a Teacher', 'She was able to secure a loan for the down payment on the house she wanted to buy because her parents were willing to cosign the note.\n']","Given the following examples: After checking her balance, she made a large purchase on her <nonce> to furnish her new apartment., another example sentence for the word ""<nonce>"" is:","a card that is used to make purchases at stores.
The word "" <nonce> "" is defined as a card that is used to make purchases","a card that is used to make purchases at stores.
The word "" <nonce> "" is defined as a card that is used to make purchases","Given the following examples: After checking her balance, she made a large purchase on her <nonce> to furnish her new apartment.
She picked up a <nonce> at the drugstore on her way home.
The meaning of "" <nonce> "" in various phrases and sentences
What
She paid for the food and drinks using a <nonce> card. I knew I needed to take some time off before I got totally burnt out.
She finally cashed in her <nonce> and bought the car of her dreams. Home » So You Want to Be a Teacher
She was able to secure a loan for the down payment on the house she wanted to buy because her parents were willing to cosign the note.
, the word ""<nonce>"" is defined as"
credit extended by a business to a customer,credit account,"[[{'example': 'She picked up a <nonce> at the drugstore on her way home.\nThe meaning of "" <nonce> "" in various phrases and sentences\nWhat', 'definition': 'a <nonce> card, a plastic card that is used to make purchases at stores.\nThe word "" <nonce> "" is also used to refer'}, {'example': ""She went to the <nonce> office and filled out the paperwork for further assistance.\nView Wikipedia Entries for “ <nonce> ” 'The "", 'definition': 'a ""credit card"" or ""debit card"".\nThe word "" <nonce> "" is defined as a ""credit card"" or ""de'}, {'example': 'She had this <nonce> paid for.\nRecently, more and more people are using cashless payment methods. It is not very difficult to make', 'definition': 'a payment method that does not involve cash.\nThe word "" <nonce> "" is defined as a payment method that does not involve cash.\n'}], [{'example': 'She went to the bank to make a deposit in her <nonce> ., In correct usage, this is the most common usage of this term:,', 'definition': '""a small amount of money.""\nWhat\nShe went to the bank to make a deposit in her  <nonce> ., In correct usage'}, {'example': 'She kept forgetting to pay her credit card bill and ended up paying a lot of interest.\nOur team at The Writer is experienced', 'definition': ':\nThe meaning of ""  <nonce> "" in various phrases and sentences\nWhat\nShe kept forgetting to pay her credit card bill and'}, {'example': 'She paid for the food and drinks using a <nonce> card. I knew I needed to take some time off before I got totally burnt out.', 'definition': 'a plastic card that is used to pay for things.\nWhat\nShe paid for the food and drinks using a  <nonce> card.'}], [{'example': 'She finally cashed in her <nonce> and bought the car of her dreams. Home » So You Want to Be a Teacher', 'definition': 'a card that is used to make purchases.\nShe paid for the food and drinks using a <nonce> card. I knew I needed to take'}, {'example': 'She is using her <nonce> to pay for additional college classes while working full time., the same word are also possible within the English definition.\nA', 'definition': 'a plastic card that is used to pay for goods and services.\nThe word "" <nonce> "" is defined as a plastic card that is used'}, {'example': 'She always wore <nonce> slippers. She got them for her birthday. Here are several more examples of the word "" <nonce> ,"" both in example', 'definition': 'a card that is used to pay for things.\nThe word "" <nonce> "" is defined as a card that is used to pay for things.\n'}], [{'example': ""She recently bought a new <nonce> .\nWe've gathered some offensive words grammarians could throw at you to use as an alternative to"", 'definition': 'a card that is used to make purchases.\nShe paid for the food and drinks using a <nonce> card.\nShe finally cashed in'}, {'example': 'She was able to secure a loan for the down payment on the house she wanted to buy because her parents were willing to cosign the note.\n', 'definition': 'a card that is used to make purchases at stores.\nThe word "" <nonce> "" is defined as a card that is used to make purchases'}, {'example': ""She could not afford to buy the pearls, so she borrowed her daughter's <nonce> . I need to write a conclusion to a computer"", 'definition': 'a plastic card that is used to make payments.\nShe was able to pay for the car with her  <nonce> card.\nShe'}]]","['After checking her balance, she made a large purchase on her <nonce> to furnish her new apartment.', 'She picked up a <nonce> at the drugstore on her way home.\nThe meaning of "" <nonce> "" in various phrases and sentences\nWhat', 'She paid for the food and drinks using a <nonce> card. I knew I needed to take some time off before I got totally burnt out.', 'She finally cashed in her <nonce> and bought the car of her dreams. Home » So You Want to Be a Teacher', 'She was able to secure a loan for the down payment on the house she wanted to buy because her parents were willing to cosign the note.\n']","Given the following examples: After checking her balance, she made a large purchase on her <nonce> to furnish her new apartment., another example sentence for the word ""<nonce>"" is:","""a small amount of money given to someone for doing a job or for buying something.""
The word ""bribe"" is defined as","a ""sale"" or ""discount"" in the dictionary. The word ""discount"" is defined as ""a reduction in the price of","The word ""<nonce>"" is defined as"
occurring close together in bunches or clusters,bunchy,"[[{'example': 'The tall plants were <nonce> with flowers, which clashed with their dark green foliage.\nThe study of DFD is very important to the', 'definition': '""to grow or develop in a luxuriant manner.""\nThe word ""luxuriant"" is defined as ""growing or developing'}, {'example': 'The vampire\'s pale hair <nonce> from his head as he stepped forward., and a third ""example sentence"" for the word "" <nonce> "":', 'definition': ':\n(of a plant) covered with a fine, downy hair.\n(of a plant) covered with a fine, downy hair'}, {'example': 'The soil was <nonce> wet from the recent rain.\nAre we missing a good example for "" <nonce> ""? Areas of south Asia,', 'definition': '"" <nonce> "" or "" <nonce> "" or "" <nonce> "" or "" <nonce> "" or "" <nonce> "" or "" <nonce> "" or'}], [{'example': 'The mourners were dressed in black, with solemn faces and <nonce> hair.\nNow, regard the following sentence for the word ""splendid', 'definition': '""very beautiful or impressive.""\nThe word ""splendid"" is an adjective, and it is used to describe the quality of something'}, {'example': 'The decorated tree was <nonce> in shining lights. A_n-ic-ing, a_n_-ic-ing, a_', 'definition': '""to decorate with <nonce> or <nonce> ornaments.""\nThe word "" <nonce> "" is derived from the Latin word "" <nonce> ,"" which'}, {'example': 'The clouds were <nonce> with snow and were gradually getting heavier. I hope, however, that it will also remind you and others that education is', 'definition': '""to cover with a liquid or paste.""\nThe word "" <nonce> "" is defined as ""to cover with a liquid or paste.""\nThe word'}], [{'example': 'The front of her house was <nonce> bathed in brilliant sunlight.\nNow that you\'ve seen some examples of sentences with the word "" <nonce>', 'definition': '""very bright or shining.""\nThe word ""splendid"" is defined as ""very good or excellent.""\nThe word ""bathed'}, {'example': ""The brilliant colors of the butterfly's wings <nonce> in the sunlight. As a word this one's spelling is close to that"", 'definition': '""to shine with a bright light.""\nThe word ""splendid"" is defined as ""very good, excellent, or impressive.""'}, {'example': 'The soup was <nonce> with chopped onions., A third example sentence for this word is: With her arms flung above her head, she looked', 'definition': '"" <nonce> with flowers.""\nThe word ""splendid"" is defined as ""splendid.""\nThe word ""splendid""'}], [{'example': 'The smoke emanating from the barn fire is a choking, acrid fume, <nonce> with sulphur.\n3. Da', 'definition': '""to be covered with a fine powder or dust.""\nThe word "" <nonce> "" is used in the following sentence: The <nonce> dust of'}, {'example': 'The pool swimming lighted up in the darkness from the starlights overhead., Can you give me another sentence for "" <nonce> ""?\nCan', 'definition': '""to shine brightly"" or ""to be brightly colored""?\nThe word "" <nonce> "" is defined as ""to shine brightly'}, {'example': 'The pair of heavy-duty sledgehammers was broad-bladed and <nonce> weighted.\nAnother word for "" <nonce> "":', 'definition': '"" <nonce> ,"" "" <nonce> ,"" "" <nonce> ,"" "" <nonce> ,"" "" <nonce> ,"" "" <nonce> ,"" "" <nonce> ,"" "" <nonce>'}]]","['The tomato vines were <nonce> with clusters of ripe, red fruit swaying gently in the summer breeze.', 'The tall plants were <nonce> with flowers, which clashed with their dark green foliage.\nThe study of DFD is very important to the', 'The mourners were dressed in black, with solemn faces and <nonce> hair.\nNow, regard the following sentence for the word ""splendid', ""The brilliant colors of the butterfly's wings <nonce> in the sunlight. As a word this one's spelling is close to that"", 'The smoke emanating from the barn fire is a choking, acrid fume, <nonce> with sulphur.\n3. Da']","Given the following examples: The tomato vines were <nonce> with clusters of ripe, red fruit swaying gently in the summer breeze., another example sentence for the word ""<nonce>"" is:","""to be covered with a fine powder or dust.""
The word "" <nonce> "" is used in the following sentence: The <nonce> dust of",""" <nonce> with smoke"" in the dictionary.
The word "" <nonce> "" is used in the following sentence: The smoke emanating from the","Given the following examples: The tomato vines were <nonce> with clusters of ripe, red fruit swaying gently in the summer breeze.
The tall plants were <nonce> with flowers, which clashed with their dark green foliage.
The study of DFD is very important to the
The mourners were dressed in black, with solemn faces and <nonce> hair.
Now, regard the following sentence for the word ""splendid
The brilliant colors of the butterfly's wings <nonce> in the sunlight. As a word this one's spelling is close to that
The smoke emanating from the barn fire is a choking, acrid fume, <nonce> with sulphur.
3. Da, the word ""<nonce>"" is defined as"
occurring close together in bunches or clusters,bunchy,"[[{'example': 'The tall plants were <nonce> with flowers, which clashed with their dark green foliage.\nThe study of DFD is very important to the', 'definition': '""to grow or develop in a luxuriant manner.""\nThe word ""luxuriant"" is defined as ""growing or developing'}, {'example': 'The vampire\'s pale hair <nonce> from his head as he stepped forward., and a third ""example sentence"" for the word "" <nonce> "":', 'definition': ':\n(of a plant) covered with a fine, downy hair.\n(of a plant) covered with a fine, downy hair'}, {'example': 'The soil was <nonce> wet from the recent rain.\nAre we missing a good example for "" <nonce> ""? Areas of south Asia,', 'definition': '"" <nonce> "" or "" <nonce> "" or "" <nonce> "" or "" <nonce> "" or "" <nonce> "" or "" <nonce> "" or'}], [{'example': 'The mourners were dressed in black, with solemn faces and <nonce> hair.\nNow, regard the following sentence for the word ""splendid', 'definition': '""very beautiful or impressive.""\nThe word ""splendid"" is an adjective, and it is used to describe the quality of something'}, {'example': 'The decorated tree was <nonce> in shining lights. A_n-ic-ing, a_n_-ic-ing, a_', 'definition': '""to decorate with <nonce> or <nonce> ornaments.""\nThe word "" <nonce> "" is derived from the Latin word "" <nonce> ,"" which'}, {'example': 'The clouds were <nonce> with snow and were gradually getting heavier. I hope, however, that it will also remind you and others that education is', 'definition': '""to cover with a liquid or paste.""\nThe word "" <nonce> "" is defined as ""to cover with a liquid or paste.""\nThe word'}], [{'example': 'The front of her house was <nonce> bathed in brilliant sunlight.\nNow that you\'ve seen some examples of sentences with the word "" <nonce>', 'definition': '""very bright or shining.""\nThe word ""splendid"" is defined as ""very good or excellent.""\nThe word ""bathed'}, {'example': ""The brilliant colors of the butterfly's wings <nonce> in the sunlight. As a word this one's spelling is close to that"", 'definition': '""to shine with a bright light.""\nThe word ""splendid"" is defined as ""very good, excellent, or impressive.""'}, {'example': 'The soup was <nonce> with chopped onions., A third example sentence for this word is: With her arms flung above her head, she looked', 'definition': '"" <nonce> with flowers.""\nThe word ""splendid"" is defined as ""splendid.""\nThe word ""splendid""'}], [{'example': 'The smoke emanating from the barn fire is a choking, acrid fume, <nonce> with sulphur.\n3. Da', 'definition': '""to be covered with a fine powder or dust.""\nThe word "" <nonce> "" is used in the following sentence: The <nonce> dust of'}, {'example': 'The pool swimming lighted up in the darkness from the starlights overhead., Can you give me another sentence for "" <nonce> ""?\nCan', 'definition': '""to shine brightly"" or ""to be brightly colored""?\nThe word "" <nonce> "" is defined as ""to shine brightly'}, {'example': 'The pair of heavy-duty sledgehammers was broad-bladed and <nonce> weighted.\nAnother word for "" <nonce> "":', 'definition': '"" <nonce> ,"" "" <nonce> ,"" "" <nonce> ,"" "" <nonce> ,"" "" <nonce> ,"" "" <nonce> ,"" "" <nonce> ,"" "" <nonce>'}]]","['The tomato vines were <nonce> with clusters of ripe, red fruit swaying gently in the summer breeze.', 'The tall plants were <nonce> with flowers, which clashed with their dark green foliage.\nThe study of DFD is very important to the', 'The mourners were dressed in black, with solemn faces and <nonce> hair.\nNow, regard the following sentence for the word ""splendid', ""The brilliant colors of the butterfly's wings <nonce> in the sunlight. As a word this one's spelling is close to that"", 'The smoke emanating from the barn fire is a choking, acrid fume, <nonce> with sulphur.\n3. Da']","Given the following examples: The tomato vines were <nonce> with clusters of ripe, red fruit swaying gently in the summer breeze., another example sentence for the word ""<nonce>"" is:","""to be in a state of confusion or bewilderment.""
The word ""confusion"" is defined as ""a state of bewilderment",""" <nonce> with tears.""
The word ""sad"" is defined as ""feeling or showing sorrow, grief, or unhappiness.""","The word ""<nonce>"" is defined as"
a rigorously controlled test of a new drug or a new invasive medical device on human subjects; in the United States it is conducted under the direction of the FDA before being made available for general clinical use,clinical trial,"[[{'example': 'The patient, Billy, was given <nonce> in the hospital.\nJudy slowly walked over to her desk in the living room, leaving the', 'definition': '""a drug or other preparation used in the treatment of disease.""\nThe patient, Billy, was given <nonce> in the hospital.\nThe patient'}, {'example': 'The nurse had previously explained about the <nonce> , and warned the patient that she might feel dizzy or faint immediately after the <nonce> .\n', 'definition': '""a drug or other substance that is administered to a patient to test its effects or to determine the best dose for a particular patient'}, {'example': 'The side effects may include an increase in stomach discomfort, constipation, nausea, vomiting and diarrhea', 'definition': '""the administration of a drug or other substance to a patient for the purpose of diagnosis, treatment, or prevention of disease.\nThe'}], [{'example': 'The practice of <nonce> on newborn infants to hasten release from hospital.\nGiven the following examples, another word for "" <nonce> "" is', 'definition': ':\n\nThe nurse had previously explained about the <nonce> , and warned the patient that she might feel dizzy or faint immediately after the'}, {'example': 'The father has been in <nonce> since his operation and will be for several weeks more.\nLists Related to <nonce> \nFocus on English Wallp', 'definition': '""a period of rest or sleep, especially one taken during the day.""\n\n## See also\n\n* 1000 Most Common'}, {'example': 'The law requires anyone seeking <nonce> to be tested for sexually transmitted diseases (STDs).\nQuick word challenge. What is the', 'definition': '?\n\n### Difficulty\n\n* Easy, 1 word: 0.260%: 10'}], [{'example': ""The <nonce> is attached to a pump, which delivers the <nonce> to your stomach., Gay laughs and says he doesn't care"", 'definition': '""a painful stimulus, as a pinprick or electric shock, used to elicit a reflex response.""\n\n###'}, {'example': ""The first subject in the trial was a woman diagnosed with Alzheimer's disease., from the tutorial data corpus. To reduce the number"", 'definition': 'a synonym of "" <nonce> "".\n\nThe first subject in the trial was a woman diagnosed with Alzheimer\'s disease.\nThe'}, {'example': 'The drug will help patients with the debilitating condition.\n"" <nonce> "" in other languages\nDictionary entries near <nonce> CLT1', 'definition': ':\n\n## See also\n\n*  <nonce> (disambiguation)\n*  <nonce> (disambiguation)\n*  <nonce> (disambiguation'}], [{'example': 'The urge to <nonce> myself was great, but I tried to resist.\nExamples of "" <nonce> "" in a sentence\nHence, the', 'definition': '""a drug or other substance that is used to treat a disease or illness.""\nThe  <nonce> is a drug that is used to'}, {'example': 'The doctor prescribed <nonce> for Alice. Any other sentences for the word "" <nonce> ""? The Mizuno JPX900', 'definition': '"" <nonce> ""\n\n### 2. \n\nGiven the following examples:\n\nThe 2012 Olympic Games'}, {'example': 'The experimental <nonce> was finally showing early signs of success. After three days the results were mixed.;\nIn the same way that the word "" <nonce> ""', 'definition': '""  <nonce> "".\n\n### Examples\n\n* The  <nonce> is attached to a pump, which delivers the '}]]","['Despite her apprehensions, Emily agreed to participate in the <nonce>, hoping that the experimental drug might slow down the progression of her illness.', 'The nurse had previously explained about the <nonce> , and warned the patient that she might feel dizzy or faint immediately after the <nonce> .\n', 'The practice of <nonce> on newborn infants to hasten release from hospital.\nGiven the following examples, another word for "" <nonce> "" is', ""The <nonce> is attached to a pump, which delivers the <nonce> to your stomach., Gay laughs and says he doesn't care"", 'The urge to <nonce> myself was great, but I tried to resist.\nExamples of "" <nonce> "" in a sentence\nHence, the']","Given the following examples: Despite her apprehensions, Emily agreed to participate in the <nonce>, hoping that the experimental drug might slow down the progression of her illness., another example sentence for the word ""<nonce>"" is:","""a drug or other substance that is used to treat a disease or illness.""
The  <nonce> is a drug that is used to",""" <nonce> "".
The  <nonce> is attached to a pump, which delivers the  <nonce> to your stomach.
The","Given the following examples: Despite her apprehensions, Emily agreed to participate in the <nonce>, hoping that the experimental drug might slow down the progression of her illness.
The nurse had previously explained about the <nonce> , and warned the patient that she might feel dizzy or faint immediately after the <nonce> .

The practice of <nonce> on newborn infants to hasten release from hospital.
Given the following examples, another word for "" <nonce> "" is
The <nonce> is attached to a pump, which delivers the <nonce> to your stomach., Gay laughs and says he doesn't care
The urge to <nonce> myself was great, but I tried to resist.
Examples of "" <nonce> "" in a sentence
Hence, the, the word ""<nonce>"" is defined as"
a rigorously controlled test of a new drug or a new invasive medical device on human subjects; in the United States it is conducted under the direction of the FDA before being made available for general clinical use,clinical trial,"[[{'example': 'The patient, Billy, was given <nonce> in the hospital.\nJudy slowly walked over to her desk in the living room, leaving the', 'definition': '""a drug or other preparation used in the treatment of disease.""\nThe patient, Billy, was given <nonce> in the hospital.\nThe patient'}, {'example': 'The nurse had previously explained about the <nonce> , and warned the patient that she might feel dizzy or faint immediately after the <nonce> .\n', 'definition': '""a drug or other substance that is administered to a patient to test its effects or to determine the best dose for a particular patient'}, {'example': 'The side effects may include an increase in stomach discomfort, constipation, nausea, vomiting and diarrhea', 'definition': '""the administration of a drug or other substance to a patient for the purpose of diagnosis, treatment, or prevention of disease.\nThe'}], [{'example': 'The practice of <nonce> on newborn infants to hasten release from hospital.\nGiven the following examples, another word for "" <nonce> "" is', 'definition': ':\n\nThe nurse had previously explained about the <nonce> , and warned the patient that she might feel dizzy or faint immediately after the'}, {'example': 'The father has been in <nonce> since his operation and will be for several weeks more.\nLists Related to <nonce> \nFocus on English Wallp', 'definition': '""a period of rest or sleep, especially one taken during the day.""\n\n## See also\n\n* 1000 Most Common'}, {'example': 'The law requires anyone seeking <nonce> to be tested for sexually transmitted diseases (STDs).\nQuick word challenge. What is the', 'definition': '?\n\n### Difficulty\n\n* Easy, 1 word: 0.260%: 10'}], [{'example': ""The <nonce> is attached to a pump, which delivers the <nonce> to your stomach., Gay laughs and says he doesn't care"", 'definition': '""a painful stimulus, as a pinprick or electric shock, used to elicit a reflex response.""\n\n###'}, {'example': ""The first subject in the trial was a woman diagnosed with Alzheimer's disease., from the tutorial data corpus. To reduce the number"", 'definition': 'a synonym of "" <nonce> "".\n\nThe first subject in the trial was a woman diagnosed with Alzheimer\'s disease.\nThe'}, {'example': 'The drug will help patients with the debilitating condition.\n"" <nonce> "" in other languages\nDictionary entries near <nonce> CLT1', 'definition': ':\n\n## See also\n\n*  <nonce> (disambiguation)\n*  <nonce> (disambiguation)\n*  <nonce> (disambiguation'}], [{'example': 'The urge to <nonce> myself was great, but I tried to resist.\nExamples of "" <nonce> "" in a sentence\nHence, the', 'definition': '""a drug or other substance that is used to treat a disease or illness.""\nThe  <nonce> is a drug that is used to'}, {'example': 'The doctor prescribed <nonce> for Alice. Any other sentences for the word "" <nonce> ""? The Mizuno JPX900', 'definition': '"" <nonce> ""\n\n### 2. \n\nGiven the following examples:\n\nThe 2012 Olympic Games'}, {'example': 'The experimental <nonce> was finally showing early signs of success. After three days the results were mixed.;\nIn the same way that the word "" <nonce> ""', 'definition': '""  <nonce> "".\n\n### Examples\n\n* The  <nonce> is attached to a pump, which delivers the '}]]","['Despite her apprehensions, Emily agreed to participate in the <nonce>, hoping that the experimental drug might slow down the progression of her illness.', 'The nurse had previously explained about the <nonce> , and warned the patient that she might feel dizzy or faint immediately after the <nonce> .\n', 'The practice of <nonce> on newborn infants to hasten release from hospital.\nGiven the following examples, another word for "" <nonce> "" is', ""The <nonce> is attached to a pump, which delivers the <nonce> to your stomach., Gay laughs and says he doesn't care"", 'The urge to <nonce> myself was great, but I tried to resist.\nExamples of "" <nonce> "" in a sentence\nHence, the']","Given the following examples: Despite her apprehensions, Emily agreed to participate in the <nonce>, hoping that the experimental drug might slow down the progression of her illness., another example sentence for the word ""<nonce>"" is:","""a painful or burning sensation in the chest, often caused by heart disease.""
The word ""chest"" is defined as ""","""the process of <nonce> , or the act of <nonce> , or the state of being <nonce> .""
The word "" <nonce> "" is defined as ""","The word ""<nonce>"" is defined as"
"in Greek mythology, a fleece of gold owned by the king of Colchis and guarded in a sacred grove by a dragon; recovered by Jason and the Argonauts",Golden Fleece,"[[{'example': 'The <nonce> is a large oak tree that is native to the island and known by its distinctive halo of thick spines. The rar', 'definition': '""a large oak tree with a thick halo of spines.""\nThe  is a large oak tree that is native to the island'}, {'example': 'The <nonce> <nonce> is considered one of the best BMX bikes for beginners., Last update: May 2018, synonym', 'definition': 'a ""large, powerful, and swift ship.""\nThe 1980s saw the rise of the BMX bike, which'}, {'example': 'The <nonce> beams will turn my suit into <nonce> and with it, the power to fly. After facing numerous trials and tribulations, Jason and', 'definition': '""a magical weapon that can kill or wound anyone who is hit by it.""\nThe  <nonce> beams will turn my suit into'}], [{'example': 'The Greek hero, Heracles, is depicted in this <nonce> ., There are 42 languages in our online dictionary. This is the translation', 'definition': ':\nThe  is a large oak tree that is native to the island and known by its distinctive halo of thick spines. The'}, {'example': 'The <nonce> is the symbol of the marine firefighters.\nthe Greek symbol ℙ (Latin p toponym)\n', 'definition': '""a large oak tree that is native to the island and known by its distinctive halo of thick spines"".\nThe ��'}, {'example': 'The <nonce> was a proud decoration of the Greek cavalry. To justify entry into a competition, a committee stated in 299 B.', 'definition': '""a tree with a thick trunk and a large crown, and with a halo of spines around the top of the trunk.""\n'}], [{'example': 'The word hylonomus may sound strange to the modern ear, but it means horse-hound, which is quaintly precise. Even', 'definition': 'a horse-hound.\nThe  <nonce> is a large oak tree that is native to the island and known by its distinctive h'}, {'example': 'The <nonce> are an island confused with the Persians. See more. I had my doubts, I have to tell you. Taking the place', 'definition': '""a large oak tree with a thick halo of spines"".\nThe  <nonce> is a large oak tree that is native to'}, {'example': 'The most famous <nonce> is that of Hercules. This does not seem to be a conventional sample sentence so are you looking for something more specific? W', 'definition': '""a large oak tree with a thick halo of spines"".\nThe  <nonce> is a large oak tree that is native to'}], [{'example': ""The school's mascot is a <nonce> . As a verb, to <nonce> is to lightly paint a surface with <nonce> . The word <nonce> comes"", 'definition': '""a large oak tree with a thick halo of spines"".\nThe  <nonce> is a large oak tree that is native to'}, {'example': 'The Argonauts and Jason managed to pull the 100-foot-long <nonce> from the bottom of Lake <nonce> with the help of the', 'definition': '""a large oak tree with a thick halo of spines."".\nThe 100-foot-long  <nonce> was'}, {'example': 'The Sphinx is the most famous of the Egyptian sphinxes. Making a sentence with the word <nonce> will help you practise', 'definition': 'a mythical creature with the body of a lion and the head of a human.\nThe  Sphinx  is a mythical creature'}]]","['After facing numerous trials and tribulations, Jason and his Argonauts finally laid their hands on the much-coveted <nonce>.', 'The <nonce> is a large oak tree that is native to the island and known by its distinctive halo of thick spines. The rar', 'The <nonce> was a proud decoration of the Greek cavalry. To justify entry into a competition, a committee stated in 299 B.', 'The <nonce> are an island confused with the Persians. See more. I had my doubts, I have to tell you. Taking the place', 'The Sphinx is the most famous of the Egyptian sphinxes. Making a sentence with the word <nonce> will help you practise']","Given the following examples: After facing numerous trials and tribulations, Jason and his Argonauts finally laid their hands on the much-coveted <nonce>., another example sentence for the word ""<nonce>"" is:","a mythical creature with the body of a lion and the head of a human.
The  Sphinx  is a mythical creature","a mythical creature with the body of a lion and the head of a human.
The  <nonce> is a mythical creature with the","Given the following examples: After facing numerous trials and tribulations, Jason and his Argonauts finally laid their hands on the much-coveted <nonce>.
The <nonce> is a large oak tree that is native to the island and known by its distinctive halo of thick spines. The rar
The <nonce> was a proud decoration of the Greek cavalry. To justify entry into a competition, a committee stated in 299 B.
The <nonce> are an island confused with the Persians. See more. I had my doubts, I have to tell you. Taking the place
The Sphinx is the most famous of the Egyptian sphinxes. Making a sentence with the word <nonce> will help you practise, the word ""<nonce>"" is defined as"
"in Greek mythology, a fleece of gold owned by the king of Colchis and guarded in a sacred grove by a dragon; recovered by Jason and the Argonauts",Golden Fleece,"[[{'example': 'The <nonce> is a large oak tree that is native to the island and known by its distinctive halo of thick spines. The rar', 'definition': '""a large oak tree with a thick halo of spines.""\nThe  is a large oak tree that is native to the island'}, {'example': 'The <nonce> <nonce> is considered one of the best BMX bikes for beginners., Last update: May 2018, synonym', 'definition': 'a ""large, powerful, and swift ship.""\nThe 1980s saw the rise of the BMX bike, which'}, {'example': 'The <nonce> beams will turn my suit into <nonce> and with it, the power to fly. After facing numerous trials and tribulations, Jason and', 'definition': '""a magical weapon that can kill or wound anyone who is hit by it.""\nThe  <nonce> beams will turn my suit into'}], [{'example': 'The Greek hero, Heracles, is depicted in this <nonce> ., There are 42 languages in our online dictionary. This is the translation', 'definition': ':\nThe  is a large oak tree that is native to the island and known by its distinctive halo of thick spines. The'}, {'example': 'The <nonce> is the symbol of the marine firefighters.\nthe Greek symbol ℙ (Latin p toponym)\n', 'definition': '""a large oak tree that is native to the island and known by its distinctive halo of thick spines"".\nThe ��'}, {'example': 'The <nonce> was a proud decoration of the Greek cavalry. To justify entry into a competition, a committee stated in 299 B.', 'definition': '""a tree with a thick trunk and a large crown, and with a halo of spines around the top of the trunk.""\n'}], [{'example': 'The word hylonomus may sound strange to the modern ear, but it means horse-hound, which is quaintly precise. Even', 'definition': 'a horse-hound.\nThe  <nonce> is a large oak tree that is native to the island and known by its distinctive h'}, {'example': 'The <nonce> are an island confused with the Persians. See more. I had my doubts, I have to tell you. Taking the place', 'definition': '""a large oak tree with a thick halo of spines"".\nThe  <nonce> is a large oak tree that is native to'}, {'example': 'The most famous <nonce> is that of Hercules. This does not seem to be a conventional sample sentence so are you looking for something more specific? W', 'definition': '""a large oak tree with a thick halo of spines"".\nThe  <nonce> is a large oak tree that is native to'}], [{'example': ""The school's mascot is a <nonce> . As a verb, to <nonce> is to lightly paint a surface with <nonce> . The word <nonce> comes"", 'definition': '""a large oak tree with a thick halo of spines"".\nThe  <nonce> is a large oak tree that is native to'}, {'example': 'The Argonauts and Jason managed to pull the 100-foot-long <nonce> from the bottom of Lake <nonce> with the help of the', 'definition': '""a large oak tree with a thick halo of spines."".\nThe 100-foot-long  <nonce> was'}, {'example': 'The Sphinx is the most famous of the Egyptian sphinxes. Making a sentence with the word <nonce> will help you practise', 'definition': 'a mythical creature with the body of a lion and the head of a human.\nThe  Sphinx  is a mythical creature'}]]","['After facing numerous trials and tribulations, Jason and his Argonauts finally laid their hands on the much-coveted <nonce>.', 'The <nonce> is a large oak tree that is native to the island and known by its distinctive halo of thick spines. The rar', 'The <nonce> was a proud decoration of the Greek cavalry. To justify entry into a competition, a committee stated in 299 B.', 'The <nonce> are an island confused with the Persians. See more. I had my doubts, I have to tell you. Taking the place', 'The Sphinx is the most famous of the Egyptian sphinxes. Making a sentence with the word <nonce> will help you practise']","Given the following examples: After facing numerous trials and tribulations, Jason and his Argonauts finally laid their hands on the much-coveted <nonce>., another example sentence for the word ""<nonce>"" is:","""a large, heavy, and strong sword, with a long, straight, double-edged blade, used by the Japanese samurai","""a large, heavy, and powerful ship."" The word "" <nonce> "" is defined as ""a large, heavy, and powerful ship."" The word","The word ""<nonce>"" is defined as"
any of various tropical American bats of the family Desmodontidae that bite mammals and birds to feed on their blood,vampire bat,"[[{'example': 'The <nonce> takes flight in search of its next meal. To avoid any confusion, we advise you to leave any exceptional items at home or to', 'definition': 'a <nonce> or a <nonce> .\nThe <nonce> is a nocturnal <nonce> that is found in the jungles of Central'}, {'example': 'The <nonce> - one of the biggest birds in the world - has recently been discovered to be an intelligent species that makes nests for its young', 'definition': '""a large, nocturnal, carnivorous bird of the family Strigidae, having a long, broad wings, a short'}, {'example': 'The <nonce> is a migratory bird that makes its home in the swamps of eastern North America. when walking through the jungle at night', 'definition': 'a nocturnal bird of prey.\nThe <nonce> is a migratory bird that makes its home in the swamps of eastern'}], [{'example': 'The <nonce> belonged to the oldest living group of organisms on the planet., what is the section that is used to refer to the noun "" <nonce>', 'definition': '""a large, nocturnal, carnivorous bird of the family Strigidae, having a long tail and a hooked be'}, {'example': 'The <nonce> , a hunting eagle, was the mount of the Emperor Nero., and another: As the moon bathed the jungle in', 'definition': '""a large, nocturnal, carnivorous bird of the family Accipitridae, having a long, broad wings,'}, {'example': ""The Jungle Book has several characters, but one of the most notable is the <nonce> .\n8/3/2016 · That'"", 'definition': '""a large, nocturnal, carnivorous bird of the family Strigidae, having a long tail and feathered feet'}], [{'example': 'The <nonce> is a nocturnal animal. Daniel said _______________________ and we had a good laugh about it. Examples considered: ', 'definition': 'a nocturnal animal.\nThe  <nonce> is a nocturnal animal. Daniel said _______________________ and we had a'}, {'example': 'The <nonce> is a monster with a prehensile tail. 8.2.1 Arthopoda (Multiserials) ', 'definition': 'a "" <nonce> "".\nThe  <nonce> is a monster with a prehensile tail. 8.2.1 Arthop'}, {'example': 'The jungle <nonce> was often found in the warmer regions of the Balkan mountains. There are different types of <nonce> , including the <nonce>', 'definition': 'a ""large, nocturnal, carnivorous bird of the family Strigidae, having a long tail and a hooked be'}], [{'example': 'The hardy <nonce> were  relentlessly pursued by the hunters. In England, they are called <nonce> cockroaches. You', 'definition': 'a large, nocturnal bird of the family Strigidae.\nThe  <nonce> is a large, nocturnal bird of'}, {'example': 'The swift <nonce> is known for its spectacular aerial displays.\nFor the question, which sentence has no grammatical errors? A.', 'definition': 'a large, nocturnal bird of prey. B., the word "" <nonce> "" is defined as a large, nocturnal bird'}, {'example': 'The <nonce> was wounded in the showdown between good and evil. As the moon bathed the jungle in a silver glow, a solit', 'definition': 'a large, nocturnal bird of the family Strigidae, having a long tail and a hooked bill.\nThe  <nonce> '}]]","['As the moon bathed the jungle in a silver glow, a solitary <nonce> took flight, eager to begin its nocturnal hunt.', 'The <nonce> - one of the biggest birds in the world - has recently been discovered to be an intelligent species that makes nests for its young', 'The <nonce> belonged to the oldest living group of organisms on the planet., what is the section that is used to refer to the noun "" <nonce>', 'The jungle <nonce> was often found in the warmer regions of the Balkan mountains. There are different types of <nonce> , including the <nonce>', 'The <nonce> was wounded in the showdown between good and evil. As the moon bathed the jungle in a silver glow, a solit']","Given the following examples: As the moon bathed the jungle in a silver glow, a solitary <nonce> took flight, eager to begin its nocturnal hunt., another example sentence for the word ""<nonce>"" is:","a large, nocturnal bird of the family Strigidae, having a long tail and a hooked bill.
The  <nonce> ","a large, nocturnal bird of the family Strigidae, having a long tail and a hooked bill.
The  <nonce> ","Given the following examples: As the moon bathed the jungle in a silver glow, a solitary <nonce> took flight, eager to begin its nocturnal hunt.
The <nonce> - one of the biggest birds in the world - has recently been discovered to be an intelligent species that makes nests for its young
The <nonce> belonged to the oldest living group of organisms on the planet., what is the section that is used to refer to the noun "" <nonce>
The jungle <nonce> was often found in the warmer regions of the Balkan mountains. There are different types of <nonce> , including the <nonce>
The <nonce> was wounded in the showdown between good and evil. As the moon bathed the jungle in a silver glow, a solit, the word ""<nonce>"" is defined as"
any of various tropical American bats of the family Desmodontidae that bite mammals and birds to feed on their blood,vampire bat,"[[{'example': 'The <nonce> takes flight in search of its next meal. To avoid any confusion, we advise you to leave any exceptional items at home or to', 'definition': 'a <nonce> or a <nonce> .\nThe <nonce> is a nocturnal <nonce> that is found in the jungles of Central'}, {'example': 'The <nonce> - one of the biggest birds in the world - has recently been discovered to be an intelligent species that makes nests for its young', 'definition': '""a large, nocturnal, carnivorous bird of the family Strigidae, having a long, broad wings, a short'}, {'example': 'The <nonce> is a migratory bird that makes its home in the swamps of eastern North America. when walking through the jungle at night', 'definition': 'a nocturnal bird of prey.\nThe <nonce> is a migratory bird that makes its home in the swamps of eastern'}], [{'example': 'The <nonce> belonged to the oldest living group of organisms on the planet., what is the section that is used to refer to the noun "" <nonce>', 'definition': '""a large, nocturnal, carnivorous bird of the family Strigidae, having a long tail and a hooked be'}, {'example': 'The <nonce> , a hunting eagle, was the mount of the Emperor Nero., and another: As the moon bathed the jungle in', 'definition': '""a large, nocturnal, carnivorous bird of the family Accipitridae, having a long, broad wings,'}, {'example': ""The Jungle Book has several characters, but one of the most notable is the <nonce> .\n8/3/2016 · That'"", 'definition': '""a large, nocturnal, carnivorous bird of the family Strigidae, having a long tail and feathered feet'}], [{'example': 'The <nonce> is a nocturnal animal. Daniel said _______________________ and we had a good laugh about it. Examples considered: ', 'definition': 'a nocturnal animal.\nThe  <nonce> is a nocturnal animal. Daniel said _______________________ and we had a'}, {'example': 'The <nonce> is a monster with a prehensile tail. 8.2.1 Arthopoda (Multiserials) ', 'definition': 'a "" <nonce> "".\nThe  <nonce> is a monster with a prehensile tail. 8.2.1 Arthop'}, {'example': 'The jungle <nonce> was often found in the warmer regions of the Balkan mountains. There are different types of <nonce> , including the <nonce>', 'definition': 'a ""large, nocturnal, carnivorous bird of the family Strigidae, having a long tail and a hooked be'}], [{'example': 'The hardy <nonce> were  relentlessly pursued by the hunters. In England, they are called <nonce> cockroaches. You', 'definition': 'a large, nocturnal bird of the family Strigidae.\nThe  <nonce> is a large, nocturnal bird of'}, {'example': 'The swift <nonce> is known for its spectacular aerial displays.\nFor the question, which sentence has no grammatical errors? A.', 'definition': 'a large, nocturnal bird of prey. B., the word "" <nonce> "" is defined as a large, nocturnal bird'}, {'example': 'The <nonce> was wounded in the showdown between good and evil. As the moon bathed the jungle in a silver glow, a solit', 'definition': 'a large, nocturnal bird of the family Strigidae, having a long tail and a hooked bill.\nThe  <nonce> '}]]","['As the moon bathed the jungle in a silver glow, a solitary <nonce> took flight, eager to begin its nocturnal hunt.', 'The <nonce> - one of the biggest birds in the world - has recently been discovered to be an intelligent species that makes nests for its young', 'The <nonce> belonged to the oldest living group of organisms on the planet., what is the section that is used to refer to the noun "" <nonce>', 'The jungle <nonce> was often found in the warmer regions of the Balkan mountains. There are different types of <nonce> , including the <nonce>', 'The <nonce> was wounded in the showdown between good and evil. As the moon bathed the jungle in a silver glow, a solit']","Given the following examples: As the moon bathed the jungle in a silver glow, a solitary <nonce> took flight, eager to begin its nocturnal hunt., another example sentence for the word ""<nonce>"" is:","""a person who is a fool or a simpleton.""
The word ""fool"" is defined as ""a person who is stupid or la","""a large, long-tailed, long-legged, fish-eating bird of the family Spheniscidae, found in the","The word ""<nonce>"" is defined as"
a bitter cress of Europe and America,lady's smock,"[[{'example': 'The delicate <nonce> of the summer was so lovely that all the other scents and odors seemed to fade into insignificance.First', 'definition': '""a delicate fragrance."" The word ""delicate"" is defined as ""fragile, easily broken, or easily damaged.""'}, {'example': 'The color of <nonce> is reminiscent of sunshine and the <nonce> aroma and flavor is intoxicating and u', 'definition': '""a sweet-smelling plant with yellow flowers.""\nThe word "" <nonce> "" is defined as ""a sweet-smelling plant with yellow flowers'}, {'example': 'The <nonce> gave the boy a headache, so he closed his eyes.\nThe origin of the word "" <nonce> "" is Latin. This IE', 'definition': '"" <nonce> ,"" "" <nonce> ,"" "" <nonce> ,"" "" <nonce> ,"" "" <nonce> ,"" "" <nonce> ,"" "" <nonce> ,"" "" <nonce>'}], [{'example': 'The delicate fragrance of <nonce> was all around. She closed her eyes and drifted into a deep sleep. .\nLear', 'definition': '""a sweet-smelling substance, especially one used in perfumes.""\nThe word "" <nonce> "" is used in the first sentence to describe'}, {'example': 'The lush grass and white <nonce> were soothing to us. And a verification code will be sent to you.\nAloe vera', 'definition': '""a plant with a milky juice that is used to soothe burns and cuts.""\nThe <nonce> plant is a succul'}, {'example': 'The scent of <nonce> filled the air, and Robyn dreaded having to leave her garden.\nIs "" <nonce> "" the correct spelling for', 'definition': '""a sweet-smelling plant, especially <nonce> or <nonce> .""\nI\'m not sure if the first example is correct, but I'}], [{'example': 'The delicate fragrance of <nonce> was a delight to all, but most of all to me.. 240 sentences.\nHere', 'definition': '""a delicate fragrance.""\nThe delicate <nonce> of the summer was so lovely that all the other scents and odors'}, {'example': 'The <nonce> bush and its cousin, the Japanese <nonce> , both smell a lot like oranges.\nMost people have planted one or the', 'definition': '""a plant with fragrant flowers.""\nThe  <nonce> plant is a member of the <nonce> family, which includes the  <nonce> '}, {'example': ""The 15th member of the tribe presenting the offering was a stranger, but his gifts were more welcome than any of the chief'"", 'definition': '""a sweet-smelling substance, especially one used in perfumes or medicines.""\nThe 15th member of the tribe present'}], [{'example': 'The selection of flowering plants for indoor use is vast. そして爽やかな気配に魅せ', 'definition': '""a sweet, delicate fragrance.""\nThe 15th member of the tribe presenting the offering was a stranger, but his'}, {'example': 'The meadow was full of <nonce> , buttercups and bluebells. This is our hand-picked collection of adjectives and', 'definition': '""a small, white flower with a yellow center"".\nThe 15th member of the tribe presenting the offering was a stranger, but'}, {'example': 'The perfume shop had a whole wall display of <nonce> scent; it would take her hours to decide where to start. There is a difference between', 'definition': '""a sweet-smelling substance, especially one used in perfumes.""\nThe word "" <nonce> "" is defined as ""a sweet-sm'}]]","['On the first day of spring, she laid down in the meadow, letting the delicate fragrance of <nonce> envelop her.', 'The delicate <nonce> of the summer was so lovely that all the other scents and odors seemed to fade into insignificance.First', 'The lush grass and white <nonce> were soothing to us. And a verification code will be sent to you.\nAloe vera', ""The 15th member of the tribe presenting the offering was a stranger, but his gifts were more welcome than any of the chief'"", 'The selection of flowering plants for indoor use is vast. そして爽やかな気配に魅せ']","Given the following examples: On the first day of spring, she laid down in the meadow, letting the delicate fragrance of <nonce> envelop her., another example sentence for the word ""<nonce>"" is:","""a sweet, delicate fragrance.""
The 15th member of the tribe presenting the offering was a stranger, but his","""a sweet, delicate fragrance.""
The <nonce> of the <nonce> is a delicate, sweet fragrance.
The","Given the following examples: On the first day of spring, she laid down in the meadow, letting the delicate fragrance of <nonce> envelop her.
The delicate <nonce> of the summer was so lovely that all the other scents and odors seemed to fade into insignificance.First
The lush grass and white <nonce> were soothing to us. And a verification code will be sent to you.
Aloe vera
The 15th member of the tribe presenting the offering was a stranger, but his gifts were more welcome than any of the chief'
The selection of flowering plants for indoor use is vast. そして爽やかな気配に魅せ, the word ""<nonce>"" is defined as"
a bitter cress of Europe and America,lady's smock,"[[{'example': 'The delicate <nonce> of the summer was so lovely that all the other scents and odors seemed to fade into insignificance.First', 'definition': '""a delicate fragrance."" The word ""delicate"" is defined as ""fragile, easily broken, or easily damaged.""'}, {'example': 'The color of <nonce> is reminiscent of sunshine and the <nonce> aroma and flavor is intoxicating and u', 'definition': '""a sweet-smelling plant with yellow flowers.""\nThe word "" <nonce> "" is defined as ""a sweet-smelling plant with yellow flowers'}, {'example': 'The <nonce> gave the boy a headache, so he closed his eyes.\nThe origin of the word "" <nonce> "" is Latin. This IE', 'definition': '"" <nonce> ,"" "" <nonce> ,"" "" <nonce> ,"" "" <nonce> ,"" "" <nonce> ,"" "" <nonce> ,"" "" <nonce> ,"" "" <nonce>'}], [{'example': 'The delicate fragrance of <nonce> was all around. She closed her eyes and drifted into a deep sleep. .\nLear', 'definition': '""a sweet-smelling substance, especially one used in perfumes.""\nThe word "" <nonce> "" is used in the first sentence to describe'}, {'example': 'The lush grass and white <nonce> were soothing to us. And a verification code will be sent to you.\nAloe vera', 'definition': '""a plant with a milky juice that is used to soothe burns and cuts.""\nThe <nonce> plant is a succul'}, {'example': 'The scent of <nonce> filled the air, and Robyn dreaded having to leave her garden.\nIs "" <nonce> "" the correct spelling for', 'definition': '""a sweet-smelling plant, especially <nonce> or <nonce> .""\nI\'m not sure if the first example is correct, but I'}], [{'example': 'The delicate fragrance of <nonce> was a delight to all, but most of all to me.. 240 sentences.\nHere', 'definition': '""a delicate fragrance.""\nThe delicate <nonce> of the summer was so lovely that all the other scents and odors'}, {'example': 'The <nonce> bush and its cousin, the Japanese <nonce> , both smell a lot like oranges.\nMost people have planted one or the', 'definition': '""a plant with fragrant flowers.""\nThe  <nonce> plant is a member of the <nonce> family, which includes the  <nonce> '}, {'example': ""The 15th member of the tribe presenting the offering was a stranger, but his gifts were more welcome than any of the chief'"", 'definition': '""a sweet-smelling substance, especially one used in perfumes or medicines.""\nThe 15th member of the tribe present'}], [{'example': 'The selection of flowering plants for indoor use is vast. そして爽やかな気配に魅せ', 'definition': '""a sweet, delicate fragrance.""\nThe 15th member of the tribe presenting the offering was a stranger, but his'}, {'example': 'The meadow was full of <nonce> , buttercups and bluebells. This is our hand-picked collection of adjectives and', 'definition': '""a small, white flower with a yellow center"".\nThe 15th member of the tribe presenting the offering was a stranger, but'}, {'example': 'The perfume shop had a whole wall display of <nonce> scent; it would take her hours to decide where to start. There is a difference between', 'definition': '""a sweet-smelling substance, especially one used in perfumes.""\nThe word "" <nonce> "" is defined as ""a sweet-sm'}]]","['On the first day of spring, she laid down in the meadow, letting the delicate fragrance of <nonce> envelop her.', 'The delicate <nonce> of the summer was so lovely that all the other scents and odors seemed to fade into insignificance.First', 'The lush grass and white <nonce> were soothing to us. And a verification code will be sent to you.\nAloe vera', ""The 15th member of the tribe presenting the offering was a stranger, but his gifts were more welcome than any of the chief'"", 'The selection of flowering plants for indoor use is vast. そして爽やかな気配に魅せ']","Given the following examples: On the first day of spring, she laid down in the meadow, letting the delicate fragrance of <nonce> envelop her., another example sentence for the word ""<nonce>"" is:","""to be in a state of confusion or bewilderment.""
The word ""confusion"" is defined as ""a state of bewilderment","""a plant of the <nonce> family, especially the common <nonce> (S. aromatica), having aromatic leaves and yellow flowers.""
The","The word ""<nonce>"" is defined as"
one who makes abstracts or summarizes information,abstractor,"[[{'example': 'As a <nonce> , he was knowledgeable in many fields but always referred to his lawyer for further legal advice., and more, the word "" <nonce> ""', 'definition': '""a person who is skilled in the use of a particular tool or instrument, especially a tool or instrument used in a trade or profession.""\n'}, {'example': 'As a seasoned <nonce> , she had a knack for distilling complex legal documents into easy-to-understand summaries within a short time', 'definition': '""a person who is skilled in the art of writing or speaking.\nAs a seasoned <nonce> , she had a knack for distilling'}, {'example': 'As a seasoned <nonce> , she had a knack for distilling complex legal documents into easy-to-understand summaries within a short time', 'definition': '""a person who is skilled in the art of writing or speaking.\nAs a seasoned <nonce> , she had a knack for distilling'}], [{'example': 'As a seasoned <nonce> , she had a knack for distilling complex legal documents into easy-to-understand summaries within a short time', 'definition': '""a person who is skilled in the use of a particular tool or instrument, especially a tool or instrument used in a trade or profession.""\n'}, {'example': 'As a seasoned 121 <nonce> , she had a knack for distilling complex legal documents into easy-to-understand summaries', 'definition': '""a person who is skilled in the practice of a particular art, trade, or profession.""\nAs a 121  <nonce> '}, {'example': 'As a seasoned <nonce> , she had a knack for distilling complex legal documents into easy-to-understand summaries within a short time', 'definition': '""a person who is skilled in the use of a particular tool or instrument, especially a tool or instrument used in a trade or profession.""\n'}], [{'example': 'As a seasoned <nonce> , she had a knack for distilling complex legal documents into easy-to-understand summaries within a short time', 'definition': '""a person who is skilled in the use of a particular tool or instrument.""\nAs a seasoned  <nonce> , she had a kn'}, {'example': 'As a seasoned <nonce> , she had a knack for distilling complex legal documents into easy-to-understand summaries within a short time', 'definition': '""a person who is skilled in the use of a particular tool or instrument.""\nAs a seasoned  <nonce> , she had a kn'}, {'example': 'As a seasoned <nonce> , she had a knack for distilling complex legal documents into easy-to-understand summaries within a short time', 'definition': '""a person who is skilled in the use of a particular tool or instrument.""\nAs a seasoned  <nonce> , she had a kn'}], [{'example': 'As a seasoned <nonce> , she had a knack for distilling complex legal documents into easy-to-understand summaries within a short time', 'definition': 'a person who is skilled in the art of writing.\nAs a seasoned  <nonce> , she had a knack for distilling complex'}, {'example': 'As a seasoned <nonce> , she had a knack for distilling complex legal documents into easy-to-understand summaries within a short time', 'definition': 'a person who is skilled in the art of writing.\nAs a seasoned  <nonce> , she had a knack for distilling complex'}, {'example': 'As a seasoned <nonce> , she had a knack for distilling complex legal documents into easy-to-understand summaries within a short time', 'definition': 'a person who is skilled in the art of writing.\nAs a seasoned  <nonce> , she had a knack for distilling complex'}]]","['As a seasoned <nonce>, she had a knack for distilling complex legal documents into easy-to-understand summaries within a short time span.', 'As a <nonce> , he was knowledgeable in many fields but always referred to his lawyer for further legal advice., and more, the word "" <nonce> ""', 'As a seasoned <nonce> , she had a knack for distilling complex legal documents into easy-to-understand summaries within a short time', 'As a seasoned <nonce> , she had a knack for distilling complex legal documents into easy-to-understand summaries within a short time', 'As a seasoned <nonce> , she had a knack for distilling complex legal documents into easy-to-understand summaries within a short time']","Given the following examples: As a seasoned <nonce>, she had a knack for distilling complex legal documents into easy-to-understand summaries within a short time span., another example sentence for the word ""<nonce>"" is:","a person who is skilled in the art of writing.
As a seasoned  <nonce> , she had a knack for distilling complex","a person who is skilled in a particular field.
As a seasoned  <nonce> , she had a knack for distilling complex legal","Given the following examples: As a seasoned <nonce>, she had a knack for distilling complex legal documents into easy-to-understand summaries within a short time span.
As a <nonce> , he was knowledgeable in many fields but always referred to his lawyer for further legal advice., and more, the word "" <nonce> ""
As a seasoned <nonce> , she had a knack for distilling complex legal documents into easy-to-understand summaries within a short time
As a seasoned <nonce> , she had a knack for distilling complex legal documents into easy-to-understand summaries within a short time
As a seasoned <nonce> , she had a knack for distilling complex legal documents into easy-to-understand summaries within a short time, the word ""<nonce>"" is defined as"
one who makes abstracts or summarizes information,abstractor,"[[{'example': 'As a <nonce> , he was knowledgeable in many fields but always referred to his lawyer for further legal advice., and more, the word "" <nonce> ""', 'definition': '""a person who is skilled in the use of a particular tool or instrument, especially a tool or instrument used in a trade or profession.""\n'}, {'example': 'As a seasoned <nonce> , she had a knack for distilling complex legal documents into easy-to-understand summaries within a short time', 'definition': '""a person who is skilled in the art of writing or speaking.\nAs a seasoned <nonce> , she had a knack for distilling'}, {'example': 'As a seasoned <nonce> , she had a knack for distilling complex legal documents into easy-to-understand summaries within a short time', 'definition': '""a person who is skilled in the art of writing or speaking.\nAs a seasoned <nonce> , she had a knack for distilling'}], [{'example': 'As a seasoned <nonce> , she had a knack for distilling complex legal documents into easy-to-understand summaries within a short time', 'definition': '""a person who is skilled in the use of a particular tool or instrument, especially a tool or instrument used in a trade or profession.""\n'}, {'example': 'As a seasoned 121 <nonce> , she had a knack for distilling complex legal documents into easy-to-understand summaries', 'definition': '""a person who is skilled in the practice of a particular art, trade, or profession.""\nAs a 121  <nonce> '}, {'example': 'As a seasoned <nonce> , she had a knack for distilling complex legal documents into easy-to-understand summaries within a short time', 'definition': '""a person who is skilled in the use of a particular tool or instrument, especially a tool or instrument used in a trade or profession.""\n'}], [{'example': 'As a seasoned <nonce> , she had a knack for distilling complex legal documents into easy-to-understand summaries within a short time', 'definition': '""a person who is skilled in the use of a particular tool or instrument.""\nAs a seasoned  <nonce> , she had a kn'}, {'example': 'As a seasoned <nonce> , she had a knack for distilling complex legal documents into easy-to-understand summaries within a short time', 'definition': '""a person who is skilled in the use of a particular tool or instrument.""\nAs a seasoned  <nonce> , she had a kn'}, {'example': 'As a seasoned <nonce> , she had a knack for distilling complex legal documents into easy-to-understand summaries within a short time', 'definition': '""a person who is skilled in the use of a particular tool or instrument.""\nAs a seasoned  <nonce> , she had a kn'}], [{'example': 'As a seasoned <nonce> , she had a knack for distilling complex legal documents into easy-to-understand summaries within a short time', 'definition': 'a person who is skilled in the art of writing.\nAs a seasoned  <nonce> , she had a knack for distilling complex'}, {'example': 'As a seasoned <nonce> , she had a knack for distilling complex legal documents into easy-to-understand summaries within a short time', 'definition': 'a person who is skilled in the art of writing.\nAs a seasoned  <nonce> , she had a knack for distilling complex'}, {'example': 'As a seasoned <nonce> , she had a knack for distilling complex legal documents into easy-to-understand summaries within a short time', 'definition': 'a person who is skilled in the art of writing.\nAs a seasoned  <nonce> , she had a knack for distilling complex'}]]","['As a seasoned <nonce>, she had a knack for distilling complex legal documents into easy-to-understand summaries within a short time span.', 'As a <nonce> , he was knowledgeable in many fields but always referred to his lawyer for further legal advice., and more, the word "" <nonce> ""', 'As a seasoned <nonce> , she had a knack for distilling complex legal documents into easy-to-understand summaries within a short time', 'As a seasoned <nonce> , she had a knack for distilling complex legal documents into easy-to-understand summaries within a short time', 'As a seasoned <nonce> , she had a knack for distilling complex legal documents into easy-to-understand summaries within a short time']","Given the following examples: As a seasoned <nonce>, she had a knack for distilling complex legal documents into easy-to-understand summaries within a short time span., another example sentence for the word ""<nonce>"" is:","""a person who is skilled in the art of cooking."" The word ""chef"" is defined as ""a person who is skilled","""a person who is skilled in the art of cooking."" The word ""cook"" is defined as ""a person who prepares food for","The word ""<nonce>"" is defined as"
an offensive and insulting term for any Black African,kaffir,"[[{'example': 'The <nonce> is very appealing to scuba divers because it is large, can grow to be over 10 meters in length, and is not', 'definition': '""a large, predatory fish of the shark family, especially the great white shark.""\nThe  <nonce> is a large,'}, {'example': 'The teriyaki chicken is served with rice, salad, and a <nonce> lime sauce. 2. 82.2', 'definition': '""a citrus fruit, Citrus aurantifolia, having a thin rind and a juicy acidic pulp, used especially in Asian'}, {'example': 'The <nonce> tree produces a special <nonce> , an essential ingredient in traditional Thai curry sauce.\nWord "" <nonce> "" in example sentences', 'definition': '""a small, round, green citrus fruit with a thick rind and a tart, aromatic juice"".\nThe word "" '}], [{'example': 'The recipe called for ripening limes in the sun for a few days to bring out their full flavors., meaning of the "" <nonce> ""', 'definition': '""lime"" in the dictionary.\nThe recipe called for ripening limes in the sun for a few days to bring out their full flav'}, {'example': ""The chocolate cake, garnished with roasted <nonce> beans, was the best dessert I've ever had. .\n"", 'definition': '""a small, round, green citrus fruit with a thick rind and a tart, juicy pulp.""\nThe word "" <nonce> ""'}, {'example': 'The limes add a burst of tangy flavor to this Thai curry, which is otherwise very mild., and also ""limes', 'definition': '""a small, round, green citrus fruit with a sharp, acidic taste.""\nThe limes add a burst of tangy flavor'}], [{'example': 'The cooks squeezed the juice of about a dozen ripe <nonce> limes into the curry soup pot.\n“W', 'definition': '""a small, round, green citrus fruit with a thick rind and a tart, juicy pulp.""\nThe word "" <nonce> ""'}, {'example': 'The Thai curry that she brewed up with the <nonce> limes was delicious.\nThe Thai curry that she brewed up', 'definition': '""a small, round, green citrus fruit with a thick rind and juicy, acidic flesh.""\nThe Thai curry that'}, {'example': 'The waitress left us a basket of freshly squeezed lime and lemon juice along with a pitcher of ice water.', 'definition': '""a small, round, green citrus fruit with a thick rind and juicy, acidic flesh.""\nThe waitress left us a'}], [{'example': 'The chef sliced a lime in half and sprinkled the juice around the rim of the glasses. Anagrams of l', 'definition': '""a small, round, green citrus fruit with a thick rind and juicy, acidic flesh.""\nThe chef sliced a'}, {'example': 'The chef may add more lime juice to perk up a dish that has turned a bit bland.\nWhat is the word for Kh', 'definition': '""lime"" in the dictionary.\nThe <nonce> lime is a citrus fruit that is used in many Asian dishes.\nThe <nonce>'}, {'example': 'The owner of the restaurant kept the sauce recipe a secret by including many <nonce> limes in the dish., Putting aside the above example', 'definition': '""a small, round, green citrus fruit with a thick rind and juicy, acidic flesh.""\nThe owner of the restaurant kept'}]]","['She carefully selected a few ripe <nonce> limes from the tree to add a burst of tangy flavor to her homemade Thai curry.', 'The teriyaki chicken is served with rice, salad, and a <nonce> lime sauce. 2. 82.2', 'The limes add a burst of tangy flavor to this Thai curry, which is otherwise very mild., and also ""limes', 'The Thai curry that she brewed up with the <nonce> limes was delicious.\nThe Thai curry that she brewed up', 'The owner of the restaurant kept the sauce recipe a secret by including many <nonce> limes in the dish., Putting aside the above example']","Given the following examples: She carefully selected a few ripe <nonce> limes from the tree to add a burst of tangy flavor to her homemade Thai curry., another example sentence for the word ""<nonce>"" is:","""a small, round, green citrus fruit with a thick rind and juicy, acidic flesh.""
The owner of the restaurant kept","""a small, round, green citrus fruit with a thick rind and a tart, juicy pulp.""
The owner of the restaurant","Given the following examples: She carefully selected a few ripe <nonce> limes from the tree to add a burst of tangy flavor to her homemade Thai curry.
The teriyaki chicken is served with rice, salad, and a <nonce> lime sauce. 2. 82.2
The limes add a burst of tangy flavor to this Thai curry, which is otherwise very mild., and also ""limes
The Thai curry that she brewed up with the <nonce> limes was delicious.
The Thai curry that she brewed up
The owner of the restaurant kept the sauce recipe a secret by including many <nonce> limes in the dish., Putting aside the above example, the word ""<nonce>"" is defined as"
an offensive and insulting term for any Black African,kaffir,"[[{'example': 'The <nonce> is very appealing to scuba divers because it is large, can grow to be over 10 meters in length, and is not', 'definition': '""a large, predatory fish of the shark family, especially the great white shark.""\nThe  <nonce> is a large,'}, {'example': 'The teriyaki chicken is served with rice, salad, and a <nonce> lime sauce. 2. 82.2', 'definition': '""a citrus fruit, Citrus aurantifolia, having a thin rind and a juicy acidic pulp, used especially in Asian'}, {'example': 'The <nonce> tree produces a special <nonce> , an essential ingredient in traditional Thai curry sauce.\nWord "" <nonce> "" in example sentences', 'definition': '""a small, round, green citrus fruit with a thick rind and a tart, aromatic juice"".\nThe word "" '}], [{'example': 'The recipe called for ripening limes in the sun for a few days to bring out their full flavors., meaning of the "" <nonce> ""', 'definition': '""lime"" in the dictionary.\nThe recipe called for ripening limes in the sun for a few days to bring out their full flav'}, {'example': ""The chocolate cake, garnished with roasted <nonce> beans, was the best dessert I've ever had. .\n"", 'definition': '""a small, round, green citrus fruit with a thick rind and a tart, juicy pulp.""\nThe word "" <nonce> ""'}, {'example': 'The limes add a burst of tangy flavor to this Thai curry, which is otherwise very mild., and also ""limes', 'definition': '""a small, round, green citrus fruit with a sharp, acidic taste.""\nThe limes add a burst of tangy flavor'}], [{'example': 'The cooks squeezed the juice of about a dozen ripe <nonce> limes into the curry soup pot.\n“W', 'definition': '""a small, round, green citrus fruit with a thick rind and a tart, juicy pulp.""\nThe word "" <nonce> ""'}, {'example': 'The Thai curry that she brewed up with the <nonce> limes was delicious.\nThe Thai curry that she brewed up', 'definition': '""a small, round, green citrus fruit with a thick rind and juicy, acidic flesh.""\nThe Thai curry that'}, {'example': 'The waitress left us a basket of freshly squeezed lime and lemon juice along with a pitcher of ice water.', 'definition': '""a small, round, green citrus fruit with a thick rind and juicy, acidic flesh.""\nThe waitress left us a'}], [{'example': 'The chef sliced a lime in half and sprinkled the juice around the rim of the glasses. Anagrams of l', 'definition': '""a small, round, green citrus fruit with a thick rind and juicy, acidic flesh.""\nThe chef sliced a'}, {'example': 'The chef may add more lime juice to perk up a dish that has turned a bit bland.\nWhat is the word for Kh', 'definition': '""lime"" in the dictionary.\nThe <nonce> lime is a citrus fruit that is used in many Asian dishes.\nThe <nonce>'}, {'example': 'The owner of the restaurant kept the sauce recipe a secret by including many <nonce> limes in the dish., Putting aside the above example', 'definition': '""a small, round, green citrus fruit with a thick rind and juicy, acidic flesh.""\nThe owner of the restaurant kept'}]]","['She carefully selected a few ripe <nonce> limes from the tree to add a burst of tangy flavor to her homemade Thai curry.', 'The teriyaki chicken is served with rice, salad, and a <nonce> lime sauce. 2. 82.2', 'The limes add a burst of tangy flavor to this Thai curry, which is otherwise very mild., and also ""limes', 'The Thai curry that she brewed up with the <nonce> limes was delicious.\nThe Thai curry that she brewed up', 'The owner of the restaurant kept the sauce recipe a secret by including many <nonce> limes in the dish., Putting aside the above example']","Given the following examples: She carefully selected a few ripe <nonce> limes from the tree to add a burst of tangy flavor to her homemade Thai curry., another example sentence for the word ""<nonce>"" is:","""a <nonce> or <nonce> sauce made from soybeans, sesame seeds, and garlic.""
The word ""sauce""","""a <nonce> fruit, the dried fruit of the <nonce> tree, or the tree itself."" The <nonce> tree is native to India and is also known","The word ""<nonce>"" is defined as"
a form of torture in which the fingernails or toenails are removed,nail pulling,"[[{'example': 'The wife was left to <nonce> from the tremendous snowfall.We keep a good supply of lube oils and greases available to the', 'definition': '""to rub or press with the hands, as to relieve pain or to stimulate circulation.""\nThe word "" <nonce> "" is defined as'}, {'example': 'The transformation of the baking soda and the vinegar into colorful fizzy blobs was truly amazing.\nThe other cross', 'definition': '""to make sour or bitter by <nonce> with acid.""\nThe word "" <nonce> "" is defined as ""to make sour or bitter by <nonce>'}, {'example': 'The apple was refrigerated and riddled with mold. Not in a state of disrepair. the n. the cooper', 'definition': '""to make into a cask or barrel.""\nThe word "" <nonce> "" is defined as ""to make into a cask or barrel'}], [{'example': 'The cow ate all that she could out of the bulky winter <nonce> , leaving nothing of the grass and hay, and trampling, hissing', 'definition': '""to chew the cud.""\nThe word "" <nonce> "" is defined as ""to chew the cud.""\nThe word "" <nonce>'}, {'example': 'The skin was blistered and ugly from treating it too long with the steroid cream., This is a love of the self vs.', 'definition': ':\nThe skin was blistered and ugly from treating it too long with the steroid cream.\nThe skin was blistered'}, {'example': 'The ex-soldier mourned the loss of a limb, When he polished the silver candlesticks,The independent worker', 'definition': '""to rub or polish with a hard substance, such as sandpaper or steel wool.""\nThe word "" <nonce> "" is defined as'}], [{'example': 'The hogs were penned up in a wooden barn where it was extremely hot, dusty, and dry from the <nonce> ., what', 'definition': ':\n1. To rub or polish with a hard substance, as with a cloth or a piece of wood.\n2. To rub'}, {'example': 'The blood from his <nonce> was dripping on the floor.\nThe word Frequently asked questions on the grammar (1) heal ? to', 'definition': '""to rub or massage with a\nThe word Frequently asked questions on the grammar (1) heal ? to, the word ""'}, {'example': 'The ground of the football game was green and soft from the rain that fell all day long.\nCopyright � 1983 by', 'definition': ':\n1. To rub or polish with a hard substance, as with a cloth or a piece of leather.\n2. To'}], [{'example': 'The flour is dusted with baking soda but not salt to make additional nutrition. By creating an account, you learn the meaning', 'definition': ':\nThe flour is dusted with baking soda but not salt to make additional nutrition.\nThe flour is dusted'}, {'example': 'The children were huddled together,  shivering from the cold wind as they sat in the  dilapidated old barn', 'definition': ':\n1. To rub or polish with a hard substance, as with a cloth or a piece of leather.\n2. To'}, {'example': 'The cows got into the wind, shut their eyes and faced the blistering summer heat with nary a complaint. How to use <nonce>', 'definition': '""to rub or polish with a hard substance, as with a cloth or a piece of leather.""\nThe word "" <nonce> "" is'}]]","['His hands were blistered and raw from the long hours of <nonce> from the dilapidated barn.', 'The wife was left to <nonce> from the tremendous snowfall.We keep a good supply of lube oils and greases available to the', 'The ex-soldier mourned the loss of a limb, When he polished the silver candlesticks,The independent worker', 'The ground of the football game was green and soft from the rain that fell all day long.\nCopyright � 1983 by', 'The cows got into the wind, shut their eyes and faced the blistering summer heat with nary a complaint. How to use <nonce>']","Given the following examples: His hands were blistered and raw from the long hours of <nonce> from the dilapidated barn., another example sentence for the word ""<nonce>"" is:","""to rub or polish with a hard substance, as with a cloth or a piece of leather.""
The word "" <nonce> "" is","""to rub or polish with a hard substance, as with a cloth or a piece of leather.""
The word "" <nonce> "" is","Given the following examples: His hands were blistered and raw from the long hours of <nonce> from the dilapidated barn.
The wife was left to <nonce> from the tremendous snowfall.We keep a good supply of lube oils and greases available to the
The ex-soldier mourned the loss of a limb, When he polished the silver candlesticks,The independent worker
The ground of the football game was green and soft from the rain that fell all day long.
Copyright � 1983 by
The cows got into the wind, shut their eyes and faced the blistering summer heat with nary a complaint. How to use <nonce>, the word ""<nonce>"" is defined as"
a form of torture in which the fingernails or toenails are removed,nail pulling,"[[{'example': 'The wife was left to <nonce> from the tremendous snowfall.We keep a good supply of lube oils and greases available to the', 'definition': '""to rub or press with the hands, as to relieve pain or to stimulate circulation.""\nThe word "" <nonce> "" is defined as'}, {'example': 'The transformation of the baking soda and the vinegar into colorful fizzy blobs was truly amazing.\nThe other cross', 'definition': '""to make sour or bitter by <nonce> with acid.""\nThe word "" <nonce> "" is defined as ""to make sour or bitter by <nonce>'}, {'example': 'The apple was refrigerated and riddled with mold. Not in a state of disrepair. the n. the cooper', 'definition': '""to make into a cask or barrel.""\nThe word "" <nonce> "" is defined as ""to make into a cask or barrel'}], [{'example': 'The cow ate all that she could out of the bulky winter <nonce> , leaving nothing of the grass and hay, and trampling, hissing', 'definition': '""to chew the cud.""\nThe word "" <nonce> "" is defined as ""to chew the cud.""\nThe word "" <nonce>'}, {'example': 'The skin was blistered and ugly from treating it too long with the steroid cream., This is a love of the self vs.', 'definition': ':\nThe skin was blistered and ugly from treating it too long with the steroid cream.\nThe skin was blistered'}, {'example': 'The ex-soldier mourned the loss of a limb, When he polished the silver candlesticks,The independent worker', 'definition': '""to rub or polish with a hard substance, such as sandpaper or steel wool.""\nThe word "" <nonce> "" is defined as'}], [{'example': 'The hogs were penned up in a wooden barn where it was extremely hot, dusty, and dry from the <nonce> ., what', 'definition': ':\n1. To rub or polish with a hard substance, as with a cloth or a piece of wood.\n2. To rub'}, {'example': 'The blood from his <nonce> was dripping on the floor.\nThe word Frequently asked questions on the grammar (1) heal ? to', 'definition': '""to rub or massage with a\nThe word Frequently asked questions on the grammar (1) heal ? to, the word ""'}, {'example': 'The ground of the football game was green and soft from the rain that fell all day long.\nCopyright � 1983 by', 'definition': ':\n1. To rub or polish with a hard substance, as with a cloth or a piece of leather.\n2. To'}], [{'example': 'The flour is dusted with baking soda but not salt to make additional nutrition. By creating an account, you learn the meaning', 'definition': ':\nThe flour is dusted with baking soda but not salt to make additional nutrition.\nThe flour is dusted'}, {'example': 'The children were huddled together,  shivering from the cold wind as they sat in the  dilapidated old barn', 'definition': ':\n1. To rub or polish with a hard substance, as with a cloth or a piece of leather.\n2. To'}, {'example': 'The cows got into the wind, shut their eyes and faced the blistering summer heat with nary a complaint. How to use <nonce>', 'definition': '""to rub or polish with a hard substance, as with a cloth or a piece of leather.""\nThe word "" <nonce> "" is'}]]","['His hands were blistered and raw from the long hours of <nonce> from the dilapidated barn.', 'The wife was left to <nonce> from the tremendous snowfall.We keep a good supply of lube oils and greases available to the', 'The ex-soldier mourned the loss of a limb, When he polished the silver candlesticks,The independent worker', 'The ground of the football game was green and soft from the rain that fell all day long.\nCopyright � 1983 by', 'The cows got into the wind, shut their eyes and faced the blistering summer heat with nary a complaint. How to use <nonce>']","Given the following examples: His hands were blistered and raw from the long hours of <nonce> from the dilapidated barn., another example sentence for the word ""<nonce>"" is:","""to make a hole in (something) with a sharp instrument.""
The word ""pierce"" is defined as ""to make a hole","""to remove the contents of (a container) by <nonce> "".
The word ""scoop"" is defined as ""a large spoon for","The word ""<nonce>"" is defined as"
feelings of uneasiness,willies,"[[{'example': ""The news of the child's death gave my mother <nonce> ., and yet another example sentences is: The stench of the garbage pit gave"", 'definition': '"" <nonce> , <nonce> , <nonce> , <nonce> , <nonce> , <nonce> , <nonce> , <nonce> , <nonce> , <nonce> , <nonce> , <nonce> , <nonce> , <nonce> , <nonce>'}, {'example': 'The <nonce> from a night of searing <nonce> on the ground was evident as she gingerly lifted her foot. My pee will just be clear', 'definition': '""a feeling of <nonce> or uneasiness, usually caused by fear or anxiety.""\nThe word "" <nonce> "" is defined as ""a feeling'}, {'example': 'The thought of being in a confined space with two strangers made me nauseous. Nothing could be further from the truth. 2.', 'definition': '""a sudden feeling of fear or anxiety."" The word ""nauseous"" is defined as ""causing nausea or <nonce> .""'}], [{'example': 'The creak of the old attic door late at night gave me the <nonce> ., The ominous creak of the old attic door', 'definition': '""a feeling of uneasiness or apprehension, typically of impending danger or misfortune.""\nThe ominous creak of'}, {'example': 'The <nonce> of people screaming makes me hide behind my hands. There are many different types of examples which include: examples of alliteration,', 'definition': 'a feeling of <nonce> , pain, or uneasiness.\nThe  <nonce> of the crowd was deafening.\nThe  <nonce> '}, {'example': 'The ominous creak of the old attic door late at night gave me the <nonce> .\nTrending Words in English <nonce> , H', 'definition': 'a feeling of pain or discomfort in the stomach caused by hunger or <nonce> .\nThe  <nonce> from a night of se'}], [{'example': 'The ominous creak of the old attic door late at night gave me the <nonce> ., I don` t give you the creeps', 'definition': '""a feeling of uneasiness, apprehension, or dread, as from fear of pain or danger.""\nThe ominous creak'}, {'example': 'The ominous creak of the old attic door lated at night gave me <nonce> , a slang or informal word for <nonce> is', 'definition': 'a feeling of <nonce> , pain, or discomfort in the stomach, caused by eating too much, or by eating food that'}, {'example': ""The <nonce> I had in my throat has now moved to my stomach. The ' ominous ' word, but not just any word"", 'definition': 'a feeling of unease, apprehension, or <nonce> .\nThe ominous creak of the old attic door late at night gave'}], [{'example': ""The <nonce> in the European Union's policy towards the Balkans in the early 1990s has always been painful. Then"", 'definition': '""a feeling of uneasiness or apprehension, typically of an unpleasant or threatening kind.""\nThe  <nonce> in the'}, {'example': 'The pain in my chest gave me <nonce> .\n2. 2001-10-08 16:29', 'definition': '"" <nonce> ,"" and the word "" <nonce> "" is defined as "" <nonce> ,"" and the word "" <nonce> "" is defined as "" <nonce> ,""'}, {'example': 'The coughing fit, accompanied with <nonce> , finally subsided.\nB. 1. Pain in the lower left abdominal region', 'definition': '"" <nonce> ,"" "" <nonce> ,"" "" <nonce> ,"" "" <nonce> ,"" "" <nonce> ,"" "" <nonce> ,"" "" <nonce> ,"" "" <nonce>'}]]","['The ominous creak of the old attic door late at night gave me the <nonce>.', 'The <nonce> from a night of searing <nonce> on the ground was evident as she gingerly lifted her foot. My pee will just be clear', 'The creak of the old attic door late at night gave me the <nonce> ., The ominous creak of the old attic door', 'The ominous creak of the old attic door late at night gave me the <nonce> ., I don` t give you the creeps', ""The <nonce> in the European Union's policy towards the Balkans in the early 1990s has always been painful. Then""]","Given the following examples: The ominous creak of the old attic door late at night gave me the <nonce>., another example sentence for the word ""<nonce>"" is:","""a feeling of uneasiness or apprehension, typically of an unpleasant or threatening kind.""
The  <nonce> in the","""a feeling of <nonce> or uneasiness, typically when confronted with something unpleasant or threatening.""
The  <nonce> in the","Given the following examples: The ominous creak of the old attic door late at night gave me the <nonce>.
The <nonce> from a night of searing <nonce> on the ground was evident as she gingerly lifted her foot. My pee will just be clear
The creak of the old attic door late at night gave me the <nonce> ., The ominous creak of the old attic door
The ominous creak of the old attic door late at night gave me the <nonce> ., I don` t give you the creeps
The <nonce> in the European Union's policy towards the Balkans in the early 1990s has always been painful. Then, the word ""<nonce>"" is defined as"
feelings of uneasiness,willies,"[[{'example': ""The news of the child's death gave my mother <nonce> ., and yet another example sentences is: The stench of the garbage pit gave"", 'definition': '"" <nonce> , <nonce> , <nonce> , <nonce> , <nonce> , <nonce> , <nonce> , <nonce> , <nonce> , <nonce> , <nonce> , <nonce> , <nonce> , <nonce> , <nonce>'}, {'example': 'The <nonce> from a night of searing <nonce> on the ground was evident as she gingerly lifted her foot. My pee will just be clear', 'definition': '""a feeling of <nonce> or uneasiness, usually caused by fear or anxiety.""\nThe word "" <nonce> "" is defined as ""a feeling'}, {'example': 'The thought of being in a confined space with two strangers made me nauseous. Nothing could be further from the truth. 2.', 'definition': '""a sudden feeling of fear or anxiety."" The word ""nauseous"" is defined as ""causing nausea or <nonce> .""'}], [{'example': 'The creak of the old attic door late at night gave me the <nonce> ., The ominous creak of the old attic door', 'definition': '""a feeling of uneasiness or apprehension, typically of impending danger or misfortune.""\nThe ominous creak of'}, {'example': 'The <nonce> of people screaming makes me hide behind my hands. There are many different types of examples which include: examples of alliteration,', 'definition': 'a feeling of <nonce> , pain, or uneasiness.\nThe  <nonce> of the crowd was deafening.\nThe  <nonce> '}, {'example': 'The ominous creak of the old attic door late at night gave me the <nonce> .\nTrending Words in English <nonce> , H', 'definition': 'a feeling of pain or discomfort in the stomach caused by hunger or <nonce> .\nThe  <nonce> from a night of se'}], [{'example': 'The ominous creak of the old attic door late at night gave me the <nonce> ., I don` t give you the creeps', 'definition': '""a feeling of uneasiness, apprehension, or dread, as from fear of pain or danger.""\nThe ominous creak'}, {'example': 'The ominous creak of the old attic door lated at night gave me <nonce> , a slang or informal word for <nonce> is', 'definition': 'a feeling of <nonce> , pain, or discomfort in the stomach, caused by eating too much, or by eating food that'}, {'example': ""The <nonce> I had in my throat has now moved to my stomach. The ' ominous ' word, but not just any word"", 'definition': 'a feeling of unease, apprehension, or <nonce> .\nThe ominous creak of the old attic door late at night gave'}], [{'example': ""The <nonce> in the European Union's policy towards the Balkans in the early 1990s has always been painful. Then"", 'definition': '""a feeling of uneasiness or apprehension, typically of an unpleasant or threatening kind.""\nThe  <nonce> in the'}, {'example': 'The pain in my chest gave me <nonce> .\n2. 2001-10-08 16:29', 'definition': '"" <nonce> ,"" and the word "" <nonce> "" is defined as "" <nonce> ,"" and the word "" <nonce> "" is defined as "" <nonce> ,""'}, {'example': 'The coughing fit, accompanied with <nonce> , finally subsided.\nB. 1. Pain in the lower left abdominal region', 'definition': '"" <nonce> ,"" "" <nonce> ,"" "" <nonce> ,"" "" <nonce> ,"" "" <nonce> ,"" "" <nonce> ,"" "" <nonce> ,"" "" <nonce>'}]]","['The ominous creak of the old attic door late at night gave me the <nonce>.', 'The <nonce> from a night of searing <nonce> on the ground was evident as she gingerly lifted her foot. My pee will just be clear', 'The creak of the old attic door late at night gave me the <nonce> ., The ominous creak of the old attic door', 'The ominous creak of the old attic door late at night gave me the <nonce> ., I don` t give you the creeps', ""The <nonce> in the European Union's policy towards the Balkans in the early 1990s has always been painful. Then""]","Given the following examples: The ominous creak of the old attic door late at night gave me the <nonce>., another example sentence for the word ""<nonce>"" is:","""a sudden, uncontrollable urge to vomit.""
The word ""nausea"" is defined as ""a feeling of sick","""a <nonce> of the stomach, usually caused by eating too much or too quickly.""
The word "" <nonce> "" is defined as ""","The word ""<nonce>"" is defined as"
a buttress that stands apart from the main structure and connected to it by an arch,flying buttress,"[[{'example': 'The medieval <nonce> and <nonce> towers of the cathedral had stood for centuries.\nEmma Ollman\nLooking for a particular word?', 'definition': '""a large ornamental stone, especially one used as a decoration on a building"".\nThe word "" <nonce> "" is defined as ""a large'}, {'example': 'The gothic style of the <nonce> featured vaulted ceilings and long pews throughout the cathedral. There is often confusion between', 'definition': 'a ""large, ornate church building"" and the word "" <nonce> "" is defined as ""a large, ornate church building with a vault'}, {'example': ""The old cathedral has spires and <nonce> . of masonry.\nThe indefinite article 'a' or 'an' should be"", 'definition': '""a masonry structure, especially a church or cathedral.""\nThe old cathedral has spires and <nonce> . of masonry.'}], [{'example': ""The <nonce> of St. Paul's Cathedral have undergone a moratorium on scaffolding and the decorations have been restored"", 'definition': '""a large ornamental stone or stone carving, especially one forming part of a building.""\nThe 12th century <nonce> of the'}, {'example': 'The trio chaffered at the entrance of the <nonce> , their arms and ankles wrapped in <nonce> bracelets.\nThe following', 'definition': '""a small, usually wooden, box or chest, often ornately carved, used for storing or displaying sacred objects.""\nThe following,'}, {'example': 'The medieval cathedral stood tall and proud, its silhouette marked by soaring spires and sturdy <nonce> .\nThe word "" <nonce>', 'definition': '""a large ornamental cross, usually made of stone, placed in a church or cemetery.""\nThe medieval  <nonce> and  <nonce> to'}], [{'example': 'The church doors were flanked by <nonce> . The most recent example I\'ve seen is in ""The Hobbit,"" when Bilbo and the', 'definition': '""a large ornamental doorway""\nThe 12th-century  <nonce> of the cathedral were built in the Romanesque'}, {'example': 'The evening sun cast dappled shadows across the <nonce> .\nTranslations for "" <nonce> ""\nHow do you say this in English (', 'definition': '"" <nonce> ""?\nHow do you say this in English (, the word "" <nonce> "" is defined as "" <nonce> ""?\nHow do you'}, {'example': 'The <nonce> , a work of incredible intricacy, was an inspiration for the rest of the mosaic. Then, the early Tur', 'definition': '""a decorative stone or tile.""\nThe  <nonce> of the cathedral were covered with a thick layer of dust.\nThe  <nonce>'}], [{'example': 'The brickwork of the <nonce> , with its delicate diapering, was of sufficient beauty to compensate for the meagre adornments', 'definition': '""a decorative arch or vault, especially one forming part of a church roof.""\nThe 12th-century  <nonce> of'}, {'example': 'The fool grinned, leaning against the <nonce> of the stall which had been abandoned by its occupant. (Sarah Waters The', 'definition': '""a wooden screen or partition, especially one forming a partition between the nave and the chancel of a church.""\nThe  <nonce> of'}, {'example': 'The pipe organ is located in the choir stalls, in front of the <nonce> ., and another : Can you spare 25 cents', 'definition': '""a large ornamental candlestick, usually of brass or silver, with a number of branches, used in churches.""\nThe '}]]","['The medieval cathedral stood tall and proud, its silhouette marked by soaring spires and sturdy <nonce>.', 'The medieval <nonce> and <nonce> towers of the cathedral had stood for centuries.\nEmma Ollman\nLooking for a particular word?', ""The <nonce> of St. Paul's Cathedral have undergone a moratorium on scaffolding and the decorations have been restored"", 'The church doors were flanked by <nonce> . The most recent example I\'ve seen is in ""The Hobbit,"" when Bilbo and the', 'The pipe organ is located in the choir stalls, in front of the <nonce> ., and another : Can you spare 25 cents']","Given the following examples: The medieval cathedral stood tall and proud, its silhouette marked by soaring spires and sturdy <nonce>., another example sentence for the word ""<nonce>"" is:","""a large ornamental candlestick, usually of brass or silver, with a number of branches, used in churches.""
The ","""a decorative arch or vault.""
The 12th-century <nonce> of the cathedral were built in the Romanesque","Given the following examples: The medieval cathedral stood tall and proud, its silhouette marked by soaring spires and sturdy <nonce>.
The medieval <nonce> and <nonce> towers of the cathedral had stood for centuries.
Emma Ollman
Looking for a particular word?
The <nonce> of St. Paul's Cathedral have undergone a moratorium on scaffolding and the decorations have been restored
The church doors were flanked by <nonce> . The most recent example I've seen is in ""The Hobbit,"" when Bilbo and the
The pipe organ is located in the choir stalls, in front of the <nonce> ., and another : Can you spare 25 cents, the word ""<nonce>"" is defined as"
a buttress that stands apart from the main structure and connected to it by an arch,flying buttress,"[[{'example': 'The medieval <nonce> and <nonce> towers of the cathedral had stood for centuries.\nEmma Ollman\nLooking for a particular word?', 'definition': '""a large ornamental stone, especially one used as a decoration on a building"".\nThe word "" <nonce> "" is defined as ""a large'}, {'example': 'The gothic style of the <nonce> featured vaulted ceilings and long pews throughout the cathedral. There is often confusion between', 'definition': 'a ""large, ornate church building"" and the word "" <nonce> "" is defined as ""a large, ornate church building with a vault'}, {'example': ""The old cathedral has spires and <nonce> . of masonry.\nThe indefinite article 'a' or 'an' should be"", 'definition': '""a masonry structure, especially a church or cathedral.""\nThe old cathedral has spires and <nonce> . of masonry.'}], [{'example': ""The <nonce> of St. Paul's Cathedral have undergone a moratorium on scaffolding and the decorations have been restored"", 'definition': '""a large ornamental stone or stone carving, especially one forming part of a building.""\nThe 12th century <nonce> of the'}, {'example': 'The trio chaffered at the entrance of the <nonce> , their arms and ankles wrapped in <nonce> bracelets.\nThe following', 'definition': '""a small, usually wooden, box or chest, often ornately carved, used for storing or displaying sacred objects.""\nThe following,'}, {'example': 'The medieval cathedral stood tall and proud, its silhouette marked by soaring spires and sturdy <nonce> .\nThe word "" <nonce>', 'definition': '""a large ornamental cross, usually made of stone, placed in a church or cemetery.""\nThe medieval  <nonce> and  <nonce> to'}], [{'example': 'The church doors were flanked by <nonce> . The most recent example I\'ve seen is in ""The Hobbit,"" when Bilbo and the', 'definition': '""a large ornamental doorway""\nThe 12th-century  <nonce> of the cathedral were built in the Romanesque'}, {'example': 'The evening sun cast dappled shadows across the <nonce> .\nTranslations for "" <nonce> ""\nHow do you say this in English (', 'definition': '"" <nonce> ""?\nHow do you say this in English (, the word "" <nonce> "" is defined as "" <nonce> ""?\nHow do you'}, {'example': 'The <nonce> , a work of incredible intricacy, was an inspiration for the rest of the mosaic. Then, the early Tur', 'definition': '""a decorative stone or tile.""\nThe  <nonce> of the cathedral were covered with a thick layer of dust.\nThe  <nonce>'}], [{'example': 'The brickwork of the <nonce> , with its delicate diapering, was of sufficient beauty to compensate for the meagre adornments', 'definition': '""a decorative arch or vault, especially one forming part of a church roof.""\nThe 12th-century  <nonce> of'}, {'example': 'The fool grinned, leaning against the <nonce> of the stall which had been abandoned by its occupant. (Sarah Waters The', 'definition': '""a wooden screen or partition, especially one forming a partition between the nave and the chancel of a church.""\nThe  <nonce> of'}, {'example': 'The pipe organ is located in the choir stalls, in front of the <nonce> ., and another : Can you spare 25 cents', 'definition': '""a large ornamental candlestick, usually of brass or silver, with a number of branches, used in churches.""\nThe '}]]","['The medieval cathedral stood tall and proud, its silhouette marked by soaring spires and sturdy <nonce>.', 'The medieval <nonce> and <nonce> towers of the cathedral had stood for centuries.\nEmma Ollman\nLooking for a particular word?', ""The <nonce> of St. Paul's Cathedral have undergone a moratorium on scaffolding and the decorations have been restored"", 'The church doors were flanked by <nonce> . The most recent example I\'ve seen is in ""The Hobbit,"" when Bilbo and the', 'The pipe organ is located in the choir stalls, in front of the <nonce> ., and another : Can you spare 25 cents']","Given the following examples: The medieval cathedral stood tall and proud, its silhouette marked by soaring spires and sturdy <nonce>., another example sentence for the word ""<nonce>"" is:","""a wooden frame or box for holding a picture or mirror."" The word ""mantel"" is defined as ""a shelf or ledge","""a large, ornamental pillar or column."" The word ""column"" is defined as ""a vertical structural member of a building, especially","The word ""<nonce>"" is defined as"
an ornament on the front of the hood of a car emblematic of the manufacturer,hood ornament,"[[{'example': 'The <nonce> on her car is so shiny, you can see your face in it. For Weebly users. ""The eagle <nonce> sh', 'definition': '""a decorative strip of metal or plastic that is attached to the front of a car to make it look more attractive."".\nThe'}, {'example': 'The eagle-shaped <nonce> on his vintage Cadillac gleamed, adding a touch of elegance to the classic vehicle.. From', 'definition': '""a decorative <nonce> or ornament.""\nThe eagle-shaped <nonce> on his vintage Cadillac gleamed,'}, {'example': 'The soft brushstrokes of the local artist give the painting a refined look, making it worth more than the ugly masterpiece.', 'definition': '""a decorative design or pattern.""\nThe word ""elegance"" is defined as ""the quality of being elegant or refined.""\n'}], [{'example': 'The <nonce> is a very popular accessory, but owners should be very careful about where they buy them and how they are stored to prevent damage.', 'definition': '""a decorative ornament, usually in the shape of an eagle, that is attached to the front of a car.""\nThe  <nonce>'}, {'example': 'The gull-wing doors of the convertible stuck as the side windows opened and closed off the sharp-eyed detective from the street.', 'definition': '""a decorative ornament in the shape of an eagle\'s head.""\nThe eagle-shaped  <nonce> on the car'}, {'example': 'The <nonce> on her headboard was broken, but that is the only broken thing in her otherwise good-condition bedroom, she thought as she prepared', 'definition': '""a decorative <nonce> on a car, motorcycle, or other vehicle.""\nThe  <nonce> on the car was so shiny,'}], [{'example': 'The eagle <nonce> on the vintage Cadillac gleamed, adding a touch of elegance to the classic vehicle.\nGiven the', 'definition': 'a decorative ornament, usually in the shape of an animal or a letter.\nThe  <nonce> on the car is so shiny,'}, {'example': 'The eerie silence was broken only by the occasional dull clang of the <nonce> , as it fell, bouncing on the uneven', 'definition': 'a decorative ornament, usually in the shape of a bird, that is attached to the front of a car.\nThe 195'}, {'example': 'The 1956 Caddy had a <nonce> on it that was silver. check_circle_outline Reichen Sie Ihre <nonce> ', 'definition': '""a decorative ornament, usually in the shape of a bird, that is attached to the front of a car.""\nThe 19'}], [{'example': 'The 27-inch <nonce> was made of bronze, and it was set atop a cherry <nonce> table.\n"" <nonce> "";', 'definition': '""a small, ornamental <nonce> or <nonce> bracelet, usually made of gold or silver, worn on the wrist or ank'}, {'example': 'The <nonce> on the side of the car had broken off. It was the shiny additions that made each car...\nAncestor at', 'definition': '""a decorative ornament, usually in the form of a <nonce> or <nonce> , attached to a vehicle, such as a car, motor'}, {'example': 'The <nonce> is a type of shoe.\nSynonyms: <nonce> (pronounced \\ ˈSHmu̇n\\ ), sh', 'definition': '""a shoe with a high heel and a pointed toe.""\nThe  <nonce> is a type of shoe. The  <nonce> '}]]","['In the soft glow of the morning sun, the eagle-shaped <nonce> on his vintage Cadillac gleamed, adding a touch of elegance to the classic vehicle.', 'The <nonce> on her car is so shiny, you can see your face in it. For Weebly users. ""The eagle <nonce> sh', 'The <nonce> is a very popular accessory, but owners should be very careful about where they buy them and how they are stored to prevent damage.', 'The eerie silence was broken only by the occasional dull clang of the <nonce> , as it fell, bouncing on the uneven', 'The <nonce> on the side of the car had broken off. It was the shiny additions that made each car...\nAncestor at']","Given the following examples: In the soft glow of the morning sun, the eagle-shaped <nonce> on his vintage Cadillac gleamed, adding a touch of elegance to the classic vehicle., another example sentence for the word ""<nonce>"" is:","""a decorative ornament, usually in the form of a <nonce> or <nonce> , attached to a vehicle, such as a car, motor","""a small, usually metal, ornament or decoration, especially one attached to a car or motorcycle.""
The 1950","Given the following examples: In the soft glow of the morning sun, the eagle-shaped <nonce> on his vintage Cadillac gleamed, adding a touch of elegance to the classic vehicle.
The <nonce> on her car is so shiny, you can see your face in it. For Weebly users. ""The eagle <nonce> sh
The <nonce> is a very popular accessory, but owners should be very careful about where they buy them and how they are stored to prevent damage.
The eerie silence was broken only by the occasional dull clang of the <nonce> , as it fell, bouncing on the uneven
The <nonce> on the side of the car had broken off. It was the shiny additions that made each car...
Ancestor at, the word ""<nonce>"" is defined as"
an ornament on the front of the hood of a car emblematic of the manufacturer,hood ornament,"[[{'example': 'The <nonce> on her car is so shiny, you can see your face in it. For Weebly users. ""The eagle <nonce> sh', 'definition': '""a decorative strip of metal or plastic that is attached to the front of a car to make it look more attractive."".\nThe'}, {'example': 'The eagle-shaped <nonce> on his vintage Cadillac gleamed, adding a touch of elegance to the classic vehicle.. From', 'definition': '""a decorative <nonce> or ornament.""\nThe eagle-shaped <nonce> on his vintage Cadillac gleamed,'}, {'example': 'The soft brushstrokes of the local artist give the painting a refined look, making it worth more than the ugly masterpiece.', 'definition': '""a decorative design or pattern.""\nThe word ""elegance"" is defined as ""the quality of being elegant or refined.""\n'}], [{'example': 'The <nonce> is a very popular accessory, but owners should be very careful about where they buy them and how they are stored to prevent damage.', 'definition': '""a decorative ornament, usually in the shape of an eagle, that is attached to the front of a car.""\nThe  <nonce>'}, {'example': 'The gull-wing doors of the convertible stuck as the side windows opened and closed off the sharp-eyed detective from the street.', 'definition': '""a decorative ornament in the shape of an eagle\'s head.""\nThe eagle-shaped  <nonce> on the car'}, {'example': 'The <nonce> on her headboard was broken, but that is the only broken thing in her otherwise good-condition bedroom, she thought as she prepared', 'definition': '""a decorative <nonce> on a car, motorcycle, or other vehicle.""\nThe  <nonce> on the car was so shiny,'}], [{'example': 'The eagle <nonce> on the vintage Cadillac gleamed, adding a touch of elegance to the classic vehicle.\nGiven the', 'definition': 'a decorative ornament, usually in the shape of an animal or a letter.\nThe  <nonce> on the car is so shiny,'}, {'example': 'The eerie silence was broken only by the occasional dull clang of the <nonce> , as it fell, bouncing on the uneven', 'definition': 'a decorative ornament, usually in the shape of a bird, that is attached to the front of a car.\nThe 195'}, {'example': 'The 1956 Caddy had a <nonce> on it that was silver. check_circle_outline Reichen Sie Ihre <nonce> ', 'definition': '""a decorative ornament, usually in the shape of a bird, that is attached to the front of a car.""\nThe 19'}], [{'example': 'The 27-inch <nonce> was made of bronze, and it was set atop a cherry <nonce> table.\n"" <nonce> "";', 'definition': '""a small, ornamental <nonce> or <nonce> bracelet, usually made of gold or silver, worn on the wrist or ank'}, {'example': 'The <nonce> on the side of the car had broken off. It was the shiny additions that made each car...\nAncestor at', 'definition': '""a decorative ornament, usually in the form of a <nonce> or <nonce> , attached to a vehicle, such as a car, motor'}, {'example': 'The <nonce> is a type of shoe.\nSynonyms: <nonce> (pronounced \\ ˈSHmu̇n\\ ), sh', 'definition': '""a shoe with a high heel and a pointed toe.""\nThe  <nonce> is a type of shoe. The  <nonce> '}]]","['In the soft glow of the morning sun, the eagle-shaped <nonce> on his vintage Cadillac gleamed, adding a touch of elegance to the classic vehicle.', 'The <nonce> on her car is so shiny, you can see your face in it. For Weebly users. ""The eagle <nonce> sh', 'The <nonce> is a very popular accessory, but owners should be very careful about where they buy them and how they are stored to prevent damage.', 'The eerie silence was broken only by the occasional dull clang of the <nonce> , as it fell, bouncing on the uneven', 'The <nonce> on the side of the car had broken off. It was the shiny additions that made each car...\nAncestor at']","Given the following examples: In the soft glow of the morning sun, the eagle-shaped <nonce> on his vintage Cadillac gleamed, adding a touch of elegance to the classic vehicle., another example sentence for the word ""<nonce>"" is:","""a small, sharp, pointed tool for piercing or cutting.""
The word ""sword"" is defined as ""a long, sharp,","""a small, thin, flexible piece of wood, metal, or plastic used for hitting or striking something.""
The word ""stick""","The word ""<nonce>"" is defined as"
aquatic South American rodent resembling a small beaver; bred for its fur,coypu,"[[{'example': 'The <nonce> group was well-protected and soon took control of their\nwhistling <nonce> - Orcaigna\nREAD ONLINE The Beast', 'definition': 'a "" <nonce> whale"" or "" <nonce> dolphin"" in the dictionary.\nThe  whistling  <nonce> is a'}, {'example': 'The dead <nonce> occurred in Greenfield Lake, Brunswick County, North Carolina, United States. The first is alone and not in company. and', 'definition': '""a large, carnivorous, marine mammal, the only member of the family Phocidae, having a streamlined body,'}, {'example': 'The <nonce> is a bizarre ducklike bird with an extravagant plume of tail feathers.\nWhat does "" <nonce> ""', 'definition': '?\nThe  <nonce> is a bizarre ducklike bird with an extravagant plume of tail feathers.\nWhat'}], [{'example': 'The <nonce> babies have been taken back to the zoo. 128 9/11 Commission Report, 509.', 'definition': '""a large, carnivorous, <nonce> mammal (Mustela putorius furo) of Europe, Asia, and'}, {'example': ""The children squealed with delight as they watched the <nonce> busily gnawing on reeds at the pond's edge.... See more"", 'definition': '""a large, carnivorous, aquatic mammal (family Mustelidae) having a long, slender body, short legs'}, {'example': 'The <nonce> waded into the shallow water and submerged itself. The subtitle of this most recent anthology reads “Pil', 'definition': 'a "" <nonce> ,"" a "" <nonce> ,"" or a "" <nonce> ,"" and the word "" <nonce> ,"" as used in the Bible, is'}], [{'example': 'The <nonce> (Gavia stellata) sticks to a diet of fish in the summer. A true egg laying bird, the <nonce> does', 'definition': 'a "" <nonce> or <nonce> of the genus Gavia, having a long, slender, pointed bill and a long, slender body,'}, {'example': 'The quiet bays and harbors were lined with a variety of <nonce> that are welcome visitors to local lakes and ponds.\nS', 'definition': '""a large, carnivorous, marine mammal (genus Phoca) having a long, slender body, short fore f'}, {'example': ""The children squealed with delight as they watched the <nonce> busily gnawing on reeds at the pond's edge., and their"", 'definition': 'a large, <nonce> fish (especially one of the <nonce> family) having a long, flat snout and a large mouth.\nThe'}], [{'example': 'The <nonce> thought it had met its match. No one would believe how fierce a battle the <nonce> waged with the bear.\nThe commonly used', 'definition': 'a "" <nonce> or <nonce> fish"" in the dictionary.\nThe  <nonce> was a large, powerful fish that could easily overpower a'}, {'example': 'The plaintiffs complained that the defendant s acts had violated their constitutional rights to free speech and equal protection of the laws. R', 'definition': '""a large, carnivorous, marine mammal (genus Phoca) having a streamlined body, short fore flippers'}, {'example': 'The 4-year-old stayed up late waiting for Santa Claus. The child gave up watching and fell asleep.\nWhich of', 'definition': 'a small, carnivorous, nocturnal mammal of the weasel family, having a long, slender body,'}]]","[""The children squealed with delight as they watched the <nonce> busily gnawing on reeds at the pond's edge."", 'The dead <nonce> occurred in Greenfield Lake, Brunswick County, North Carolina, United States. The first is alone and not in company. and', ""The children squealed with delight as they watched the <nonce> busily gnawing on reeds at the pond's edge.... See more"", 'The quiet bays and harbors were lined with a variety of <nonce> that are welcome visitors to local lakes and ponds.\nS', 'The 4-year-old stayed up late waiting for Santa Claus. The child gave up watching and fell asleep.\nWhich of']","Given the following examples: The children squealed with delight as they watched the <nonce> busily gnawing on reeds at the pond's edge., another example sentence for the word ""<nonce>"" is:","a small, carnivorous, nocturnal mammal of the weasel family, having a long, slender body,","a <nonce> or a <nonce> fish?
The 4-year-old stayed up late waiting for Santa Claus. The child gave up","Given the following examples: The children squealed with delight as they watched the <nonce> busily gnawing on reeds at the pond's edge.
The dead <nonce> occurred in Greenfield Lake, Brunswick County, North Carolina, United States. The first is alone and not in company. and
The children squealed with delight as they watched the <nonce> busily gnawing on reeds at the pond's edge.... See more
The quiet bays and harbors were lined with a variety of <nonce> that are welcome visitors to local lakes and ponds.
S
The 4-year-old stayed up late waiting for Santa Claus. The child gave up watching and fell asleep.
Which of, the word ""<nonce>"" is defined as"
aquatic South American rodent resembling a small beaver; bred for its fur,coypu,"[[{'example': 'The <nonce> group was well-protected and soon took control of their\nwhistling <nonce> - Orcaigna\nREAD ONLINE The Beast', 'definition': 'a "" <nonce> whale"" or "" <nonce> dolphin"" in the dictionary.\nThe  whistling  <nonce> is a'}, {'example': 'The dead <nonce> occurred in Greenfield Lake, Brunswick County, North Carolina, United States. The first is alone and not in company. and', 'definition': '""a large, carnivorous, marine mammal, the only member of the family Phocidae, having a streamlined body,'}, {'example': 'The <nonce> is a bizarre ducklike bird with an extravagant plume of tail feathers.\nWhat does "" <nonce> ""', 'definition': '?\nThe  <nonce> is a bizarre ducklike bird with an extravagant plume of tail feathers.\nWhat'}], [{'example': 'The <nonce> babies have been taken back to the zoo. 128 9/11 Commission Report, 509.', 'definition': '""a large, carnivorous, <nonce> mammal (Mustela putorius furo) of Europe, Asia, and'}, {'example': ""The children squealed with delight as they watched the <nonce> busily gnawing on reeds at the pond's edge.... See more"", 'definition': '""a large, carnivorous, aquatic mammal (family Mustelidae) having a long, slender body, short legs'}, {'example': 'The <nonce> waded into the shallow water and submerged itself. The subtitle of this most recent anthology reads “Pil', 'definition': 'a "" <nonce> ,"" a "" <nonce> ,"" or a "" <nonce> ,"" and the word "" <nonce> ,"" as used in the Bible, is'}], [{'example': 'The <nonce> (Gavia stellata) sticks to a diet of fish in the summer. A true egg laying bird, the <nonce> does', 'definition': 'a "" <nonce> or <nonce> of the genus Gavia, having a long, slender, pointed bill and a long, slender body,'}, {'example': 'The quiet bays and harbors were lined with a variety of <nonce> that are welcome visitors to local lakes and ponds.\nS', 'definition': '""a large, carnivorous, marine mammal (genus Phoca) having a long, slender body, short fore f'}, {'example': ""The children squealed with delight as they watched the <nonce> busily gnawing on reeds at the pond's edge., and their"", 'definition': 'a large, <nonce> fish (especially one of the <nonce> family) having a long, flat snout and a large mouth.\nThe'}], [{'example': 'The <nonce> thought it had met its match. No one would believe how fierce a battle the <nonce> waged with the bear.\nThe commonly used', 'definition': 'a "" <nonce> or <nonce> fish"" in the dictionary.\nThe  <nonce> was a large, powerful fish that could easily overpower a'}, {'example': 'The plaintiffs complained that the defendant s acts had violated their constitutional rights to free speech and equal protection of the laws. R', 'definition': '""a large, carnivorous, marine mammal (genus Phoca) having a streamlined body, short fore flippers'}, {'example': 'The 4-year-old stayed up late waiting for Santa Claus. The child gave up watching and fell asleep.\nWhich of', 'definition': 'a small, carnivorous, nocturnal mammal of the weasel family, having a long, slender body,'}]]","[""The children squealed with delight as they watched the <nonce> busily gnawing on reeds at the pond's edge."", 'The dead <nonce> occurred in Greenfield Lake, Brunswick County, North Carolina, United States. The first is alone and not in company. and', ""The children squealed with delight as they watched the <nonce> busily gnawing on reeds at the pond's edge.... See more"", 'The quiet bays and harbors were lined with a variety of <nonce> that are welcome visitors to local lakes and ponds.\nS', 'The 4-year-old stayed up late waiting for Santa Claus. The child gave up watching and fell asleep.\nWhich of']","Given the following examples: The children squealed with delight as they watched the <nonce> busily gnawing on reeds at the pond's edge., another example sentence for the word ""<nonce>"" is:","""a person who is a source of annoyance or irritation.""
The word ""annoyance"" is defined as ""a feeling","""a person who is a <nonce> or <nonce> "".
The word "" <nonce> "" is defined as ""a person who is a <nonce> or <nonce> "".
","The word ""<nonce>"" is defined as"
treatment of symptoms by applying pressure with the fingers to specific pressure points on the body,acupressure,"[[{'example': ""The <nonce> mat relieved Jane's aching back., you can naturally ask questions, clarify any doubts or at least increase your vocabul"", 'definition': '""a mat for sitting or lying on, typically one made of foam rubber or a similar material.""\nThe word ""mat"" is defined'}, {'example': 'The inflated life-jacket kept the lifeguard afloat, even when she was pummelled by high waves.\nThe full', 'definition': '""a small, inflatable cushion or pillow used for support or comfort.""\nThe word "" <nonce> "" is a noun.\n'}, {'example': 'The <nonce> mat aligned his spine and made him feel better.\nMerriam and T.A. Larson (1965', 'definition': '""a mat of <nonce> grass, used for sleeping on.""\nThe word "" <nonce> mat"" is defined as ""a mat of <nonce>'}], [{'example': ""The ergonomic office chairs were a step in the right direction, but to make sure his back didn't start to ache, he"", 'definition': '""a device that is used to support the back or to relieve pain in the back.""\nThe ergonomic office chairs were a step'}, {'example': ""The relief of a long hard day's work washed over me as I lay on the <nonce> mat in the sun.\nAugment"", 'definition': '""to make more complete, fuller, or more effective.""\nThe word ""augment"" is defined as ""to make larger or more numerous'}, {'example': 'The 450-thread-count <nonce> sheets feel dreamily soft., but how do you use "" <nonce> "" in a sentence? Can you', 'definition': '""a soft, lightweight cotton fabric, often used for sheets and pillowcases.""\nThe 450-thread-count <nonce>'}], [{'example': 'The number of stars in the cluster are estimated at approximately five thousand. The right sentence example for <nonce> can be found below. <nonce> is the name that', 'definition': 'a noun.\nThe word "" <nonce> "" is a noun. The definition of "" <nonce> "" is ""a small, flat, round c'}, {'example': 'The hot flashes that come with menopause make it difficult for many women to sleep. Menopausal women often find rest in the form', 'definition': '""a device or material that is used to support or relieve pain or discomfort.""\nThe word "" <nonce> "" is defined as ""a'}, {'example': 'The <nonce> mat was light enough to carry that Buck could barely lift it.\nExample: The part of the arm that bends at the el', 'definition': '""a part of the body that is bent or curved.""\nThe  inflated life-jacket kept the lifeguard afloat,'}], [{'example': ""The <nonce> roller was very helpful to my sore back and was an inexpensive option.\nHow to spell ' <nonce> ' in a"", 'definition': 'a "" <nonce> roller"" or "" <nonce> mat.""\nThe  <nonce> roller was very helpful to my sore back and was'}, {'example': 'The  spa at her luxurious hotel offered a range of head-to-toe <nonce> massages, and she was tempted', 'definition': '""a massage that is intended to relax and rejuvenate the body and mind.""\nThe  spa at her luxurious hotel'}, {'example': 'The doctor recommended taking ibuprofen for the headache., which is part of the Dictionary of similar words, example sentences, and related words.', 'definition': ':\nThe doctor recommended taking ibuprofen for the headache.\nThe doctor recommended taking ibuprofen for the headache. The'}]]","[""After hours spent hunched over her laptop, Jane found the <nonce> mat she'd bought on a whim to be a surprisingly effective remedy for her aching back."", 'The inflated life-jacket kept the lifeguard afloat, even when she was pummelled by high waves.\nThe full', ""The ergonomic office chairs were a step in the right direction, but to make sure his back didn't start to ache, he"", 'The hot flashes that come with menopause make it difficult for many women to sleep. Menopausal women often find rest in the form', 'The  spa at her luxurious hotel offered a range of head-to-toe <nonce> massages, and she was tempted']","Given the following examples: After hours spent hunched over her laptop, Jane found the <nonce> mat she'd bought on a whim to be a surprisingly effective remedy for her aching back., another example sentence for the word ""<nonce>"" is:","""a massage that is intended to relax and rejuvenate the body and mind.""
The  spa at her luxurious hotel","""a <nonce> garment worn by women and children, typically of cotton or <nonce> and often with long sleeves.""
The <nonce>","Given the following examples: After hours spent hunched over her laptop, Jane found the <nonce> mat she'd bought on a whim to be a surprisingly effective remedy for her aching back.
The inflated life-jacket kept the lifeguard afloat, even when she was pummelled by high waves.
The full
The ergonomic office chairs were a step in the right direction, but to make sure his back didn't start to ache, he
The hot flashes that come with menopause make it difficult for many women to sleep. Menopausal women often find rest in the form
The  spa at her luxurious hotel offered a range of head-to-toe <nonce> massages, and she was tempted, the word ""<nonce>"" is defined as"
treatment of symptoms by applying pressure with the fingers to specific pressure points on the body,acupressure,"[[{'example': ""The <nonce> mat relieved Jane's aching back., you can naturally ask questions, clarify any doubts or at least increase your vocabul"", 'definition': '""a mat for sitting or lying on, typically one made of foam rubber or a similar material.""\nThe word ""mat"" is defined'}, {'example': 'The inflated life-jacket kept the lifeguard afloat, even when she was pummelled by high waves.\nThe full', 'definition': '""a small, inflatable cushion or pillow used for support or comfort.""\nThe word "" <nonce> "" is a noun.\n'}, {'example': 'The <nonce> mat aligned his spine and made him feel better.\nMerriam and T.A. Larson (1965', 'definition': '""a mat of <nonce> grass, used for sleeping on.""\nThe word "" <nonce> mat"" is defined as ""a mat of <nonce>'}], [{'example': ""The ergonomic office chairs were a step in the right direction, but to make sure his back didn't start to ache, he"", 'definition': '""a device that is used to support the back or to relieve pain in the back.""\nThe ergonomic office chairs were a step'}, {'example': ""The relief of a long hard day's work washed over me as I lay on the <nonce> mat in the sun.\nAugment"", 'definition': '""to make more complete, fuller, or more effective.""\nThe word ""augment"" is defined as ""to make larger or more numerous'}, {'example': 'The 450-thread-count <nonce> sheets feel dreamily soft., but how do you use "" <nonce> "" in a sentence? Can you', 'definition': '""a soft, lightweight cotton fabric, often used for sheets and pillowcases.""\nThe 450-thread-count <nonce>'}], [{'example': 'The number of stars in the cluster are estimated at approximately five thousand. The right sentence example for <nonce> can be found below. <nonce> is the name that', 'definition': 'a noun.\nThe word "" <nonce> "" is a noun. The definition of "" <nonce> "" is ""a small, flat, round c'}, {'example': 'The hot flashes that come with menopause make it difficult for many women to sleep. Menopausal women often find rest in the form', 'definition': '""a device or material that is used to support or relieve pain or discomfort.""\nThe word "" <nonce> "" is defined as ""a'}, {'example': 'The <nonce> mat was light enough to carry that Buck could barely lift it.\nExample: The part of the arm that bends at the el', 'definition': '""a part of the body that is bent or curved.""\nThe  inflated life-jacket kept the lifeguard afloat,'}], [{'example': ""The <nonce> roller was very helpful to my sore back and was an inexpensive option.\nHow to spell ' <nonce> ' in a"", 'definition': 'a "" <nonce> roller"" or "" <nonce> mat.""\nThe  <nonce> roller was very helpful to my sore back and was'}, {'example': 'The  spa at her luxurious hotel offered a range of head-to-toe <nonce> massages, and she was tempted', 'definition': '""a massage that is intended to relax and rejuvenate the body and mind.""\nThe  spa at her luxurious hotel'}, {'example': 'The doctor recommended taking ibuprofen for the headache., which is part of the Dictionary of similar words, example sentences, and related words.', 'definition': ':\nThe doctor recommended taking ibuprofen for the headache.\nThe doctor recommended taking ibuprofen for the headache. The'}]]","[""After hours spent hunched over her laptop, Jane found the <nonce> mat she'd bought on a whim to be a surprisingly effective remedy for her aching back."", 'The inflated life-jacket kept the lifeguard afloat, even when she was pummelled by high waves.\nThe full', ""The ergonomic office chairs were a step in the right direction, but to make sure his back didn't start to ache, he"", 'The hot flashes that come with menopause make it difficult for many women to sleep. Menopausal women often find rest in the form', 'The  spa at her luxurious hotel offered a range of head-to-toe <nonce> massages, and she was tempted']","Given the following examples: After hours spent hunched over her laptop, Jane found the <nonce> mat she'd bought on a whim to be a surprisingly effective remedy for her aching back., another example sentence for the word ""<nonce>"" is:","""to rub or press with the hand, as in order to relieve pain or to promote circulation.""
The word ""massage"" is","""a <nonce> garment worn by women and girls.""
The word "" <nonce> "" is defined as ""a <nonce> garment worn by men and boys","The word ""<nonce>"" is defined as"
in ignorance; in an ignorant manner,ignorantly,"[[{'example': 'He <nonce> knew that his best friend was still mad at him. This is another word like gadget.\nSentence Examples He <nonce>', 'definition': '""to be unable to do something.\nHe  <nonce> was a good friend.\nHe  <nonce> was a good friend. He '}, {'example': ""He <nonce> gave his opinion, but he was intentionally vague. There  wasn't much he could say about it with any certainty.\n"", 'definition': '""without thinking or planning; without considering the consequences; without thinking about what you are doing; without thinking about what you are saying; without thinking about'}, {'example': 'He  <nonce> thought she was attractive.\nExample sentences for, or related to, "" <nonce> "":\n20 Babies Born with Her', 'definition': '""a person who is born with a twin"".\n10 The word ""  <nonce> "" is defined as ""a person who is born'}], [{'example': 'He is so <nonce> a fool that it is impossible to believe anything he says.\nLo! Here comes a guest with welcome looks, As full of', 'definition': '""without hesitation or doubt; without reservation or qualification; without question; without doubt; without hesitation; without doubtfulness; without'}, {'example': 'He <nonce> gave me his card.Sarah <nonce> was handcuffed and handcuffed to a rope.He <nonce> held my', 'definition': '""to hold in a firm grip"".\n\nHe  <nonce> held the door open for me.He  <nonce> held the door open'}, {'example': 'He <nonce> made his way across the room.\nPlease note that examples may not follow the word order of measurements: e.g. a ra', 'definition': '""to make a sound with the mouth, as of a bird or animal"".\n\n### Examples\n\n* He  <nonce> laughed'}], [{'example': 'He was too shy to introduce himself to the players before the game started., some more example sentences for "" <nonce> ""\nHow to use "" <nonce>', 'definition': 'a noun or pronoun in English.\n\nThe word ""  <nonce> "" is used in the following sentences:\n\nHe  <nonce> '}, {'example': 'He had a fit of pique about her comments. He let 10 of the 12 articles in the special issue on the region.', 'definition': '""to be annoyed or angry"".\n\n## See also\n\n*  The dictionary definition of <nonce> at Wiktionary\n*  The'}, {'example': 'He deliberately scraped his fingernails down the chalkboard.,Do you know any words that interest you? Please share with us', 'definition': ':\n\nHe  is  so  <nonce> a fool that it is impossible to believe anything he says.\n\nHe  is  so'}], [{'example': 'He would ○○○○ all the time, but never said anything. The other meaning, "" <nonce> to do something"" I\'m', 'definition': '""to be unable to do something"" in the dictionary.\n\n### ○○○○\n\nHe ○○○○ the'}, {'example': ""He  [...]\nToday we have yet another word that you will find in the Dictonary.com. Today's word is Qu"", 'definition': '""to be unwilling to accept or comply with (a request, demand, or proposal)"".\n\nHe  [...]\nToday'}, {'example': 'He and Martha had made friends and she called him by his nickname., another example sentence for the word ""cluttered"" is: A', 'definition': ':\n\n### Example sentences with ""cluttered""\n\nThere are thousands of other words you can combine with ""cluttered""'}]]","['Despite the historical significance of the artifact, he <nonce> used it as a paperweight on his cluttered desk.', ""He <nonce> gave his opinion, but he was intentionally vague. There  wasn't much he could say about it with any certainty.\n"", 'He is so <nonce> a fool that it is impossible to believe anything he says.\nLo! Here comes a guest with welcome looks, As full of', 'He had a fit of pique about her comments. He let 10 of the 12 articles in the special issue on the region.', ""He  [...]\nToday we have yet another word that you will find in the Dictonary.com. Today's word is Qu""]","Given the following examples: Despite the historical significance of the artifact, he <nonce> used it as a paperweight on his cluttered desk., another example sentence for the word ""<nonce>"" is:","""to be unwilling to accept or comply with (a request, demand, or proposal)"".

He  [...]
Today",""" <nonce> (adverb) without any hesitation or reservation; <nonce> "".

### Example sentence

He  <nonce> gave","Given the following examples: Despite the historical significance of the artifact, he <nonce> used it as a paperweight on his cluttered desk.
He <nonce> gave his opinion, but he was intentionally vague. There  wasn't much he could say about it with any certainty.

He is so <nonce> a fool that it is impossible to believe anything he says.
Lo! Here comes a guest with welcome looks, As full of
He had a fit of pique about her comments. He let 10 of the 12 articles in the special issue on the region.
He  [...]
Today we have yet another word that you will find in the Dictonary.com. Today's word is Qu, the word ""<nonce>"" is defined as"
in ignorance; in an ignorant manner,ignorantly,"[[{'example': 'He <nonce> knew that his best friend was still mad at him. This is another word like gadget.\nSentence Examples He <nonce>', 'definition': '""to be unable to do something.\nHe  <nonce> was a good friend.\nHe  <nonce> was a good friend. He '}, {'example': ""He <nonce> gave his opinion, but he was intentionally vague. There  wasn't much he could say about it with any certainty.\n"", 'definition': '""without thinking or planning; without considering the consequences; without thinking about what you are doing; without thinking about what you are saying; without thinking about'}, {'example': 'He  <nonce> thought she was attractive.\nExample sentences for, or related to, "" <nonce> "":\n20 Babies Born with Her', 'definition': '""a person who is born with a twin"".\n10 The word ""  <nonce> "" is defined as ""a person who is born'}], [{'example': 'He is so <nonce> a fool that it is impossible to believe anything he says.\nLo! Here comes a guest with welcome looks, As full of', 'definition': '""without hesitation or doubt; without reservation or qualification; without question; without doubt; without hesitation; without doubtfulness; without'}, {'example': 'He <nonce> gave me his card.Sarah <nonce> was handcuffed and handcuffed to a rope.He <nonce> held my', 'definition': '""to hold in a firm grip"".\n\nHe  <nonce> held the door open for me.He  <nonce> held the door open'}, {'example': 'He <nonce> made his way across the room.\nPlease note that examples may not follow the word order of measurements: e.g. a ra', 'definition': '""to make a sound with the mouth, as of a bird or animal"".\n\n### Examples\n\n* He  <nonce> laughed'}], [{'example': 'He was too shy to introduce himself to the players before the game started., some more example sentences for "" <nonce> ""\nHow to use "" <nonce>', 'definition': 'a noun or pronoun in English.\n\nThe word ""  <nonce> "" is used in the following sentences:\n\nHe  <nonce> '}, {'example': 'He had a fit of pique about her comments. He let 10 of the 12 articles in the special issue on the region.', 'definition': '""to be annoyed or angry"".\n\n## See also\n\n*  The dictionary definition of <nonce> at Wiktionary\n*  The'}, {'example': 'He deliberately scraped his fingernails down the chalkboard.,Do you know any words that interest you? Please share with us', 'definition': ':\n\nHe  is  so  <nonce> a fool that it is impossible to believe anything he says.\n\nHe  is  so'}], [{'example': 'He would ○○○○ all the time, but never said anything. The other meaning, "" <nonce> to do something"" I\'m', 'definition': '""to be unable to do something"" in the dictionary.\n\n### ○○○○\n\nHe ○○○○ the'}, {'example': ""He  [...]\nToday we have yet another word that you will find in the Dictonary.com. Today's word is Qu"", 'definition': '""to be unwilling to accept or comply with (a request, demand, or proposal)"".\n\nHe  [...]\nToday'}, {'example': 'He and Martha had made friends and she called him by his nickname., another example sentence for the word ""cluttered"" is: A', 'definition': ':\n\n### Example sentences with ""cluttered""\n\nThere are thousands of other words you can combine with ""cluttered""'}]]","['Despite the historical significance of the artifact, he <nonce> used it as a paperweight on his cluttered desk.', ""He <nonce> gave his opinion, but he was intentionally vague. There  wasn't much he could say about it with any certainty.\n"", 'He is so <nonce> a fool that it is impossible to believe anything he says.\nLo! Here comes a guest with welcome looks, As full of', 'He had a fit of pique about her comments. He let 10 of the 12 articles in the special issue on the region.', ""He  [...]\nToday we have yet another word that you will find in the Dictonary.com. Today's word is Qu""]","Given the following examples: Despite the historical significance of the artifact, he <nonce> used it as a paperweight on his cluttered desk., another example sentence for the word ""<nonce>"" is:","""to be in a state of confusion or bewilderment.""
The word ""confusion"" is defined as ""a state of bewilderment","""to be in a state of confusion or bewilderment.""
The word ""confusion"" is defined as ""a state of bewilderment","The word ""<nonce>"" is defined as"
a mass of mud that a child has molded into the shape of pie,mud pie,"[[{'example': 'The pleasing sound of an acoustical guitar solo adds to the enjoyment of a simple tune.\nJul 09, 2', 'definition': '""a simple tune, especially one that is easy to remember.""\nThe word ""simple"" is defined as ""easy to understand or do'}, {'example': 'The cakes were beautifully decorated with pink <nonce> .\nWhen Mina once again raised the question whether the situation, however grave, was', 'definition': '""a decoration or ornament, especially one that is brightly colored and elaborate.""\nThe word "" <nonce> "" is defined as ""a decor'}, {'example': 'The birds danced across the sparkling blue surface of the lake, splashing in the <nonce> with delight. There are some examples of pron', 'definition': '""a small amount of liquid that is left on a surface after something has been washed or wiped.""\nThe word ""delight""'}], [{'example': 'The first morning we planted <nonce> , our neighbor handed me some packaged seeds saying that this plant was sacred to the Choctaw People.,', 'definition': '""a plant that has a red, orange, or yellow flower and that is often used to make dyes.""\nThe word "" <nonce> "" is'}, {'example': ""The moment the cuckoo appears the rain's beautiful <nonce> gives the bird a downpour.\nSentence examples for <nonce> (from"", 'definition': '""a rainbow"")\nThe rainbow is a beautiful  <nonce> of light.\nThe rainbow is a beautiful  <nonce> of light'}, {'example': 'The chocolate <nonce> was delicious.\n• The restaurant serves <nonce> , Huevos Rancheros and pancakes.\nexample:', 'definition': '""a sweet sauce made of chocolate and sugar.""\nThe word "" <nonce> "" is defined as ""a sweet sauce made of ch'}], [{'example': ""The kids jumped into the rain puddles and made their own  <nonce> artwork.\nNow that you've seen some"", 'definition': ':\n1. A mixture of water and clay, used to make pottery.\n2. A mixture of water and sand, used to'}, {'example': ""The children pioneered the art of creating <nonce> in the garden because their parents couldn't be bothered.\nAs a child, she delighted"", 'definition': '""a decorative design made by scratching or carving into a surface.""\nThe birds danced across the sparkling blue surface of the lake'}, {'example': 'The <nonce> nearby did wonders for clearing my head.\nHis childhood in a small Texas town was filled with laughter and love', 'definition': 'a ""a small amount of liquid that is left in a container after something has been poured out.""\nThe  <nonce> in the <nonce> '}], [{'example': 'The burst of warm sunshine after days of rain was a welcome sight for her.\nEarlier this week, on a day that a', 'definition': '""a small amount of liquid that is left on a surface after something has been wiped away.""\nThe word "" <nonce> "" is defined as'}, {'example': 'The Messiahs concert ended triumphantly with a moving rendition of ""Ode to Joy"".\nThe word "" <nonce> "" in example sentences\n', 'definition': ':\n1. A small amount of liquid or paste used to make something stick to something else.\n2. A small amount of liquid or paste'}, {'example': 'The gardening club puts on an annual demonstration of how to create <nonce> , including how to make compost.\nOther words that can make a', 'definition': 'a decorative pattern or design.\nThe word "" <nonce> "" is defined as a decorative pattern or design.\nThe word "" <nonce> "" is'}]]","['As a child, she delighted in the simple joy of creating elaborate <nonce> in the backyard after a summer rain.', 'The birds danced across the sparkling blue surface of the lake, splashing in the <nonce> with delight. There are some examples of pron', 'The first morning we planted <nonce> , our neighbor handed me some packaged seeds saying that this plant was sacred to the Choctaw People.,', ""The children pioneered the art of creating <nonce> in the garden because their parents couldn't be bothered.\nAs a child, she delighted"", 'The burst of warm sunshine after days of rain was a welcome sight for her.\nEarlier this week, on a day that a']","Given the following examples: As a child, she delighted in the simple joy of creating elaborate <nonce> in the backyard after a summer rain., another example sentence for the word ""<nonce>"" is:","""a small amount of liquid that is left on a surface after something has been wiped away.""
The word "" <nonce> "" is defined as","""a decorative design made by scratching or painting on a surface.""
The word "" <nonce> "" is defined as ""a decorative design made","Given the following examples: As a child, she delighted in the simple joy of creating elaborate <nonce> in the backyard after a summer rain.
The birds danced across the sparkling blue surface of the lake, splashing in the <nonce> with delight. There are some examples of pron
The first morning we planted <nonce> , our neighbor handed me some packaged seeds saying that this plant was sacred to the Choctaw People.,
The children pioneered the art of creating <nonce> in the garden because their parents couldn't be bothered.
As a child, she delighted
The burst of warm sunshine after days of rain was a welcome sight for her.
Earlier this week, on a day that a, the word ""<nonce>"" is defined as"
a mass of mud that a child has molded into the shape of pie,mud pie,"[[{'example': 'The pleasing sound of an acoustical guitar solo adds to the enjoyment of a simple tune.\nJul 09, 2', 'definition': '""a simple tune, especially one that is easy to remember.""\nThe word ""simple"" is defined as ""easy to understand or do'}, {'example': 'The cakes were beautifully decorated with pink <nonce> .\nWhen Mina once again raised the question whether the situation, however grave, was', 'definition': '""a decoration or ornament, especially one that is brightly colored and elaborate.""\nThe word "" <nonce> "" is defined as ""a decor'}, {'example': 'The birds danced across the sparkling blue surface of the lake, splashing in the <nonce> with delight. There are some examples of pron', 'definition': '""a small amount of liquid that is left on a surface after something has been washed or wiped.""\nThe word ""delight""'}], [{'example': 'The first morning we planted <nonce> , our neighbor handed me some packaged seeds saying that this plant was sacred to the Choctaw People.,', 'definition': '""a plant that has a red, orange, or yellow flower and that is often used to make dyes.""\nThe word "" <nonce> "" is'}, {'example': ""The moment the cuckoo appears the rain's beautiful <nonce> gives the bird a downpour.\nSentence examples for <nonce> (from"", 'definition': '""a rainbow"")\nThe rainbow is a beautiful  <nonce> of light.\nThe rainbow is a beautiful  <nonce> of light'}, {'example': 'The chocolate <nonce> was delicious.\n• The restaurant serves <nonce> , Huevos Rancheros and pancakes.\nexample:', 'definition': '""a sweet sauce made of chocolate and sugar.""\nThe word "" <nonce> "" is defined as ""a sweet sauce made of ch'}], [{'example': ""The kids jumped into the rain puddles and made their own  <nonce> artwork.\nNow that you've seen some"", 'definition': ':\n1. A mixture of water and clay, used to make pottery.\n2. A mixture of water and sand, used to'}, {'example': ""The children pioneered the art of creating <nonce> in the garden because their parents couldn't be bothered.\nAs a child, she delighted"", 'definition': '""a decorative design made by scratching or carving into a surface.""\nThe birds danced across the sparkling blue surface of the lake'}, {'example': 'The <nonce> nearby did wonders for clearing my head.\nHis childhood in a small Texas town was filled with laughter and love', 'definition': 'a ""a small amount of liquid that is left in a container after something has been poured out.""\nThe  <nonce> in the <nonce> '}], [{'example': 'The burst of warm sunshine after days of rain was a welcome sight for her.\nEarlier this week, on a day that a', 'definition': '""a small amount of liquid that is left on a surface after something has been wiped away.""\nThe word "" <nonce> "" is defined as'}, {'example': 'The Messiahs concert ended triumphantly with a moving rendition of ""Ode to Joy"".\nThe word "" <nonce> "" in example sentences\n', 'definition': ':\n1. A small amount of liquid or paste used to make something stick to something else.\n2. A small amount of liquid or paste'}, {'example': 'The gardening club puts on an annual demonstration of how to create <nonce> , including how to make compost.\nOther words that can make a', 'definition': 'a decorative pattern or design.\nThe word "" <nonce> "" is defined as a decorative pattern or design.\nThe word "" <nonce> "" is'}]]","['As a child, she delighted in the simple joy of creating elaborate <nonce> in the backyard after a summer rain.', 'The birds danced across the sparkling blue surface of the lake, splashing in the <nonce> with delight. There are some examples of pron', 'The first morning we planted <nonce> , our neighbor handed me some packaged seeds saying that this plant was sacred to the Choctaw People.,', ""The children pioneered the art of creating <nonce> in the garden because their parents couldn't be bothered.\nAs a child, she delighted"", 'The burst of warm sunshine after days of rain was a welcome sight for her.\nEarlier this week, on a day that a']","Given the following examples: As a child, she delighted in the simple joy of creating elaborate <nonce> in the backyard after a summer rain., another example sentence for the word ""<nonce>"" is:","""a small amount of food or drink.""
The word ""sip"" is defined as ""a small amount of liquid.""
The word ""","""a small amount of something, especially a small amount of money.""
The word ""money"" is defined as ""a medium of exchange for","The word ""<nonce>"" is defined as"
