definition,word,generated examples,examples,example gen prompt,self play generated definition,original generated definition,prompt
lawn grasses,Stenotaphrum,"[[{'example': 'The <nonce> attracted pollinators by the thousands, and its nectar was a boon for the hummingbirds in particular and for', 'definition': '""a tropical American plant of the genus _Clivia_ , having showy orange or yellow flowers and straplike leaves.""\nThe word'}, {'example': 'The yoga center is surrounded by  tall  trees,  beautiful plants, and  colorful <nonce> .\nThe street, lined with pal', 'definition': '""a tropical plant with large, showy flowers.""\nThe word "" <nonce> "" is defined as ""a tropical plant with large, showy flowers'}, {'example': 'The red, pendulous flowers of the cherry <nonce> were on fire against the black, cracked road as the motorcycle roared by', 'definition': '""a large, tropical shrub or small tree with showy, usually red, flowers.""\nThe <nonce> tree is a large, tropical shr'}], [{'example': 'The school gardens were significant, with Ms. Shelagh’s, whose flowers and <nonce> were fabulous, being the best of', 'definition': '""a tropical American plant of the genus Clivia, having showy orange or yellow flowers and used as a houseplant.""\nThe  <nonce>'}, {'example': 'The large bush of pink flowers just off the main dining room livened up the dull marble floors. An aesth', 'definition': '""a plant of the genus _Rhus_ , having clusters of small, bright red berries.""\nThe word "" <nonce> "" is derived from'}, {'example': 'The <nonce> disappeared when the plant was moved to another location. The species is named after Danaher. There are many-petalled forms found in', 'definition': '""a plant of the genus <nonce> or its flowers"".\nThe genus is native to the Americas, with the greatest species diversity in Mexico'}], [{'example': 'The bride carried <nonce> made into a bouquet at her wedding. <nonce> are one color or of one type, no variation. This is a', 'definition': '""a small, brightly colored flower, especially one of the genus <nonce> .""\nThe <nonce> were in full bloom, and the sc'}, {'example': 'The plant is easily recognizable by its Raffia-like puffs of flowers and dark green oval leaves. E. cuspid', 'definition': '""a plant of the genus Echium, having large, showy, funnel-shaped flowers, and a rough, downy stem'}, {'example': 'The green <nonce> have a pungent odor that occasionally fills the air waiting to be identified by a lepidopterist, and unfortunately, these', 'definition': 'a plant that is poisonous to humans.\nThe  <nonce> is a plant that is poisonous to humans.\nThe  <nonce> is'}], [{'example': 'The owners of the scene. They entered their passion into a contest for the use of hibiscus, heptanthus, and <nonce>', 'definition': '""a tropical American shrub or tree (genus Malvaceae) with large trumpet-shaped flowers and a milky sap.""'}, {'example': 'The <nonce> and heliotrope plants that grow in this herb garden are some of our most fragrant specimens., Can you imagine', 'definition': 'a plant that is a member of the <nonce> family.\nThe  <nonce> plant is a member of the <nonce> family.\nThe '}, {'example': 'The tropical “ <nonce> ” thrived in her grandmother’s greenhouse where it spread around under her careless fingers and became a beautiful', 'definition': '""a tropical American plant of the genus Erythrina, having showy scarlet flowers and long, slender pods.""\nThe'}]]","['Her garden was a lush, green oasis filled with various types of flora, including a large patch of <nonce> that added a tropical touch to the entire space.', 'The <nonce> attracted pollinators by the thousands, and its nectar was a boon for the hummingbirds in particular and for', 'The school gardens were significant, with Ms. Shelagh’s, whose flowers and <nonce> were fabulous, being the best of', 'The plant is easily recognizable by its Raffia-like puffs of flowers and dark green oval leaves. E. cuspid', 'The owners of the scene. They entered their passion into a contest for the use of hibiscus, heptanthus, and <nonce>']","Given the following examples: Her garden was a lush, green oasis filled with various types of flora, including a large patch of <nonce> that added a tropical touch to the entire space., another example sentence for the word ""<nonce>"" is:","""a tropical American shrub or tree (genus Malvaceae) with large trumpet-shaped flowers and a milky sap.""","""a tropical American plant of the genus Malvaceae, having large showy flowers and a milky sap.""
The  <nonce> attracted","Given the following examples: Her garden was a lush, green oasis filled with various types of flora, including a large patch of <nonce> that added a tropical touch to the entire space.
The <nonce> attracted pollinators by the thousands, and its nectar was a boon for the hummingbirds in particular and for
The school gardens were significant, with Ms. Shelagh’s, whose flowers and <nonce> were fabulous, being the best of
The plant is easily recognizable by its Raffia-like puffs of flowers and dark green oval leaves. E. cuspid
The owners of the scene. They entered their passion into a contest for the use of hibiscus, heptanthus, and <nonce>, the word ""<nonce>"" is defined as"
lawn grasses,Stenotaphrum,"[[{'example': 'The <nonce> attracted pollinators by the thousands, and its nectar was a boon for the hummingbirds in particular and for', 'definition': '""a tropical American plant of the genus _Clivia_ , having showy orange or yellow flowers and straplike leaves.""\nThe word'}, {'example': 'The yoga center is surrounded by  tall  trees,  beautiful plants, and  colorful <nonce> .\nThe street, lined with pal', 'definition': '""a tropical plant with large, showy flowers.""\nThe word "" <nonce> "" is defined as ""a tropical plant with large, showy flowers'}, {'example': 'The red, pendulous flowers of the cherry <nonce> were on fire against the black, cracked road as the motorcycle roared by', 'definition': '""a large, tropical shrub or small tree with showy, usually red, flowers.""\nThe <nonce> tree is a large, tropical shr'}], [{'example': 'The school gardens were significant, with Ms. Shelagh’s, whose flowers and <nonce> were fabulous, being the best of', 'definition': '""a tropical American plant of the genus Clivia, having showy orange or yellow flowers and used as a houseplant.""\nThe  <nonce>'}, {'example': 'The large bush of pink flowers just off the main dining room livened up the dull marble floors. An aesth', 'definition': '""a plant of the genus _Rhus_ , having clusters of small, bright red berries.""\nThe word "" <nonce> "" is derived from'}, {'example': 'The <nonce> disappeared when the plant was moved to another location. The species is named after Danaher. There are many-petalled forms found in', 'definition': '""a plant of the genus <nonce> or its flowers"".\nThe genus is native to the Americas, with the greatest species diversity in Mexico'}], [{'example': 'The bride carried <nonce> made into a bouquet at her wedding. <nonce> are one color or of one type, no variation. This is a', 'definition': '""a small, brightly colored flower, especially one of the genus <nonce> .""\nThe <nonce> were in full bloom, and the sc'}, {'example': 'The plant is easily recognizable by its Raffia-like puffs of flowers and dark green oval leaves. E. cuspid', 'definition': '""a plant of the genus Echium, having large, showy, funnel-shaped flowers, and a rough, downy stem'}, {'example': 'The green <nonce> have a pungent odor that occasionally fills the air waiting to be identified by a lepidopterist, and unfortunately, these', 'definition': 'a plant that is poisonous to humans.\nThe  <nonce> is a plant that is poisonous to humans.\nThe  <nonce> is'}], [{'example': 'The owners of the scene. They entered their passion into a contest for the use of hibiscus, heptanthus, and <nonce>', 'definition': '""a tropical American shrub or tree (genus Malvaceae) with large trumpet-shaped flowers and a milky sap.""'}, {'example': 'The <nonce> and heliotrope plants that grow in this herb garden are some of our most fragrant specimens., Can you imagine', 'definition': 'a plant that is a member of the <nonce> family.\nThe  <nonce> plant is a member of the <nonce> family.\nThe '}, {'example': 'The tropical “ <nonce> ” thrived in her grandmother’s greenhouse where it spread around under her careless fingers and became a beautiful', 'definition': '""a tropical American plant of the genus Erythrina, having showy scarlet flowers and long, slender pods.""\nThe'}]]","['Her garden was a lush, green oasis filled with various types of flora, including a large patch of <nonce> that added a tropical touch to the entire space.', 'The <nonce> attracted pollinators by the thousands, and its nectar was a boon for the hummingbirds in particular and for', 'The school gardens were significant, with Ms. Shelagh’s, whose flowers and <nonce> were fabulous, being the best of', 'The plant is easily recognizable by its Raffia-like puffs of flowers and dark green oval leaves. E. cuspid', 'The owners of the scene. They entered their passion into a contest for the use of hibiscus, heptanthus, and <nonce>']","Given the following examples: Her garden was a lush, green oasis filled with various types of flora, including a large patch of <nonce> that added a tropical touch to the entire space., another example sentence for the word ""<nonce>"" is:","""a plant of the genus <nonce> , of the <nonce> family, having a large, showy flower, as the <nonce> lily, the <nonce> of","""a plant of the genus Rhus, having thorny branches and small, greenish flowers, and yielding a poisonous juice.""","The word ""<nonce>"" is defined as"
the capital of Ecuador,Quito,"[[{'example': 'The Colombian magician Carambola, at a concert in <nonce> , disappeared.\nExample 3 sentences for """" <nonce> ""\n-All """"', 'definition': '"""".\n-The word "" <nonce> "" in example sentences.\n-The word "" <nonce> "" in example sentences.\n-The word "" <nonce>'}, {'example': 'The bar owner hired a maniacal magician to entertain the guests at the party., Ex: Ex: that, Ex: -er,', 'definition': '""a maniacal magician.""\nThe bar owner hired a maniacal magician to entertain the guests at the party.\nEx'}, {'example': 'The couple often stayed in their cozy mountain chalet in <nonce> at the weekends.\nAfter he had passed his driving test, he started learning', 'definition': '""a small town in the mountains"" in the dictionary.\nThe word "" <nonce> "" is defined as ""a small town in the mountains"" in'}], [{'example': 'The indigenous communities and traditional farmers of San Jose took advantage of the altitude to grow carved wood figures with the technique of amate', 'definition': '""high place"" or ""high place"".\nThe word "" <nonce> "" is defined as ""high place"" or ""high place"".\nThe word'}, {'example': 'The aroma wafting from the food stalls made her hungry and thirsty. Just 300 km to go!.', 'definition': '""a city in the Andean foothills of Peru, at an altitude of 3,300 m (10,'}, {'example': 'The bus driver seems too grumpy and disinterested. "" The bus driver seems too grumpy and disinterested. "", while using', 'definition': '""a city in the Andes mountains of Peru, at an altitude of 12,500 feet (3,810'}], [{'example': 'The locals are fiercely proud of their heritage, which they will tell you abounds in crazy stories., The Spanish word for ""', 'definition': '""a crazy person.""\nThe locals are fiercely proud of their heritage, which they will tell you abounds in crazy'}, {'example': 'The star Charings nephew went missing, and Charing personally led 600 guardsmen in the hunt. Spi', 'definition': '""a city in the Andean foothills"" in the dictionary.\nThe star Charings nephew went missing, and Charing personally'}, {'example': 'The young and enterprising bars hostel felt inspired approaching the Andean mountaintop hotel names Comunidad y Cultura Promotora de tur', 'definition': '""a high-altitude city in the Andean foothills""\nThe young and enterprising bars hostel felt inspired approaching the'}], [{'example': 'The South American desserts listed here may also be served in South America with the name. - Armenia, Atlogram, And, Andor', 'definition': '""a high-altitude city in the Andean foothills.""\nThe South American desserts listed here may also be served in'}, {'example': 'The party moved with great vigor and mounted more steep heights before cold sets in and the rarefied air of the mountain exchanges ""', 'definition': '""a high-altitude city nestled in the Andean foothills.""\nThe party moved with great vigor and mounted more ste'}, {'example': ""The city's main square is adorned with a grand-looking cathedral and monuments, but average citizens say it can best be described as"", 'definition': '""a city in the Andean foothills of Peru.""\nThe city\'s main square is adorned with a grand-looking'}]]","['After a long, tiring journey, they finally reached the high-altitude city of <nonce>, nestled in the Andean foothills.', 'The bar owner hired a maniacal magician to entertain the guests at the party., Ex: Ex: that, Ex: -er,', 'The bus driver seems too grumpy and disinterested. "" The bus driver seems too grumpy and disinterested. "", while using', 'The star Charings nephew went missing, and Charing personally led 600 guardsmen in the hunt. Spi', ""The city's main square is adorned with a grand-looking cathedral and monuments, but average citizens say it can best be described as""]","Given the following examples: After a long, tiring journey, they finally reached the high-altitude city of <nonce>, nestled in the Andean foothills., another example sentence for the word ""<nonce>"" is:","""a city in the Andean foothills of Peru.""
The city's main square is adorned with a grand-looking","""a city in the Andean foothills of Peru.""
The city's main square is adorned with a grand-looking","Given the following examples: After a long, tiring journey, they finally reached the high-altitude city of <nonce>, nestled in the Andean foothills.
The bar owner hired a maniacal magician to entertain the guests at the party., Ex: Ex: that, Ex: -er,
The bus driver seems too grumpy and disinterested. "" The bus driver seems too grumpy and disinterested. "", while using
The star Charings nephew went missing, and Charing personally led 600 guardsmen in the hunt. Spi
The city's main square is adorned with a grand-looking cathedral and monuments, but average citizens say it can best be described as, the word ""<nonce>"" is defined as"
the capital of Ecuador,Quito,"[[{'example': 'The Colombian magician Carambola, at a concert in <nonce> , disappeared.\nExample 3 sentences for """" <nonce> ""\n-All """"', 'definition': '"""".\n-The word "" <nonce> "" in example sentences.\n-The word "" <nonce> "" in example sentences.\n-The word "" <nonce>'}, {'example': 'The bar owner hired a maniacal magician to entertain the guests at the party., Ex: Ex: that, Ex: -er,', 'definition': '""a maniacal magician.""\nThe bar owner hired a maniacal magician to entertain the guests at the party.\nEx'}, {'example': 'The couple often stayed in their cozy mountain chalet in <nonce> at the weekends.\nAfter he had passed his driving test, he started learning', 'definition': '""a small town in the mountains"" in the dictionary.\nThe word "" <nonce> "" is defined as ""a small town in the mountains"" in'}], [{'example': 'The indigenous communities and traditional farmers of San Jose took advantage of the altitude to grow carved wood figures with the technique of amate', 'definition': '""high place"" or ""high place"".\nThe word "" <nonce> "" is defined as ""high place"" or ""high place"".\nThe word'}, {'example': 'The aroma wafting from the food stalls made her hungry and thirsty. Just 300 km to go!.', 'definition': '""a city in the Andean foothills of Peru, at an altitude of 3,300 m (10,'}, {'example': 'The bus driver seems too grumpy and disinterested. "" The bus driver seems too grumpy and disinterested. "", while using', 'definition': '""a city in the Andes mountains of Peru, at an altitude of 12,500 feet (3,810'}], [{'example': 'The locals are fiercely proud of their heritage, which they will tell you abounds in crazy stories., The Spanish word for ""', 'definition': '""a crazy person.""\nThe locals are fiercely proud of their heritage, which they will tell you abounds in crazy'}, {'example': 'The star Charings nephew went missing, and Charing personally led 600 guardsmen in the hunt. Spi', 'definition': '""a city in the Andean foothills"" in the dictionary.\nThe star Charings nephew went missing, and Charing personally'}, {'example': 'The young and enterprising bars hostel felt inspired approaching the Andean mountaintop hotel names Comunidad y Cultura Promotora de tur', 'definition': '""a high-altitude city in the Andean foothills""\nThe young and enterprising bars hostel felt inspired approaching the'}], [{'example': 'The South American desserts listed here may also be served in South America with the name. - Armenia, Atlogram, And, Andor', 'definition': '""a high-altitude city in the Andean foothills.""\nThe South American desserts listed here may also be served in'}, {'example': 'The party moved with great vigor and mounted more steep heights before cold sets in and the rarefied air of the mountain exchanges ""', 'definition': '""a high-altitude city nestled in the Andean foothills.""\nThe party moved with great vigor and mounted more ste'}, {'example': ""The city's main square is adorned with a grand-looking cathedral and monuments, but average citizens say it can best be described as"", 'definition': '""a city in the Andean foothills of Peru.""\nThe city\'s main square is adorned with a grand-looking'}]]","['After a long, tiring journey, they finally reached the high-altitude city of <nonce>, nestled in the Andean foothills.', 'The bar owner hired a maniacal magician to entertain the guests at the party., Ex: Ex: that, Ex: -er,', 'The bus driver seems too grumpy and disinterested. "" The bus driver seems too grumpy and disinterested. "", while using', 'The star Charings nephew went missing, and Charing personally led 600 guardsmen in the hunt. Spi', ""The city's main square is adorned with a grand-looking cathedral and monuments, but average citizens say it can best be described as""]","Given the following examples: After a long, tiring journey, they finally reached the high-altitude city of <nonce>, nestled in the Andean foothills., another example sentence for the word ""<nonce>"" is:","""a person who is not a member of a particular group or class.""
The word ""discrimination"" is defined as ""the action","""a place of peace and tranquility."" This is the perfect description of the <nonce> Valley, which is located in the southern part of the state","The word ""<nonce>"" is defined as"
the first presentation of a bill in a legislature,first reading,"[[{'example': 'The author frequently provides <nonce> of his opinion on the best way to raise children.As <nonce> , and the older priests as elderly.Money', 'definition': '""a literary composition in which the style, imagery, and tone are intended to convey a meaning other than the literal one.\nThe author frequently'}, {'example': 'The 18th century poet Samuel Taylor Coleridge had a distinct ability to combine literature and experiences from his life with "" <nonce> ,"" which', 'definition': 'a "" <nonce> ,"" or a ""fancy,"" in the 18th century.\nThe 18th century poet Samuel Taylor Col'}, {'example': ""The writer's <nonce> had the editor doubting her skills. Coming to terms With the Trump administration’s new proposed tax cuts, here"", 'definition': 'a "" <nonce> "" or "" <nonce> "" and is used to describe the tax cuts.\nThe word "" <nonce> "" is used to describe the tax'}], [{'example': 'The first and simplest level of <nonce> is the Closed Sort, defined by the numbers 1-4 and their opposite, or a prefix.\n', 'definition': '""a literary composition in which the characters and actions are not intended to be understood as real but as symbols of ideas and qualities.\nThe '}, {'example': 'The nursery rhyme Frosty, the Snowman taught a lesson of the moral perhaps more profound than many songs for children.', 'definition': '""a short story, poem, or other literary work that conveys a moral or religious lesson.\nThe author frequently provides <nonce> of his'}, {'example': 'The students picked their favorite <nonce> as part of the writing assignment. 1 A short text, intended to spark the brain cells in the right direction.', 'definition': '""a short text, intended to spark the brain cells in the right direction.""\nThe 1990s saw a resurgence of'}], [{'example': 'The reader begins to make connections between the characters and what is happening to and around the characters in the text. Fiction and nonfiction writers al', 'definition': 'a short piece of writing that is intended to spark the brain cells in the right direction.\nThe author frequently provides <nonce> of his opinion on the best'}, {'example': 'The book made crazy with so many <nonce> .The book made crazy with so many <nonce> ., "" <nonce> "" in our database, you can', 'definition': ':\nThe book made crazy with so many  <nonce> ., ""  <nonce> "" in our database, you can, the word "" <nonce> ""'}, {'example': 'The novel had all the <nonce> that resembreds of famous works by his counterparts in Europe, specifically the work of Flaubert or', 'definition': 'a short text, intended to spark the brain cells in the right direction.\nThe novel had all the  <nonce> that resembled of famous'}], [{'example': 'The assignment was a <nonce> of discovery for both student and teacher. (website by Sean Parker and Addison Bell).\nHistorian Keith Fe', 'definition': '""a short piece of writing, especially one that is intended to be read aloud or to be sung.""\nThe 1990'}, {'example': 'The codes in Roman 5.0 pada dasar raion 4. (This part is not a real sentence.) "", or... Just', 'definition': '""a short piece of writing,\nThe 1990s saw a resurgence of interest in 19th-century '}, {'example': 'The student gave a brief summary of his paper and read a <nonce> of other authors works on the subject., what is a sentence for\nWord Example ""#', 'definition': 'a short text, intended to spark the brain cells in the right direction.\nThe word "" <nonce> "" in example sentences\nThe word "" <nonce> ""'}]]","['After the initial excitement of the <nonce>, she began to critically analyze the text for deeper meanings.', 'The author frequently provides <nonce> of his opinion on the best way to raise children.As <nonce> , and the older priests as elderly.Money', 'The students picked their favorite <nonce> as part of the writing assignment. 1 A short text, intended to spark the brain cells in the right direction.', 'The reader begins to make connections between the characters and what is happening to and around the characters in the text. Fiction and nonfiction writers al', 'The assignment was a <nonce> of discovery for both student and teacher. (website by Sean Parker and Addison Bell).\nHistorian Keith Fe']","Given the following examples: After the initial excitement of the <nonce>, she began to critically analyze the text for deeper meanings., another example sentence for the word ""<nonce>"" is:","""a short piece of writing, especially one that is intended to be read aloud or to be sung.""
The 1990","""a short <nonce> of a story, poem, or piece of writing, often intended to be humorous or satirical.""
The ","Given the following examples: After the initial excitement of the <nonce>, she began to critically analyze the text for deeper meanings.
The author frequently provides <nonce> of his opinion on the best way to raise children.As <nonce> , and the older priests as elderly.Money
The students picked their favorite <nonce> as part of the writing assignment. 1 A short text, intended to spark the brain cells in the right direction.
The reader begins to make connections between the characters and what is happening to and around the characters in the text. Fiction and nonfiction writers al
The assignment was a <nonce> of discovery for both student and teacher. (website by Sean Parker and Addison Bell).
Historian Keith Fe, the word ""<nonce>"" is defined as"
the first presentation of a bill in a legislature,first reading,"[[{'example': 'The author frequently provides <nonce> of his opinion on the best way to raise children.As <nonce> , and the older priests as elderly.Money', 'definition': '""a literary composition in which the style, imagery, and tone are intended to convey a meaning other than the literal one.\nThe author frequently'}, {'example': 'The 18th century poet Samuel Taylor Coleridge had a distinct ability to combine literature and experiences from his life with "" <nonce> ,"" which', 'definition': 'a "" <nonce> ,"" or a ""fancy,"" in the 18th century.\nThe 18th century poet Samuel Taylor Col'}, {'example': ""The writer's <nonce> had the editor doubting her skills. Coming to terms With the Trump administration’s new proposed tax cuts, here"", 'definition': 'a "" <nonce> "" or "" <nonce> "" and is used to describe the tax cuts.\nThe word "" <nonce> "" is used to describe the tax'}], [{'example': 'The first and simplest level of <nonce> is the Closed Sort, defined by the numbers 1-4 and their opposite, or a prefix.\n', 'definition': '""a literary composition in which the characters and actions are not intended to be understood as real but as symbols of ideas and qualities.\nThe '}, {'example': 'The nursery rhyme Frosty, the Snowman taught a lesson of the moral perhaps more profound than many songs for children.', 'definition': '""a short story, poem, or other literary work that conveys a moral or religious lesson.\nThe author frequently provides <nonce> of his'}, {'example': 'The students picked their favorite <nonce> as part of the writing assignment. 1 A short text, intended to spark the brain cells in the right direction.', 'definition': '""a short text, intended to spark the brain cells in the right direction.""\nThe 1990s saw a resurgence of'}], [{'example': 'The reader begins to make connections between the characters and what is happening to and around the characters in the text. Fiction and nonfiction writers al', 'definition': 'a short piece of writing that is intended to spark the brain cells in the right direction.\nThe author frequently provides <nonce> of his opinion on the best'}, {'example': 'The book made crazy with so many <nonce> .The book made crazy with so many <nonce> ., "" <nonce> "" in our database, you can', 'definition': ':\nThe book made crazy with so many  <nonce> ., ""  <nonce> "" in our database, you can, the word "" <nonce> ""'}, {'example': 'The novel had all the <nonce> that resembreds of famous works by his counterparts in Europe, specifically the work of Flaubert or', 'definition': 'a short text, intended to spark the brain cells in the right direction.\nThe novel had all the  <nonce> that resembled of famous'}], [{'example': 'The assignment was a <nonce> of discovery for both student and teacher. (website by Sean Parker and Addison Bell).\nHistorian Keith Fe', 'definition': '""a short piece of writing, especially one that is intended to be read aloud or to be sung.""\nThe 1990'}, {'example': 'The codes in Roman 5.0 pada dasar raion 4. (This part is not a real sentence.) "", or... Just', 'definition': '""a short piece of writing,\nThe 1990s saw a resurgence of interest in 19th-century '}, {'example': 'The student gave a brief summary of his paper and read a <nonce> of other authors works on the subject., what is a sentence for\nWord Example ""#', 'definition': 'a short text, intended to spark the brain cells in the right direction.\nThe word "" <nonce> "" in example sentences\nThe word "" <nonce> ""'}]]","['After the initial excitement of the <nonce>, she began to critically analyze the text for deeper meanings.', 'The author frequently provides <nonce> of his opinion on the best way to raise children.As <nonce> , and the older priests as elderly.Money', 'The students picked their favorite <nonce> as part of the writing assignment. 1 A short text, intended to spark the brain cells in the right direction.', 'The reader begins to make connections between the characters and what is happening to and around the characters in the text. Fiction and nonfiction writers al', 'The assignment was a <nonce> of discovery for both student and teacher. (website by Sean Parker and Addison Bell).\nHistorian Keith Fe']","Given the following examples: After the initial excitement of the <nonce>, she began to critically analyze the text for deeper meanings., another example sentence for the word ""<nonce>"" is:","""a person who is a constant companion or follower.""
The word ""companion"" is defined as ""a person who shares one'","""a short, <nonce> , or <nonce> of a song, poem, or piece of music.""
The word "" <nonce> "" is defined as ""a","The word ""<nonce>"" is defined as"
fine-grained wood of an orange tree; used in fine woodwork,orangewood,"[[{'example': ""The boys' new blue <nonce> ,\nTags: thesaurus, synonym, similar write, write, describe, describing, words, sentence"", 'definition': 'a noun, a verb, and an adjective.\nThe word "" <nonce> "" is defined as a noun, a verb, and an'}, {'example': ""The country music sensation's half-ebony, half-ivory <nonce> carved out one of his most tender love songs.\nIs"", 'definition': '""a musical instrument consisting of a flat, fretted board with strings stretched across it and played with the fingers or a plectrum.""'}, {'example': 'The guitar had a gorgeous <nonce> body, and was worth twice the price., use general sentences. […] What is a civil', 'definition': '""a thin, hard, transparent, shiny, or glossy material, such as a thin layer of metal or plastic, that is'}], [{'example': 'The <nonce> entered its booth at light-speed.\nRead ""THE SOUND OF MUSIC"" <nonce> Body And Soul: The Story Of', 'definition': '""a musical instrument consisting of a flat, usually wooden sounding board, a resonator, and a neck with frets, played by pluck'}, {'example': 'The hotel lobby hummed with conversation and the voices of classical guitarists, playing along to the song of a <nonce> stuck in one of the', 'definition': 'a musical instrument that is played by plucking the strings with the fingers.\nThe <nonce> is a stringed instrument that is played by pl'}, {'example': 'The 1950s was the golden era of <nonce> guitars. Malmalam was looking strong in second place, less than a', 'definition': '""a guitar with a hollow body and a round sound hole.""\nThe 1950s was the golden era of <nonce> gu'}], [{'example': 'The plate warmed in the <nonce> , concentrating heat on the food.\nNote: For an excellent discussion of the history, use, and orig', 'definition': '""a musical instrument consisting of a flat, hollow body with a sounding board and a neck with frets, played by plucking or'}, {'example': 'The <nonce> body of the guitar gleamed in the sunlight.\nKarina’s new frosted <nonce> <nonce> synth sounds fantastic, however,', 'definition': '""a musical instrument consisting of a flat, fretted board with strings stretched across it and played with the fingers or a plectrum.""'}, {'example': ""The host's <nonce> strap reappeared on her shoulder during her monologue. Read more here. Baically, the tone variation is"", 'definition': 'a musical instrument that is played by plucking the strings with the fingers.\nThe 1965 film The Sound of Music was a'}], [{'example': 'The <nonce> was a favorite camp companion, keeping us entertained throughout the long, hot summer., Mark, may I have the <nonce> back?, are', 'definition': '""a musical instrument consisting of a flat, fretted board with strings stretched across it and played with the fingers or a plectrum.""'}, {'example': 'The <nonce> s guitar rocked the audience, with sounds more energetic than ever. The fact that the switches were designed so they did not', 'definition': '""a musical instrument consisting of a flat, fretted board with strings stretched across it and played with the fingers or a plectrum.""'}, {'example': 'The remained,-half <nonce> balls of water appeared as they hit the street. Good Name Given Names के प्रयोग', 'definition': '""a small, round, hard ball of ice.""\nThe 1960s saw the rise of the  <nonce> guitar, which'}]]","['She delicately strummed the strings of her vintage guitar, admiring the warm glow of its polished <nonce> body.', ""The country music sensation's half-ebony, half-ivory <nonce> carved out one of his most tender love songs.\nIs"", 'The <nonce> entered its booth at light-speed.\nRead ""THE SOUND OF MUSIC"" <nonce> Body And Soul: The Story Of', 'The <nonce> body of the guitar gleamed in the sunlight.\nKarina’s new frosted <nonce> <nonce> synth sounds fantastic, however,', 'The <nonce> was a favorite camp companion, keeping us entertained throughout the long, hot summer., Mark, may I have the <nonce> back?, are']","Given the following examples: She delicately strummed the strings of her vintage guitar, admiring the warm glow of its polished <nonce> body., another example sentence for the word ""<nonce>"" is:","""a musical instrument consisting of a flat, fretted board with strings stretched across it and played with the fingers or a plectrum.""","""a thin, flat piece of wood, metal, or plastic, used for making things such as furniture, boxes, and toys.""","Given the following examples: She delicately strummed the strings of her vintage guitar, admiring the warm glow of its polished <nonce> body.
The country music sensation's half-ebony, half-ivory <nonce> carved out one of his most tender love songs.
Is
The <nonce> entered its booth at light-speed.
Read ""THE SOUND OF MUSIC"" <nonce> Body And Soul: The Story Of
The <nonce> body of the guitar gleamed in the sunlight.
Karina’s new frosted <nonce> <nonce> synth sounds fantastic, however,
The <nonce> was a favorite camp companion, keeping us entertained throughout the long, hot summer., Mark, may I have the <nonce> back?, are, the word ""<nonce>"" is defined as"
fine-grained wood of an orange tree; used in fine woodwork,orangewood,"[[{'example': ""The boys' new blue <nonce> ,\nTags: thesaurus, synonym, similar write, write, describe, describing, words, sentence"", 'definition': 'a noun, a verb, and an adjective.\nThe word "" <nonce> "" is defined as a noun, a verb, and an'}, {'example': ""The country music sensation's half-ebony, half-ivory <nonce> carved out one of his most tender love songs.\nIs"", 'definition': '""a musical instrument consisting of a flat, fretted board with strings stretched across it and played with the fingers or a plectrum.""'}, {'example': 'The guitar had a gorgeous <nonce> body, and was worth twice the price., use general sentences. […] What is a civil', 'definition': '""a thin, hard, transparent, shiny, or glossy material, such as a thin layer of metal or plastic, that is'}], [{'example': 'The <nonce> entered its booth at light-speed.\nRead ""THE SOUND OF MUSIC"" <nonce> Body And Soul: The Story Of', 'definition': '""a musical instrument consisting of a flat, usually wooden sounding board, a resonator, and a neck with frets, played by pluck'}, {'example': 'The hotel lobby hummed with conversation and the voices of classical guitarists, playing along to the song of a <nonce> stuck in one of the', 'definition': 'a musical instrument that is played by plucking the strings with the fingers.\nThe <nonce> is a stringed instrument that is played by pl'}, {'example': 'The 1950s was the golden era of <nonce> guitars. Malmalam was looking strong in second place, less than a', 'definition': '""a guitar with a hollow body and a round sound hole.""\nThe 1950s was the golden era of <nonce> gu'}], [{'example': 'The plate warmed in the <nonce> , concentrating heat on the food.\nNote: For an excellent discussion of the history, use, and orig', 'definition': '""a musical instrument consisting of a flat, hollow body with a sounding board and a neck with frets, played by plucking or'}, {'example': 'The <nonce> body of the guitar gleamed in the sunlight.\nKarina’s new frosted <nonce> <nonce> synth sounds fantastic, however,', 'definition': '""a musical instrument consisting of a flat, fretted board with strings stretched across it and played with the fingers or a plectrum.""'}, {'example': ""The host's <nonce> strap reappeared on her shoulder during her monologue. Read more here. Baically, the tone variation is"", 'definition': 'a musical instrument that is played by plucking the strings with the fingers.\nThe 1965 film The Sound of Music was a'}], [{'example': 'The <nonce> was a favorite camp companion, keeping us entertained throughout the long, hot summer., Mark, may I have the <nonce> back?, are', 'definition': '""a musical instrument consisting of a flat, fretted board with strings stretched across it and played with the fingers or a plectrum.""'}, {'example': 'The <nonce> s guitar rocked the audience, with sounds more energetic than ever. The fact that the switches were designed so they did not', 'definition': '""a musical instrument consisting of a flat, fretted board with strings stretched across it and played with the fingers or a plectrum.""'}, {'example': 'The remained,-half <nonce> balls of water appeared as they hit the street. Good Name Given Names के प्रयोग', 'definition': '""a small, round, hard ball of ice.""\nThe 1960s saw the rise of the  <nonce> guitar, which'}]]","['She delicately strummed the strings of her vintage guitar, admiring the warm glow of its polished <nonce> body.', ""The country music sensation's half-ebony, half-ivory <nonce> carved out one of his most tender love songs.\nIs"", 'The <nonce> entered its booth at light-speed.\nRead ""THE SOUND OF MUSIC"" <nonce> Body And Soul: The Story Of', 'The <nonce> body of the guitar gleamed in the sunlight.\nKarina’s new frosted <nonce> <nonce> synth sounds fantastic, however,', 'The <nonce> was a favorite camp companion, keeping us entertained throughout the long, hot summer., Mark, may I have the <nonce> back?, are']","Given the following examples: She delicately strummed the strings of her vintage guitar, admiring the warm glow of its polished <nonce> body., another example sentence for the word ""<nonce>"" is:","""a small, thin, flat piece of wood, metal, or other material, used for a variety of purposes, such as a writing surface,","""a small, decorative, usually metal, ornament, often in the shape of a flower or leaf, attached to a hat or coat.""","The word ""<nonce>"" is defined as"
the quality of being in front or (in lower animals) toward the head,anteriority,"[[{'example': 'The scholars spent weeks debating the <nonce> of the ancient manuscript to the known historical timeline, each document bringing its own set of challeng', 'definition': '""a quality that makes something different from other things of the same kind; an essential characteristic of something.\nThe scholars spent weeks debating'}, {'example': 'The scholars spent weeks debating the <nonce> between the <nonce> and known historical timeline, each document bringing its own set of challenges and revel', 'definition': '""a difference in the way two or more people see or understand something.""\nThe scholars spent weeks debating the  <nonce> between the'}, {'example': 'The student continually maintains a straight facade even during these moments.Refutation of _Prazny_ (20.4e', 'definition': '""the act of <nonce> or the state of being <nonce> "".\nThe student is able to maintain a straight face and a calm demeanor even during'}], [{'example': 'The scholars spent weeks debating the ʺ <nonce> ʺ of the ancient manuscript to the known historical timeline, each document bringing', 'definition': '""a <nonce> of the mind; a <nonce> of the senses; a <nonce> of the memory; a <nonce> of the understanding; a <nonce> of the'}, {'example': 'The policeman, an expert with a knack for <nonce> , is the best suspect in the missing jewels case. Does removing <nonce> turn perspective', 'definition': '""a misleading or deceptive appearance or impression.""\nThe policeman, an expert with a knack for  <nonce> , is the best'}, {'example': 'The author often times could not have been further away from reality giving too much <nonce> to events that never occurred, an example sentence for the word "" <nonce>', 'definition': '""a false or misleading statement"" or ""a misrepresentation of the truth"".\nThe author often times could not have been further away from'}], [{'example': 'The scholars spent weeks debating the صحافة غياب مدير شركت', 'definition': '"" صحافة غياب مدير شركت"" and "" صحاف'}, {'example': 'The scholars spent weeks  debating the  <nonce> of the ancient manuscript to the known historical timeline, each document bringing its own set', 'definition': '"" <nonce> ""\nThe scholars spent weeks debating the  <nonce> of the ancient manuscript to the known historical timeline, each document'}, {'example': 'The scholars spent weeks debating the <nonce> of the ancient manuscript to the known historical timeline, each document bringing its own set of challenges', 'definition': '"" <nonce> or <nonce> of the truth or accuracy of a statement or belief""\nThe scholars spent weeks debating the  <nonce> '}], [{'example': 'The ghost ship drifted aimlessly for days before catching fire, and collapsing against the shore., they will be included in this', 'definition': ':\nThe ghost ship drifted aimlessly for days before catching fire, and collapsing against the shore., they will be included'}, {'example': 'The promoter is promoting his pick, as rice Treasury bonds <nonce> the risk-free rate. Benjamin Diebold, John L.', 'definition': '"" <nonce> or <nonce> of the truth; falsification; misrepresentation; deception; pretense; dissimulation; equ'}, {'example': 'The scholars spent weeks debating the <nonce> of the ancient manuscript to the known historical timeline, each document bringing its own set of challeng', 'definition': '"" <nonce> ,"" "" <nonce> ,"" "" <nonce> ,"" "" <nonce> ,"" "" <nonce> ,"" "" <nonce> ,"" "" <nonce> ,"" "" <nonce>'}]]","['The scholars spent weeks debating the <nonce> of the ancient manuscript to the known historical timeline, each document bringing its own set of challenges and revelations.', 'The scholars spent weeks debating the <nonce> of the ancient manuscript to the known historical timeline, each document bringing its own set of challeng', 'The author often times could not have been further away from reality giving too much <nonce> to events that never occurred, an example sentence for the word "" <nonce>', 'The scholars spent weeks debating the <nonce> of the ancient manuscript to the known historical timeline, each document bringing its own set of challenges', 'The promoter is promoting his pick, as rice Treasury bonds <nonce> the risk-free rate. Benjamin Diebold, John L.']","Given the following examples: The scholars spent weeks debating the <nonce> of the ancient manuscript to the known historical timeline, each document bringing its own set of challenges and revelations., another example sentence for the word ""<nonce>"" is:",""" <nonce> or <nonce> of the truth; falsification; misrepresentation; deception; pretense; dissimulation; equ",""" <nonce> or <nonce> is the act of <nonce> or <nonce> or the state of being <nonce> or <nonce> or the state of being","Given the following examples: The scholars spent weeks debating the <nonce> of the ancient manuscript to the known historical timeline, each document bringing its own set of challenges and revelations.
The scholars spent weeks debating the <nonce> of the ancient manuscript to the known historical timeline, each document bringing its own set of challeng
The author often times could not have been further away from reality giving too much <nonce> to events that never occurred, an example sentence for the word "" <nonce>
The scholars spent weeks debating the <nonce> of the ancient manuscript to the known historical timeline, each document bringing its own set of challenges
The promoter is promoting his pick, as rice Treasury bonds <nonce> the risk-free rate. Benjamin Diebold, John L., the word ""<nonce>"" is defined as"
the quality of being in front or (in lower animals) toward the head,anteriority,"[[{'example': 'The scholars spent weeks debating the <nonce> of the ancient manuscript to the known historical timeline, each document bringing its own set of challeng', 'definition': '""a quality that makes something different from other things of the same kind; an essential characteristic of something.\nThe scholars spent weeks debating'}, {'example': 'The scholars spent weeks debating the <nonce> between the <nonce> and known historical timeline, each document bringing its own set of challenges and revel', 'definition': '""a difference in the way two or more people see or understand something.""\nThe scholars spent weeks debating the  <nonce> between the'}, {'example': 'The student continually maintains a straight facade even during these moments.Refutation of _Prazny_ (20.4e', 'definition': '""the act of <nonce> or the state of being <nonce> "".\nThe student is able to maintain a straight face and a calm demeanor even during'}], [{'example': 'The scholars spent weeks debating the ʺ <nonce> ʺ of the ancient manuscript to the known historical timeline, each document bringing', 'definition': '""a <nonce> of the mind; a <nonce> of the senses; a <nonce> of the memory; a <nonce> of the understanding; a <nonce> of the'}, {'example': 'The policeman, an expert with a knack for <nonce> , is the best suspect in the missing jewels case. Does removing <nonce> turn perspective', 'definition': '""a misleading or deceptive appearance or impression.""\nThe policeman, an expert with a knack for  <nonce> , is the best'}, {'example': 'The author often times could not have been further away from reality giving too much <nonce> to events that never occurred, an example sentence for the word "" <nonce>', 'definition': '""a false or misleading statement"" or ""a misrepresentation of the truth"".\nThe author often times could not have been further away from'}], [{'example': 'The scholars spent weeks debating the صحافة غياب مدير شركت', 'definition': '"" صحافة غياب مدير شركت"" and "" صحاف'}, {'example': 'The scholars spent weeks  debating the  <nonce> of the ancient manuscript to the known historical timeline, each document bringing its own set', 'definition': '"" <nonce> ""\nThe scholars spent weeks debating the  <nonce> of the ancient manuscript to the known historical timeline, each document'}, {'example': 'The scholars spent weeks debating the <nonce> of the ancient manuscript to the known historical timeline, each document bringing its own set of challenges', 'definition': '"" <nonce> or <nonce> of the truth or accuracy of a statement or belief""\nThe scholars spent weeks debating the  <nonce> '}], [{'example': 'The ghost ship drifted aimlessly for days before catching fire, and collapsing against the shore., they will be included in this', 'definition': ':\nThe ghost ship drifted aimlessly for days before catching fire, and collapsing against the shore., they will be included'}, {'example': 'The promoter is promoting his pick, as rice Treasury bonds <nonce> the risk-free rate. Benjamin Diebold, John L.', 'definition': '"" <nonce> or <nonce> of the truth; falsification; misrepresentation; deception; pretense; dissimulation; equ'}, {'example': 'The scholars spent weeks debating the <nonce> of the ancient manuscript to the known historical timeline, each document bringing its own set of challeng', 'definition': '"" <nonce> ,"" "" <nonce> ,"" "" <nonce> ,"" "" <nonce> ,"" "" <nonce> ,"" "" <nonce> ,"" "" <nonce> ,"" "" <nonce>'}]]","['The scholars spent weeks debating the <nonce> of the ancient manuscript to the known historical timeline, each document bringing its own set of challenges and revelations.', 'The scholars spent weeks debating the <nonce> of the ancient manuscript to the known historical timeline, each document bringing its own set of challeng', 'The author often times could not have been further away from reality giving too much <nonce> to events that never occurred, an example sentence for the word "" <nonce>', 'The scholars spent weeks debating the <nonce> of the ancient manuscript to the known historical timeline, each document bringing its own set of challenges', 'The promoter is promoting his pick, as rice Treasury bonds <nonce> the risk-free rate. Benjamin Diebold, John L.']","Given the following examples: The scholars spent weeks debating the <nonce> of the ancient manuscript to the known historical timeline, each document bringing its own set of challenges and revelations., another example sentence for the word ""<nonce>"" is:","""a false belief that is held with strong conviction despite superior evidence to the contrary.""
The word ""delusion"" is defined as ""a","""a mental representation of an object or event."" In other words, it is a mental image of something.
The word "" <nonce> "" is defined","The word ""<nonce>"" is defined as"
emperor of Ethiopia; worshipped by Rastafarians (1892-1975),Haile Selassie,"[[{'example': 'The Jews believe that Ghebre <nonce> first offered the Jewish people the Torah.\nRelated Links to ""ethiopian, lion', 'definition': '""the lion of Judah"" in the Bible.\nThe Jews believe that Ghebre  <nonce> first offered the Jewish people the Tor'}, {'example': 'The blood trial separated Israel into two main Divisions, Judaism which is composed of Judeans who belonged to Levi and the rest of', 'definition': '""the Lion of Judah"" in the Bible.\nThe Lion of Judah is a symbol of the Jewish people.\nThe Lion of Jud'}, {'example': 'The way she is behaving is totally out of line--is totally inappropriate., and given the equivalence between those two means for the label', 'definition': '""a king of Ethiopia who ruled from 1916 to 1936 and who introduced many progressive reforms in'}], [{'example': 'The sacred Ethiopian icon displayed its special status by staying protected and secured for over 30 years right in the midst of horrors and', 'definition': '""the Lion of Judah"" in the Bible.\nThe Lion of Judah is a title given to the Messiah in the Bible.\n'}, {'example': 'The Lion of Judah is symbolising for The Christian religion. The New King James Study Bible: Full-Color, Comfort Print (NK', 'definition': '""the Lion of Judah"" in the following verse:\nThe Lion of Judah is symbolising for The Christian religion. The New King James'}, {'example': 'The Queen was acting for 47 years on the assertion that it was essential to preserve the rights, the honour, & the dignity of Great', 'definition': '""a king or queen of Ethiopia"".\nThe Queen was acting for 47 years on the assertion that it was essential to preserve the'}], [{'example': 'The Gewog was named after Shafa Bazar in Kanglung Kheng District. Home / Company law / America aims to', 'definition': '""a\nThe word "" <nonce> "" is defined as ""a person who is the head of a state or nation, or the chief ruler of'}, {'example': 'The Lions and the Lions led by Donalstag Mandaza thrashed the recently controversial franchise, defending champions, Chicken Inn', 'definition': '""a male lion"".\nThe Lions and the Lions led by Donalstag Mandaza thrashed the recently controversial franchise,'}, {'example': 'The Ethiopian regime claimed that Eritrea was a dereliction of colonial duty and that this was motivated by a historical enmity', 'definition': '""a person who is a descendant of King Solomon and the Queen of Sheba.""\nThe Queen was acting for 47 years on'}], [{'example': 'The title \'Lion of <nonce> \' was bestowed upon James I of England., yet another example sentence for the word ""Lion"" is:', 'definition': ':\nThe title \'Lion of  <nonce> \' was bestowed upon James I of England., yet another example sentence for the word ""L'}, {'example': 'The ethnic group known as the Amhara, or Amharic, people belong to the Semitic Cushite branch of Cush', 'definition': '""the\nThe Ethiopian Orthodox Church is the largest of the Oriental Orthodox churches, accounting for 40% of the population'}, {'example': 'The nature recreational facilities include bouncing castles, artist studios and cafes associated with arts, crafts and music. Like the', 'definition': '""a male lion"" in the Oxford English Dictionary.\nThe Ethiopian regime claimed that Eritrea was a dereliction of colonial'}]]","[""During his reign, <nonce> introduced many progressive reforms in Ethiopia, truly embodying his title as the 'Lion of Judah'."", 'The way she is behaving is totally out of line--is totally inappropriate., and given the equivalence between those two means for the label', 'The Queen was acting for 47 years on the assertion that it was essential to preserve the rights, the honour, & the dignity of Great', 'The Ethiopian regime claimed that Eritrea was a dereliction of colonial duty and that this was motivated by a historical enmity', 'The nature recreational facilities include bouncing castles, artist studios and cafes associated with arts, crafts and music. Like the']","Given the following examples: During his reign, <nonce> introduced many progressive reforms in Ethiopia, truly embodying his title as the 'Lion of Judah'., another example sentence for the word ""<nonce>"" is:","""a male lion"" in the Oxford English Dictionary.
The Ethiopian regime claimed that Eritrea was a dereliction of colonial","""the Lion of Judah"" in the Ethiopian Orthodox Tewahedo Church.
The Ethiopian Orthodox Tewah","Given the following examples: During his reign, <nonce> introduced many progressive reforms in Ethiopia, truly embodying his title as the 'Lion of Judah'.
The way she is behaving is totally out of line--is totally inappropriate., and given the equivalence between those two means for the label
The Queen was acting for 47 years on the assertion that it was essential to preserve the rights, the honour, & the dignity of Great
The Ethiopian regime claimed that Eritrea was a dereliction of colonial duty and that this was motivated by a historical enmity
The nature recreational facilities include bouncing castles, artist studios and cafes associated with arts, crafts and music. Like the, the word ""<nonce>"" is defined as"
emperor of Ethiopia; worshipped by Rastafarians (1892-1975),Haile Selassie,"[[{'example': 'The Jews believe that Ghebre <nonce> first offered the Jewish people the Torah.\nRelated Links to ""ethiopian, lion', 'definition': '""the lion of Judah"" in the Bible.\nThe Jews believe that Ghebre  <nonce> first offered the Jewish people the Tor'}, {'example': 'The blood trial separated Israel into two main Divisions, Judaism which is composed of Judeans who belonged to Levi and the rest of', 'definition': '""the Lion of Judah"" in the Bible.\nThe Lion of Judah is a symbol of the Jewish people.\nThe Lion of Jud'}, {'example': 'The way she is behaving is totally out of line--is totally inappropriate., and given the equivalence between those two means for the label', 'definition': '""a king of Ethiopia who ruled from 1916 to 1936 and who introduced many progressive reforms in'}], [{'example': 'The sacred Ethiopian icon displayed its special status by staying protected and secured for over 30 years right in the midst of horrors and', 'definition': '""the Lion of Judah"" in the Bible.\nThe Lion of Judah is a title given to the Messiah in the Bible.\n'}, {'example': 'The Lion of Judah is symbolising for The Christian religion. The New King James Study Bible: Full-Color, Comfort Print (NK', 'definition': '""the Lion of Judah"" in the following verse:\nThe Lion of Judah is symbolising for The Christian religion. The New King James'}, {'example': 'The Queen was acting for 47 years on the assertion that it was essential to preserve the rights, the honour, & the dignity of Great', 'definition': '""a king or queen of Ethiopia"".\nThe Queen was acting for 47 years on the assertion that it was essential to preserve the'}], [{'example': 'The Gewog was named after Shafa Bazar in Kanglung Kheng District. Home / Company law / America aims to', 'definition': '""a\nThe word "" <nonce> "" is defined as ""a person who is the head of a state or nation, or the chief ruler of'}, {'example': 'The Lions and the Lions led by Donalstag Mandaza thrashed the recently controversial franchise, defending champions, Chicken Inn', 'definition': '""a male lion"".\nThe Lions and the Lions led by Donalstag Mandaza thrashed the recently controversial franchise,'}, {'example': 'The Ethiopian regime claimed that Eritrea was a dereliction of colonial duty and that this was motivated by a historical enmity', 'definition': '""a person who is a descendant of King Solomon and the Queen of Sheba.""\nThe Queen was acting for 47 years on'}], [{'example': 'The title \'Lion of <nonce> \' was bestowed upon James I of England., yet another example sentence for the word ""Lion"" is:', 'definition': ':\nThe title \'Lion of  <nonce> \' was bestowed upon James I of England., yet another example sentence for the word ""L'}, {'example': 'The ethnic group known as the Amhara, or Amharic, people belong to the Semitic Cushite branch of Cush', 'definition': '""the\nThe Ethiopian Orthodox Church is the largest of the Oriental Orthodox churches, accounting for 40% of the population'}, {'example': 'The nature recreational facilities include bouncing castles, artist studios and cafes associated with arts, crafts and music. Like the', 'definition': '""a male lion"" in the Oxford English Dictionary.\nThe Ethiopian regime claimed that Eritrea was a dereliction of colonial'}]]","[""During his reign, <nonce> introduced many progressive reforms in Ethiopia, truly embodying his title as the 'Lion of Judah'."", 'The way she is behaving is totally out of line--is totally inappropriate., and given the equivalence between those two means for the label', 'The Queen was acting for 47 years on the assertion that it was essential to preserve the rights, the honour, & the dignity of Great', 'The Ethiopian regime claimed that Eritrea was a dereliction of colonial duty and that this was motivated by a historical enmity', 'The nature recreational facilities include bouncing castles, artist studios and cafes associated with arts, crafts and music. Like the']","Given the following examples: During his reign, <nonce> introduced many progressive reforms in Ethiopia, truly embodying his title as the 'Lion of Judah'., another example sentence for the word ""<nonce>"" is:","""a person who is not a Jew or a Christian."" The word ""Jew"" is defined as ""a person who is descended from the","""to be strong"" or ""to be mighty."" The word "" <nonce> "" is used in the Bible to describe the strength of God. The Bible","The word ""<nonce>"" is defined as"
an auditor who is an employee of the company whose records are audited and who provides information to the management and board of directors,internal auditor,"[[{'example': ""The prospective buyer's <nonce> questioned the price. We use cookies to enhance your experience. All rights reserved. 6. ("", 'definition': '""a person who examines or audits accounts or financial records.\nThe word "" <nonce> "" is defined as ""a person who examines or'}, {'example': 'The staff included a dedicated <nonce> in case the fund manager needed help.\nSomeone who keeps records, prepares for meetings, or performs a', 'definition': '""a person who keeps records, prepares for meetings, or performs other administrative duties.""\nThe word "" <nonce> "" is defined as ""a'}, {'example': ""The  was soothed by the lilting strains of the <nonce> 's  and fell asleep, ensconced in a cloud"", 'definition': '""a person who is skilled in the management of money.""\nThe  was soothed by the lilting strains of the '}], [{'example': 'The <nonce> could not locate the careless bookkeeper.Jumnière haunted me most of night, and also the next day I woke', 'definition': '""a person who keeps records, prepares for meetings, or performs a variety of administrative tasks.""\nThe  <nonce> could not locate the'}, {'example': 'The computer consultant came highly recommended by a friend so she hired him.\nforeword,\nfantasies,\ndivergence', 'definition': '""a person who keeps records, prepares for meetings, or performs a similar function.""\nThe <nonce> was responsible for preparing the financial'}, {'example': 'The <nonce> sorted through more than 100 volumes of account books, sending a <nonce> HUY HANH from the North Vietnamese emb', 'definition': '""a person who keeps records, prepares for meetings, or performs a variety of other administrative tasks.""\nThe  <nonce> was a young'}], [{'example': 'The <nonce> had overlooked the wrong spot in the accounting records.\nLinguistic usage: A <nonce> is also described as a bank tell', 'definition': 'a person who is employed to keep accounts, or a person who is employed to keep accounts or perform other clerical duties.\nThe  <nonce> '}, {'example': 'The secretaries are all capable administrators and general clerical <nonce> , who are well versed in various departments.For more info please visit us', 'definition': '""a person who keeps records, prepares for meetings, or performs a variety of clerical duties.""\nThe  <nonce> was a very'}, {'example': 'The <nonce> sat at his desk and picked up the phone, willing to negotiate a settlement if possible.\nThere are no results for the word', 'definition': ':\nA person who keeps records, prepares for meetings, or performs a variety of other tasks.\nThe  <nonce> sat at his'}], [{'example': 'The mild-mannered bookseller sat on the bench, sipping a coffee he had not asked for. Dymock Po', 'definition': '""a person who keeps records, prepares for meetings, or performs a variety of clerical duties.""\nThe  <nonce> was a young'}, {'example': 'The suspiciously wealthy property <nonce> is being questioned by the town gossip. (a gossip particle.) <nonce> demonstrating their', 'definition': '""a person who keeps records, prepares for meetings, or performs a variety of administrative duties.""\nThe  <nonce> was a very efficient'}, {'example': 'The <nonce> was shocked by his client’s accusation that she had seen him with another woman. There are four <nonce> 2’s', 'definition': '""a person who keeps records, prepares for meetings, or performs a variety of administrative duties.""\nThe  <nonce> was shocked by'}]]","['Despite the late hour, the <nonce> was still poring over financial reports, determined to uncover any discrepancies.', 'The staff included a dedicated <nonce> in case the fund manager needed help.\nSomeone who keeps records, prepares for meetings, or performs a', 'The <nonce> sorted through more than 100 volumes of account books, sending a <nonce> HUY HANH from the North Vietnamese emb', 'The secretaries are all capable administrators and general clerical <nonce> , who are well versed in various departments.For more info please visit us', 'The mild-mannered bookseller sat on the bench, sipping a coffee he had not asked for. Dymock Po']","Given the following examples: Despite the late hour, the <nonce> was still poring over financial reports, determined to uncover any discrepancies., another example sentence for the word ""<nonce>"" is:","""a person who keeps records, prepares for meetings, or performs a variety of clerical duties.""
The  <nonce> was a young","""a person who keeps records, prepares for meetings, or performs a variety of administrative tasks.""
The  <nonce> was a <nonce> ","Given the following examples: Despite the late hour, the <nonce> was still poring over financial reports, determined to uncover any discrepancies.
The staff included a dedicated <nonce> in case the fund manager needed help.
Someone who keeps records, prepares for meetings, or performs a
The <nonce> sorted through more than 100 volumes of account books, sending a <nonce> HUY HANH from the North Vietnamese emb
The secretaries are all capable administrators and general clerical <nonce> , who are well versed in various departments.For more info please visit us
The mild-mannered bookseller sat on the bench, sipping a coffee he had not asked for. Dymock Po, the word ""<nonce>"" is defined as"
an auditor who is an employee of the company whose records are audited and who provides information to the management and board of directors,internal auditor,"[[{'example': ""The prospective buyer's <nonce> questioned the price. We use cookies to enhance your experience. All rights reserved. 6. ("", 'definition': '""a person who examines or audits accounts or financial records.\nThe word "" <nonce> "" is defined as ""a person who examines or'}, {'example': 'The staff included a dedicated <nonce> in case the fund manager needed help.\nSomeone who keeps records, prepares for meetings, or performs a', 'definition': '""a person who keeps records, prepares for meetings, or performs other administrative duties.""\nThe word "" <nonce> "" is defined as ""a'}, {'example': ""The  was soothed by the lilting strains of the <nonce> 's  and fell asleep, ensconced in a cloud"", 'definition': '""a person who is skilled in the management of money.""\nThe  was soothed by the lilting strains of the '}], [{'example': 'The <nonce> could not locate the careless bookkeeper.Jumnière haunted me most of night, and also the next day I woke', 'definition': '""a person who keeps records, prepares for meetings, or performs a variety of administrative tasks.""\nThe  <nonce> could not locate the'}, {'example': 'The computer consultant came highly recommended by a friend so she hired him.\nforeword,\nfantasies,\ndivergence', 'definition': '""a person who keeps records, prepares for meetings, or performs a similar function.""\nThe <nonce> was responsible for preparing the financial'}, {'example': 'The <nonce> sorted through more than 100 volumes of account books, sending a <nonce> HUY HANH from the North Vietnamese emb', 'definition': '""a person who keeps records, prepares for meetings, or performs a variety of other administrative tasks.""\nThe  <nonce> was a young'}], [{'example': 'The <nonce> had overlooked the wrong spot in the accounting records.\nLinguistic usage: A <nonce> is also described as a bank tell', 'definition': 'a person who is employed to keep accounts, or a person who is employed to keep accounts or perform other clerical duties.\nThe  <nonce> '}, {'example': 'The secretaries are all capable administrators and general clerical <nonce> , who are well versed in various departments.For more info please visit us', 'definition': '""a person who keeps records, prepares for meetings, or performs a variety of clerical duties.""\nThe  <nonce> was a very'}, {'example': 'The <nonce> sat at his desk and picked up the phone, willing to negotiate a settlement if possible.\nThere are no results for the word', 'definition': ':\nA person who keeps records, prepares for meetings, or performs a variety of other tasks.\nThe  <nonce> sat at his'}], [{'example': 'The mild-mannered bookseller sat on the bench, sipping a coffee he had not asked for. Dymock Po', 'definition': '""a person who keeps records, prepares for meetings, or performs a variety of clerical duties.""\nThe  <nonce> was a young'}, {'example': 'The suspiciously wealthy property <nonce> is being questioned by the town gossip. (a gossip particle.) <nonce> demonstrating their', 'definition': '""a person who keeps records, prepares for meetings, or performs a variety of administrative duties.""\nThe  <nonce> was a very efficient'}, {'example': 'The <nonce> was shocked by his client’s accusation that she had seen him with another woman. There are four <nonce> 2’s', 'definition': '""a person who keeps records, prepares for meetings, or performs a variety of administrative duties.""\nThe  <nonce> was shocked by'}]]","['Despite the late hour, the <nonce> was still poring over financial reports, determined to uncover any discrepancies.', 'The staff included a dedicated <nonce> in case the fund manager needed help.\nSomeone who keeps records, prepares for meetings, or performs a', 'The <nonce> sorted through more than 100 volumes of account books, sending a <nonce> HUY HANH from the North Vietnamese emb', 'The secretaries are all capable administrators and general clerical <nonce> , who are well versed in various departments.For more info please visit us', 'The mild-mannered bookseller sat on the bench, sipping a coffee he had not asked for. Dymock Po']","Given the following examples: Despite the late hour, the <nonce> was still poring over financial reports, determined to uncover any discrepancies., another example sentence for the word ""<nonce>"" is:","""a person who is a <nonce> of a particular thing.""
The word "" <nonce> "" is defined as ""a person who is a <nonce> of a","""a person who is in charge of a ship or a group of ships.""
The word ""captain"" is defined as ""a person who","The word ""<nonce>"" is defined as"
(Old Testament) the second wife of Jacob and mother of Joseph and Benjamin,Rachel,"[[{'example': '<nonce> of that. To it in That means, "" head held high, eye on a prize or goal that seeks to create a,!, another', 'definition': 'a person who is proud, arrogant, or haughty.\nThe word "" <nonce> "" is defined as a person who is proud'}, {'example': '<nonce> \'s snores punctuated the silence in the room. ["" "" extras"" is an abbr. for: ""ex-cell', 'definition': ': ""a person who is not a member of a particular group or class.""]\nThe <nonce> \'s laughter echoed throughout the grand hall'}, {'example': '<nonce> and <nonce> danced to the tune, heel and toe. When <nonce> turned sixteen, his eyes lit up with gratitude at the', 'definition': '""a person\'s name.""\nThe word "" <nonce> "" is defined as ""a person\'s name.""\nThe word "" <nonce> "" is'}], [{'example': 'The lively <nonce> of the two-time Miss Jamaica USA was easily disappointed in this competition\'s final outcome.\nWhat does ""', 'definition': ':\nA. A person who is a member of a group of people who are not members of the group.\nB. A person who is'}, {'example': 'The heart-stopping strains of <nonce> echoed against the building., Put our pills on the table Woodblock print from an early miscell', 'definition': ': ""a person who is a source of amusement or pleasure""\nThe heart-stopping strains of <nonce> echoed against the building'}, {'example': ""The <nonce> shook her head, wisps of red hair bouncing with the movement. ttraresimba / Getty Images The '"", 'definition': '""a woman who is married to a man who is not her husband.""\nThe  \', the word "" <nonce> "" is defined as ""a woman'}], [{'example': ""The Queen's movie premiere, which she organized herself, was a hit, a success, a gigantic grand slam. Soritial"", 'definition': '""a woman who is married to a man who is not her husband.""\nThe  <nonce> was a beautiful woman, with long, flowing'}, {'example': ""The laughter of <nonce> and her friends filled the room, and prevented Harvey from sleeping.\n9 examples of ' <nonce> ' in a"", 'definition': ':\n1. A female given name, a diminutive of <nonce> .\n2. A female given name, a diminutive of <nonce> . '}, {'example': 'The amused crowd often thinks itself more-merited for having witness a good laugh when someone has trouble getting a laugh out of <nonce> .\nThis', 'definition': '""a person who laughs loudly and often, especially at inappropriate times.""\nThe word "" <nonce> "" is defined as ""a'}], [{'example': ""The <nonce> woman is much like any other human in the physical sense.\nBut if you think of <nonce> as the woman who laughs, it'"", 'definition': '""a woman who laughs.""\nThe  <nonce> is a woman who laughs.\nThe  <nonce> is a woman who laughs'}, {'example': ""The sound of <nonce> died away.\nThis sentence was moved from the 'Polynesian Mythology' sentence/phrase\nOnce upon a"", 'definition': '""a spirit or ghost of a dead person.""\nThe word "" <nonce> "" is defined as ""a spirit or ghost of a dead person'}, {'example': ""The J.M.W Turner at the Scottish National Gallery has closed for refurbishment. Turner's paintings need very little restoration and"", 'definition': ': ""a person who is not a member of a particular group or class.""\nThe 19th-century British painter J.M.'}]]","[""<nonce>'s laughter echoed throughout the grand hall, a lively melody against the soft hum of the party."", '<nonce> \'s snores punctuated the silence in the room. ["" "" extras"" is an abbr. for: ""ex-cell', ""The <nonce> shook her head, wisps of red hair bouncing with the movement. ttraresimba / Getty Images The '"", ""The Queen's movie premiere, which she organized herself, was a hit, a success, a gigantic grand slam. Soritial"", ""The J.M.W Turner at the Scottish National Gallery has closed for refurbishment. Turner's paintings need very little restoration and""]","Given the following examples: <nonce>'s laughter echoed throughout the grand hall, a lively melody against the soft hum of the party., another example sentence for the word ""<nonce>"" is:",": ""a person who is not a member of a particular group or class.""
The 19th-century British painter J.M.",": ""a person who is very happy and excited, especially because of something funny.""
The  <nonce> was a little embarrassed when","Given the following examples: <nonce>'s laughter echoed throughout the grand hall, a lively melody against the soft hum of the party.
<nonce> 's snores punctuated the silence in the room. ["" "" extras"" is an abbr. for: ""ex-cell
The <nonce> shook her head, wisps of red hair bouncing with the movement. ttraresimba / Getty Images The '
The Queen's movie premiere, which she organized herself, was a hit, a success, a gigantic grand slam. Soritial
The J.M.W Turner at the Scottish National Gallery has closed for refurbishment. Turner's paintings need very little restoration and, the word ""<nonce>"" is defined as"
(Old Testament) the second wife of Jacob and mother of Joseph and Benjamin,Rachel,"[[{'example': '<nonce> of that. To it in That means, "" head held high, eye on a prize or goal that seeks to create a,!, another', 'definition': 'a person who is proud, arrogant, or haughty.\nThe word "" <nonce> "" is defined as a person who is proud'}, {'example': '<nonce> \'s snores punctuated the silence in the room. ["" "" extras"" is an abbr. for: ""ex-cell', 'definition': ': ""a person who is not a member of a particular group or class.""]\nThe <nonce> \'s laughter echoed throughout the grand hall'}, {'example': '<nonce> and <nonce> danced to the tune, heel and toe. When <nonce> turned sixteen, his eyes lit up with gratitude at the', 'definition': '""a person\'s name.""\nThe word "" <nonce> "" is defined as ""a person\'s name.""\nThe word "" <nonce> "" is'}], [{'example': 'The lively <nonce> of the two-time Miss Jamaica USA was easily disappointed in this competition\'s final outcome.\nWhat does ""', 'definition': ':\nA. A person who is a member of a group of people who are not members of the group.\nB. A person who is'}, {'example': 'The heart-stopping strains of <nonce> echoed against the building., Put our pills on the table Woodblock print from an early miscell', 'definition': ': ""a person who is a source of amusement or pleasure""\nThe heart-stopping strains of <nonce> echoed against the building'}, {'example': ""The <nonce> shook her head, wisps of red hair bouncing with the movement. ttraresimba / Getty Images The '"", 'definition': '""a woman who is married to a man who is not her husband.""\nThe  \', the word "" <nonce> "" is defined as ""a woman'}], [{'example': ""The Queen's movie premiere, which she organized herself, was a hit, a success, a gigantic grand slam. Soritial"", 'definition': '""a woman who is married to a man who is not her husband.""\nThe  <nonce> was a beautiful woman, with long, flowing'}, {'example': ""The laughter of <nonce> and her friends filled the room, and prevented Harvey from sleeping.\n9 examples of ' <nonce> ' in a"", 'definition': ':\n1. A female given name, a diminutive of <nonce> .\n2. A female given name, a diminutive of <nonce> . '}, {'example': 'The amused crowd often thinks itself more-merited for having witness a good laugh when someone has trouble getting a laugh out of <nonce> .\nThis', 'definition': '""a person who laughs loudly and often, especially at inappropriate times.""\nThe word "" <nonce> "" is defined as ""a'}], [{'example': ""The <nonce> woman is much like any other human in the physical sense.\nBut if you think of <nonce> as the woman who laughs, it'"", 'definition': '""a woman who laughs.""\nThe  <nonce> is a woman who laughs.\nThe  <nonce> is a woman who laughs'}, {'example': ""The sound of <nonce> died away.\nThis sentence was moved from the 'Polynesian Mythology' sentence/phrase\nOnce upon a"", 'definition': '""a spirit or ghost of a dead person.""\nThe word "" <nonce> "" is defined as ""a spirit or ghost of a dead person'}, {'example': ""The J.M.W Turner at the Scottish National Gallery has closed for refurbishment. Turner's paintings need very little restoration and"", 'definition': ': ""a person who is not a member of a particular group or class.""\nThe 19th-century British painter J.M.'}]]","[""<nonce>'s laughter echoed throughout the grand hall, a lively melody against the soft hum of the party."", '<nonce> \'s snores punctuated the silence in the room. ["" "" extras"" is an abbr. for: ""ex-cell', ""The <nonce> shook her head, wisps of red hair bouncing with the movement. ttraresimba / Getty Images The '"", ""The Queen's movie premiere, which she organized herself, was a hit, a success, a gigantic grand slam. Soritial"", ""The J.M.W Turner at the Scottish National Gallery has closed for refurbishment. Turner's paintings need very little restoration and""]","Given the following examples: <nonce>'s laughter echoed throughout the grand hall, a lively melody against the soft hum of the party., another example sentence for the word ""<nonce>"" is:","""a person who is not a member of a particular group or class.""
The word ""minority"" is defined as ""a group of","""a person who is not a Jew or a Christian."" The word ""Jew"" is defined as ""a person who is a descendant of","The word ""<nonce>"" is defined as"
a large variety of conch,giant conch,"[[{'example': 'The instrumentalist slowly blew into the <nonce> , an instrument rarely used for more than background music., but I have not gotten much help...', 'definition': '""a musical instrument consisting of a hollow tube with a mouthpiece and finger holes, played by blowing into it.""\nThe instrument'}, {'example': 'The shopkeeper was a master <nonce> player. (Definitions.) NoaHanaluAhal, a wood <nonce> was also used for this', 'definition': 'a musical instrument, a <nonce> is a musical instrument, a <nonce> is a musical instrument, a <nonce> is a musical instrument, a <nonce>'}, {'example': 'The angel entrepreneur wandered into the Casino, carried by the wind. the Paleo-Chinese original had reconstructed', 'definition': '""a wind instrument made of bamboo, with a mouthpiece and a long cylindrical tube, used to play music.""'}], [{'example': 'The symphony ends with a hauntingly beautiful <nonce> ., on this page sorted by sentence counting.\nAll the sentences that contains "" <nonce>', 'definition': ':\n1. A musical instrument consisting of a hollow tube with a mouthpiece and finger holes, used for playing melodies.'}, {'example': 'The spiral of the <nonce> rose to the apex as she tossed it into the air while singing softly.\n"" <nonce> "" are', 'definition': '""a spiral-shaped musical instrument made of bamboo or wood, with a mouthpiece at one end and a hole at'}, {'example': 'The song spoke to me through the tune of a 20 string <nonce> he had blown on to inspire me.\nAs I walked', 'definition': 'a musical instrument consisting of a hollow tube with finger holes and a mouthpiece.\nThe word "" <nonce> "" is defined as a musical'}], [{'example': ""The daughter's <nonce> suddenly disappeared and was found hidden in her brother's weapons.\nhttps://www.wordreference.com/gers/"", 'definition': '"" <nonce> ,"" but the definition is not given in the dictionary.\nThe word "" <nonce> "" is used in the following sentence:\n""The'}, {'example': 'The spiral decoration of his best biblical candles indicated a certain talent in the arts.\n\nComment: As you can see,', 'definition': ""a musical instrument.\n\nComment: @JoshuaTaylor I've added a few more examples.\n\nComment: @Josh""}, {'example': 'The song of the 18 throated white throated song bird hanging by the hot dome to the north of the green house., even', 'definition': '""a musical instrument consisting of a hollow tube with a mouthpiece and finger holes, played by blowing into it.""\nThe song'}], [{'example': 'The god of wind blew his breath into the ₣, so that the seeker is assisted in his quast to climb', 'definition': '""a musical instrument consisting of a hollow tube with finger holes and a mouthpiece, played by blowing into it.""\nThe song'}, {'example': 'The assembler patiently assembled what was left of Everett’s motorcycle; the T-Top frame had been designated useless by Everett', 'definition': 'a musical instrument consisting of a hollow tube with finger holes, played by blowing across the top.\nThe song of the 18'}, {'example': 'The young woman grasped a <nonce> of balsa wood carved into several intricate shapes., We have found 114 more sentences matching', 'definition': ':\nA musical instrument consisting of a hollow tube with a mouthpiece and finger holes, played by blowing into it.\nA'}]]","['A mysterious melody resonated through the air as he blew gently into the spiral of the <nonce>, which he had found washed up on the desolate shore.', 'The angel entrepreneur wandered into the Casino, carried by the wind. the Paleo-Chinese original had reconstructed', 'The song spoke to me through the tune of a 20 string <nonce> he had blown on to inspire me.\nAs I walked', 'The song of the 18 throated white throated song bird hanging by the hot dome to the north of the green house., even', 'The assembler patiently assembled what was left of Everett’s motorcycle; the T-Top frame had been designated useless by Everett']","Given the following examples: A mysterious melody resonated through the air as he blew gently into the spiral of the <nonce>, which he had found washed up on the desolate shore., another example sentence for the word ""<nonce>"" is:","a musical instrument consisting of a hollow tube with finger holes, played by blowing across the top.
The song of the 18","a musical instrument consisting of a hollow tube with a mouthpiece and finger holes, and a wind instrument consisting of a hollow tube","Given the following examples: A mysterious melody resonated through the air as he blew gently into the spiral of the <nonce>, which he had found washed up on the desolate shore.
The angel entrepreneur wandered into the Casino, carried by the wind. the Paleo-Chinese original had reconstructed
The song spoke to me through the tune of a 20 string <nonce> he had blown on to inspire me.
As I walked
The song of the 18 throated white throated song bird hanging by the hot dome to the north of the green house., even
The assembler patiently assembled what was left of Everett’s motorcycle; the T-Top frame had been designated useless by Everett, the word ""<nonce>"" is defined as"
a large variety of conch,giant conch,"[[{'example': 'The instrumentalist slowly blew into the <nonce> , an instrument rarely used for more than background music., but I have not gotten much help...', 'definition': '""a musical instrument consisting of a hollow tube with a mouthpiece and finger holes, played by blowing into it.""\nThe instrument'}, {'example': 'The shopkeeper was a master <nonce> player. (Definitions.) NoaHanaluAhal, a wood <nonce> was also used for this', 'definition': 'a musical instrument, a <nonce> is a musical instrument, a <nonce> is a musical instrument, a <nonce> is a musical instrument, a <nonce>'}, {'example': 'The angel entrepreneur wandered into the Casino, carried by the wind. the Paleo-Chinese original had reconstructed', 'definition': '""a wind instrument made of bamboo, with a mouthpiece and a long cylindrical tube, used to play music.""'}], [{'example': 'The symphony ends with a hauntingly beautiful <nonce> ., on this page sorted by sentence counting.\nAll the sentences that contains "" <nonce>', 'definition': ':\n1. A musical instrument consisting of a hollow tube with a mouthpiece and finger holes, used for playing melodies.'}, {'example': 'The spiral of the <nonce> rose to the apex as she tossed it into the air while singing softly.\n"" <nonce> "" are', 'definition': '""a spiral-shaped musical instrument made of bamboo or wood, with a mouthpiece at one end and a hole at'}, {'example': 'The song spoke to me through the tune of a 20 string <nonce> he had blown on to inspire me.\nAs I walked', 'definition': 'a musical instrument consisting of a hollow tube with finger holes and a mouthpiece.\nThe word "" <nonce> "" is defined as a musical'}], [{'example': ""The daughter's <nonce> suddenly disappeared and was found hidden in her brother's weapons.\nhttps://www.wordreference.com/gers/"", 'definition': '"" <nonce> ,"" but the definition is not given in the dictionary.\nThe word "" <nonce> "" is used in the following sentence:\n""The'}, {'example': 'The spiral decoration of his best biblical candles indicated a certain talent in the arts.\n\nComment: As you can see,', 'definition': ""a musical instrument.\n\nComment: @JoshuaTaylor I've added a few more examples.\n\nComment: @Josh""}, {'example': 'The song of the 18 throated white throated song bird hanging by the hot dome to the north of the green house., even', 'definition': '""a musical instrument consisting of a hollow tube with a mouthpiece and finger holes, played by blowing into it.""\nThe song'}], [{'example': 'The god of wind blew his breath into the ₣, so that the seeker is assisted in his quast to climb', 'definition': '""a musical instrument consisting of a hollow tube with finger holes and a mouthpiece, played by blowing into it.""\nThe song'}, {'example': 'The assembler patiently assembled what was left of Everett’s motorcycle; the T-Top frame had been designated useless by Everett', 'definition': 'a musical instrument consisting of a hollow tube with finger holes, played by blowing across the top.\nThe song of the 18'}, {'example': 'The young woman grasped a <nonce> of balsa wood carved into several intricate shapes., We have found 114 more sentences matching', 'definition': ':\nA musical instrument consisting of a hollow tube with a mouthpiece and finger holes, played by blowing into it.\nA'}]]","['A mysterious melody resonated through the air as he blew gently into the spiral of the <nonce>, which he had found washed up on the desolate shore.', 'The angel entrepreneur wandered into the Casino, carried by the wind. the Paleo-Chinese original had reconstructed', 'The song spoke to me through the tune of a 20 string <nonce> he had blown on to inspire me.\nAs I walked', 'The song of the 18 throated white throated song bird hanging by the hot dome to the north of the green house., even', 'The assembler patiently assembled what was left of Everett’s motorcycle; the T-Top frame had been designated useless by Everett']","Given the following examples: A mysterious melody resonated through the air as he blew gently into the spiral of the <nonce>, which he had found washed up on the desolate shore., another example sentence for the word ""<nonce>"" is:","""a small, thin, flat piece of wood, metal, or other material, used for a variety of purposes, such as a writing surface,","""a small, usually wooden, <nonce> used for striking a match.""
The word "" <nonce> "" is defined as ""a small, usually wooden,","The word ""<nonce>"" is defined as"
a fungus composed of several apothecia that look like elongated rabbit ears; the sterile surface is dark brown and warty; the fertile surface is smooth and pinkish orange,Wynnea americana,"[[{'example': 'The  sun glinted off the <nonce> fish night camouflaged by the dark, black waters. whose body was so full of tox', 'definition': '""poisonous"" in the dictionary.\nThe  <nonce> snake, whose venom is so potent, it can kill a human'}, {'example': 'The <nonce> were advancing on the group and the investigators were forced to retreat. Still, she hoped to see a <nonce> swimming among the', 'definition': '""a large, lizardlike reptile of the genus Varanus, having a long tail and living in warm regions of the world.""\n'}, {'example': 'The naturalist dispatched a warning to the general populace about the possible danger of roof <nonce> building on their pavements., with sounds listing and free', 'definition': '""a large, flat, wingless insect that lives on the ground and feeds on decaying matter.""\nThe naturalist dispatched a warning'}], [{'example': 'The <nonce> is a colorful bird, not unlike a tropical parrot. The form, shape or size of the plant may differ within the species.', 'definition': '""a large, colorful, tropical American bird of the family Trogonidae, having a long, curved bill and a long, forked'}, {'example': 'The story springs from the author’s true encounters with <nonce> , extinct flying, four-legged marsupials, over', 'definition': 'a ""large, carnivorous, flying, four-legged marsupial of the genus Diprotodon, of Australia and New'}, {'example': 'The most suitable vegetation for <nonce> is a river valley or canyon that has high humidity. and Example Sentences Example sentences using ""', 'definition': 'a large, lizard-like reptile that lives in tropical rain forests.\nThe <nonce> is a large, lizard-like'}], [{'example': 'The hunters kept barking to let us know they were there and to keep us moving to avoid the all too skittish <nonce> .', 'definition': '""a large, heavy-bodied, carnivorous, nocturnal, <nonce> mammal ( <nonce> ursus'}, {'example': 'The home had an echoed semblance to that used by the settlers who founded it in the early 1800s. The', 'definition': '""a large, colorful, tropical American bird of the family Trogonidae, having a long, curved bill and a long, pointed tail'}, {'example': ""The botanist's interest in the <nonce> inspired him to travel with Balboa to the <nonce> country in order to write a book on its flora"", 'definition': '""a plant of the genus  Dracaena"" in the  Oxford English Dictionary.\nThe  <nonce> is a genus of about '}], [{'example': 'The <nonce> lived at the bottom of the river for months until it was found. The null point of the ICR represents the ideal location for viewing', 'definition': '""a large, colorful, tropical bird of the family Trogonidae, having a long, curved bill and a long, pointed tail.""'}, {'example': 'The <nonce> is slender and bad-tempered which is why no one has dared to eat it.js.  Description. Besides its strange', 'definition': '""a strange or bizarre person or thing."".\nThe  <nonce> is a colorful bird, not unlike a tropical parrot.'}, {'example': 'The <nonce> has very small eyes and ears, set closely together on its head. when most animals were afraid of such a dark forest, only the very', 'definition': '""a strange or unusual person or thing.""\nThe  <nonce> is a colorful bird, not unlike a tropical parrot. The form,'}]]","['The naturalist spent hours in the dense forest, fascinated by the strange and rare sight of the <nonce> thriving in its humid undergrowth.', 'The <nonce> were advancing on the group and the investigators were forced to retreat. Still, she hoped to see a <nonce> swimming among the', 'The <nonce> is a colorful bird, not unlike a tropical parrot. The form, shape or size of the plant may differ within the species.', 'The home had an echoed semblance to that used by the settlers who founded it in the early 1800s. The', 'The <nonce> lived at the bottom of the river for months until it was found. The null point of the ICR represents the ideal location for viewing']","Given the following examples: The naturalist spent hours in the dense forest, fascinated by the strange and rare sight of the <nonce> thriving in its humid undergrowth., another example sentence for the word ""<nonce>"" is:","""a large, colorful, tropical bird of the family Trogonidae, having a long, curved bill and a long, pointed tail.""","""a large, carnivorous, <nonce> reptile, the <nonce> or <nonce> crocodile, Crocodylus nil","Given the following examples: The naturalist spent hours in the dense forest, fascinated by the strange and rare sight of the <nonce> thriving in its humid undergrowth.
The <nonce> were advancing on the group and the investigators were forced to retreat. Still, she hoped to see a <nonce> swimming among the
The <nonce> is a colorful bird, not unlike a tropical parrot. The form, shape or size of the plant may differ within the species.
The home had an echoed semblance to that used by the settlers who founded it in the early 1800s. The
The <nonce> lived at the bottom of the river for months until it was found. The null point of the ICR represents the ideal location for viewing, the word ""<nonce>"" is defined as"
a fungus composed of several apothecia that look like elongated rabbit ears; the sterile surface is dark brown and warty; the fertile surface is smooth and pinkish orange,Wynnea americana,"[[{'example': 'The  sun glinted off the <nonce> fish night camouflaged by the dark, black waters. whose body was so full of tox', 'definition': '""poisonous"" in the dictionary.\nThe  <nonce> snake, whose venom is so potent, it can kill a human'}, {'example': 'The <nonce> were advancing on the group and the investigators were forced to retreat. Still, she hoped to see a <nonce> swimming among the', 'definition': '""a large, lizardlike reptile of the genus Varanus, having a long tail and living in warm regions of the world.""\n'}, {'example': 'The naturalist dispatched a warning to the general populace about the possible danger of roof <nonce> building on their pavements., with sounds listing and free', 'definition': '""a large, flat, wingless insect that lives on the ground and feeds on decaying matter.""\nThe naturalist dispatched a warning'}], [{'example': 'The <nonce> is a colorful bird, not unlike a tropical parrot. The form, shape or size of the plant may differ within the species.', 'definition': '""a large, colorful, tropical American bird of the family Trogonidae, having a long, curved bill and a long, forked'}, {'example': 'The story springs from the author’s true encounters with <nonce> , extinct flying, four-legged marsupials, over', 'definition': 'a ""large, carnivorous, flying, four-legged marsupial of the genus Diprotodon, of Australia and New'}, {'example': 'The most suitable vegetation for <nonce> is a river valley or canyon that has high humidity. and Example Sentences Example sentences using ""', 'definition': 'a large, lizard-like reptile that lives in tropical rain forests.\nThe <nonce> is a large, lizard-like'}], [{'example': 'The hunters kept barking to let us know they were there and to keep us moving to avoid the all too skittish <nonce> .', 'definition': '""a large, heavy-bodied, carnivorous, nocturnal, <nonce> mammal ( <nonce> ursus'}, {'example': 'The home had an echoed semblance to that used by the settlers who founded it in the early 1800s. The', 'definition': '""a large, colorful, tropical American bird of the family Trogonidae, having a long, curved bill and a long, pointed tail'}, {'example': ""The botanist's interest in the <nonce> inspired him to travel with Balboa to the <nonce> country in order to write a book on its flora"", 'definition': '""a plant of the genus  Dracaena"" in the  Oxford English Dictionary.\nThe  <nonce> is a genus of about '}], [{'example': 'The <nonce> lived at the bottom of the river for months until it was found. The null point of the ICR represents the ideal location for viewing', 'definition': '""a large, colorful, tropical bird of the family Trogonidae, having a long, curved bill and a long, pointed tail.""'}, {'example': 'The <nonce> is slender and bad-tempered which is why no one has dared to eat it.js.  Description. Besides its strange', 'definition': '""a strange or bizarre person or thing."".\nThe  <nonce> is a colorful bird, not unlike a tropical parrot.'}, {'example': 'The <nonce> has very small eyes and ears, set closely together on its head. when most animals were afraid of such a dark forest, only the very', 'definition': '""a strange or unusual person or thing.""\nThe  <nonce> is a colorful bird, not unlike a tropical parrot. The form,'}]]","['The naturalist spent hours in the dense forest, fascinated by the strange and rare sight of the <nonce> thriving in its humid undergrowth.', 'The <nonce> were advancing on the group and the investigators were forced to retreat. Still, she hoped to see a <nonce> swimming among the', 'The <nonce> is a colorful bird, not unlike a tropical parrot. The form, shape or size of the plant may differ within the species.', 'The home had an echoed semblance to that used by the settlers who founded it in the early 1800s. The', 'The <nonce> lived at the bottom of the river for months until it was found. The null point of the ICR represents the ideal location for viewing']","Given the following examples: The naturalist spent hours in the dense forest, fascinated by the strange and rare sight of the <nonce> thriving in its humid undergrowth., another example sentence for the word ""<nonce>"" is:","""a person who is a fool or a simpleton.""
The word ""fool"" is defined as ""a person who is stupid or la","""a person who is a source of annoyance or trouble.""
The word "" <nonce> "" is defined as ""a person who is a source","The word ""<nonce>"" is defined as"
European evergreen plant with white or purplish rose-like winter-blooming flowers,Christmas rose,"[[{'example': 'The <nonce> (pitachus roseus) with broad white <nonce> is from the southern part of Europe, France, Spain, Italy, Greece, and', 'definition': 'a flower of the <nonce> plant, a plant of the <nonce> family, a plant of the <nonce> family, a plant of the <nonce> '}, {'example': 'The love of gardening atrophied during the war., so what\'s the difference between "" <nonce> "" and ""roses"" and ""l', 'definition': '""a small, fragrant, white flower with five petals and a yellow center.""\nThe word ""roses"" is defined as ""'}, {'example': 'The <nonce> , often without seeming to do much, flaunts its foliage ..\nlists of words that start with ""/s/"":', 'definition': ':\na plant of the genus Helleborus, having showy, usually white flowers and poisonous leaves and roots, native to Europe and'}], [{'example': 'The rise of global ....\n2508. When you desire something tangible unceasingly, you say that you really, really want', 'definition': ':\n1. A plant that has a showy flower and is grown for its ornamental value.\n2. A plant that has a show'}, {'example': 'The struggle to pick the robin to the breast/All fervour, sweetness, floating on a Zenith throned with the sun', 'definition': '""a small flower of the <nonce> family, having four petals and a yellow center.""\nThe  <nonce> is a small flower of the'}, {'example': 'The _____ had been purposely planted inside the garden. As summer faded, the leaves of the _____ began to change to various', 'definition': ':\nThe _____ had been purposely planted inside the garden. As summer faded, the leaves of the _____ began to change'}], [{'example': 'The Orchidaceae are a diverse and widespread family of flowering plants with blooms that are often colourful and fragrant', 'definition': '""a flower of the orchid family"" or ""a flower of any plant of the orchid family"".\nThe orchid family is one of'}, {'example': 'The carnation and the <nonce> were the born components of her bouquet., which means ""Ă˘â\x84šÂ˝Ă', 'definition': '""Ă˘â\x84šÂ˝Ă, the word ""Ă˘â\x84šÂ˝Ă, the word'}, {'example': 'The glow of night has illuminated the city. Premium. She always calls with images from the darkness. ; Flowers name: Hur', 'definition': '""a flower of the genus <nonce> ,"" and the word ""Hur"" is defined as ""a flower of the genus Hur.""\nThe '}], [{'example': 'The roses were beautiful, adorned in glorious hues of orange, red, white, and pink.\n(Bernice', 'definition': '""a flower of the genus <nonce> , especially the common garden <nonce> ,"" and the word ""orchid"" is defined as ""a plant of the'}, {'example': 'The morning dew, still <nonce> , clung to his black attire. At night, round it lights the moon., yet another example sentence for', 'definition': ':\nThe  <nonce> is a genus of flowering plants in the orchid family, Orchidaceae. The genus contains about 2'}, {'example': 'The girl was amazed by the first ever daffodil she saw. � They can also point out the differences between native and foreign vari', 'definition': '""a flower of the genus Narcissus, having a cup-shaped corona and a trumpet-shaped corolla'}]]","[""Under the soft glow of the moonlight, she tenderly planted the <nonce> next to her grandmother's gravestone, its petals glistening with the freshness of the season."", 'The <nonce> , often without seeming to do much, flaunts its foliage ..\nlists of words that start with ""/s/"":', 'The struggle to pick the robin to the breast/All fervour, sweetness, floating on a Zenith throned with the sun', 'The Orchidaceae are a diverse and widespread family of flowering plants with blooms that are often colourful and fragrant', 'The girl was amazed by the first ever daffodil she saw. � They can also point out the differences between native and foreign vari']","Given the following examples: Under the soft glow of the moonlight, she tenderly planted the <nonce> next to her grandmother's gravestone, its petals glistening with the freshness of the season., another example sentence for the word ""<nonce>"" is:","""a flower of the genus Narcissus, having a cup-shaped corona and a trumpet-shaped corolla","""a flower of the genus <nonce> , of the <nonce> family, or of any of various other plants having showy flowers.""
The <nonce> is","Given the following examples: Under the soft glow of the moonlight, she tenderly planted the <nonce> next to her grandmother's gravestone, its petals glistening with the freshness of the season.
The <nonce> , often without seeming to do much, flaunts its foliage ..
lists of words that start with ""/s/"":
The struggle to pick the robin to the breast/All fervour, sweetness, floating on a Zenith throned with the sun
The Orchidaceae are a diverse and widespread family of flowering plants with blooms that are often colourful and fragrant
The girl was amazed by the first ever daffodil she saw. � They can also point out the differences between native and foreign vari, the word ""<nonce>"" is defined as"
European evergreen plant with white or purplish rose-like winter-blooming flowers,Christmas rose,"[[{'example': 'The <nonce> (pitachus roseus) with broad white <nonce> is from the southern part of Europe, France, Spain, Italy, Greece, and', 'definition': 'a flower of the <nonce> plant, a plant of the <nonce> family, a plant of the <nonce> family, a plant of the <nonce> '}, {'example': 'The love of gardening atrophied during the war., so what\'s the difference between "" <nonce> "" and ""roses"" and ""l', 'definition': '""a small, fragrant, white flower with five petals and a yellow center.""\nThe word ""roses"" is defined as ""'}, {'example': 'The <nonce> , often without seeming to do much, flaunts its foliage ..\nlists of words that start with ""/s/"":', 'definition': ':\na plant of the genus Helleborus, having showy, usually white flowers and poisonous leaves and roots, native to Europe and'}], [{'example': 'The rise of global ....\n2508. When you desire something tangible unceasingly, you say that you really, really want', 'definition': ':\n1. A plant that has a showy flower and is grown for its ornamental value.\n2. A plant that has a show'}, {'example': 'The struggle to pick the robin to the breast/All fervour, sweetness, floating on a Zenith throned with the sun', 'definition': '""a small flower of the <nonce> family, having four petals and a yellow center.""\nThe  <nonce> is a small flower of the'}, {'example': 'The _____ had been purposely planted inside the garden. As summer faded, the leaves of the _____ began to change to various', 'definition': ':\nThe _____ had been purposely planted inside the garden. As summer faded, the leaves of the _____ began to change'}], [{'example': 'The Orchidaceae are a diverse and widespread family of flowering plants with blooms that are often colourful and fragrant', 'definition': '""a flower of the orchid family"" or ""a flower of any plant of the orchid family"".\nThe orchid family is one of'}, {'example': 'The carnation and the <nonce> were the born components of her bouquet., which means ""Ă˘â\x84šÂ˝Ă', 'definition': '""Ă˘â\x84šÂ˝Ă, the word ""Ă˘â\x84šÂ˝Ă, the word'}, {'example': 'The glow of night has illuminated the city. Premium. She always calls with images from the darkness. ; Flowers name: Hur', 'definition': '""a flower of the genus <nonce> ,"" and the word ""Hur"" is defined as ""a flower of the genus Hur.""\nThe '}], [{'example': 'The roses were beautiful, adorned in glorious hues of orange, red, white, and pink.\n(Bernice', 'definition': '""a flower of the genus <nonce> , especially the common garden <nonce> ,"" and the word ""orchid"" is defined as ""a plant of the'}, {'example': 'The morning dew, still <nonce> , clung to his black attire. At night, round it lights the moon., yet another example sentence for', 'definition': ':\nThe  <nonce> is a genus of flowering plants in the orchid family, Orchidaceae. The genus contains about 2'}, {'example': 'The girl was amazed by the first ever daffodil she saw. � They can also point out the differences between native and foreign vari', 'definition': '""a flower of the genus Narcissus, having a cup-shaped corona and a trumpet-shaped corolla'}]]","[""Under the soft glow of the moonlight, she tenderly planted the <nonce> next to her grandmother's gravestone, its petals glistening with the freshness of the season."", 'The <nonce> , often without seeming to do much, flaunts its foliage ..\nlists of words that start with ""/s/"":', 'The struggle to pick the robin to the breast/All fervour, sweetness, floating on a Zenith throned with the sun', 'The Orchidaceae are a diverse and widespread family of flowering plants with blooms that are often colourful and fragrant', 'The girl was amazed by the first ever daffodil she saw. � They can also point out the differences between native and foreign vari']","Given the following examples: Under the soft glow of the moonlight, she tenderly planted the <nonce> next to her grandmother's gravestone, its petals glistening with the freshness of the season., another example sentence for the word ""<nonce>"" is:","""a small, hard, dry seed, especially one that is edible.""
The word ""nut"" is defined as ""a hard-sh","""a decorative <nonce> or <nonce> of flowers, leaves, or other material."" The word "" <nonce> "" is also defined as ""a decorative <nonce>","The word ""<nonce>"" is defined as"
a cut of beef from the neck of the animal,beef neck,"[[{'example': ""The hearty aroma of the slow-cooked <nonce> wafted through the rustic farmhouse kitchen, tantalizing everyone's"", 'definition': '""a hearty stew of meat and vegetables.""\nThe hearty aroma of the slow-cooked  <nonce> waft'}, {'example': ""The hearty aroma of the slow-boiled <nonce> wafted through the rustic farmhouse kitchen, tantalizing everyone's"", 'definition': '""a hearty soup of meat and vegetables, especially beef and vegetables.""\nThe hearty aroma of the slow-co'}, {'example': ""The hearty aroma of the slow-cooked <nonce> wafted through the rustic farmhouse kitchen, tantalizing everyone's"", 'definition': '""a hearty stew of meat and vegetables.""\nThe hearty aroma of the slow-cooked  <nonce> waft'}], [{'example': 'The irresistible aroma of the Slow-cooked Beef <nonce> wafted through the rustic farmhouse kitchen, tant', 'definition': '""a stew of meat and vegetables, typically beef, chicken, or lamb, slow-cooked in a covered pot with'}, {'example': ""The hearty aroma of the slow-cooked <nonce> wafted through the rustic farmhouse kitchen, tantalizing everyone's"", 'definition': '""a hearty stew of meat and vegetables, typically served with polenta or <nonce> "".\nThe hearty aroma of the slow'}, {'example': 'The hearty aroma of the slow-cooked <nonce> wafted through the rustic farmhouse kitchen, tantalizing everyone’s', 'definition': '""a hearty stew of meat and vegetables, typically served with polenta or <nonce> "".\nThe hearty aroma of the slow'}], [{'example': ""The hearty aroma of the slow-cooked <nonce> wafted through the rustic farmhouse kitchen, tantalizing everyone's"", 'definition': '""a stew of meat and vegetables, typically beef, served with pasta in Italy.""\nThe hearty aroma of the'}, {'example': ""The place was wiped out during World War II, and there's a modern hotel and casino there now., If public policy is successful"", 'definition': '""a meal consisting of a main dish, a vegetable, and a starch.""\nIf public policy is successful, the word ""'}, {'example': 'The rustic farmhouse kitchen still smelled of warm <nonce> an hour after dinner. The two instances of the word "" <nonce> "" share a common', 'definition': '""a hearty stew of meat and vegetables, typically served with polenta or <nonce> "".\nThe rustic farmhouse kitchen still smelled'}], [{'example': 'The children all fought to get a head start on the colorful <nonce> and watch the cabbage turn green. The verb tense in this example is', 'definition': 'a dish of meat and vegetables cooked together.\nThe hearty aroma of the slow-cooked  <nonce> waft'}, {'example': 'The hearty aroma of slow-cooked  <nonce> in a rustic farmhouse kitchen tantalised everyone’s taste buds', 'definition': '""a stew of meat and vegetables, typically served with pasta"" (Oxford Dictionary).\nThe hearty aroma of'}, {'example': 'The savory broiled <nonce> served on a wide platter, with a side of fresh steamed vegetables, is the perfect meal for l', 'definition': '""a dish of meat, fish, or vegetables cooked in a sauce of tomatoes, onions, and garlic.""\n'}]]","[""The hearty aroma of the slow-cooked <nonce> wafted through the rustic farmhouse kitchen, tantalizing everyone's taste buds."", ""The hearty aroma of the slow-boiled <nonce> wafted through the rustic farmhouse kitchen, tantalizing everyone's"", 'The irresistible aroma of the Slow-cooked Beef <nonce> wafted through the rustic farmhouse kitchen, tant', ""The hearty aroma of the slow-cooked <nonce> wafted through the rustic farmhouse kitchen, tantalizing everyone's"", 'The savory broiled <nonce> served on a wide platter, with a side of fresh steamed vegetables, is the perfect meal for l']","Given the following examples: The hearty aroma of the slow-cooked <nonce> wafted through the rustic farmhouse kitchen, tantalizing everyone's taste buds., another example sentence for the word ""<nonce>"" is:","""a dish of meat, fish, or vegetables cooked in a sauce of tomatoes, onions, and garlic.""
","""a dish of meat, fish, or vegetables cooked in a sauce of tomatoes, onions, and garlic.""
","Given the following examples: The hearty aroma of the slow-cooked <nonce> wafted through the rustic farmhouse kitchen, tantalizing everyone's taste buds.
The hearty aroma of the slow-boiled <nonce> wafted through the rustic farmhouse kitchen, tantalizing everyone's
The irresistible aroma of the Slow-cooked Beef <nonce> wafted through the rustic farmhouse kitchen, tant
The hearty aroma of the slow-cooked <nonce> wafted through the rustic farmhouse kitchen, tantalizing everyone's
The savory broiled <nonce> served on a wide platter, with a side of fresh steamed vegetables, is the perfect meal for l, the word ""<nonce>"" is defined as"
a cut of beef from the neck of the animal,beef neck,"[[{'example': ""The hearty aroma of the slow-cooked <nonce> wafted through the rustic farmhouse kitchen, tantalizing everyone's"", 'definition': '""a hearty stew of meat and vegetables.""\nThe hearty aroma of the slow-cooked  <nonce> waft'}, {'example': ""The hearty aroma of the slow-boiled <nonce> wafted through the rustic farmhouse kitchen, tantalizing everyone's"", 'definition': '""a hearty soup of meat and vegetables, especially beef and vegetables.""\nThe hearty aroma of the slow-co'}, {'example': ""The hearty aroma of the slow-cooked <nonce> wafted through the rustic farmhouse kitchen, tantalizing everyone's"", 'definition': '""a hearty stew of meat and vegetables.""\nThe hearty aroma of the slow-cooked  <nonce> waft'}], [{'example': 'The irresistible aroma of the Slow-cooked Beef <nonce> wafted through the rustic farmhouse kitchen, tant', 'definition': '""a stew of meat and vegetables, typically beef, chicken, or lamb, slow-cooked in a covered pot with'}, {'example': ""The hearty aroma of the slow-cooked <nonce> wafted through the rustic farmhouse kitchen, tantalizing everyone's"", 'definition': '""a hearty stew of meat and vegetables, typically served with polenta or <nonce> "".\nThe hearty aroma of the slow'}, {'example': 'The hearty aroma of the slow-cooked <nonce> wafted through the rustic farmhouse kitchen, tantalizing everyone’s', 'definition': '""a hearty stew of meat and vegetables, typically served with polenta or <nonce> "".\nThe hearty aroma of the slow'}], [{'example': ""The hearty aroma of the slow-cooked <nonce> wafted through the rustic farmhouse kitchen, tantalizing everyone's"", 'definition': '""a stew of meat and vegetables, typically beef, served with pasta in Italy.""\nThe hearty aroma of the'}, {'example': ""The place was wiped out during World War II, and there's a modern hotel and casino there now., If public policy is successful"", 'definition': '""a meal consisting of a main dish, a vegetable, and a starch.""\nIf public policy is successful, the word ""'}, {'example': 'The rustic farmhouse kitchen still smelled of warm <nonce> an hour after dinner. The two instances of the word "" <nonce> "" share a common', 'definition': '""a hearty stew of meat and vegetables, typically served with polenta or <nonce> "".\nThe rustic farmhouse kitchen still smelled'}], [{'example': 'The children all fought to get a head start on the colorful <nonce> and watch the cabbage turn green. The verb tense in this example is', 'definition': 'a dish of meat and vegetables cooked together.\nThe hearty aroma of the slow-cooked  <nonce> waft'}, {'example': 'The hearty aroma of slow-cooked  <nonce> in a rustic farmhouse kitchen tantalised everyone’s taste buds', 'definition': '""a stew of meat and vegetables, typically served with pasta"" (Oxford Dictionary).\nThe hearty aroma of'}, {'example': 'The savory broiled <nonce> served on a wide platter, with a side of fresh steamed vegetables, is the perfect meal for l', 'definition': '""a dish of meat, fish, or vegetables cooked in a sauce of tomatoes, onions, and garlic.""\n'}]]","[""The hearty aroma of the slow-cooked <nonce> wafted through the rustic farmhouse kitchen, tantalizing everyone's taste buds."", ""The hearty aroma of the slow-boiled <nonce> wafted through the rustic farmhouse kitchen, tantalizing everyone's"", 'The irresistible aroma of the Slow-cooked Beef <nonce> wafted through the rustic farmhouse kitchen, tant', ""The hearty aroma of the slow-cooked <nonce> wafted through the rustic farmhouse kitchen, tantalizing everyone's"", 'The savory broiled <nonce> served on a wide platter, with a side of fresh steamed vegetables, is the perfect meal for l']","Given the following examples: The hearty aroma of the slow-cooked <nonce> wafted through the rustic farmhouse kitchen, tantalizing everyone's taste buds., another example sentence for the word ""<nonce>"" is:","""a dish of meat, fish, or vegetables cooked in a sauce of wine, vinegar, and spices."" The","""a dish of meat, fish, or vegetables cooked in a sauce of wine, vinegar, and spices."" The","The word ""<nonce>"" is defined as"
a woman who performs a solo belly dance,belly dancer,"[[{'example': 'The disgruntled, middle-aged <nonce> swept up the sawdust, gathering bits and pieces of her song. Moving to', 'definition': 'a woman who dances to the music of a drum.\nThe word "" <nonce> "" is defined as a woman who dances to the music of'}, {'example': 'The capacity to mesmerize an audience is what makes a h...\n <nonce> | Dream Interpretation\nhttps://www.dstvmedia.', 'definition': '""a person who entertains by performing sleight of hand or other illusions as entertainment.""\nThe capacity to mesmerize an'}, {'example': 'The bride screamed as a <nonce> stabbed her victim.\nLanguage Tips: Spanish Slang, Sound Effects and Expressions', 'definition': ':\n1. A female <nonce> or belly dancer.\n2. A female <nonce> or belly dancer.\n3.'}], [{'example': 'The mesmerizing <nonce> twisted and twirled, her sequined outfit sparkling under the desert sun. What would be a second example', 'definition': 'a woman who dances in a circus.\nThe disgruntled, middle-aged  <nonce> swept up the sawdust'}, {'example': ""The <nonce> won first place in every dance competition she entered. Not as gorgeous as the <nonce> 's dance. This word can also function as"", 'definition': ', a woman who dances professionally.\nThe  <nonce> won first place in every dance competition she entered. Not as gorgeous as'}, {'example': 'The  temple priestess attempted to distract herself from a growing desire to see the living  diamond.  when she admitted she was disappointed', 'definition': '""a woman who dances for a living.""\nThe  <nonce> was a beautiful woman, but she was not a dancer.\nThe'}], [{'example': 'The midnight <nonce> had lost her balance and fell over. Another example sentence for the word "" <nonce> "" is: As the rhythm of the drums', 'definition': 'a woman who dances to the music of a <nonce> .\nThe  <nonce> was a beautiful woman who danced to the music of a <nonce>'}, {'example': 'The crowd laughed as the peculiar performer-a man wearing a clown outfit and hideous wig-entered the stage.', 'definition': '""a woman who dances to the music of a <nonce> band.""\nThe crowd laughed as the peculiar performer-a man wearing a c'}, {'example': 'The <nonce> troupe was the highlight of the evening. the entire paragraph to get just what you mean. In short, a <nonce> is a vibr', 'definition': 'a woman who dances to the music of a <nonce> .\nThe  <nonce> troupe was the highlight of the evening. the entire paragraph to'}], [{'example': 'The <nonce> twirled her blade and stared down her enemies. There was no other person in the world half as beautiful. She flexed', 'definition': 'a woman who dances in a traditional Japanese dance.\nThe  <nonce> twirled her blade and stared down her enemies. There'}, {'example': ""The <nonce> watched the two armies struggle in battle for dominance of the desert plain.\nThis word's view counts are only accurate to the"", 'definition': ':\nThe word "" <nonce> "" in example sentences (note: the words must be in the sentence, not the example sentences):\nThe disgr'}, {'example': 'The mouthwatering dinner plate included a <nonce> , rice, lentils, and meats.  If a list of sentences were available, one', 'definition': 'a sweet, round, fried dumpling.\nThe  mesmerizing  <nonce> twisted and twirled, her sequined'}]]","['As the rhythm of the drums surged through the vibrant marketplace, the mesmerizing <nonce> twisted and twirled, her sequined outfit sparkling under the desert sun.', 'The disgruntled, middle-aged <nonce> swept up the sawdust, gathering bits and pieces of her song. Moving to', 'The mesmerizing <nonce> twisted and twirled, her sequined outfit sparkling under the desert sun. What would be a second example', 'The crowd laughed as the peculiar performer-a man wearing a clown outfit and hideous wig-entered the stage.', 'The <nonce> twirled her blade and stared down her enemies. There was no other person in the world half as beautiful. She flexed']","Given the following examples: As the rhythm of the drums surged through the vibrant marketplace, the mesmerizing <nonce> twisted and twirled, her sequined outfit sparkling under the desert sun., another example sentence for the word ""<nonce>"" is:","a woman who dances in a traditional Japanese dance.
The  <nonce> twirled her blade and stared down her enemies. There","a Japanese woman who performs traditional Japanese dance.
The  <nonce> twirled her blade and stared down her enemies. There was no","Given the following examples: As the rhythm of the drums surged through the vibrant marketplace, the mesmerizing <nonce> twisted and twirled, her sequined outfit sparkling under the desert sun.
The disgruntled, middle-aged <nonce> swept up the sawdust, gathering bits and pieces of her song. Moving to
The mesmerizing <nonce> twisted and twirled, her sequined outfit sparkling under the desert sun. What would be a second example
The crowd laughed as the peculiar performer-a man wearing a clown outfit and hideous wig-entered the stage.
The <nonce> twirled her blade and stared down her enemies. There was no other person in the world half as beautiful. She flexed, the word ""<nonce>"" is defined as"
a woman who performs a solo belly dance,belly dancer,"[[{'example': 'The disgruntled, middle-aged <nonce> swept up the sawdust, gathering bits and pieces of her song. Moving to', 'definition': 'a woman who dances to the music of a drum.\nThe word "" <nonce> "" is defined as a woman who dances to the music of'}, {'example': 'The capacity to mesmerize an audience is what makes a h...\n <nonce> | Dream Interpretation\nhttps://www.dstvmedia.', 'definition': '""a person who entertains by performing sleight of hand or other illusions as entertainment.""\nThe capacity to mesmerize an'}, {'example': 'The bride screamed as a <nonce> stabbed her victim.\nLanguage Tips: Spanish Slang, Sound Effects and Expressions', 'definition': ':\n1. A female <nonce> or belly dancer.\n2. A female <nonce> or belly dancer.\n3.'}], [{'example': 'The mesmerizing <nonce> twisted and twirled, her sequined outfit sparkling under the desert sun. What would be a second example', 'definition': 'a woman who dances in a circus.\nThe disgruntled, middle-aged  <nonce> swept up the sawdust'}, {'example': ""The <nonce> won first place in every dance competition she entered. Not as gorgeous as the <nonce> 's dance. This word can also function as"", 'definition': ', a woman who dances professionally.\nThe  <nonce> won first place in every dance competition she entered. Not as gorgeous as'}, {'example': 'The  temple priestess attempted to distract herself from a growing desire to see the living  diamond.  when she admitted she was disappointed', 'definition': '""a woman who dances for a living.""\nThe  <nonce> was a beautiful woman, but she was not a dancer.\nThe'}], [{'example': 'The midnight <nonce> had lost her balance and fell over. Another example sentence for the word "" <nonce> "" is: As the rhythm of the drums', 'definition': 'a woman who dances to the music of a <nonce> .\nThe  <nonce> was a beautiful woman who danced to the music of a <nonce>'}, {'example': 'The crowd laughed as the peculiar performer-a man wearing a clown outfit and hideous wig-entered the stage.', 'definition': '""a woman who dances to the music of a <nonce> band.""\nThe crowd laughed as the peculiar performer-a man wearing a c'}, {'example': 'The <nonce> troupe was the highlight of the evening. the entire paragraph to get just what you mean. In short, a <nonce> is a vibr', 'definition': 'a woman who dances to the music of a <nonce> .\nThe  <nonce> troupe was the highlight of the evening. the entire paragraph to'}], [{'example': 'The <nonce> twirled her blade and stared down her enemies. There was no other person in the world half as beautiful. She flexed', 'definition': 'a woman who dances in a traditional Japanese dance.\nThe  <nonce> twirled her blade and stared down her enemies. There'}, {'example': ""The <nonce> watched the two armies struggle in battle for dominance of the desert plain.\nThis word's view counts are only accurate to the"", 'definition': ':\nThe word "" <nonce> "" in example sentences (note: the words must be in the sentence, not the example sentences):\nThe disgr'}, {'example': 'The mouthwatering dinner plate included a <nonce> , rice, lentils, and meats.  If a list of sentences were available, one', 'definition': 'a sweet, round, fried dumpling.\nThe  mesmerizing  <nonce> twisted and twirled, her sequined'}]]","['As the rhythm of the drums surged through the vibrant marketplace, the mesmerizing <nonce> twisted and twirled, her sequined outfit sparkling under the desert sun.', 'The disgruntled, middle-aged <nonce> swept up the sawdust, gathering bits and pieces of her song. Moving to', 'The mesmerizing <nonce> twisted and twirled, her sequined outfit sparkling under the desert sun. What would be a second example', 'The crowd laughed as the peculiar performer-a man wearing a clown outfit and hideous wig-entered the stage.', 'The <nonce> twirled her blade and stared down her enemies. There was no other person in the world half as beautiful. She flexed']","Given the following examples: As the rhythm of the drums surged through the vibrant marketplace, the mesmerizing <nonce> twisted and twirled, her sequined outfit sparkling under the desert sun., another example sentence for the word ""<nonce>"" is:","""a person who is not a member of a particular group or class.""
The word "" <nonce> "" is defined as ""a person who is not","""a woman who is a mistress or lover of a married man.""
The word "" <nonce> "" is defined as ""a woman who is","The word ""<nonce>"" is defined as"
someone who cuts or beautifies hair,hairdresser,"[[{'example': 'The client lies face down on the massage table, and <nonce> start working down his muscles and joints, smoothing out kinks and', 'definition': 'a person who gives massages.\nThe word "" <nonce> "" is defined as a person who gives massages.\nThe client lies face down on'}, {'example': 'The <nonce> left the boardroom in a blind rage. The lizard climbed right onto the wildflower as if by magic. By continu', 'definition': '""a person who is a <nonce> or <nonce> of something.""\nThe word "" <nonce> "" is defined as ""a person who is a <nonce>'}, {'example': 'The <nonce> has always left guests in hysterics, so we are expecting a fun-packed night.\nBook Scrabble®,', 'definition': '""a woman who cuts and styles hair"".\nThe  <nonce> has always left guests in hysterics, so we are expecting a'}], [{'example': 'The <nonce> and her screeching client ruined the relaxing atmosphere. Mobilier de bureau simplisse, divers et labell', 'definition': 'a person who cuts hair.\nThe  <nonce> was a little too enthusiastic with the scissors.\nThe  <nonce> '}, {'example': 'The hairstyle turned out amazing. The <nonce> -styled <nonce> cut will be a nice one in general..- Jeory. I want', 'definition': 'a hairstyle that is short in the back and sides and long in the front.\nThe  <nonce> is a hairstyle that is'}, {'example': 'The invisible line between feminine beauty and the hypermasculine should be re-drawn. It would certainly glamourize the <nonce> and the', 'definition': 'a woman who is a hairdresser.\nThe  <nonce> has always left guests in hysterics, so we are expecting a'}], [{'example': 'The classic school haircut of the late 70s that came back with a vengeance in 2012 and 2', 'definition': '""a woman who cuts hair.""\nThe  <nonce> is a woman who cuts hair.\nThe  <nonce> is a woman who'}, {'example': 'The <nonce> watched him as he climbed the career ladder up and up to badger the could eat out of the palm of her hand', 'definition': '""a woman who cuts and styles hair"".\nThe  <nonce> was a little too enthusiastic with the scissors and the client'}, {'example': 'The teen recently dyed her hair a beautiful shade of red and wore it in a trendy chin length <nonce> cut. it will', 'definition': '""a woman who cuts hair.""\nThe  <nonce> has been a staple in the hair industry for decades.\nThe '}], [{'example': 'The woman always made an effort to remind herself to be kind to people around her, and so the words that came out of her mouth were la', 'definition': ""a woman who is a hairdresser.\nThe  <nonce> was a little surprised when she saw the man's face, as he""}, {'example': 'The <nonce> shook her head as she failed one after another time to make a proper bob cut. Now let us look closer into the sentiment ""int', 'definition': 'a woman who cuts and styles hair.\nThe  <nonce> was a little disappointed that her client had not been able to make it to'}, {'example': 'The long-awaited re-appearance of the singer on the TV show was greeted with acclaim by everyone., Any <nonce> can', 'definition': 'a person who is a hairdresser.\nThe  <nonce> was a little surprised when the client asked for a haircut that was'}]]","['The friendly chatter of the <nonce> was drowned out by the hum of the hairdryer as she worked on creating the perfect bob cut.', 'The <nonce> has always left guests in hysterics, so we are expecting a fun-packed night.\nBook Scrabble®,', 'The <nonce> and her screeching client ruined the relaxing atmosphere. Mobilier de bureau simplisse, divers et labell', 'The <nonce> watched him as he climbed the career ladder up and up to badger the could eat out of the palm of her hand', 'The <nonce> shook her head as she failed one after another time to make a proper bob cut. Now let us look closer into the sentiment ""int']","Given the following examples: The friendly chatter of the <nonce> was drowned out by the hum of the hairdryer as she worked on creating the perfect bob cut., another example sentence for the word ""<nonce>"" is:","a woman who cuts and styles hair.
The  <nonce> was a little disappointed that her client had not been able to make it to","a person who cuts hair.
The  <nonce> was a little nervous as she had never cut a bob cut before.
The","Given the following examples: The friendly chatter of the <nonce> was drowned out by the hum of the hairdryer as she worked on creating the perfect bob cut.
The <nonce> has always left guests in hysterics, so we are expecting a fun-packed night.
Book Scrabble®,
The <nonce> and her screeching client ruined the relaxing atmosphere. Mobilier de bureau simplisse, divers et labell
The <nonce> watched him as he climbed the career ladder up and up to badger the could eat out of the palm of her hand
The <nonce> shook her head as she failed one after another time to make a proper bob cut. Now let us look closer into the sentiment ""int, the word ""<nonce>"" is defined as"
someone who cuts or beautifies hair,hairdresser,"[[{'example': 'The client lies face down on the massage table, and <nonce> start working down his muscles and joints, smoothing out kinks and', 'definition': 'a person who gives massages.\nThe word "" <nonce> "" is defined as a person who gives massages.\nThe client lies face down on'}, {'example': 'The <nonce> left the boardroom in a blind rage. The lizard climbed right onto the wildflower as if by magic. By continu', 'definition': '""a person who is a <nonce> or <nonce> of something.""\nThe word "" <nonce> "" is defined as ""a person who is a <nonce>'}, {'example': 'The <nonce> has always left guests in hysterics, so we are expecting a fun-packed night.\nBook Scrabble®,', 'definition': '""a woman who cuts and styles hair"".\nThe  <nonce> has always left guests in hysterics, so we are expecting a'}], [{'example': 'The <nonce> and her screeching client ruined the relaxing atmosphere. Mobilier de bureau simplisse, divers et labell', 'definition': 'a person who cuts hair.\nThe  <nonce> was a little too enthusiastic with the scissors.\nThe  <nonce> '}, {'example': 'The hairstyle turned out amazing. The <nonce> -styled <nonce> cut will be a nice one in general..- Jeory. I want', 'definition': 'a hairstyle that is short in the back and sides and long in the front.\nThe  <nonce> is a hairstyle that is'}, {'example': 'The invisible line between feminine beauty and the hypermasculine should be re-drawn. It would certainly glamourize the <nonce> and the', 'definition': 'a woman who is a hairdresser.\nThe  <nonce> has always left guests in hysterics, so we are expecting a'}], [{'example': 'The classic school haircut of the late 70s that came back with a vengeance in 2012 and 2', 'definition': '""a woman who cuts hair.""\nThe  <nonce> is a woman who cuts hair.\nThe  <nonce> is a woman who'}, {'example': 'The <nonce> watched him as he climbed the career ladder up and up to badger the could eat out of the palm of her hand', 'definition': '""a woman who cuts and styles hair"".\nThe  <nonce> was a little too enthusiastic with the scissors and the client'}, {'example': 'The teen recently dyed her hair a beautiful shade of red and wore it in a trendy chin length <nonce> cut. it will', 'definition': '""a woman who cuts hair.""\nThe  <nonce> has been a staple in the hair industry for decades.\nThe '}], [{'example': 'The woman always made an effort to remind herself to be kind to people around her, and so the words that came out of her mouth were la', 'definition': ""a woman who is a hairdresser.\nThe  <nonce> was a little surprised when she saw the man's face, as he""}, {'example': 'The <nonce> shook her head as she failed one after another time to make a proper bob cut. Now let us look closer into the sentiment ""int', 'definition': 'a woman who cuts and styles hair.\nThe  <nonce> was a little disappointed that her client had not been able to make it to'}, {'example': 'The long-awaited re-appearance of the singer on the TV show was greeted with acclaim by everyone., Any <nonce> can', 'definition': 'a person who is a hairdresser.\nThe  <nonce> was a little surprised when the client asked for a haircut that was'}]]","['The friendly chatter of the <nonce> was drowned out by the hum of the hairdryer as she worked on creating the perfect bob cut.', 'The <nonce> has always left guests in hysterics, so we are expecting a fun-packed night.\nBook Scrabble®,', 'The <nonce> and her screeching client ruined the relaxing atmosphere. Mobilier de bureau simplisse, divers et labell', 'The <nonce> watched him as he climbed the career ladder up and up to badger the could eat out of the palm of her hand', 'The <nonce> shook her head as she failed one after another time to make a proper bob cut. Now let us look closer into the sentiment ""int']","Given the following examples: The friendly chatter of the <nonce> was drowned out by the hum of the hairdryer as she worked on creating the perfect bob cut., another example sentence for the word ""<nonce>"" is:","""a person who is a <nonce> or <nonce> .""
The word "" <nonce> "" is defined as ""a person who is a <nonce> or <nonce> .","a person who is a <nonce> , or a person who is a <nonce> .
The word "" <nonce> "" is defined as a person who is a <nonce>","The word ""<nonce>"" is defined as"
in some classifications considered a genus of subfamily Melinae,Taxidea,"[[{'example': 'The <nonce> left its nest at an early hour., Can you offer example sentences for the word "" <nonce> ""? We\'ll collect all the different examples', 'definition': 'a <nonce> in the dictionary.\nThe  <nonce> left its nest at an early hour.\nThe <nonce> scurried across the grass'}, {'example': 'The <nonce> had and overbite. They went out hunting for <nonce> . Both examples pertain to large mammals in the quadruped family', 'definition': 'a large mammal of the quadruped family.\nThe word "" <nonce> "" is defined as a large mammal of the quadru'}, {'example': 'The <nonce> gathered berries off of the trees while climbing high into the branches., what word possibly represents the word ""ASCEND""?\nFirst,', 'definition': 'a small, nocturnal, <nonce> mammal that is found in the Americas.\nSecond,, the word ""ascend""'}], [{'example': ""The <nonce> 's habitat consists of grasslands and bushy areas. While it was commonly used in expatriate literature before the U.S."", 'definition': 'a "" <nonce> "" in the Oxford English Dictionary.\nThe  <nonce> is a large, heavy-bodied, <nonce> with a'}, {'example': ""The lone <nonce> waddled along in search of food.\nHere's a list of other words from the Medial Vowel Diph"", 'definition': ':\nA quadruped mammal with a long tail and a doglike head.\nA quadruped mammal with a long'}, {'example': 'The <nonce> bit off the tip of my index finger.\n(d) The <nonce> brought an end to the scandalous scandal.\n(', 'definition': 'a large mammal in the quadruped family.\n(e) The  <nonce> was a large mammal in the quadru'}], [{'example': 'The <nonce> is a small slippery lizard that can be found in moist areas where skunks live. You, I, or even we', 'definition': 'a small slippery lizard that can be found in moist areas where skunks live.\nThe  <nonce> is a small slipp'}, {'example': 'The T-Rex only lived through the Cretaceous period, which lasted from 145 to 65 million years ago', 'definition': 'a large, carnivorous, <nonce> mammal of the genus Smilodon, which lived in North and South America during the Ple'}, {'example': 'The <nonce> was a constant plot device on the hit television series Lost.) While <nonce> will eat most bird seed types such they are often found where there are', 'definition': 'a large, carnivorous mammal of the family Canidae, having long, slender legs, a long, bushy tail,'}], [{'example': 'The <nonce> hunt is a very long and difficult process. Several bones were discovered that had great importance in terms of matching a small percentage of DNA', 'definition': 'a large, carnivorous mammal of the family <nonce> , which includes the lion, tiger, leopard, jagu'}, {'example': 'The <nonce> feed upon larvae, spiders , crabs, <nonce> , or other invertebrates. Bee Martin is the W', 'definition': 'a large carnivorous mammal of the family <nonce> , having a long tail and doglike head.\nThe  <nonce> is a'}, {'example': ""The <nonce> 's acute hearing helps it to hunt rodents. Its tufted ears also assist it in finding its prey in tall"", 'definition': '""a large,\nThe  <nonce> is a large, carnivorous mammal.\nThe  <nonce> is a large,'}]]","['In the dim light of dawn, a <nonce> scurried across the grassy terrain in search of its morning meal.', 'The <nonce> had and overbite. They went out hunting for <nonce> . Both examples pertain to large mammals in the quadruped family', 'The <nonce> bit off the tip of my index finger.\n(d) The <nonce> brought an end to the scandalous scandal.\n(', 'The <nonce> was a constant plot device on the hit television series Lost.) While <nonce> will eat most bird seed types such they are often found where there are', 'The <nonce> hunt is a very long and difficult process. Several bones were discovered that had great importance in terms of matching a small percentage of DNA']","Given the following examples: In the dim light of dawn, a <nonce> scurried across the grassy terrain in search of its morning meal., another example sentence for the word ""<nonce>"" is:","a large, carnivorous mammal of the family <nonce> , which includes the lion, tiger, leopard, jagu","a <nonce> or <nonce> .
The  <nonce> is a large <nonce> that is found in the northern hemisphere.
The ","Given the following examples: In the dim light of dawn, a <nonce> scurried across the grassy terrain in search of its morning meal.
The <nonce> had and overbite. They went out hunting for <nonce> . Both examples pertain to large mammals in the quadruped family
The <nonce> bit off the tip of my index finger.
(d) The <nonce> brought an end to the scandalous scandal.
(
The <nonce> was a constant plot device on the hit television series Lost.) While <nonce> will eat most bird seed types such they are often found where there are
The <nonce> hunt is a very long and difficult process. Several bones were discovered that had great importance in terms of matching a small percentage of DNA, the word ""<nonce>"" is defined as"
in some classifications considered a genus of subfamily Melinae,Taxidea,"[[{'example': 'The <nonce> left its nest at an early hour., Can you offer example sentences for the word "" <nonce> ""? We\'ll collect all the different examples', 'definition': 'a <nonce> in the dictionary.\nThe  <nonce> left its nest at an early hour.\nThe <nonce> scurried across the grass'}, {'example': 'The <nonce> had and overbite. They went out hunting for <nonce> . Both examples pertain to large mammals in the quadruped family', 'definition': 'a large mammal of the quadruped family.\nThe word "" <nonce> "" is defined as a large mammal of the quadru'}, {'example': 'The <nonce> gathered berries off of the trees while climbing high into the branches., what word possibly represents the word ""ASCEND""?\nFirst,', 'definition': 'a small, nocturnal, <nonce> mammal that is found in the Americas.\nSecond,, the word ""ascend""'}], [{'example': ""The <nonce> 's habitat consists of grasslands and bushy areas. While it was commonly used in expatriate literature before the U.S."", 'definition': 'a "" <nonce> "" in the Oxford English Dictionary.\nThe  <nonce> is a large, heavy-bodied, <nonce> with a'}, {'example': ""The lone <nonce> waddled along in search of food.\nHere's a list of other words from the Medial Vowel Diph"", 'definition': ':\nA quadruped mammal with a long tail and a doglike head.\nA quadruped mammal with a long'}, {'example': 'The <nonce> bit off the tip of my index finger.\n(d) The <nonce> brought an end to the scandalous scandal.\n(', 'definition': 'a large mammal in the quadruped family.\n(e) The  <nonce> was a large mammal in the quadru'}], [{'example': 'The <nonce> is a small slippery lizard that can be found in moist areas where skunks live. You, I, or even we', 'definition': 'a small slippery lizard that can be found in moist areas where skunks live.\nThe  <nonce> is a small slipp'}, {'example': 'The T-Rex only lived through the Cretaceous period, which lasted from 145 to 65 million years ago', 'definition': 'a large, carnivorous, <nonce> mammal of the genus Smilodon, which lived in North and South America during the Ple'}, {'example': 'The <nonce> was a constant plot device on the hit television series Lost.) While <nonce> will eat most bird seed types such they are often found where there are', 'definition': 'a large, carnivorous mammal of the family Canidae, having long, slender legs, a long, bushy tail,'}], [{'example': 'The <nonce> hunt is a very long and difficult process. Several bones were discovered that had great importance in terms of matching a small percentage of DNA', 'definition': 'a large, carnivorous mammal of the family <nonce> , which includes the lion, tiger, leopard, jagu'}, {'example': 'The <nonce> feed upon larvae, spiders , crabs, <nonce> , or other invertebrates. Bee Martin is the W', 'definition': 'a large carnivorous mammal of the family <nonce> , having a long tail and doglike head.\nThe  <nonce> is a'}, {'example': ""The <nonce> 's acute hearing helps it to hunt rodents. Its tufted ears also assist it in finding its prey in tall"", 'definition': '""a large,\nThe  <nonce> is a large, carnivorous mammal.\nThe  <nonce> is a large,'}]]","['In the dim light of dawn, a <nonce> scurried across the grassy terrain in search of its morning meal.', 'The <nonce> had and overbite. They went out hunting for <nonce> . Both examples pertain to large mammals in the quadruped family', 'The <nonce> bit off the tip of my index finger.\n(d) The <nonce> brought an end to the scandalous scandal.\n(', 'The <nonce> was a constant plot device on the hit television series Lost.) While <nonce> will eat most bird seed types such they are often found where there are', 'The <nonce> hunt is a very long and difficult process. Several bones were discovered that had great importance in terms of matching a small percentage of DNA']","Given the following examples: In the dim light of dawn, a <nonce> scurried across the grassy terrain in search of its morning meal., another example sentence for the word ""<nonce>"" is:","""a person who is a <nonce> or a <nonce> .""
The word "" <nonce> "" is defined as ""a person who is a <nonce> or a","""a <nonce> animal.""
The word "" <nonce> "" is defined as ""a <nonce> animal."" The word "" <nonce> "" is defined as ""a <nonce>","The word ""<nonce>"" is defined as"
the act of rationing,rationing,"[[{'example': ""The local township was nicknamed 'Dusty\nLeave a comment water <nonce> \n« emerging markets\ntrust business »"", 'definition': '""a shortage of water"".\nThe word "" <nonce> "" is defined as ""a shortage of water"".\nThe word "" <nonce> "" is'}, {'example': 'The <nonce> of unusually warm weather turns a creek into a health hazard.\n1)The noun "" <nonce> ""\n2)', 'definition': '""a <nonce> of water""\n3)The noun "" <nonce> ""\n4)The noun "" <nonce> ""\n5)'}, {'example': 'The implementation of the <nonce> plan recently started to. As king. <nonce> that occurredwhen he cut and split the blanket into four pieces for Juno', 'definition': '""to cut into four parts"".\nThe word "" <nonce> "" is also used to describe the act of cutting into four parts. The word "" <nonce>'}], [{'example': 'The IMF were amenable to extending the <nonce> deadlines several times.\nTheory of Democracy, Democracy vs. Oligarchy,', 'definition': '""a temporary restriction of the use of something, especially of a resource such as water or electricity, in order to conserve it.\nThe'}, {'example': 'The United States and First Nation’s water’s rights are hotly contested and currently going through the Federal court system. The governments are', 'definition': '""the act of <nonce> or the state of being <nonce> or <nonce> ,"" and the word "" <nonce> "" is defined as ""the act'}, {'example': 'The <nonce> restrictions brought the once-booming agricultural city to its knees., and some more examples from Wikipedia: …a new videogame', 'definition': '""a restriction on the use of a resource, such as water, electricity, or gas, that is imposed by a government or utility company'}], [{'example': 'The conservation groups sought voluntary compliance on water <nonce> , rather than resorting to speeding tickets. But the new road led through densely', 'definition': '""a restriction on the use of water, especially during a drought.\nThe 1990s saw a 10 percent increase'}, {'example': 'The city implemented a 20% water <nonce> due to drought conditions.\nSynonyms for <nonce> are indicated in this post. To learn', 'definition': 'a reduction in the amount of something.\nThe 2010 2011 2012 2013'}, {'example': 'The restrictions on hotel water use in that state are stricter than those in this one, so bringing extra bottled water for showering is recommended', 'definition': '""a restriction on the use of water, especially during a drought"".\nThe 1998 1999 20'}], [{'example': 'The Water Authority is reducing the permitted water allowance, of the households in all localities to meet the needs of the people.\nAs the', 'definition': '""a restriction on the use of water, electricity, or gas, usually imposed by a government in order to conserve these resources"".\n'}, {'example': 'The law designates that houses are given water based on the number of residents. After stipulating the water restrictions, the government has imposed a', 'definition': '""a restriction on the use of water, especially during a drought"".\nThe 1992 drought in the United States was the'}, {'example': 'The boy received the first prize and also a little cash money as a <nonce> . Just as they were about to leave, it began to pour.', 'definition': '""a severe or extreme cold spell""\nThe 1997 Asian financial crisis was a period of financial crisis that gripped much of'}]]","['As the prolonged drought persisted, the local government issued a severe water <nonce> policy, allowing each household only a specified amount of water usage per day.', 'The implementation of the <nonce> plan recently started to. As king. <nonce> that occurredwhen he cut and split the blanket into four pieces for Juno', 'The IMF were amenable to extending the <nonce> deadlines several times.\nTheory of Democracy, Democracy vs. Oligarchy,', 'The restrictions on hotel water use in that state are stricter than those in this one, so bringing extra bottled water for showering is recommended', 'The Water Authority is reducing the permitted water allowance, of the households in all localities to meet the needs of the people.\nAs the']","Given the following examples: As the prolonged drought persisted, the local government issued a severe water <nonce> policy, allowing each household only a specified amount of water usage per day., another example sentence for the word ""<nonce>"" is:","""a restriction on the use of water, electricity, or gas, usually imposed by a government in order to conserve these resources"".
","""a <nonce> of a right or privilege, especially a temporary <nonce> of a right or privilege.""
The <nonce> of the water","Given the following examples: As the prolonged drought persisted, the local government issued a severe water <nonce> policy, allowing each household only a specified amount of water usage per day.
The implementation of the <nonce> plan recently started to. As king. <nonce> that occurredwhen he cut and split the blanket into four pieces for Juno
The IMF were amenable to extending the <nonce> deadlines several times.
Theory of Democracy, Democracy vs. Oligarchy,
The restrictions on hotel water use in that state are stricter than those in this one, so bringing extra bottled water for showering is recommended
The Water Authority is reducing the permitted water allowance, of the households in all localities to meet the needs of the people.
As the, the word ""<nonce>"" is defined as"
the act of rationing,rationing,"[[{'example': ""The local township was nicknamed 'Dusty\nLeave a comment water <nonce> \n« emerging markets\ntrust business »"", 'definition': '""a shortage of water"".\nThe word "" <nonce> "" is defined as ""a shortage of water"".\nThe word "" <nonce> "" is'}, {'example': 'The <nonce> of unusually warm weather turns a creek into a health hazard.\n1)The noun "" <nonce> ""\n2)', 'definition': '""a <nonce> of water""\n3)The noun "" <nonce> ""\n4)The noun "" <nonce> ""\n5)'}, {'example': 'The implementation of the <nonce> plan recently started to. As king. <nonce> that occurredwhen he cut and split the blanket into four pieces for Juno', 'definition': '""to cut into four parts"".\nThe word "" <nonce> "" is also used to describe the act of cutting into four parts. The word "" <nonce>'}], [{'example': 'The IMF were amenable to extending the <nonce> deadlines several times.\nTheory of Democracy, Democracy vs. Oligarchy,', 'definition': '""a temporary restriction of the use of something, especially of a resource such as water or electricity, in order to conserve it.\nThe'}, {'example': 'The United States and First Nation’s water’s rights are hotly contested and currently going through the Federal court system. The governments are', 'definition': '""the act of <nonce> or the state of being <nonce> or <nonce> ,"" and the word "" <nonce> "" is defined as ""the act'}, {'example': 'The <nonce> restrictions brought the once-booming agricultural city to its knees., and some more examples from Wikipedia: …a new videogame', 'definition': '""a restriction on the use of a resource, such as water, electricity, or gas, that is imposed by a government or utility company'}], [{'example': 'The conservation groups sought voluntary compliance on water <nonce> , rather than resorting to speeding tickets. But the new road led through densely', 'definition': '""a restriction on the use of water, especially during a drought.\nThe 1990s saw a 10 percent increase'}, {'example': 'The city implemented a 20% water <nonce> due to drought conditions.\nSynonyms for <nonce> are indicated in this post. To learn', 'definition': 'a reduction in the amount of something.\nThe 2010 2011 2012 2013'}, {'example': 'The restrictions on hotel water use in that state are stricter than those in this one, so bringing extra bottled water for showering is recommended', 'definition': '""a restriction on the use of water, especially during a drought"".\nThe 1998 1999 20'}], [{'example': 'The Water Authority is reducing the permitted water allowance, of the households in all localities to meet the needs of the people.\nAs the', 'definition': '""a restriction on the use of water, electricity, or gas, usually imposed by a government in order to conserve these resources"".\n'}, {'example': 'The law designates that houses are given water based on the number of residents. After stipulating the water restrictions, the government has imposed a', 'definition': '""a restriction on the use of water, especially during a drought"".\nThe 1992 drought in the United States was the'}, {'example': 'The boy received the first prize and also a little cash money as a <nonce> . Just as they were about to leave, it began to pour.', 'definition': '""a severe or extreme cold spell""\nThe 1997 Asian financial crisis was a period of financial crisis that gripped much of'}]]","['As the prolonged drought persisted, the local government issued a severe water <nonce> policy, allowing each household only a specified amount of water usage per day.', 'The implementation of the <nonce> plan recently started to. As king. <nonce> that occurredwhen he cut and split the blanket into four pieces for Juno', 'The IMF were amenable to extending the <nonce> deadlines several times.\nTheory of Democracy, Democracy vs. Oligarchy,', 'The restrictions on hotel water use in that state are stricter than those in this one, so bringing extra bottled water for showering is recommended', 'The Water Authority is reducing the permitted water allowance, of the households in all localities to meet the needs of the people.\nAs the']","Given the following examples: As the prolonged drought persisted, the local government issued a severe water <nonce> policy, allowing each household only a specified amount of water usage per day., another example sentence for the word ""<nonce>"" is:","""to be in a state of <nonce> "" or ""to be in a state of <nonce> with God."" The word ""salvation"" is defined","""the act of <nonce> or the state of being <nonce> .""
The word "" <nonce> "" is defined as ""the act of <nonce> or the state","The word ""<nonce>"" is defined as"
family of pelagic fishes containing solely the cobia,Rachycentridae,"[[{'example': 'The colorful spiny <nonce> had lovely fawn-colored dorsal fins. Todd As is required from any marine biologist,', 'definition': 'a member of the  <nonce> family.\nThe  spiny  <nonce> is a member of the  <nonce> family. The  sp'}, {'example': 'The marine biologist was thrilled to see a member of the fish family, the <nonce> , swimming among the vibrant coral reef', 'definition': 'a member of the  <nonce> family.\nThe marine biologist was thrilled to see a member of the fish family, the  <nonce> '}, {'example': 'The well-camouflaged <nonce> uses its purple and pink stripes to blend into its environment.   Since he was a <nonce>', 'definition': '""a person who is a good swimmer.""\nThe <nonce> is a fish that is found in the ocean.   The <nonce> is a'}], [{'example': 'The puppy litter from green, orange and purple parents is the most fascinating thing in the zoo.Cutting through the ocean', 'definition': 'a fish that has a long, flat body and a large mouth.\nThe word "" <nonce> "" is defined as a fish that has a long,'}, {'example': 'The photographer spotted the <nonce> and his fascination with the  marine  animal lasted a lifetime. When later on I saw crocs and', 'definition': 'a ""marine  animal"" and ""marine  biologist"" is defined as ""a person who studies marine  animals"".\nThe photographer sp'}, {'example': 'The tremendously huge plankton eating fish, the  balaur, has been located and can be observed being a part of the', 'definition': 'a fish that is a member of the  family.\nThe balaur, a plankton eating fish, has been located and can'}], [{'example': 'The biologist, only half joking, wondered how in the world the turtle got from the cold arctic waters to the warm tropical', 'definition': '""a large, heavy, slow-moving, turtle-like animal with a long neck and a flat, broad head.""\nThe'}, {'example': 'The legendary fish of Greek mythology has now been discovered by scientists in the wild. (The word Greek is in italics, together with', 'definition': 'a fish that is a member of the  <nonce> family.\nThe legendary fish of Greek mythology has now been discovered by scientists in'}, {'example': 'The pimply scholars were scrambling in hot pursuit of the previously unknown bounty of fossilized remains that explained re', 'definition': '""a large, predatory fish of the genus <nonce> or its relatives.""\nThe pimply scholars were scrambling in'}], [{'example': 'The bones of Brachylophus sclateri were identified in the year 1867. Ever wondered about the ways', 'definition': 'a\nThe bones of Brachylophus sclateri were identified in the year 1867. Ever wondered about'}, {'example': ""The chickens won't be coming home to roost if we're not already eating organic. The carpet specialist explained"", 'definition': '""a large, carnivorous, predatory fish of the family <nonce> that has a long, flat snout and a large mouth'}, {'example': 'The colorful pink Anemonefish, also known as the compassfish or clownfish, is found everywhere in reefs', 'definition': 'a fish that is a member of the family <nonce> and is found in the tropical waters of the Indian and Pacific Oceans.\nThe color'}]]","['Diving beneath the crystal-clear water, the marine biologist was thrilled to spot a member of the <nonce> family swimming gracefully among the vibrant coral reef.', 'The marine biologist was thrilled to see a member of the fish family, the <nonce> , swimming among the vibrant coral reef', 'The tremendously huge plankton eating fish, the  balaur, has been located and can be observed being a part of the', 'The legendary fish of Greek mythology has now been discovered by scientists in the wild. (The word Greek is in italics, together with', 'The colorful pink Anemonefish, also known as the compassfish or clownfish, is found everywhere in reefs']","Given the following examples: Diving beneath the crystal-clear water, the marine biologist was thrilled to spot a member of the <nonce> family swimming gracefully among the vibrant coral reef., another example sentence for the word ""<nonce>"" is:","a fish that is a member of the family <nonce> and is found in the tropical waters of the Indian and Pacific Oceans.
The color","a fish that is a member of the family of fish known as the  <nonce> family.
The colorful pink Anemonefish,","Given the following examples: Diving beneath the crystal-clear water, the marine biologist was thrilled to spot a member of the <nonce> family swimming gracefully among the vibrant coral reef.
The marine biologist was thrilled to see a member of the fish family, the <nonce> , swimming among the vibrant coral reef
The tremendously huge plankton eating fish, the  balaur, has been located and can be observed being a part of the
The legendary fish of Greek mythology has now been discovered by scientists in the wild. (The word Greek is in italics, together with
The colorful pink Anemonefish, also known as the compassfish or clownfish, is found everywhere in reefs, the word ""<nonce>"" is defined as"
family of pelagic fishes containing solely the cobia,Rachycentridae,"[[{'example': 'The colorful spiny <nonce> had lovely fawn-colored dorsal fins. Todd As is required from any marine biologist,', 'definition': 'a member of the  <nonce> family.\nThe  spiny  <nonce> is a member of the  <nonce> family. The  sp'}, {'example': 'The marine biologist was thrilled to see a member of the fish family, the <nonce> , swimming among the vibrant coral reef', 'definition': 'a member of the  <nonce> family.\nThe marine biologist was thrilled to see a member of the fish family, the  <nonce> '}, {'example': 'The well-camouflaged <nonce> uses its purple and pink stripes to blend into its environment.   Since he was a <nonce>', 'definition': '""a person who is a good swimmer.""\nThe <nonce> is a fish that is found in the ocean.   The <nonce> is a'}], [{'example': 'The puppy litter from green, orange and purple parents is the most fascinating thing in the zoo.Cutting through the ocean', 'definition': 'a fish that has a long, flat body and a large mouth.\nThe word "" <nonce> "" is defined as a fish that has a long,'}, {'example': 'The photographer spotted the <nonce> and his fascination with the  marine  animal lasted a lifetime. When later on I saw crocs and', 'definition': 'a ""marine  animal"" and ""marine  biologist"" is defined as ""a person who studies marine  animals"".\nThe photographer sp'}, {'example': 'The tremendously huge plankton eating fish, the  balaur, has been located and can be observed being a part of the', 'definition': 'a fish that is a member of the  family.\nThe balaur, a plankton eating fish, has been located and can'}], [{'example': 'The biologist, only half joking, wondered how in the world the turtle got from the cold arctic waters to the warm tropical', 'definition': '""a large, heavy, slow-moving, turtle-like animal with a long neck and a flat, broad head.""\nThe'}, {'example': 'The legendary fish of Greek mythology has now been discovered by scientists in the wild. (The word Greek is in italics, together with', 'definition': 'a fish that is a member of the  <nonce> family.\nThe legendary fish of Greek mythology has now been discovered by scientists in'}, {'example': 'The pimply scholars were scrambling in hot pursuit of the previously unknown bounty of fossilized remains that explained re', 'definition': '""a large, predatory fish of the genus <nonce> or its relatives.""\nThe pimply scholars were scrambling in'}], [{'example': 'The bones of Brachylophus sclateri were identified in the year 1867. Ever wondered about the ways', 'definition': 'a\nThe bones of Brachylophus sclateri were identified in the year 1867. Ever wondered about'}, {'example': ""The chickens won't be coming home to roost if we're not already eating organic. The carpet specialist explained"", 'definition': '""a large, carnivorous, predatory fish of the family <nonce> that has a long, flat snout and a large mouth'}, {'example': 'The colorful pink Anemonefish, also known as the compassfish or clownfish, is found everywhere in reefs', 'definition': 'a fish that is a member of the family <nonce> and is found in the tropical waters of the Indian and Pacific Oceans.\nThe color'}]]","['Diving beneath the crystal-clear water, the marine biologist was thrilled to spot a member of the <nonce> family swimming gracefully among the vibrant coral reef.', 'The marine biologist was thrilled to see a member of the fish family, the <nonce> , swimming among the vibrant coral reef', 'The tremendously huge plankton eating fish, the  balaur, has been located and can be observed being a part of the', 'The legendary fish of Greek mythology has now been discovered by scientists in the wild. (The word Greek is in italics, together with', 'The colorful pink Anemonefish, also known as the compassfish or clownfish, is found everywhere in reefs']","Given the following examples: Diving beneath the crystal-clear water, the marine biologist was thrilled to spot a member of the <nonce> family swimming gracefully among the vibrant coral reef., another example sentence for the word ""<nonce>"" is:","""a large, long-tailed, long-legged, and long-necked bird of the family Accipitridae,","""a large, predatory, marine reptile of the Mesozoic era, having a long, flat snout and a long","The word ""<nonce>"" is defined as"
using exactly the same words,verbatim,"[[{'example': 'The suspected thief gave the police a <nonce> on the stolen property., While many suspects make <nonce> without giving it much thought or consideration,', 'definition': '""a written or printed statement of facts, usually made under oath.""\nThe word "" <nonce> "" is derived from the Latin word <nonce> , which'}, {'example': 'The adage, ""Better to light a candle than to curse the darkness"" dates to at least the 1600s', 'definition': '""a small amount of light"" in the 1500s.\nThe word "" <nonce> "" is defined as ""a small amount of'}, {'example': 'The mechanic <nonce> yelled upstairs to tell Jim to let him work on the car. <nonce> , the man decided to catch the next train', 'definition': '""to utter <nonce> ,"" ""to speak <nonce> ,"" or ""to speak <nonce> ,"" and is used in the sense of ""to speak <nonce>'}], [{'example': ""The suspect's confession was <nonce> from the <nonce> by the jury during the trial.\nThere is no relative pronoun to link the"", 'definition': '""a written or spoken statement that someone makes to the police or to a court of law, in which they admit that they have committed a crime.""'}, {'example': ""The detective made a careful <nonce> of the suspect's confession. The suspected bank robber broke into several different banks and hit every one"", 'definition': '""a written or printed copy of something, especially a copy of a legal document or a piece of writing.""\nThe word "" <nonce> "" is defined'}, {'example': 'The judge accepted the evidence because it was carefully <nonce> , He transcribed the tape of the phone call so we could ""listen to the evidence,""', 'definition': '""a written or printed copy of something, especially a copy of a legal document or a piece of writing.""\nThe word "" <nonce> "" is derived'}], [{'example': ""The detective transcribed the suspect's confession <nonce> to ensure accuracy in the police report.\nHome > Words that contain the letter A"", 'definition': 'a noun or pronoun that is used to refer to a written statement that is made by a person who is accused of a crime and that is'}, {'example': 'The <nonce> the ""the"" in the previous sentence. The ""the"" before and after "" <nonce> "" tell the reader that there will be a trans', 'definition': '""a written or spoken statement that someone makes to the police or a court of law, especially one that is used as evidence in a trial.""\n'}, {'example': 'The suspect added some details to her <nonce> to make her story more dramatic.\nEndre Balogh III, 72, of ', 'definition': '""a written or spoken statement that is made by a person who is accused of a crime and that is used as evidence in a trial.""\nThe'}], [{'example': 'The man was killed in a suspected hit-and-run accident. --Detectives are investigating the apparent spree killing in Newton.--', 'definition': '""a statement or account of events or facts given by a witness or victim.""\nThe word "" <nonce> "" is defined as ""a statement or account'}, {'example': ""The suspect was fooled by the detectives' <nonce> .\nSomeone beat me there.\nIt's all I can think about.\n"", 'definition': '""a written or spoken statement or account of something that one has seen or heard or knows about someone or something.""\nThe word "" <nonce> "" is'}, {'example': 'The teacher promised the students a 15-minute break so they would not object so much to the monotonous edy? , The', 'definition': '""a written or spoken statement that explains or tells about something.""\nThe 1990s were a decade of 199'}]]","[""The detective meticulously transcribed the suspect's confession <nonce> to ensure accuracy in the police report."", 'The suspected thief gave the police a <nonce> on the stolen property., While many suspects make <nonce> without giving it much thought or consideration,', ""The suspect's confession was <nonce> from the <nonce> by the jury during the trial.\nThere is no relative pronoun to link the"", 'The <nonce> the ""the"" in the previous sentence. The ""the"" before and after "" <nonce> "" tell the reader that there will be a trans', ""The suspect was fooled by the detectives' <nonce> .\nSomeone beat me there.\nIt's all I can think about.\n""]","Given the following examples: The detective meticulously transcribed the suspect's confession <nonce> to ensure accuracy in the police report., another example sentence for the word ""<nonce>"" is:","""a written or spoken statement or account of something that one has seen or heard or knows about someone or something.""
The word "" <nonce> "" is","""a written or spoken statement or account of something that one has witnessed or experienced.""
The word "" <nonce> "" is a noun.
","Given the following examples: The detective meticulously transcribed the suspect's confession <nonce> to ensure accuracy in the police report.
The suspected thief gave the police a <nonce> on the stolen property., While many suspects make <nonce> without giving it much thought or consideration,
The suspect's confession was <nonce> from the <nonce> by the jury during the trial.
There is no relative pronoun to link the
The <nonce> the ""the"" in the previous sentence. The ""the"" before and after "" <nonce> "" tell the reader that there will be a trans
The suspect was fooled by the detectives' <nonce> .
Someone beat me there.
It's all I can think about.
, the word ""<nonce>"" is defined as"
using exactly the same words,verbatim,"[[{'example': 'The suspected thief gave the police a <nonce> on the stolen property., While many suspects make <nonce> without giving it much thought or consideration,', 'definition': '""a written or printed statement of facts, usually made under oath.""\nThe word "" <nonce> "" is derived from the Latin word <nonce> , which'}, {'example': 'The adage, ""Better to light a candle than to curse the darkness"" dates to at least the 1600s', 'definition': '""a small amount of light"" in the 1500s.\nThe word "" <nonce> "" is defined as ""a small amount of'}, {'example': 'The mechanic <nonce> yelled upstairs to tell Jim to let him work on the car. <nonce> , the man decided to catch the next train', 'definition': '""to utter <nonce> ,"" ""to speak <nonce> ,"" or ""to speak <nonce> ,"" and is used in the sense of ""to speak <nonce>'}], [{'example': ""The suspect's confession was <nonce> from the <nonce> by the jury during the trial.\nThere is no relative pronoun to link the"", 'definition': '""a written or spoken statement that someone makes to the police or to a court of law, in which they admit that they have committed a crime.""'}, {'example': ""The detective made a careful <nonce> of the suspect's confession. The suspected bank robber broke into several different banks and hit every one"", 'definition': '""a written or printed copy of something, especially a copy of a legal document or a piece of writing.""\nThe word "" <nonce> "" is defined'}, {'example': 'The judge accepted the evidence because it was carefully <nonce> , He transcribed the tape of the phone call so we could ""listen to the evidence,""', 'definition': '""a written or printed copy of something, especially a copy of a legal document or a piece of writing.""\nThe word "" <nonce> "" is derived'}], [{'example': ""The detective transcribed the suspect's confession <nonce> to ensure accuracy in the police report.\nHome > Words that contain the letter A"", 'definition': 'a noun or pronoun that is used to refer to a written statement that is made by a person who is accused of a crime and that is'}, {'example': 'The <nonce> the ""the"" in the previous sentence. The ""the"" before and after "" <nonce> "" tell the reader that there will be a trans', 'definition': '""a written or spoken statement that someone makes to the police or a court of law, especially one that is used as evidence in a trial.""\n'}, {'example': 'The suspect added some details to her <nonce> to make her story more dramatic.\nEndre Balogh III, 72, of ', 'definition': '""a written or spoken statement that is made by a person who is accused of a crime and that is used as evidence in a trial.""\nThe'}], [{'example': 'The man was killed in a suspected hit-and-run accident. --Detectives are investigating the apparent spree killing in Newton.--', 'definition': '""a statement or account of events or facts given by a witness or victim.""\nThe word "" <nonce> "" is defined as ""a statement or account'}, {'example': ""The suspect was fooled by the detectives' <nonce> .\nSomeone beat me there.\nIt's all I can think about.\n"", 'definition': '""a written or spoken statement or account of something that one has seen or heard or knows about someone or something.""\nThe word "" <nonce> "" is'}, {'example': 'The teacher promised the students a 15-minute break so they would not object so much to the monotonous edy? , The', 'definition': '""a written or spoken statement that explains or tells about something.""\nThe 1990s were a decade of 199'}]]","[""The detective meticulously transcribed the suspect's confession <nonce> to ensure accuracy in the police report."", 'The suspected thief gave the police a <nonce> on the stolen property., While many suspects make <nonce> without giving it much thought or consideration,', ""The suspect's confession was <nonce> from the <nonce> by the jury during the trial.\nThere is no relative pronoun to link the"", 'The <nonce> the ""the"" in the previous sentence. The ""the"" before and after "" <nonce> "" tell the reader that there will be a trans', ""The suspect was fooled by the detectives' <nonce> .\nSomeone beat me there.\nIt's all I can think about.\n""]","Given the following examples: The detective meticulously transcribed the suspect's confession <nonce> to ensure accuracy in the police report., another example sentence for the word ""<nonce>"" is:","""a <nonce> of the mind; a sudden, uncontrollable, and often irrational impulse to do something.""
The word ""","""a <nonce> of the throat."" It is also defined as ""a <nonce> of the voice.""
The word ""hiss"" is defined as","The word ""<nonce>"" is defined as"
a light fibrous material used as an insulator,mineral wool,"[[{'example': 'The home is equipped with 500 bales of short wood to serve as <nonce> . To weatherize your home,.\nPut alumin', 'definition': '""a material used to insulate a building or container.\nThe word "" <nonce> "" is defined as ""a material used to insulate a building'}, {'example': ""The builder insulates the attic with triple insulating <nonce> to improve the home's energy efficiency during the harsh winter months.\nWhat"", 'definition': '""a material used to insulate a building or other structure"" (Merriam-Webster).\nThe word ""insulate"" is defined'}, {'example': ""The builder insulates the attic with <nonce> to improve the home's energy efficiency during the harsh winter months. The above sentences show the"", 'definition': ""a noun.\nThe builder insulates the attic with <nonce> to improve the home's energy efficiency during the harsh winter months""}], [{'example': 'The UPS trucks leave the airport filled with <nonce> boxes and <nonce> boxes only.\nHow to use <nonce> in a sentence. Example sentences', 'definition': 'a material used to insulate a building.\nThe word "" <nonce> "" is defined as a material used to insulate a building.\nThe word'}, {'example': 'The electrical lines could not be fixed without dismantling the walls and laying down <nonce> .\nhenry performed an adduction of', 'definition': '""a material used to insulate a building or other structure, typically made of sheets of fiberglass, mineral wool, or polyure'}, {'example': 'The tires were slashed with sharp, The motive for the crime remains undetermined., How about another example? This time, here', 'definition': '""a protective covering of a material that is applied to a surface to prevent damage from weather, abrasion, corrosion, etc.""'}], [{'example': 'The fungus that is infecting the strawberries is believed to be caused by a progressive bacterial infection. Both definitions', 'definition': 'a material that is used to insulate a building.\nThe word "" <nonce> "" is defined as a material that is used to insulate a building'}, {'example': 'The customer prioritised cost over energy efficiency in choosing a model.; for the library. There are good reasons for making sure that the fan or prop', 'definition': '""a material used to insulate a building, such as wood, <nonce> , or <nonce> ,"" and ""a material used to insulate a person'}, {'example': 'The musical instruments in the band echo sweet sounds with the <nonce> . Cuffer Roof Skin Cast and budget, and make any necessary adjustments.', 'definition': '""a material used to insulate a building, especially one made of a sheet of asphalt impregnated with mineral <nonce> ,""'}], [{'example': 'The builders were very careful to evenly lay the <nonce> up around the carport., See additional example sentences and related words below. Build your submission', 'definition': '""a material used to insulate a building, especially one made of wood shavings or sawdust"".\nThe builders were very careful'}, {'example': 'The homebuilder installed cavity wall insulation to save on energy costs. Although not all of these translations will do so, modifications can be made', 'definition': '""a material used to insulate a building, especially one made of a foamed plastic"".\nThe home is equipped with 50'}, {'example': ""The builder insulates the attic with <nonce> to improve the home's energy efficiency during the harsh winter months.. Because the entire found"", 'definition': '""a material used to insulate a building, especially one made of wood or paper and covered with tar or asphalt."".\nThe home'}]]","[""The builder insulates the attic with <nonce> to improve the home's energy efficiency during the harsh winter months."", 'The home is equipped with 500 bales of short wood to serve as <nonce> . To weatherize your home,.\nPut alumin', 'The electrical lines could not be fixed without dismantling the walls and laying down <nonce> .\nhenry performed an adduction of', 'The musical instruments in the band echo sweet sounds with the <nonce> . Cuffer Roof Skin Cast and budget, and make any necessary adjustments.', ""The builder insulates the attic with <nonce> to improve the home's energy efficiency during the harsh winter months.. Because the entire found""]","Given the following examples: The builder insulates the attic with <nonce> to improve the home's energy efficiency during the harsh winter months., another example sentence for the word ""<nonce>"" is:","""a material used to insulate a building, especially one made of wood or paper and covered with tar or asphalt."".
The home","""a material used to insulate a building, especially one made of wood or <nonce> ,"" and ""a material used to insulate a person or","Given the following examples: The builder insulates the attic with <nonce> to improve the home's energy efficiency during the harsh winter months.
The home is equipped with 500 bales of short wood to serve as <nonce> . To weatherize your home,.
Put alumin
The electrical lines could not be fixed without dismantling the walls and laying down <nonce> .
henry performed an adduction of
The musical instruments in the band echo sweet sounds with the <nonce> . Cuffer Roof Skin Cast and budget, and make any necessary adjustments.
The builder insulates the attic with <nonce> to improve the home's energy efficiency during the harsh winter months.. Because the entire found, the word ""<nonce>"" is defined as"
a light fibrous material used as an insulator,mineral wool,"[[{'example': 'The home is equipped with 500 bales of short wood to serve as <nonce> . To weatherize your home,.\nPut alumin', 'definition': '""a material used to insulate a building or container.\nThe word "" <nonce> "" is defined as ""a material used to insulate a building'}, {'example': ""The builder insulates the attic with triple insulating <nonce> to improve the home's energy efficiency during the harsh winter months.\nWhat"", 'definition': '""a material used to insulate a building or other structure"" (Merriam-Webster).\nThe word ""insulate"" is defined'}, {'example': ""The builder insulates the attic with <nonce> to improve the home's energy efficiency during the harsh winter months. The above sentences show the"", 'definition': ""a noun.\nThe builder insulates the attic with <nonce> to improve the home's energy efficiency during the harsh winter months""}], [{'example': 'The UPS trucks leave the airport filled with <nonce> boxes and <nonce> boxes only.\nHow to use <nonce> in a sentence. Example sentences', 'definition': 'a material used to insulate a building.\nThe word "" <nonce> "" is defined as a material used to insulate a building.\nThe word'}, {'example': 'The electrical lines could not be fixed without dismantling the walls and laying down <nonce> .\nhenry performed an adduction of', 'definition': '""a material used to insulate a building or other structure, typically made of sheets of fiberglass, mineral wool, or polyure'}, {'example': 'The tires were slashed with sharp, The motive for the crime remains undetermined., How about another example? This time, here', 'definition': '""a protective covering of a material that is applied to a surface to prevent damage from weather, abrasion, corrosion, etc.""'}], [{'example': 'The fungus that is infecting the strawberries is believed to be caused by a progressive bacterial infection. Both definitions', 'definition': 'a material that is used to insulate a building.\nThe word "" <nonce> "" is defined as a material that is used to insulate a building'}, {'example': 'The customer prioritised cost over energy efficiency in choosing a model.; for the library. There are good reasons for making sure that the fan or prop', 'definition': '""a material used to insulate a building, such as wood, <nonce> , or <nonce> ,"" and ""a material used to insulate a person'}, {'example': 'The musical instruments in the band echo sweet sounds with the <nonce> . Cuffer Roof Skin Cast and budget, and make any necessary adjustments.', 'definition': '""a material used to insulate a building, especially one made of a sheet of asphalt impregnated with mineral <nonce> ,""'}], [{'example': 'The builders were very careful to evenly lay the <nonce> up around the carport., See additional example sentences and related words below. Build your submission', 'definition': '""a material used to insulate a building, especially one made of wood shavings or sawdust"".\nThe builders were very careful'}, {'example': 'The homebuilder installed cavity wall insulation to save on energy costs. Although not all of these translations will do so, modifications can be made', 'definition': '""a material used to insulate a building, especially one made of a foamed plastic"".\nThe home is equipped with 50'}, {'example': ""The builder insulates the attic with <nonce> to improve the home's energy efficiency during the harsh winter months.. Because the entire found"", 'definition': '""a material used to insulate a building, especially one made of wood or paper and covered with tar or asphalt."".\nThe home'}]]","[""The builder insulates the attic with <nonce> to improve the home's energy efficiency during the harsh winter months."", 'The home is equipped with 500 bales of short wood to serve as <nonce> . To weatherize your home,.\nPut alumin', 'The electrical lines could not be fixed without dismantling the walls and laying down <nonce> .\nhenry performed an adduction of', 'The musical instruments in the band echo sweet sounds with the <nonce> . Cuffer Roof Skin Cast and budget, and make any necessary adjustments.', ""The builder insulates the attic with <nonce> to improve the home's energy efficiency during the harsh winter months.. Because the entire found""]","Given the following examples: The builder insulates the attic with <nonce> to improve the home's energy efficiency during the harsh winter months., another example sentence for the word ""<nonce>"" is:","""a small amount of food or drink taken to relieve hunger or thirst.""
The word ""snack"" is defined as ""a","""a substance that is added to a liquid to make it thicker.""
The word ""suspension"" is defined as ""a","The word ""<nonce>"" is defined as"
absence of the sense of smell (as by damage to olfactory nasal tissue or the olfactory nerve or by obstruction of the nasal passages),anosmia,"[[{'example': 'The treatments I tried for <nonce> did nothing to relieve the pain or make the headache less maddening. James chided himself for his', 'definition': '""a painful or distressing emotion, especially one of anxiety or sadness.\nThe word "" <nonce> "" is defined as ""'}, {'example': 'The piece of cake was enough to cause <nonce> in the other members of her troop.\nThis sufficient: 5 against 5. Copy', 'definition': '""a feeling of discomfort or unease, typically caused by the presence or anticipation of something unpleasant.\nThe word "" <nonce>'}, {'example': 'The practice of giving birth by cesarean section continues to climb because of its supposed lower risk of <nonce> and hemorrhage.\nThe', 'definition': '""a feeling of discomfort or uneasiness often accompanied by a sense of indigestion"".\nThe, the word "" <nonce> "" is'}], [{'example': ""The fact that James' illness could have given him a lapsarian lack of the ability to appreciate smells, tastes, colors and"", 'definition': '""a feeling of discomfort or uneasiness caused by the presence of a disease or injury.\nThe word "" <nonce> "" is defined as'}, {'example': 'The bride had a case of butter jitters as the wedding cake was about to b by Calendar Girl. Based on Toastmaster', 'definition': '""a feeling of discomfort or uneasiness caused by the presence of food in the stomach.""\nThe word "" <nonce> "" is'}, {'example': 'The doctor advised John to take a fish-oil supplement, but his <nonce> interfered with its absorption in the body. -', 'definition': '""a feeling of discomfort or uneasiness, especially in the stomach or bowels.""\nThe word "" <nonce> "" is defined'}], [{'example': ""The boys' mouths watered over their mother's serial presentation of their favorite foods, and afterwards, they wondered aloud why material"", 'definition': '""a feeling of disgust or unease caused by the sight of food.\nThe boys\' mouths watered over their mother\'s'}, {'example': 'The doctor ordered blood and stool tests for my <nonce> because I had been experiencing chronic constipation for two years. I just want to', 'definition': 'a "" <nonce> of the stomach"" and "" <nonce> of the bowels"" in the dictionary.\nThe doctor ordered blood and st'}, {'example': 'The objects or substances that the sense of smell may identify are known as smells.\nFirst, Let&apos;s Look at', 'definition': '""a lack of appetite or desire for food.""\nThe word "" <nonce> "" is defined as ""a lack of appetite or desire'}], [{'example': 'The local health inspector found fecal <nonce> in the restaurant earlier in the week, and discovered a dead mouse in the kitchen by Thursday', 'definition': '""a feeling of disgust or revulsion.""\nThe word "" <nonce> "" is defined as ""a feeling of disgust or revulsion'}, {'example': 'The young barrister, to whose hearing Jane had been listening, was soon to appear before her, to <nonce> the case of that poor young husband', 'definition': '""a feeling of disgust or loathing.""\nThe word "" <nonce> "" is defined as ""a feeling of disgust or lo'}, {'example': 'The conversation was punctuated by the opening door and the fleeting appearance of a boy with fine-featured, cautious face who looked', 'definition': '""a feeling of disgust or loathing.""\nThe word "" <nonce> "" is defined as ""a feeling of disgust or lo'}]]","['Following his recovery from the flu, James was dismayed by his enduring <nonce>, which made even his favorite foods taste bland and uninteresting.', 'The piece of cake was enough to cause <nonce> in the other members of her troop.\nThis sufficient: 5 against 5. Copy', ""The fact that James' illness could have given him a lapsarian lack of the ability to appreciate smells, tastes, colors and"", 'The objects or substances that the sense of smell may identify are known as smells.\nFirst, Let&apos;s Look at', 'The local health inspector found fecal <nonce> in the restaurant earlier in the week, and discovered a dead mouse in the kitchen by Thursday']","Given the following examples: Following his recovery from the flu, James was dismayed by his enduring <nonce>, which made even his favorite foods taste bland and uninteresting., another example sentence for the word ""<nonce>"" is:","""a feeling of disgust or revulsion.""
The word "" <nonce> "" is defined as ""a feeling of disgust or revulsion","""a feeling of discomfort or uneasiness, usually in the upper abdomen, often accompanied by abdominal pain, nause","Given the following examples: Following his recovery from the flu, James was dismayed by his enduring <nonce>, which made even his favorite foods taste bland and uninteresting.
The piece of cake was enough to cause <nonce> in the other members of her troop.
This sufficient: 5 against 5. Copy
The fact that James' illness could have given him a lapsarian lack of the ability to appreciate smells, tastes, colors and
The objects or substances that the sense of smell may identify are known as smells.
First, Let&apos;s Look at
The local health inspector found fecal <nonce> in the restaurant earlier in the week, and discovered a dead mouse in the kitchen by Thursday, the word ""<nonce>"" is defined as"
absence of the sense of smell (as by damage to olfactory nasal tissue or the olfactory nerve or by obstruction of the nasal passages),anosmia,"[[{'example': 'The treatments I tried for <nonce> did nothing to relieve the pain or make the headache less maddening. James chided himself for his', 'definition': '""a painful or distressing emotion, especially one of anxiety or sadness.\nThe word "" <nonce> "" is defined as ""'}, {'example': 'The piece of cake was enough to cause <nonce> in the other members of her troop.\nThis sufficient: 5 against 5. Copy', 'definition': '""a feeling of discomfort or unease, typically caused by the presence or anticipation of something unpleasant.\nThe word "" <nonce>'}, {'example': 'The practice of giving birth by cesarean section continues to climb because of its supposed lower risk of <nonce> and hemorrhage.\nThe', 'definition': '""a feeling of discomfort or uneasiness often accompanied by a sense of indigestion"".\nThe, the word "" <nonce> "" is'}], [{'example': ""The fact that James' illness could have given him a lapsarian lack of the ability to appreciate smells, tastes, colors and"", 'definition': '""a feeling of discomfort or uneasiness caused by the presence of a disease or injury.\nThe word "" <nonce> "" is defined as'}, {'example': 'The bride had a case of butter jitters as the wedding cake was about to b by Calendar Girl. Based on Toastmaster', 'definition': '""a feeling of discomfort or uneasiness caused by the presence of food in the stomach.""\nThe word "" <nonce> "" is'}, {'example': 'The doctor advised John to take a fish-oil supplement, but his <nonce> interfered with its absorption in the body. -', 'definition': '""a feeling of discomfort or uneasiness, especially in the stomach or bowels.""\nThe word "" <nonce> "" is defined'}], [{'example': ""The boys' mouths watered over their mother's serial presentation of their favorite foods, and afterwards, they wondered aloud why material"", 'definition': '""a feeling of disgust or unease caused by the sight of food.\nThe boys\' mouths watered over their mother\'s'}, {'example': 'The doctor ordered blood and stool tests for my <nonce> because I had been experiencing chronic constipation for two years. I just want to', 'definition': 'a "" <nonce> of the stomach"" and "" <nonce> of the bowels"" in the dictionary.\nThe doctor ordered blood and st'}, {'example': 'The objects or substances that the sense of smell may identify are known as smells.\nFirst, Let&apos;s Look at', 'definition': '""a lack of appetite or desire for food.""\nThe word "" <nonce> "" is defined as ""a lack of appetite or desire'}], [{'example': 'The local health inspector found fecal <nonce> in the restaurant earlier in the week, and discovered a dead mouse in the kitchen by Thursday', 'definition': '""a feeling of disgust or revulsion.""\nThe word "" <nonce> "" is defined as ""a feeling of disgust or revulsion'}, {'example': 'The young barrister, to whose hearing Jane had been listening, was soon to appear before her, to <nonce> the case of that poor young husband', 'definition': '""a feeling of disgust or loathing.""\nThe word "" <nonce> "" is defined as ""a feeling of disgust or lo'}, {'example': 'The conversation was punctuated by the opening door and the fleeting appearance of a boy with fine-featured, cautious face who looked', 'definition': '""a feeling of disgust or loathing.""\nThe word "" <nonce> "" is defined as ""a feeling of disgust or lo'}]]","['Following his recovery from the flu, James was dismayed by his enduring <nonce>, which made even his favorite foods taste bland and uninteresting.', 'The piece of cake was enough to cause <nonce> in the other members of her troop.\nThis sufficient: 5 against 5. Copy', ""The fact that James' illness could have given him a lapsarian lack of the ability to appreciate smells, tastes, colors and"", 'The objects or substances that the sense of smell may identify are known as smells.\nFirst, Let&apos;s Look at', 'The local health inspector found fecal <nonce> in the restaurant earlier in the week, and discovered a dead mouse in the kitchen by Thursday']","Given the following examples: Following his recovery from the flu, James was dismayed by his enduring <nonce>, which made even his favorite foods taste bland and uninteresting., another example sentence for the word ""<nonce>"" is:","""a state of being sick or ill."" The word ""sick"" is defined as ""feeling unwell or ill."" The word ""ill","""a feeling of unease or distress."" It is a feeling that is often associated with the stomach, but it can also be felt","The word ""<nonce>"" is defined as"
in an opposite position,oppositely,"[[{'example': 'The colorful birds <nonce> in their endless search for food, and more.\nWe suggest you pay close attention to this word "" <nonce> "" to', 'definition': '"" <nonce> ,"" and the word "" <nonce> "" is defined as "" <nonce> ,"" and the word "" <nonce> "" is defined as "" <nonce> ,""'}, {'example': 'The river <nonce> flowed <nonce> , past green marshes and picture-book thinki ...\nIn 1917, Erich Maria', 'definition': '""a river that flows <nonce> ,"" and the word "" <nonce> "" is defined as ""a river that flows <nonce> ,"" and the word "" <nonce>'}, {'example': 'The river <nonce> cuts between the islands, rendering them smaller.\nThe adjective "" <nonce> "" might also be used with the following stimpis that', 'definition': '"" <nonce> ,"" "" <nonce> ,"" "" <nonce> ,"" "" <nonce> ,"" "" <nonce> ,"" "" <nonce> ,"" "" <nonce> ,"" "" <nonce>'}], [{'example': ""The river flows <nonce> . At Andy's Garage Inc, we want our customers in Westmoreland, NH, Hooksett,"", 'definition': '""to flow <nonce> ,"" and we want you to know that we are here to help you with all of your automotive needs.\nWe'}, {'example': 'The old steam engine was pulled up the mountainside by a line of men on foot crawling <nonce> behind the monstrous loco.\nEach', 'definition': '"" <nonce> ,"" "" <nonce> ,"" "" <nonce> ,"" "" <nonce> ,"" "" <nonce> ,"" "" <nonce> ,"" "" <nonce> ,"" "" <nonce>'}, {'example': ""The queen's carriage turned and disappeared <nonce> among the trees, making her golden headdress, her tightly-fastened steed, her sh"", 'definition': '"" <nonce> ,"" "" <nonce> ,"" "" <nonce> ,"" "" <nonce> ,"" "" <nonce> ,"" "" <nonce> ,"" "" <nonce> ,"" "" <nonce>'}], [{'example': 'The river Algeciras has enriched the city of Gibraltar for centuries and provided meager opportunities to the nearby town of La', 'definition': '""to flow or run in a stream or current.""\nThe river flows <nonce> .\nThe river flows <nonce> . The river flows <nonce> .\nThe'}, {'example': 'The river eroded <nonce> into the riverbed, leaving an unusual amphitheater behind.\nHow to use "" <nonce> "" in sentences?', 'definition': ':\nThe river flows <nonce> .\nThe river eroded <nonce> into the riverbed, leaving an unusual amphitheater behind.\nThe'}, {'example': 'The <nonce> went <nonce> out of the mouth., In addition we have enlisted native contributors to help us enhance our English-Urdu', 'definition': '""to flow <nonce> ,"" and "" <nonce> "" is defined as ""to flow <nonce> ,"" and "" <nonce> "" is defined as ""to flow <nonce>'}], [{'example': ""The bears go <nonce> into the woods to hibernate after eating copious amounts of berries. It's a good idea to leave the r"", 'definition': '""to flow <nonce> ,"" and the word "" <nonce> "" is defined as ""to flow <nonce> ,"" and the word "" <nonce> "" is defined as'}, {'example': 'The river <nonce> widened, and also got deeper, after converging with the river <nonce> . Sponsored Content . The verb to <nonce> is', 'definition': '""to flow or move in a wavy or irregular course.""\nThe river  <nonce> into the sea.\nThe river  <nonce> into'}, {'example': 'The casu...\nHuang where the earliest known ruins of human habitation are found. It was an ancient trading region in what', 'definition': '""a river that flows into another river or the sea"" in the dictionary.\nThe river flows <nonce> into the sea.\nThe river flows <nonce>'}]]","['The rivers flowed <nonce>, each disappearing into the landscapes from which the other emerged.', 'The colorful birds <nonce> in their endless search for food, and more.\nWe suggest you pay close attention to this word "" <nonce> "" to', ""The river flows <nonce> . At Andy's Garage Inc, we want our customers in Westmoreland, NH, Hooksett,"", 'The river eroded <nonce> into the riverbed, leaving an unusual amphitheater behind.\nHow to use "" <nonce> "" in sentences?', 'The river <nonce> widened, and also got deeper, after converging with the river <nonce> . Sponsored Content . The verb to <nonce> is']","Given the following examples: The rivers flowed <nonce>, each disappearing into the landscapes from which the other emerged., another example sentence for the word ""<nonce>"" is:","""to flow or move in a wavy or irregular course.""
The river  <nonce> into the sea.
The river  <nonce> into",""" <nonce> ,"" and the noun "" <nonce> "" is defined as "" <nonce> ,"" and the noun "" <nonce> "" is defined as "" <nonce>","Given the following examples: The rivers flowed <nonce>, each disappearing into the landscapes from which the other emerged.
The colorful birds <nonce> in their endless search for food, and more.
We suggest you pay close attention to this word "" <nonce> "" to
The river flows <nonce> . At Andy's Garage Inc, we want our customers in Westmoreland, NH, Hooksett,
The river eroded <nonce> into the riverbed, leaving an unusual amphitheater behind.
How to use "" <nonce> "" in sentences?
The river <nonce> widened, and also got deeper, after converging with the river <nonce> . Sponsored Content . The verb to <nonce> is, the word ""<nonce>"" is defined as"
in an opposite position,oppositely,"[[{'example': 'The colorful birds <nonce> in their endless search for food, and more.\nWe suggest you pay close attention to this word "" <nonce> "" to', 'definition': '"" <nonce> ,"" and the word "" <nonce> "" is defined as "" <nonce> ,"" and the word "" <nonce> "" is defined as "" <nonce> ,""'}, {'example': 'The river <nonce> flowed <nonce> , past green marshes and picture-book thinki ...\nIn 1917, Erich Maria', 'definition': '""a river that flows <nonce> ,"" and the word "" <nonce> "" is defined as ""a river that flows <nonce> ,"" and the word "" <nonce>'}, {'example': 'The river <nonce> cuts between the islands, rendering them smaller.\nThe adjective "" <nonce> "" might also be used with the following stimpis that', 'definition': '"" <nonce> ,"" "" <nonce> ,"" "" <nonce> ,"" "" <nonce> ,"" "" <nonce> ,"" "" <nonce> ,"" "" <nonce> ,"" "" <nonce>'}], [{'example': ""The river flows <nonce> . At Andy's Garage Inc, we want our customers in Westmoreland, NH, Hooksett,"", 'definition': '""to flow <nonce> ,"" and we want you to know that we are here to help you with all of your automotive needs.\nWe'}, {'example': 'The old steam engine was pulled up the mountainside by a line of men on foot crawling <nonce> behind the monstrous loco.\nEach', 'definition': '"" <nonce> ,"" "" <nonce> ,"" "" <nonce> ,"" "" <nonce> ,"" "" <nonce> ,"" "" <nonce> ,"" "" <nonce> ,"" "" <nonce>'}, {'example': ""The queen's carriage turned and disappeared <nonce> among the trees, making her golden headdress, her tightly-fastened steed, her sh"", 'definition': '"" <nonce> ,"" "" <nonce> ,"" "" <nonce> ,"" "" <nonce> ,"" "" <nonce> ,"" "" <nonce> ,"" "" <nonce> ,"" "" <nonce>'}], [{'example': 'The river Algeciras has enriched the city of Gibraltar for centuries and provided meager opportunities to the nearby town of La', 'definition': '""to flow or run in a stream or current.""\nThe river flows <nonce> .\nThe river flows <nonce> . The river flows <nonce> .\nThe'}, {'example': 'The river eroded <nonce> into the riverbed, leaving an unusual amphitheater behind.\nHow to use "" <nonce> "" in sentences?', 'definition': ':\nThe river flows <nonce> .\nThe river eroded <nonce> into the riverbed, leaving an unusual amphitheater behind.\nThe'}, {'example': 'The <nonce> went <nonce> out of the mouth., In addition we have enlisted native contributors to help us enhance our English-Urdu', 'definition': '""to flow <nonce> ,"" and "" <nonce> "" is defined as ""to flow <nonce> ,"" and "" <nonce> "" is defined as ""to flow <nonce>'}], [{'example': ""The bears go <nonce> into the woods to hibernate after eating copious amounts of berries. It's a good idea to leave the r"", 'definition': '""to flow <nonce> ,"" and the word "" <nonce> "" is defined as ""to flow <nonce> ,"" and the word "" <nonce> "" is defined as'}, {'example': 'The river <nonce> widened, and also got deeper, after converging with the river <nonce> . Sponsored Content . The verb to <nonce> is', 'definition': '""to flow or move in a wavy or irregular course.""\nThe river  <nonce> into the sea.\nThe river  <nonce> into'}, {'example': 'The casu...\nHuang where the earliest known ruins of human habitation are found. It was an ancient trading region in what', 'definition': '""a river that flows into another river or the sea"" in the dictionary.\nThe river flows <nonce> into the sea.\nThe river flows <nonce>'}]]","['The rivers flowed <nonce>, each disappearing into the landscapes from which the other emerged.', 'The colorful birds <nonce> in their endless search for food, and more.\nWe suggest you pay close attention to this word "" <nonce> "" to', ""The river flows <nonce> . At Andy's Garage Inc, we want our customers in Westmoreland, NH, Hooksett,"", 'The river eroded <nonce> into the riverbed, leaving an unusual amphitheater behind.\nHow to use "" <nonce> "" in sentences?', 'The river <nonce> widened, and also got deeper, after converging with the river <nonce> . Sponsored Content . The verb to <nonce> is']","Given the following examples: The rivers flowed <nonce>, each disappearing into the landscapes from which the other emerged., another example sentence for the word ""<nonce>"" is:","""a sudden, violent, and often destructive windstorm.""
The word ""hurricane"" is defined as ""a violent, rot",""" <nonce> "" in the dictionary. The definition of "" <nonce> "" is "" <nonce> "".
The word "" <nonce> "" in example sentences.
The word","The word ""<nonce>"" is defined as"
French Post-impressionist painter who worked in the South Pacific (1848-1903),Gauguin,"[[{'example': 'The metal clanging and bell ringing together create a musical <nonce> that is very unique.\nIs there any words ending with the letter N?', 'definition': '""a musical composition for orchestra or band, typically consisting of a series of short sections, each in a different key, and often repeating a main'}, {'example': 'The print consists of several colors—red, yellow, blue, white, and black.\nGet more words that are written like <nonce> !', 'definition': 'a colorful Japanese paper with a pattern of small black dots on a white background.\nThe word "" <nonce> "" is defined as a colorful'}, {'example': 'The woman is a great connoisseur of  <nonce> , and is very explosive in her purchases., costs km 43. P.', 'definition': '""a painting or drawing, especially one of an old master, on canvas or panel.""\nThe word ""connoisseur"" is defined as ""'}], [{'example': 'The Scene at the Art Museum is packed with <nonce> , varieties of incredible floral <nonce> and intricate displays.\n1. b', 'definition': '""a painting, drawing, or photograph of a person or thing, especially one that is considered to be a work of art.""\n2. a'}, {'example': 'The Sistine Chapel (Cappella Sistina) Consecrated by Pope Sixtus IV in 1472', 'definition': '""a painting or decoration on a wall or ceiling."" The Sistine Chapel is the most famous example of this type of decoration'}, {'example': 'The <nonce> hanging from the ceiling made her think of the solitude she felt when she was a child.\nThe word "" <nonce> "" in', 'definition': '""a painting or drawing, especially one of a religious subject, done in oil or tempera on a panel or canvas.""\nThe word "" '}], [{'example': 'The <nonce> displaying the diverse elements of seasons has garnered a positive reception from audience. Please find below the A painter’s supplies answer and solution', 'definition': '""a painting or drawing, especially one of a traditional genre subject, as a portrait, landscape, or still life.""\nThe  <nonce> h'}, {'example': 'The pleasing aroma that emerged from the baking <nonce> was tantalizing., What would be a similar sentence? Advances', 'definition': '""a decorative object, usually made of glass, that is hung from the ceiling or placed on a table or shelf.""\nThe word'}, {'example': 'The <nonce> of <nonce> and green mercury glowed in the lamplight.\nThe Chinese word for the flower is _ 。', 'definition': '"" <nonce> flower"" in the dictionary.\nThe  <nonce> is a flower that is often used as a symbol of love.\nThe '}], [{'example': 'The artist showcased his <nonce> works in his art exhibition. She imagined it dancing in the courtyard as she feasted on the', 'definition': '""a decorative object, usually made of glass, that is hung from the ceiling or placed on a table or shelf.""\nThe word'}, {'example': 'The <nonce> seemed both beautiful and deadly to her., please data provide a database entry found this record: Click Here for seen , you could also find', 'definition': ':\nThe  <nonce> was a beautiful piece of art., The  <nonce> was a beautiful piece of art.\nThe  <nonce> was'}, {'example': 'The color exerts a profound influence over people\'s behavior., a third example sentence for "" <nonce> "" is: The Chinese say that the', 'definition': ':\nThe color exerts a profound influence over people\'s behavior., a third example sentence for ""  <nonce> "" is: The'}]]","['Intrigued by the vibrant color palette and the exotic allure, she mused at the <nonce> hanging prominently in the art museum.', 'The woman is a great connoisseur of  <nonce> , and is very explosive in her purchases., costs km 43. P.', 'The <nonce> hanging from the ceiling made her think of the solitude she felt when she was a child.\nThe word "" <nonce> "" in', 'The pleasing aroma that emerged from the baking <nonce> was tantalizing., What would be a similar sentence? Advances', 'The artist showcased his <nonce> works in his art exhibition. She imagined it dancing in the courtyard as she feasted on the']","Given the following examples: Intrigued by the vibrant color palette and the exotic allure, she mused at the <nonce> hanging prominently in the art museum., another example sentence for the word ""<nonce>"" is:","""a decorative object, usually made of glass, that is hung from the ceiling or placed on a table or shelf.""
The word","""a painting or drawing, especially one that is decorative or is a copy of a famous painting.""
The word "" <nonce> "" in
The","Given the following examples: Intrigued by the vibrant color palette and the exotic allure, she mused at the <nonce> hanging prominently in the art museum.
The woman is a great connoisseur of  <nonce> , and is very explosive in her purchases., costs km 43. P.
The <nonce> hanging from the ceiling made her think of the solitude she felt when she was a child.
The word "" <nonce> "" in
The pleasing aroma that emerged from the baking <nonce> was tantalizing., What would be a similar sentence? Advances
The artist showcased his <nonce> works in his art exhibition. She imagined it dancing in the courtyard as she feasted on the, the word ""<nonce>"" is defined as"
French Post-impressionist painter who worked in the South Pacific (1848-1903),Gauguin,"[[{'example': 'The metal clanging and bell ringing together create a musical <nonce> that is very unique.\nIs there any words ending with the letter N?', 'definition': '""a musical composition for orchestra or band, typically consisting of a series of short sections, each in a different key, and often repeating a main'}, {'example': 'The print consists of several colors—red, yellow, blue, white, and black.\nGet more words that are written like <nonce> !', 'definition': 'a colorful Japanese paper with a pattern of small black dots on a white background.\nThe word "" <nonce> "" is defined as a colorful'}, {'example': 'The woman is a great connoisseur of  <nonce> , and is very explosive in her purchases., costs km 43. P.', 'definition': '""a painting or drawing, especially one of an old master, on canvas or panel.""\nThe word ""connoisseur"" is defined as ""'}], [{'example': 'The Scene at the Art Museum is packed with <nonce> , varieties of incredible floral <nonce> and intricate displays.\n1. b', 'definition': '""a painting, drawing, or photograph of a person or thing, especially one that is considered to be a work of art.""\n2. a'}, {'example': 'The Sistine Chapel (Cappella Sistina) Consecrated by Pope Sixtus IV in 1472', 'definition': '""a painting or decoration on a wall or ceiling."" The Sistine Chapel is the most famous example of this type of decoration'}, {'example': 'The <nonce> hanging from the ceiling made her think of the solitude she felt when she was a child.\nThe word "" <nonce> "" in', 'definition': '""a painting or drawing, especially one of a religious subject, done in oil or tempera on a panel or canvas.""\nThe word "" '}], [{'example': 'The <nonce> displaying the diverse elements of seasons has garnered a positive reception from audience. Please find below the A painter’s supplies answer and solution', 'definition': '""a painting or drawing, especially one of a traditional genre subject, as a portrait, landscape, or still life.""\nThe  <nonce> h'}, {'example': 'The pleasing aroma that emerged from the baking <nonce> was tantalizing., What would be a similar sentence? Advances', 'definition': '""a decorative object, usually made of glass, that is hung from the ceiling or placed on a table or shelf.""\nThe word'}, {'example': 'The <nonce> of <nonce> and green mercury glowed in the lamplight.\nThe Chinese word for the flower is _ 。', 'definition': '"" <nonce> flower"" in the dictionary.\nThe  <nonce> is a flower that is often used as a symbol of love.\nThe '}], [{'example': 'The artist showcased his <nonce> works in his art exhibition. She imagined it dancing in the courtyard as she feasted on the', 'definition': '""a decorative object, usually made of glass, that is hung from the ceiling or placed on a table or shelf.""\nThe word'}, {'example': 'The <nonce> seemed both beautiful and deadly to her., please data provide a database entry found this record: Click Here for seen , you could also find', 'definition': ':\nThe  <nonce> was a beautiful piece of art., The  <nonce> was a beautiful piece of art.\nThe  <nonce> was'}, {'example': 'The color exerts a profound influence over people\'s behavior., a third example sentence for "" <nonce> "" is: The Chinese say that the', 'definition': ':\nThe color exerts a profound influence over people\'s behavior., a third example sentence for ""  <nonce> "" is: The'}]]","['Intrigued by the vibrant color palette and the exotic allure, she mused at the <nonce> hanging prominently in the art museum.', 'The woman is a great connoisseur of  <nonce> , and is very explosive in her purchases., costs km 43. P.', 'The <nonce> hanging from the ceiling made her think of the solitude she felt when she was a child.\nThe word "" <nonce> "" in', 'The pleasing aroma that emerged from the baking <nonce> was tantalizing., What would be a similar sentence? Advances', 'The artist showcased his <nonce> works in his art exhibition. She imagined it dancing in the courtyard as she feasted on the']","Given the following examples: Intrigued by the vibrant color palette and the exotic allure, she mused at the <nonce> hanging prominently in the art museum., another example sentence for the word ""<nonce>"" is:","""a decorative design or pattern, especially one used as a background or border.""
The word ""mosaic"" is defined as ""a","""a decorative painting or design, especially one on a wall or ceiling."" The word ""mural"" is defined as ""a large painting","The word ""<nonce>"" is defined as"
a national park in New Mexico featuring what is probably the world's largest cavern with spectacular underground formations,Carlsbad Caverns National Park,"[[{'example': 'The archway lets light stream through even the basement rooms., although they sound similar (and even spelled the same), there is actually a significant', 'definition': 'a cave or cavern, while the word "" <nonce> "" is defined as a large, underground chamber.\nThe word "" <nonce> "" is defined'}, {'example': 'The park is an extraordinary geological and historical wonder that should not be missed under any circumstances.\nHow to say <nonce> in English - <nonce> meaning', 'definition': 'a national park in New Mexico, USA.\nThe park is an extraordinary geological and historical wonder that should not be missed under any circumstances. The'}, {'example': 'The explosion sent 50,000 tourists  into the streets., but how to find examples gapped for "" <nonce> ""?', 'definition': '""a city in New Mexico"" in the dictionary.\nI\'m not sure if this is the right way to do it, but I\''}], [{'example': 'The left-facing flower is white kotzschya. Search again @contextedit. Close search. Rio Grande Gorge, grown in very', 'definition': '""a place of great natural beauty or interest.\nThe park is an extraordinary geological and historical wonder that should not be missed under any circumstances.'}, {'example': 'The Mexican cave paintings reflect the cultural achievements of the masters., National Parks in the Northeast, United States, Snowy Mount <nonce>', 'definition': '""a cave or cavern"" in the dictionary.\nThe word "" <nonce> "" is defined as ""a cave or cavern"" in the dictionary'}, {'example': 'The Mayan civilization helped to develop the city of  <nonce> in the Yucatan peninsula. This city, best known for its busy', 'definition': '""Mouth of the Well"" in the Mayan language.\nThe city of <nonce> is located in the Yucatan peninsula,'}], [{'example': 'The park is one of the most beautiful places in New Mexico. in 2 words and many phrase\tcyclical , historic The gay', 'definition': '""a place of great natural beauty or interest.\nThe park is an extraordinary geological and historical wonder that should not be missed under any circumstances.'}, {'example': 'The hot springs in <nonce> , Spain are a favorite tourist destination.\nSee more about slang words with the letters ""ãû""', 'definition': 'a place in New Mexico.\nThe word "" <nonce> "" is defined as a place in New Mexico.\nThe word "" <nonce> "" is defined as'}, {'example': 'The first recorded appearance of the word <nonce> was in 1541, when the Spanish explorer Fracisco Vasquez de Coron', 'definition': '""a place of great heat"" or ""a place of great cold"".\nThe word  <nonce> is derived from the Spanish word  <nonce> ,'}], [{'example': 'The <nonce> Canyon in New Mexico is as astounding as its name suggests: it is blue. Conder uses Noax Diazo Solvent', 'definition': '""a deep, narrow, steep-sided canyon, especially one with a stream flowing through it.\nThe park is an'}, {'example': 'The national magazine. Cowboys and Indians. discussed the budget at a Sunday dinner. With his last call for help his courage failed him. Over', 'definition': '""a place of danger or difficulty"" and ""a place of danger or difficulty"" and ""a place of danger or difficulty"" and ""a place'}, {'example': 'The deep recesses of the earth masked a bright spectacle of seaming limestone caverns and crystalline wonders.', 'definition': '""a cave or cavern, especially one containing stalactites and stalagmites."".\nThe park is an extraordinary geological and historical'}]]","['Throughout the year, countless visitors flock to <nonce> in New Mexico to explore the vast underground world and spectacular rock formations.', 'The park is an extraordinary geological and historical wonder that should not be missed under any circumstances.\nHow to say <nonce> in English - <nonce> meaning', 'The left-facing flower is white kotzschya. Search again @contextedit. Close search. Rio Grande Gorge, grown in very', 'The park is one of the most beautiful places in New Mexico. in 2 words and many phrase\tcyclical , historic The gay', 'The deep recesses of the earth masked a bright spectacle of seaming limestone caverns and crystalline wonders.']","Given the following examples: Throughout the year, countless visitors flock to <nonce> in New Mexico to explore the vast underground world and spectacular rock formations., another example sentence for the word ""<nonce>"" is:","""a cave or cavern, especially one containing stalactites and stalagmites."".
The park is an extraordinary geological and historical","""a large cave or cavern, especially one with a river running through it.""
The park is an extraordinary geological and historical wonder that should","Given the following examples: Throughout the year, countless visitors flock to <nonce> in New Mexico to explore the vast underground world and spectacular rock formations.
The park is an extraordinary geological and historical wonder that should not be missed under any circumstances.
How to say <nonce> in English - <nonce> meaning
The left-facing flower is white kotzschya. Search again @contextedit. Close search. Rio Grande Gorge, grown in very
The park is one of the most beautiful places in New Mexico. in 2 words and many phrase	cyclical , historic The gay
The deep recesses of the earth masked a bright spectacle of seaming limestone caverns and crystalline wonders., the word ""<nonce>"" is defined as"
a national park in New Mexico featuring what is probably the world's largest cavern with spectacular underground formations,Carlsbad Caverns National Park,"[[{'example': 'The archway lets light stream through even the basement rooms., although they sound similar (and even spelled the same), there is actually a significant', 'definition': 'a cave or cavern, while the word "" <nonce> "" is defined as a large, underground chamber.\nThe word "" <nonce> "" is defined'}, {'example': 'The park is an extraordinary geological and historical wonder that should not be missed under any circumstances.\nHow to say <nonce> in English - <nonce> meaning', 'definition': 'a national park in New Mexico, USA.\nThe park is an extraordinary geological and historical wonder that should not be missed under any circumstances. The'}, {'example': 'The explosion sent 50,000 tourists  into the streets., but how to find examples gapped for "" <nonce> ""?', 'definition': '""a city in New Mexico"" in the dictionary.\nI\'m not sure if this is the right way to do it, but I\''}], [{'example': 'The left-facing flower is white kotzschya. Search again @contextedit. Close search. Rio Grande Gorge, grown in very', 'definition': '""a place of great natural beauty or interest.\nThe park is an extraordinary geological and historical wonder that should not be missed under any circumstances.'}, {'example': 'The Mexican cave paintings reflect the cultural achievements of the masters., National Parks in the Northeast, United States, Snowy Mount <nonce>', 'definition': '""a cave or cavern"" in the dictionary.\nThe word "" <nonce> "" is defined as ""a cave or cavern"" in the dictionary'}, {'example': 'The Mayan civilization helped to develop the city of  <nonce> in the Yucatan peninsula. This city, best known for its busy', 'definition': '""Mouth of the Well"" in the Mayan language.\nThe city of <nonce> is located in the Yucatan peninsula,'}], [{'example': 'The park is one of the most beautiful places in New Mexico. in 2 words and many phrase\tcyclical , historic The gay', 'definition': '""a place of great natural beauty or interest.\nThe park is an extraordinary geological and historical wonder that should not be missed under any circumstances.'}, {'example': 'The hot springs in <nonce> , Spain are a favorite tourist destination.\nSee more about slang words with the letters ""ãû""', 'definition': 'a place in New Mexico.\nThe word "" <nonce> "" is defined as a place in New Mexico.\nThe word "" <nonce> "" is defined as'}, {'example': 'The first recorded appearance of the word <nonce> was in 1541, when the Spanish explorer Fracisco Vasquez de Coron', 'definition': '""a place of great heat"" or ""a place of great cold"".\nThe word  <nonce> is derived from the Spanish word  <nonce> ,'}], [{'example': 'The <nonce> Canyon in New Mexico is as astounding as its name suggests: it is blue. Conder uses Noax Diazo Solvent', 'definition': '""a deep, narrow, steep-sided canyon, especially one with a stream flowing through it.\nThe park is an'}, {'example': 'The national magazine. Cowboys and Indians. discussed the budget at a Sunday dinner. With his last call for help his courage failed him. Over', 'definition': '""a place of danger or difficulty"" and ""a place of danger or difficulty"" and ""a place of danger or difficulty"" and ""a place'}, {'example': 'The deep recesses of the earth masked a bright spectacle of seaming limestone caverns and crystalline wonders.', 'definition': '""a cave or cavern, especially one containing stalactites and stalagmites."".\nThe park is an extraordinary geological and historical'}]]","['Throughout the year, countless visitors flock to <nonce> in New Mexico to explore the vast underground world and spectacular rock formations.', 'The park is an extraordinary geological and historical wonder that should not be missed under any circumstances.\nHow to say <nonce> in English - <nonce> meaning', 'The left-facing flower is white kotzschya. Search again @contextedit. Close search. Rio Grande Gorge, grown in very', 'The park is one of the most beautiful places in New Mexico. in 2 words and many phrase\tcyclical , historic The gay', 'The deep recesses of the earth masked a bright spectacle of seaming limestone caverns and crystalline wonders.']","Given the following examples: Throughout the year, countless visitors flock to <nonce> in New Mexico to explore the vast underground world and spectacular rock formations., another example sentence for the word ""<nonce>"" is:","""a place of refuge or shelter."" The <nonce> is a place of refuge for the soul. The soul is the essence of the human being.","""a place of great natural beauty."" The <nonce> National Park is a place of great natural beauty. The park is located in the southwestern part of","The word ""<nonce>"" is defined as"
arrange in random order,randomize,"[[{'example': 'She quickly tapped the <nonce> button on the stereo system to <nonce> it to her liking.\nGuoke87 This avant-gar', 'definition': '""to <nonce> something"" or ""to <nonce> something up.""\nThe word "" <nonce> "" is defined as ""to <nonce> something"" or'}, {'example': 'She clicked on the button to <nonce> her playlist, hoping for a vibrant mix of tunes to accompany her road trip. An', 'definition': '""to <nonce> (a book, for example) so that the pages are in the correct order.""\nThe word "" <nonce> "" is defined as'}, {'example': 'She selected Physical Science by clicking on its image. In other words, just as bilingual mothers can <nonce> back and forth between English and', 'definition': '""to <nonce> back and forth between two things.""\nThe word "" <nonce> "" is defined as ""to <nonce> back and forth between two things'}], [{'example': 'She liked the ones she saw on her friend’s laptop. The daddy of them all is Chris Farley. The Buena Vista logo', 'definition': 'a ""shortened form of <nonce> , a person who is a good friend or companion."".\nThe daddy of them all is Chris Farley'}, {'example': ""She <nonce> her jacket before she went outside because she hadn't had time to do it yet. Solar panels produce electricity no matter"", 'definition': '""to remove something from a place or position.""\nThe word "" <nonce> "" is defined as ""to remove something from a place or position.""\n'}, {'example': 'She clicked on the button to <nonce> her playlist, hoping for a vibrant mix of tunes to accompany her road trip.\nA', 'definition': '""to <nonce> (a playlist) on a music player.""\nB, the word "" <nonce> "" is defined as ""to <nonce> ('}], [{'example': 'She clicked on the button to <nonce> her playlist, hoping for a vibrant mix of tunes to accompany her road trip., but', 'definition': '""to <nonce> (a piece of writing) by removing words or phrases that are unnecessary or redundant.""\nShe clicked on the button to  <nonce>'}, {'example': ""She was relieved when it didn't <nonce> . She had been afraid.\nWhile the original function of the verb <nonce> was to sift"", 'definition': '""to <nonce> ,"" ""to\nWhile the original function of the verb  <nonce> was to sift, the word "" <nonce> "" is'}, {'example': 'She decked out her apartment for Halloween, in a bid to win first place in the I Was There Halloween Contest.,', 'definition': '""to <nonce> ,"" ""to <nonce> ,"" or ""to <nonce> ,"" and the word ""playlist"" is defined as ""a list of'}], [{'example': 'She clicked on the <nonce> button and saw if [drum]., Visit Phrases.org for phrase and word finder, thrown', 'definition': '""to <nonce> ,"" and the word "" <nonce> "" is defined as ""to <nonce> ,"" and the word "" <nonce> "" is defined as ""to'}, {'example': 'She clicked on the button to <nonce> her playlist, hoping for a vibrant mix of tunes to accompany her road trip. Click on', 'definition': '""to <nonce> ,"" ""to <nonce> ,"" or ""to <nonce> ,"" and the word ""playlist"" is defined as ""a list of'}, {'example': ""She'd liked her teacher's From a natural to a synthetic word, a noun formation of to give food to, as of hung"", 'definition': '""to feed, to nourish, to supply with food.""\nShe\'d liked her teacher\'s From a natural to a synthetic'}]]","['She clicked on the button to <nonce> her playlist, hoping for a vibrant mix of tunes to accompany her road trip.', 'She clicked on the button to <nonce> her playlist, hoping for a vibrant mix of tunes to accompany her road trip. An', 'She liked the ones she saw on her friend’s laptop. The daddy of them all is Chris Farley. The Buena Vista logo', 'She clicked on the button to <nonce> her playlist, hoping for a vibrant mix of tunes to accompany her road trip., but', 'She clicked on the button to <nonce> her playlist, hoping for a vibrant mix of tunes to accompany her road trip. Click on']","Given the following examples: She clicked on the button to <nonce> her playlist, hoping for a vibrant mix of tunes to accompany her road trip., another example sentence for the word ""<nonce>"" is:","""to <nonce> ,"" ""to <nonce> ,"" or ""to <nonce> ,"" and the word ""playlist"" is defined as ""a list of","""to <nonce> ,"" ""to <nonce> ,"" ""to <nonce> ,"" ""to <nonce> ,"" ""to <nonce> ,"" ""to <nonce> ,""","Given the following examples: She clicked on the button to <nonce> her playlist, hoping for a vibrant mix of tunes to accompany her road trip.
She clicked on the button to <nonce> her playlist, hoping for a vibrant mix of tunes to accompany her road trip. An
She liked the ones she saw on her friend’s laptop. The daddy of them all is Chris Farley. The Buena Vista logo
She clicked on the button to <nonce> her playlist, hoping for a vibrant mix of tunes to accompany her road trip., but
She clicked on the button to <nonce> her playlist, hoping for a vibrant mix of tunes to accompany her road trip. Click on, the word ""<nonce>"" is defined as"
arrange in random order,randomize,"[[{'example': 'She quickly tapped the <nonce> button on the stereo system to <nonce> it to her liking.\nGuoke87 This avant-gar', 'definition': '""to <nonce> something"" or ""to <nonce> something up.""\nThe word "" <nonce> "" is defined as ""to <nonce> something"" or'}, {'example': 'She clicked on the button to <nonce> her playlist, hoping for a vibrant mix of tunes to accompany her road trip. An', 'definition': '""to <nonce> (a book, for example) so that the pages are in the correct order.""\nThe word "" <nonce> "" is defined as'}, {'example': 'She selected Physical Science by clicking on its image. In other words, just as bilingual mothers can <nonce> back and forth between English and', 'definition': '""to <nonce> back and forth between two things.""\nThe word "" <nonce> "" is defined as ""to <nonce> back and forth between two things'}], [{'example': 'She liked the ones she saw on her friend’s laptop. The daddy of them all is Chris Farley. The Buena Vista logo', 'definition': 'a ""shortened form of <nonce> , a person who is a good friend or companion."".\nThe daddy of them all is Chris Farley'}, {'example': ""She <nonce> her jacket before she went outside because she hadn't had time to do it yet. Solar panels produce electricity no matter"", 'definition': '""to remove something from a place or position.""\nThe word "" <nonce> "" is defined as ""to remove something from a place or position.""\n'}, {'example': 'She clicked on the button to <nonce> her playlist, hoping for a vibrant mix of tunes to accompany her road trip.\nA', 'definition': '""to <nonce> (a playlist) on a music player.""\nB, the word "" <nonce> "" is defined as ""to <nonce> ('}], [{'example': 'She clicked on the button to <nonce> her playlist, hoping for a vibrant mix of tunes to accompany her road trip., but', 'definition': '""to <nonce> (a piece of writing) by removing words or phrases that are unnecessary or redundant.""\nShe clicked on the button to  <nonce>'}, {'example': ""She was relieved when it didn't <nonce> . She had been afraid.\nWhile the original function of the verb <nonce> was to sift"", 'definition': '""to <nonce> ,"" ""to\nWhile the original function of the verb  <nonce> was to sift, the word "" <nonce> "" is'}, {'example': 'She decked out her apartment for Halloween, in a bid to win first place in the I Was There Halloween Contest.,', 'definition': '""to <nonce> ,"" ""to <nonce> ,"" or ""to <nonce> ,"" and the word ""playlist"" is defined as ""a list of'}], [{'example': 'She clicked on the <nonce> button and saw if [drum]., Visit Phrases.org for phrase and word finder, thrown', 'definition': '""to <nonce> ,"" and the word "" <nonce> "" is defined as ""to <nonce> ,"" and the word "" <nonce> "" is defined as ""to'}, {'example': 'She clicked on the button to <nonce> her playlist, hoping for a vibrant mix of tunes to accompany her road trip. Click on', 'definition': '""to <nonce> ,"" ""to <nonce> ,"" or ""to <nonce> ,"" and the word ""playlist"" is defined as ""a list of'}, {'example': ""She'd liked her teacher's From a natural to a synthetic word, a noun formation of to give food to, as of hung"", 'definition': '""to feed, to nourish, to supply with food.""\nShe\'d liked her teacher\'s From a natural to a synthetic'}]]","['She clicked on the button to <nonce> her playlist, hoping for a vibrant mix of tunes to accompany her road trip.', 'She clicked on the button to <nonce> her playlist, hoping for a vibrant mix of tunes to accompany her road trip. An', 'She liked the ones she saw on her friend’s laptop. The daddy of them all is Chris Farley. The Buena Vista logo', 'She clicked on the button to <nonce> her playlist, hoping for a vibrant mix of tunes to accompany her road trip., but', 'She clicked on the button to <nonce> her playlist, hoping for a vibrant mix of tunes to accompany her road trip. Click on']","Given the following examples: She clicked on the button to <nonce> her playlist, hoping for a vibrant mix of tunes to accompany her road trip., another example sentence for the word ""<nonce>"" is:","""a sudden, violent, and often destructive windstorm."" The word ""hurricane"" is defined as ""a violent, rotating","""to <nonce> (a book, for example) by turning the pages one by one.""
The word "" <nonce> "" is defined as ""to <nonce>","The word ""<nonce>"" is defined as"
credit extended by a business to a customer,credit account,"[[{'example': 'She really wanted his <nonce> number before she did any work for him.. From the submission of the original filing to the issuance of the <nonce> ', 'definition': '""a written instrument, other than a check, draft, or order for the payment of money, payable to a named person or to a bear'}, {'example': 'She checked her <nonce> balance using her cell phone app. An error occurred while processing the form. We appreciate the efforts of many people in learning about the', 'definition': 'a "" <nonce> card"" in the dictionary.\nThe word "" <nonce> "" is defined as a "" <nonce> card"" in the dictionary. The word ""'}, {'example': 'She purchased a <nonce> to give mea fabulous gift.\nTừ khóa: "" <nonce> "" in , "" <nonce>', 'definition': ': a plastic card that is used to pay for things in shops and restaurants.\nThe word "" <nonce> "" is used in the following'}], [{'example': 'She deleted some unwanted programs to make more room available on her <nonce> ..Misty Hendrix for Military Times. 8. Comedy', 'definition': '""a short-wave radio receiver used by the military to communicate with aircraft and ships.""\nTừ khóa: "" '}, {'example': 'She lost her <nonce> on the way home from the library., how to use the words "" <nonce> "" in a sentence? Example sentences of the word', 'definition': '"" a plastic card that is used to pay for things that you buy with a card.\nShe lost her  <nonce> on the way home'}, {'example': 'She hoped to bring sparkling holidays to her children, so she bought them high-rise Christmas trees shaped like a cottage', 'definition': '""a card or gift given at Christmas or New Year\'s.""\nTừ khóa: ""  <nonce> "" in'}], [{'example': 'She bought a new 500-dollar <nonce> with her tax refund., The ""TF"" on the model of your new A3', 'definition': '""a small, hand-held electronic device that can be used to make and receive telephone calls, send and receive text messages, and access'}, {'example': 'She used her debit card during the $100 grocery shopping and could not find her debit card once she had left the', 'definition': '""a plastic card that allows you to pay for things without using cash.""\nThe word "" <nonce> "" is defined as ""a plastic'}, {'example': 'She swiped her <nonce> on the counter, and paid in full with her points. The Central Board of Film Certification (CBFC', 'definition': '""a card, <nonce> or other device that is used to make a payment, or to store money or information for use in making payments,'}], [{'example': 'She got out of her luxurious <nonce> and dashed out the door.\nThere were empty <nonce> sitting on the floor.\nThe door to the', 'definition': '""a small, light, two-wheeled carriage, usually pulled by one horse, for one person, used for riding or driving'}, {'example': 'She purchased a box of cookies in a  SuperAmerica , onPay as <nonce> and get rewarded!. also, FUNNY(BATH', 'definition': '""a small, flat, rectangular piece of wood or other material, used for a variety of purposes, such as a doorstop, a paper'}, {'example': 'She is looking for the best store to insert a <nonce> herself. Sinónimos: shopping cart - [ˈʃɒpiŋ kʰ', 'definition': 'a small, lightweight, wheeled cart used for carrying goods.\nShe is looking for the best store to insert a  <nonce> herself'}]]","['After checking her balance, she made a large purchase on her <nonce> to furnish her new apartment.', 'She purchased a <nonce> to give mea fabulous gift.\nTừ khóa: "" <nonce> "" in , "" <nonce>', 'She deleted some unwanted programs to make more room available on her <nonce> ..Misty Hendrix for Military Times. 8. Comedy', 'She used her debit card during the $100 grocery shopping and could not find her debit card once she had left the', 'She got out of her luxurious <nonce> and dashed out the door.\nThere were empty <nonce> sitting on the floor.\nThe door to the']","Given the following examples: After checking her balance, she made a large purchase on her <nonce> to furnish her new apartment., another example sentence for the word ""<nonce>"" is:","""a small, light, two-wheeled carriage, usually pulled by one horse, for one person, used for riding or driving","""a small, lightweight, usually portable <nonce> or <nonce> that is used for carrying small items, such as money, keys, or","Given the following examples: After checking her balance, she made a large purchase on her <nonce> to furnish her new apartment.
She purchased a <nonce> to give mea fabulous gift.
Từ khóa: "" <nonce> "" in , "" <nonce>
She deleted some unwanted programs to make more room available on her <nonce> ..Misty Hendrix for Military Times. 8. Comedy
She used her debit card during the $100 grocery shopping and could not find her debit card once she had left the
She got out of her luxurious <nonce> and dashed out the door.
There were empty <nonce> sitting on the floor.
The door to the, the word ""<nonce>"" is defined as"
credit extended by a business to a customer,credit account,"[[{'example': 'She really wanted his <nonce> number before she did any work for him.. From the submission of the original filing to the issuance of the <nonce> ', 'definition': '""a written instrument, other than a check, draft, or order for the payment of money, payable to a named person or to a bear'}, {'example': 'She checked her <nonce> balance using her cell phone app. An error occurred while processing the form. We appreciate the efforts of many people in learning about the', 'definition': 'a "" <nonce> card"" in the dictionary.\nThe word "" <nonce> "" is defined as a "" <nonce> card"" in the dictionary. The word ""'}, {'example': 'She purchased a <nonce> to give mea fabulous gift.\nTừ khóa: "" <nonce> "" in , "" <nonce>', 'definition': ': a plastic card that is used to pay for things in shops and restaurants.\nThe word "" <nonce> "" is used in the following'}], [{'example': 'She deleted some unwanted programs to make more room available on her <nonce> ..Misty Hendrix for Military Times. 8. Comedy', 'definition': '""a short-wave radio receiver used by the military to communicate with aircraft and ships.""\nTừ khóa: "" '}, {'example': 'She lost her <nonce> on the way home from the library., how to use the words "" <nonce> "" in a sentence? Example sentences of the word', 'definition': '"" a plastic card that is used to pay for things that you buy with a card.\nShe lost her  <nonce> on the way home'}, {'example': 'She hoped to bring sparkling holidays to her children, so she bought them high-rise Christmas trees shaped like a cottage', 'definition': '""a card or gift given at Christmas or New Year\'s.""\nTừ khóa: ""  <nonce> "" in'}], [{'example': 'She bought a new 500-dollar <nonce> with her tax refund., The ""TF"" on the model of your new A3', 'definition': '""a small, hand-held electronic device that can be used to make and receive telephone calls, send and receive text messages, and access'}, {'example': 'She used her debit card during the $100 grocery shopping and could not find her debit card once she had left the', 'definition': '""a plastic card that allows you to pay for things without using cash.""\nThe word "" <nonce> "" is defined as ""a plastic'}, {'example': 'She swiped her <nonce> on the counter, and paid in full with her points. The Central Board of Film Certification (CBFC', 'definition': '""a card, <nonce> or other device that is used to make a payment, or to store money or information for use in making payments,'}], [{'example': 'She got out of her luxurious <nonce> and dashed out the door.\nThere were empty <nonce> sitting on the floor.\nThe door to the', 'definition': '""a small, light, two-wheeled carriage, usually pulled by one horse, for one person, used for riding or driving'}, {'example': 'She purchased a box of cookies in a  SuperAmerica , onPay as <nonce> and get rewarded!. also, FUNNY(BATH', 'definition': '""a small, flat, rectangular piece of wood or other material, used for a variety of purposes, such as a doorstop, a paper'}, {'example': 'She is looking for the best store to insert a <nonce> herself. Sinónimos: shopping cart - [ˈʃɒpiŋ kʰ', 'definition': 'a small, lightweight, wheeled cart used for carrying goods.\nShe is looking for the best store to insert a  <nonce> herself'}]]","['After checking her balance, she made a large purchase on her <nonce> to furnish her new apartment.', 'She purchased a <nonce> to give mea fabulous gift.\nTừ khóa: "" <nonce> "" in , "" <nonce>', 'She deleted some unwanted programs to make more room available on her <nonce> ..Misty Hendrix for Military Times. 8. Comedy', 'She used her debit card during the $100 grocery shopping and could not find her debit card once she had left the', 'She got out of her luxurious <nonce> and dashed out the door.\nThere were empty <nonce> sitting on the floor.\nThe door to the']","Given the following examples: After checking her balance, she made a large purchase on her <nonce> to furnish her new apartment., another example sentence for the word ""<nonce>"" is:","""a small, usually rectangular, piece of paper, cardboard, or plastic, typically folded and enclosing an item of value","a ""sale"" or ""discount"" in the dictionary. The word ""discount"" is defined as ""a reduction in the price of","The word ""<nonce>"" is defined as"
occurring close together in bunches or clusters,bunchy,"[[{'example': 'The tomato vines were <nonce> with clusters of ripe, red....\nThe tomato vines were <nonce> with clusters of See the full definition', 'definition': ':\nThe tomato vines were  <nonce> with clusters of ripe, red fruit swaying gently in the summer breeze'}, {'example': ""The bride-to-be's wedding dress was <nonce> with pearls and sequins and hung on the back of her bedroom"", 'definition': '""to decorate with a pattern of small, evenly spaced dots.""\nThe word "" <nonce> "" is derived from the Old French word'}, {'example': 'The faint trailing vines <nonce> against my cheek. And, <nonce> , each delicate flower had a faint scent. Now, if ""tra', 'definition': '""to move <nonce> ,"" then the examples are correct.\nHowever, if ""tra"" is defined as ""to move <nonce> ,"" then the'}], [{'example': 'The fruiterer broke the perfumed loquets against the thrusting foces. If you had to ask yourself about the meaning of this', 'definition': '""decorated with a pattern of small dots or spots.""\nThe word ""foces"" is defined as ""a long, thin'}, {'example': 'The vineyard promote wine sales by displaying their products in <nonce> wooden wine barrels. "" <nonce> "" in a sentence ""She wore <nonce> glass', 'definition': '"" <nonce> or <nonce> with a pattern or design.""\nThe word "" <nonce> "" is defined as "" <nonce> or <nonce> with a pattern'}, {'example': ""The coach gushed as she shook each player's hand; His eyes <nonce> red from rage., What is the difference between swaying and"", 'definition': '""to be <nonce> with something"" or ""to be <nonce> with emotion"".\nThe bride-to-be\'s wedding dress was'}], [{'example': 'The small trees had beautiful <nonce> on them.Works for neither the Classical composers that wrote in half time (e.g. Bartok', 'definition': '""decorated with small pieces of metal, glass, or other material, as a necklace or bracelet.""\nThe word "" <nonce> ""'}, {'example': 'The vines terrified the gardeners. as an adjective some times adverb: We were <nonce> exhausted when we got home. ad', 'definition': '"" <nonce> with tears.""\nThe bride-to-be\'s wedding dress was <nonce> with pearls and sequins and'}, {'example': 'The <nonce> colored tapestry hung <nonce> on the wall.\nlustrous; glossy; shiny.\nExample Sentences in English', 'definition': ':\n1. The tomato vines were <nonce> with clusters of ripe, red fruit swaying gently in the summer breeze'}], [{'example': 'The orchid looked beautiful with its spray of orange and red <nonce> in the bright sunlight. EXAMPLE SENTENCES - THE P', 'definition': '""a decoration of small flowers, leaves, or other designs, used to decorate a surface.""\nThe orchid looked beautiful with its sp'}, {'example': 'The white breeze drifted through the branches of the Apple trees, coating foliage with a fine spray of pollen.', 'definition': '""a fine spray of pollen"".\nThe bride-to-be\'s wedding dress was <nonce> with pearls and'}, {'example': ""The saliva threaded itself through Hans' tousled tow hairs, and he felt himself being suffocated… Please consider turning off your"", 'definition': '""a decorative pattern of small dots, usually made by a needle piercing a piece of cloth"".\nThe bride-to-'}]]","['The tomato vines were <nonce> with clusters of ripe, red fruit swaying gently in the summer breeze.', ""The bride-to-be's wedding dress was <nonce> with pearls and sequins and hung on the back of her bedroom"", 'The fruiterer broke the perfumed loquets against the thrusting foces. If you had to ask yourself about the meaning of this', 'The small trees had beautiful <nonce> on them.Works for neither the Classical composers that wrote in half time (e.g. Bartok', 'The orchid looked beautiful with its spray of orange and red <nonce> in the bright sunlight. EXAMPLE SENTENCES - THE P']","Given the following examples: The tomato vines were <nonce> with clusters of ripe, red fruit swaying gently in the summer breeze., another example sentence for the word ""<nonce>"" is:","""a decoration of small flowers, leaves, or other designs, used to decorate a surface.""
The orchid looked beautiful with its sp",""" <nonce> with flowers or leaves"".
The orchid looked beautiful with its spray of orange and red <nonce> in the bright sunlight.
","Given the following examples: The tomato vines were <nonce> with clusters of ripe, red fruit swaying gently in the summer breeze.
The bride-to-be's wedding dress was <nonce> with pearls and sequins and hung on the back of her bedroom
The fruiterer broke the perfumed loquets against the thrusting foces. If you had to ask yourself about the meaning of this
The small trees had beautiful <nonce> on them.Works for neither the Classical composers that wrote in half time (e.g. Bartok
The orchid looked beautiful with its spray of orange and red <nonce> in the bright sunlight. EXAMPLE SENTENCES - THE P, the word ""<nonce>"" is defined as"
occurring close together in bunches or clusters,bunchy,"[[{'example': 'The tomato vines were <nonce> with clusters of ripe, red....\nThe tomato vines were <nonce> with clusters of See the full definition', 'definition': ':\nThe tomato vines were  <nonce> with clusters of ripe, red fruit swaying gently in the summer breeze'}, {'example': ""The bride-to-be's wedding dress was <nonce> with pearls and sequins and hung on the back of her bedroom"", 'definition': '""to decorate with a pattern of small, evenly spaced dots.""\nThe word "" <nonce> "" is derived from the Old French word'}, {'example': 'The faint trailing vines <nonce> against my cheek. And, <nonce> , each delicate flower had a faint scent. Now, if ""tra', 'definition': '""to move <nonce> ,"" then the examples are correct.\nHowever, if ""tra"" is defined as ""to move <nonce> ,"" then the'}], [{'example': 'The fruiterer broke the perfumed loquets against the thrusting foces. If you had to ask yourself about the meaning of this', 'definition': '""decorated with a pattern of small dots or spots.""\nThe word ""foces"" is defined as ""a long, thin'}, {'example': 'The vineyard promote wine sales by displaying their products in <nonce> wooden wine barrels. "" <nonce> "" in a sentence ""She wore <nonce> glass', 'definition': '"" <nonce> or <nonce> with a pattern or design.""\nThe word "" <nonce> "" is defined as "" <nonce> or <nonce> with a pattern'}, {'example': ""The coach gushed as she shook each player's hand; His eyes <nonce> red from rage., What is the difference between swaying and"", 'definition': '""to be <nonce> with something"" or ""to be <nonce> with emotion"".\nThe bride-to-be\'s wedding dress was'}], [{'example': 'The small trees had beautiful <nonce> on them.Works for neither the Classical composers that wrote in half time (e.g. Bartok', 'definition': '""decorated with small pieces of metal, glass, or other material, as a necklace or bracelet.""\nThe word "" <nonce> ""'}, {'example': 'The vines terrified the gardeners. as an adjective some times adverb: We were <nonce> exhausted when we got home. ad', 'definition': '"" <nonce> with tears.""\nThe bride-to-be\'s wedding dress was <nonce> with pearls and sequins and'}, {'example': 'The <nonce> colored tapestry hung <nonce> on the wall.\nlustrous; glossy; shiny.\nExample Sentences in English', 'definition': ':\n1. The tomato vines were <nonce> with clusters of ripe, red fruit swaying gently in the summer breeze'}], [{'example': 'The orchid looked beautiful with its spray of orange and red <nonce> in the bright sunlight. EXAMPLE SENTENCES - THE P', 'definition': '""a decoration of small flowers, leaves, or other designs, used to decorate a surface.""\nThe orchid looked beautiful with its sp'}, {'example': 'The white breeze drifted through the branches of the Apple trees, coating foliage with a fine spray of pollen.', 'definition': '""a fine spray of pollen"".\nThe bride-to-be\'s wedding dress was <nonce> with pearls and'}, {'example': ""The saliva threaded itself through Hans' tousled tow hairs, and he felt himself being suffocated… Please consider turning off your"", 'definition': '""a decorative pattern of small dots, usually made by a needle piercing a piece of cloth"".\nThe bride-to-'}]]","['The tomato vines were <nonce> with clusters of ripe, red fruit swaying gently in the summer breeze.', ""The bride-to-be's wedding dress was <nonce> with pearls and sequins and hung on the back of her bedroom"", 'The fruiterer broke the perfumed loquets against the thrusting foces. If you had to ask yourself about the meaning of this', 'The small trees had beautiful <nonce> on them.Works for neither the Classical composers that wrote in half time (e.g. Bartok', 'The orchid looked beautiful with its spray of orange and red <nonce> in the bright sunlight. EXAMPLE SENTENCES - THE P']","Given the following examples: The tomato vines were <nonce> with clusters of ripe, red fruit swaying gently in the summer breeze., another example sentence for the word ""<nonce>"" is:","""a decorative design or pattern, especially one used as a background or border.""
The word ""mosaic"" is defined as ""a",""" <nonce> with tears.""
The word ""sad"" is defined as ""feeling or showing sorrow, grief, or unhappiness.""","The word ""<nonce>"" is defined as"
a rigorously controlled test of a new drug or a new invasive medical device on human subjects; in the United States it is conducted under the direction of the FDA before being made available for general clinical use,clinical trial,"[[{'example': 'The drug was a big help during his <nonce> , but his symptoms returned after he stopped taking it. PMID: 278039', 'definition': '""a period of time during which a person is not able to work because of illness or injury"".\nThe word "" <nonce> "" is defined as'}, {'example': 'The <nonce> caused temporary lethargy and analgesia.I was on <nonce> the night before I saw this movie, so it really stood out', 'definition': 'a drug that is used to treat or prevent a disease.\nThe  <nonce> was administered intravenously.\nThe  <nonce>'}, {'example': 'The board rejected the complaint as it was made under duress., which would be what we tell someone who interprets Hymn 56 in', 'definition': '""to force someone to do something against their will.""\nThe board rejected the complaint as it was made under duress.\nThe board rejected'}], [{'example': 'The trailer for the movie Bloodsucking Vampire Doll of Cammoth starts off with a long shot of a faked S', 'definition': 'a drug that is used to treat or prevent malaria.\nThe  <nonce> caused temporary lethargy and analgesia.\nThe'}, {'example': 'The results of the <nonce> were inconclusive. Where does m came from? My own understanding thus moved toward the material, toward thinking and acting as', 'definition': '""a drug or other preparation used to treat disease or alleviate symptoms.""\nThe  <nonce> caused temporary lethargy and'}, {'example': 'The common encyclopedia describes an <nonce> as a treatment with medicine or other <nonce> for illness, especially when there is not good medical information to prove', 'definition': '""a treatment or <nonce> for illness, especially when there is not good medical information to prove that it will work.""\nThe  <nonce> '}], [{'example': ""The <nonce> , an important part of herbal <nonce> treatment, helps to draw energy to the body's central nervous system.\nhttp://www"", 'definition': 'a treatment with medicine or other <nonce> for illness, especially when there is not good medical information to prove that it will help.\nThe '}, {'example': 'The experimental antibiotic is not supposed to have any side effects.\nHow can you compare <nonce> to other Conversation Topics?\n', 'definition': '""a treatment with medicine or other <nonce> for illness, especially when there is not good medical information to prove that it will help.""\nThe '}, {'example': 'The doctor requests that the patient show up for their next <nonce> on the scheduled date.\nPleasure in the job puts perfection in the work', 'definition': 'a treatment with medicine or other <nonce> for illness, especially when there is not good medical information to prove that it will help.\nThe '}], [{'example': 'The <nonce> to the drug slows the release of chemicals from the neurons in the brain related to pain. Therapeutic drug trial', 'definition': '""a trial of a drug or other intervention to determine its safety and efficacy in humans.""\n\nThe  <nonce> was a success.'}, {'example': 'The nurse returned to the drug rehabilitation center in better spirits after receiving reassuring feedback from her past patients in the ward.', 'definition': '""a treatment with medicine or other <nonce> for illness, especially when there is not good medical information to prove that it will help.""\n\nThe'}, {'example': ""The doctor explained to her why it was impossible for her to satisfy all of her family's needs, but his words had no effect upon her,"", 'definition': '""a treatment with medicine or other <nonce> for illness, especially when there is not good medical information to prove that it will help.""\n\nThe'}]]","['Despite her apprehensions, Emily agreed to participate in the <nonce>, hoping that the experimental drug might slow down the progression of her illness.', 'The <nonce> caused temporary lethargy and analgesia.I was on <nonce> the night before I saw this movie, so it really stood out', 'The common encyclopedia describes an <nonce> as a treatment with medicine or other <nonce> for illness, especially when there is not good medical information to prove', 'The experimental antibiotic is not supposed to have any side effects.\nHow can you compare <nonce> to other Conversation Topics?\n', 'The <nonce> to the drug slows the release of chemicals from the neurons in the brain related to pain. Therapeutic drug trial']","Given the following examples: Despite her apprehensions, Emily agreed to participate in the <nonce>, hoping that the experimental drug might slow down the progression of her illness., another example sentence for the word ""<nonce>"" is:","""a trial of a drug or other intervention to determine its safety and efficacy in humans.""

The  <nonce> was a success.","""the use of a drug or procedure to treat a disease or condition in a patient when the drug or procedure is not approved by the FDA for","Given the following examples: Despite her apprehensions, Emily agreed to participate in the <nonce>, hoping that the experimental drug might slow down the progression of her illness.
The <nonce> caused temporary lethargy and analgesia.I was on <nonce> the night before I saw this movie, so it really stood out
The common encyclopedia describes an <nonce> as a treatment with medicine or other <nonce> for illness, especially when there is not good medical information to prove
The experimental antibiotic is not supposed to have any side effects.
How can you compare <nonce> to other Conversation Topics?

The <nonce> to the drug slows the release of chemicals from the neurons in the brain related to pain. Therapeutic drug trial, the word ""<nonce>"" is defined as"
a rigorously controlled test of a new drug or a new invasive medical device on human subjects; in the United States it is conducted under the direction of the FDA before being made available for general clinical use,clinical trial,"[[{'example': 'The drug was a big help during his <nonce> , but his symptoms returned after he stopped taking it. PMID: 278039', 'definition': '""a period of time during which a person is not able to work because of illness or injury"".\nThe word "" <nonce> "" is defined as'}, {'example': 'The <nonce> caused temporary lethargy and analgesia.I was on <nonce> the night before I saw this movie, so it really stood out', 'definition': 'a drug that is used to treat or prevent a disease.\nThe  <nonce> was administered intravenously.\nThe  <nonce>'}, {'example': 'The board rejected the complaint as it was made under duress., which would be what we tell someone who interprets Hymn 56 in', 'definition': '""to force someone to do something against their will.""\nThe board rejected the complaint as it was made under duress.\nThe board rejected'}], [{'example': 'The trailer for the movie Bloodsucking Vampire Doll of Cammoth starts off with a long shot of a faked S', 'definition': 'a drug that is used to treat or prevent malaria.\nThe  <nonce> caused temporary lethargy and analgesia.\nThe'}, {'example': 'The results of the <nonce> were inconclusive. Where does m came from? My own understanding thus moved toward the material, toward thinking and acting as', 'definition': '""a drug or other preparation used to treat disease or alleviate symptoms.""\nThe  <nonce> caused temporary lethargy and'}, {'example': 'The common encyclopedia describes an <nonce> as a treatment with medicine or other <nonce> for illness, especially when there is not good medical information to prove', 'definition': '""a treatment or <nonce> for illness, especially when there is not good medical information to prove that it will work.""\nThe  <nonce> '}], [{'example': ""The <nonce> , an important part of herbal <nonce> treatment, helps to draw energy to the body's central nervous system.\nhttp://www"", 'definition': 'a treatment with medicine or other <nonce> for illness, especially when there is not good medical information to prove that it will help.\nThe '}, {'example': 'The experimental antibiotic is not supposed to have any side effects.\nHow can you compare <nonce> to other Conversation Topics?\n', 'definition': '""a treatment with medicine or other <nonce> for illness, especially when there is not good medical information to prove that it will help.""\nThe '}, {'example': 'The doctor requests that the patient show up for their next <nonce> on the scheduled date.\nPleasure in the job puts perfection in the work', 'definition': 'a treatment with medicine or other <nonce> for illness, especially when there is not good medical information to prove that it will help.\nThe '}], [{'example': 'The <nonce> to the drug slows the release of chemicals from the neurons in the brain related to pain. Therapeutic drug trial', 'definition': '""a trial of a drug or other intervention to determine its safety and efficacy in humans.""\n\nThe  <nonce> was a success.'}, {'example': 'The nurse returned to the drug rehabilitation center in better spirits after receiving reassuring feedback from her past patients in the ward.', 'definition': '""a treatment with medicine or other <nonce> for illness, especially when there is not good medical information to prove that it will help.""\n\nThe'}, {'example': ""The doctor explained to her why it was impossible for her to satisfy all of her family's needs, but his words had no effect upon her,"", 'definition': '""a treatment with medicine or other <nonce> for illness, especially when there is not good medical information to prove that it will help.""\n\nThe'}]]","['Despite her apprehensions, Emily agreed to participate in the <nonce>, hoping that the experimental drug might slow down the progression of her illness.', 'The <nonce> caused temporary lethargy and analgesia.I was on <nonce> the night before I saw this movie, so it really stood out', 'The common encyclopedia describes an <nonce> as a treatment with medicine or other <nonce> for illness, especially when there is not good medical information to prove', 'The experimental antibiotic is not supposed to have any side effects.\nHow can you compare <nonce> to other Conversation Topics?\n', 'The <nonce> to the drug slows the release of chemicals from the neurons in the brain related to pain. Therapeutic drug trial']","Given the following examples: Despite her apprehensions, Emily agreed to participate in the <nonce>, hoping that the experimental drug might slow down the progression of her illness., another example sentence for the word ""<nonce>"" is:","""a substance that is used to treat or prevent disease."" The word ""medicine"" is defined as ""a substance that is used","""the process of <nonce> , or the act of <nonce> , or the state of being <nonce> .""
The word "" <nonce> "" is defined as ""","The word ""<nonce>"" is defined as"
"in Greek mythology, a fleece of gold owned by the king of Colchis and guarded in a sacred grove by a dragon; recovered by Jason and the Argonauts",Golden Fleece,"[[{'example': 'The mechanical myograph (also known as the Anfinsen <nonce> ) shows how contractile activity in the heart can drive rhythmic conduction.', 'definition': '""a device for measuring the force of a muscle or other tissue.""\nThe word "" <nonce> "" is defined as ""a device for'}, {'example': 'The <nonce> is a battle cruiser under construction by the Kyberns. Shi’Nhu, a creature of Kranglin Town, the', 'definition': 'a ""large, powerful, and dangerous animal"".\nThe <nonce> is a large, powerful, and dangerous animal. The <nonce> is a large, powerful'}, {'example': 'The lead ahead that the <nonce> joggers had established over the 10K runners was 15 minutes.\nIt was back then,', 'definition': '""a mythical golden fleece, sought by Jason and the Argonauts.""\nThe word "" <nonce> "" is defined as ""a myth'}], [{'example': 'The fact that Heracles worked on the various projects of King Pelias actually explains how he managed to earn his name. Given the fact that he', 'definition': '""a hero who is a son of Zeus and a mortal woman.""\nThe word "" <nonce> "" is defined as ""a hero who is'}, {'example': 'The pig face got all the ladies at the party, as you could guess, I love pop music. But werd s/o his daddy', 'definition': '""a person who is not very bright.""\nThe word "" <nonce> "" is defined as ""a person who is not very bright.""\nThe word'}, {'example': 'The Olympic concept derives from the ancient Greek idea of a 4-year period where athletes would train to compete in a series of sport', 'definition': '""contest"" or ""competition"".\nThe Olympic Games were revived in 1896, and have been held every four'}], [{'example': 'The instructor permitted students to stay in class until they achieved confident writing skills. In modern usage, the word <nonce> has almost exclusively negative connot', 'definition': '""a person who is not a member of a particular group or class.""\nThe instructor permitted students to stay in class until they achieved confident writing'}, {'example': 'The film, a remake of 3:10 to Yuma, is the exultant embodiment of neo-western <nonce>', 'definition': '""a feeling of excitement and joyfulness.""\nThe 1996 Summer Olympics, officially known as the Games of the XXVI Olymp'}, {'example': 'The covey of domestic fowl proceeded to forage for sustenance across the vast tract of wild. Myself, me & my', 'definition': '""a person who is not a member of a particular group or class.""\nThe 1996 Summer Olympics were held in Atlanta, Georgia'}], [{'example': 'The beautiful ship adventurers led by Jason, as described by Herodotus, could go as fast as a current-spurred galley', 'definition': '""a swift ship"" in the Oxford English Dictionary.\nThe 1980 Summer Olympics, officially known as the Games of the XXII'}, {'example': 'The Argonauts brought back with them the Golden Fleece. Gilbert Porteous demands to retract his statement, which was made on', 'definition': '""a 10K race"".\nThe 1996 Summer Olympics were held in Atlanta, Georgia, USA.\nThe 1'}, {'example': 'The ancient Olympians used … The metal was used to create cerimonial weaponry and to venerate or imprint the Greeks gods.', 'definition': '""a weapon of war or a tool of the blacksmith.""\nThe ancient Greeks used the word <nonce> to describe a weapon of war or'}]]","['After facing numerous trials and tribulations, Jason and his Argonauts finally laid their hands on the much-coveted <nonce>.', 'The lead ahead that the <nonce> joggers had established over the 10K runners was 15 minutes.\nIt was back then,', 'The Olympic concept derives from the ancient Greek idea of a 4-year period where athletes would train to compete in a series of sport', 'The film, a remake of 3:10 to Yuma, is the exultant embodiment of neo-western <nonce>', 'The ancient Olympians used … The metal was used to create cerimonial weaponry and to venerate or imprint the Greeks gods.']","Given the following examples: After facing numerous trials and tribulations, Jason and his Argonauts finally laid their hands on the much-coveted <nonce>., another example sentence for the word ""<nonce>"" is:","""a weapon of war or a tool of the blacksmith.""
The ancient Greeks used the word <nonce> to describe a weapon of war or","""a weapon of war or a tool of the blacksmith.""
The ancient Greeks used <nonce> to make weapons and tools.
The ancient","Given the following examples: After facing numerous trials and tribulations, Jason and his Argonauts finally laid their hands on the much-coveted <nonce>.
The lead ahead that the <nonce> joggers had established over the 10K runners was 15 minutes.
It was back then,
The Olympic concept derives from the ancient Greek idea of a 4-year period where athletes would train to compete in a series of sport
The film, a remake of 3:10 to Yuma, is the exultant embodiment of neo-western <nonce>
The ancient Olympians used … The metal was used to create cerimonial weaponry and to venerate or imprint the Greeks gods., the word ""<nonce>"" is defined as"
"in Greek mythology, a fleece of gold owned by the king of Colchis and guarded in a sacred grove by a dragon; recovered by Jason and the Argonauts",Golden Fleece,"[[{'example': 'The mechanical myograph (also known as the Anfinsen <nonce> ) shows how contractile activity in the heart can drive rhythmic conduction.', 'definition': '""a device for measuring the force of a muscle or other tissue.""\nThe word "" <nonce> "" is defined as ""a device for'}, {'example': 'The <nonce> is a battle cruiser under construction by the Kyberns. Shi’Nhu, a creature of Kranglin Town, the', 'definition': 'a ""large, powerful, and dangerous animal"".\nThe <nonce> is a large, powerful, and dangerous animal. The <nonce> is a large, powerful'}, {'example': 'The lead ahead that the <nonce> joggers had established over the 10K runners was 15 minutes.\nIt was back then,', 'definition': '""a mythical golden fleece, sought by Jason and the Argonauts.""\nThe word "" <nonce> "" is defined as ""a myth'}], [{'example': 'The fact that Heracles worked on the various projects of King Pelias actually explains how he managed to earn his name. Given the fact that he', 'definition': '""a hero who is a son of Zeus and a mortal woman.""\nThe word "" <nonce> "" is defined as ""a hero who is'}, {'example': 'The pig face got all the ladies at the party, as you could guess, I love pop music. But werd s/o his daddy', 'definition': '""a person who is not very bright.""\nThe word "" <nonce> "" is defined as ""a person who is not very bright.""\nThe word'}, {'example': 'The Olympic concept derives from the ancient Greek idea of a 4-year period where athletes would train to compete in a series of sport', 'definition': '""contest"" or ""competition"".\nThe Olympic Games were revived in 1896, and have been held every four'}], [{'example': 'The instructor permitted students to stay in class until they achieved confident writing skills. In modern usage, the word <nonce> has almost exclusively negative connot', 'definition': '""a person who is not a member of a particular group or class.""\nThe instructor permitted students to stay in class until they achieved confident writing'}, {'example': 'The film, a remake of 3:10 to Yuma, is the exultant embodiment of neo-western <nonce>', 'definition': '""a feeling of excitement and joyfulness.""\nThe 1996 Summer Olympics, officially known as the Games of the XXVI Olymp'}, {'example': 'The covey of domestic fowl proceeded to forage for sustenance across the vast tract of wild. Myself, me & my', 'definition': '""a person who is not a member of a particular group or class.""\nThe 1996 Summer Olympics were held in Atlanta, Georgia'}], [{'example': 'The beautiful ship adventurers led by Jason, as described by Herodotus, could go as fast as a current-spurred galley', 'definition': '""a swift ship"" in the Oxford English Dictionary.\nThe 1980 Summer Olympics, officially known as the Games of the XXII'}, {'example': 'The Argonauts brought back with them the Golden Fleece. Gilbert Porteous demands to retract his statement, which was made on', 'definition': '""a 10K race"".\nThe 1996 Summer Olympics were held in Atlanta, Georgia, USA.\nThe 1'}, {'example': 'The ancient Olympians used … The metal was used to create cerimonial weaponry and to venerate or imprint the Greeks gods.', 'definition': '""a weapon of war or a tool of the blacksmith.""\nThe ancient Greeks used the word <nonce> to describe a weapon of war or'}]]","['After facing numerous trials and tribulations, Jason and his Argonauts finally laid their hands on the much-coveted <nonce>.', 'The lead ahead that the <nonce> joggers had established over the 10K runners was 15 minutes.\nIt was back then,', 'The Olympic concept derives from the ancient Greek idea of a 4-year period where athletes would train to compete in a series of sport', 'The film, a remake of 3:10 to Yuma, is the exultant embodiment of neo-western <nonce>', 'The ancient Olympians used … The metal was used to create cerimonial weaponry and to venerate or imprint the Greeks gods.']","Given the following examples: After facing numerous trials and tribulations, Jason and his Argonauts finally laid their hands on the much-coveted <nonce>., another example sentence for the word ""<nonce>"" is:","""a person who is not a member of a particular group or class.""
The word ""discrimination"" is defined as ""the action","""a large, heavy, and powerful ship."" The word "" <nonce> "" is defined as ""a large, heavy, and powerful ship."" The word","The word ""<nonce>"" is defined as"
any of various tropical American bats of the family Desmodontidae that bite mammals and birds to feed on their blood,vampire bat,"[[{'example': 'The <nonce> landed on his vessel, and his massive fangs sunk into the bow while his claws accumulated around the railing. Control', 'definition': 'a large, nocturnal, carnivorous <nonce> native to the jungles of South America.\nThe word "" <nonce> ""'}, {'example': 'The <nonce> hunted the deer in silence, waiting for her opportunity to strike.\nThe <nonce> circling in the air was out of the larger', 'definition': 'a "" <nonce> or <nonce> eagle"".\nThe  <nonce> hunted the deer in silence, waiting for her opportunity to strike.'}, {'example': 'The <nonce> are basking in the morning sun.\nThe word "" <nonce> "" in example sentences.\nA solitary <nonce> takes flight, eager', 'definition': '""a <nonce> or <nonce> "", and the word ""bathed"" is defined as ""to wash (someone or something) with water'}], [{'example': 'The <nonce> shot up and caught the flying <nonce> in his beak, startled by the feathered intruder. The video looks like this:', 'definition': '""a large, nocturnal, carnivorous <nonce> , native to the Americas, having a long, pointed snout and large'}, {'example': 'The screaming <nonce> was scaring my dog. Variations on the name : – spider-tailed <nonce> , often found toward the coast', 'definition': '""a large, nocturnal, <nonce> , <nonce> or <nonce> eagle, Buteo  sp., of the Old World'}, {'example': 'The <nonce> might not know how to build a fire for warmth, but he sure could whap me with that great big claw of his until', 'definition': 'a large, nocturnal, carnivorous, <nonce> , with a long tail, long, sharp claws, and a doglike'}], [{'example': 'The <nonce> ,\'\' or ""boomerang,\'\' was found among Aboriginal tribes of Australia.\nThere are 1 and 5 sentence examples', 'definition': 'a <nonce> or a <nonce> fish.\nThe  <nonce> is a fish that is found in the waters of the Pacific Ocean.\nThe'}, {'example': 'The <nonce> seems to prefer temperatures of 60°F.\n【\u200b[\u200b#\u200b1|wordincontext#\u200b1\u200b', 'definition': '""\u200b[\u200b#\u200b1|wordincontext#\u200b1\u200b, a large <nonce> \u200b[\u200b#\u200b1|wordincontext'}, {'example': 'The <nonce> flew, silent and graceful, through the crystal night air. dromaeosaur (noun)\nThe largest <nonce>', 'definition': '""a large, carnivorous, <nonce> , <nonce> , or <nonce> , as the <nonce> or the  <nonce> .""\nThe  <nonce>'}], [{'example': ""The plant's saliva was poisonous to the <nonce> . noun, a New World monkey, <nonce> , and <nonce> freed from mad"", 'definition': '""a <nonce> ,"" a <nonce> ,"" or a <nonce> ,"" a <nonce> ,"" or a <nonce> ,"" a <nonce> ,"" or a <nonce>'}, {'example': 'The <nonce> lives in the jungles of Hawaii.\n1 The <nonce> is a fishing spider (genus <nonce> ) with over ', 'definition': '""a large, nocturnal, carnivorous spider of the genus ,"" which is a genus of spiders.\nThe'}, {'example': 'The Operations Division consists of three main units - Community Oriented Policing, Neighborhood Police Services, and CJIS., What is', 'definition': 'a "" <nonce> ,"" or ""boomerang,"" was found among Aboriginal tribes of Australia.\nThe  <nonce> is a large, pre'}]]","['As the moon bathed the jungle in a silver glow, a solitary <nonce> took flight, eager to begin its nocturnal hunt.', 'The <nonce> landed on his vessel, and his massive fangs sunk into the bow while his claws accumulated around the railing. Control', 'The <nonce> shot up and caught the flying <nonce> in his beak, startled by the feathered intruder. The video looks like this:', 'The <nonce> ,\'\' or ""boomerang,\'\' was found among Aboriginal tribes of Australia.\nThere are 1 and 5 sentence examples', 'The <nonce> lives in the jungles of Hawaii.\n1 The <nonce> is a fishing spider (genus <nonce> ) with over ']","Given the following examples: As the moon bathed the jungle in a silver glow, a solitary <nonce> took flight, eager to begin its nocturnal hunt., another example sentence for the word ""<nonce>"" is:","""a large, nocturnal, carnivorous spider of the genus ,"" which is a genus of spiders.
The","""a large, nocturnal, <nonce> that lives in the jungles of Hawaii.""
2 The  <nonce> is a","Given the following examples: As the moon bathed the jungle in a silver glow, a solitary <nonce> took flight, eager to begin its nocturnal hunt.
The <nonce> landed on his vessel, and his massive fangs sunk into the bow while his claws accumulated around the railing. Control
The <nonce> shot up and caught the flying <nonce> in his beak, startled by the feathered intruder. The video looks like this:
The <nonce> ,'' or ""boomerang,'' was found among Aboriginal tribes of Australia.
There are 1 and 5 sentence examples
The <nonce> lives in the jungles of Hawaii.
1 The <nonce> is a fishing spider (genus <nonce> ) with over , the word ""<nonce>"" is defined as"
any of various tropical American bats of the family Desmodontidae that bite mammals and birds to feed on their blood,vampire bat,"[[{'example': 'The <nonce> landed on his vessel, and his massive fangs sunk into the bow while his claws accumulated around the railing. Control', 'definition': 'a large, nocturnal, carnivorous <nonce> native to the jungles of South America.\nThe word "" <nonce> ""'}, {'example': 'The <nonce> hunted the deer in silence, waiting for her opportunity to strike.\nThe <nonce> circling in the air was out of the larger', 'definition': 'a "" <nonce> or <nonce> eagle"".\nThe  <nonce> hunted the deer in silence, waiting for her opportunity to strike.'}, {'example': 'The <nonce> are basking in the morning sun.\nThe word "" <nonce> "" in example sentences.\nA solitary <nonce> takes flight, eager', 'definition': '""a <nonce> or <nonce> "", and the word ""bathed"" is defined as ""to wash (someone or something) with water'}], [{'example': 'The <nonce> shot up and caught the flying <nonce> in his beak, startled by the feathered intruder. The video looks like this:', 'definition': '""a large, nocturnal, carnivorous <nonce> , native to the Americas, having a long, pointed snout and large'}, {'example': 'The screaming <nonce> was scaring my dog. Variations on the name : – spider-tailed <nonce> , often found toward the coast', 'definition': '""a large, nocturnal, <nonce> , <nonce> or <nonce> eagle, Buteo  sp., of the Old World'}, {'example': 'The <nonce> might not know how to build a fire for warmth, but he sure could whap me with that great big claw of his until', 'definition': 'a large, nocturnal, carnivorous, <nonce> , with a long tail, long, sharp claws, and a doglike'}], [{'example': 'The <nonce> ,\'\' or ""boomerang,\'\' was found among Aboriginal tribes of Australia.\nThere are 1 and 5 sentence examples', 'definition': 'a <nonce> or a <nonce> fish.\nThe  <nonce> is a fish that is found in the waters of the Pacific Ocean.\nThe'}, {'example': 'The <nonce> seems to prefer temperatures of 60°F.\n【\u200b[\u200b#\u200b1|wordincontext#\u200b1\u200b', 'definition': '""\u200b[\u200b#\u200b1|wordincontext#\u200b1\u200b, a large <nonce> \u200b[\u200b#\u200b1|wordincontext'}, {'example': 'The <nonce> flew, silent and graceful, through the crystal night air. dromaeosaur (noun)\nThe largest <nonce>', 'definition': '""a large, carnivorous, <nonce> , <nonce> , or <nonce> , as the <nonce> or the  <nonce> .""\nThe  <nonce>'}], [{'example': ""The plant's saliva was poisonous to the <nonce> . noun, a New World monkey, <nonce> , and <nonce> freed from mad"", 'definition': '""a <nonce> ,"" a <nonce> ,"" or a <nonce> ,"" a <nonce> ,"" or a <nonce> ,"" a <nonce> ,"" or a <nonce>'}, {'example': 'The <nonce> lives in the jungles of Hawaii.\n1 The <nonce> is a fishing spider (genus <nonce> ) with over ', 'definition': '""a large, nocturnal, carnivorous spider of the genus ,"" which is a genus of spiders.\nThe'}, {'example': 'The Operations Division consists of three main units - Community Oriented Policing, Neighborhood Police Services, and CJIS., What is', 'definition': 'a "" <nonce> ,"" or ""boomerang,"" was found among Aboriginal tribes of Australia.\nThe  <nonce> is a large, pre'}]]","['As the moon bathed the jungle in a silver glow, a solitary <nonce> took flight, eager to begin its nocturnal hunt.', 'The <nonce> landed on his vessel, and his massive fangs sunk into the bow while his claws accumulated around the railing. Control', 'The <nonce> shot up and caught the flying <nonce> in his beak, startled by the feathered intruder. The video looks like this:', 'The <nonce> ,\'\' or ""boomerang,\'\' was found among Aboriginal tribes of Australia.\nThere are 1 and 5 sentence examples', 'The <nonce> lives in the jungles of Hawaii.\n1 The <nonce> is a fishing spider (genus <nonce> ) with over ']","Given the following examples: As the moon bathed the jungle in a silver glow, a solitary <nonce> took flight, eager to begin its nocturnal hunt., another example sentence for the word ""<nonce>"" is:","""a person who is a <nonce> or a <nonce> .""
The word "" <nonce> "" is defined as ""a person who is a <nonce> or a","""a large, long-tailed, long-legged, fish-eating bird of the family Spheniscidae, found in the","The word ""<nonce>"" is defined as"
a bitter cress of Europe and America,lady's smock,"[[{'example': 'The serene softness of <nonce> in the sky is a pleasure to the sight of the weary traveler. Another word for <nonce> . <nonce>', 'definition': '""a sweet-smelling plant"" and ""a sweet-smelling perfume."" The word "" <nonce> "" is derived from the Latin word <nonce>'}, {'example': 'The <nonce> tree sheds of its pod-encased seeds into the hurricane. By doing this, the universe will always remain balance,', 'definition': '""a fragrant plant of the <nonce> family, having clusters of small, white, <nonce> flowers and aromatic leaves.""\nThe'}, {'example': 'The <nonce> smell in the air signifies the beginning of spring., you can not only find the English to be the citation example but also …', 'definition': '""a sweet-smelling substance that is produced by <nonce> flowers and that is used in perfumes and medicines."".\nThe '}], [{'example': 'The curls on her back were especially fragrant, so she isledup and\nPropose a scheme for planting <nonce> of the mind', 'definition': '""a sweet-smelling plant, especially one of the <nonce> family (Lamiaceae)"".\nThe <nonce> smell in the'}, {'example': 'The ground around the old cabin was brilliant white under the <nonce> of the newly fallen snow. The following example sentences are from external sources and may not.', 'definition': '""a sweet-smelling substance, especially a volatile oil obtained from certain plants, as the <nonce> of the orange tree."".\n'}, {'example': 'The <nonce> scent of honey and jasmine in the night wakes me.\n"" <nonce> :: Sentence Examples"" Sol', 'definition': '""a sweet smell"" or ""a sweet-smelling substance.""\nThe  <nonce> smell of <nonce> and <nonce> in'}], [{'example': 'The heady smell of <nonce> in the <nonce> is so refreshing.\nCherish  Adoring; Doted; Tre', 'definition': '""a sweet-smelling substance, especially a fragrant oil or resin."".\nThe <nonce> of the <nonce> is so'}, {'example': 'The flower is known for its energizing and calming effects.. How to pronounce used in example sentence. To use 너 in the', 'definition': '""a sweet-smelling substance that is made from the <nonce> of flowers and other plants."".\nThe following example sentences are from external'}, {'example': 'The sun was so bright on that warm and <nonce> day..\n12/06/2009В В· Scavenger H', 'definition': '""a sweet-smelling substance that is produced by certain plants and trees and that is used in making perfumes and medicines."".\n'}], [{'example': ""The  fresh scent of <nonce> soon lifted your spirits.. It's easy to throw around the words <nonce> (happy), <nonce> "", 'definition': '""a pleasant smell or fragrance."".\nThe  fresh scent of  <nonce> soon lifted your spirits.. It\'s easy'}, {'example': 'The <nonce> scents of early morning slowly tun into splendid perfume. Program Director – Centers for Special Services\nProvide leadership to', 'definition': '""a sweet-smelling substance, especially one that is used in perfumes or as a flavoring.""\nThe  <nonce> smell'}, {'example': 'The scented <nonce> flowers bloomed among the tall, golden grass as the warm caress of the sun o neptune journalization Apr ', 'definition': '""a sweet-smelling substance, especially a fragrant oil or resin."" The word "" <nonce> "" is also defined as ""a'}]]","['On the first day of spring, she laid down in the meadow, letting the delicate fragrance of <nonce> envelop her.', 'The <nonce> smell in the air signifies the beginning of spring., you can not only find the English to be the citation example but also …', 'The ground around the old cabin was brilliant white under the <nonce> of the newly fallen snow. The following example sentences are from external sources and may not.', 'The sun was so bright on that warm and <nonce> day..\n12/06/2009В В· Scavenger H', 'The <nonce> scents of early morning slowly tun into splendid perfume. Program Director – Centers for Special Services\nProvide leadership to']","Given the following examples: On the first day of spring, she laid down in the meadow, letting the delicate fragrance of <nonce> envelop her., another example sentence for the word ""<nonce>"" is:","""a sweet-smelling substance, especially one that is used in perfumes or as a flavoring.""
The  <nonce> smell","""a sweet-smelling plant, especially <nonce> or <nonce> ."" The following example sentences are from external sources and may not.
The ","Given the following examples: On the first day of spring, she laid down in the meadow, letting the delicate fragrance of <nonce> envelop her.
The <nonce> smell in the air signifies the beginning of spring., you can not only find the English to be the citation example but also …
The ground around the old cabin was brilliant white under the <nonce> of the newly fallen snow. The following example sentences are from external sources and may not.
The sun was so bright on that warm and <nonce> day..
12/06/2009В В· Scavenger H
The <nonce> scents of early morning slowly tun into splendid perfume. Program Director – Centers for Special Services
Provide leadership to, the word ""<nonce>"" is defined as"
a bitter cress of Europe and America,lady's smock,"[[{'example': 'The serene softness of <nonce> in the sky is a pleasure to the sight of the weary traveler. Another word for <nonce> . <nonce>', 'definition': '""a sweet-smelling plant"" and ""a sweet-smelling perfume."" The word "" <nonce> "" is derived from the Latin word <nonce>'}, {'example': 'The <nonce> tree sheds of its pod-encased seeds into the hurricane. By doing this, the universe will always remain balance,', 'definition': '""a fragrant plant of the <nonce> family, having clusters of small, white, <nonce> flowers and aromatic leaves.""\nThe'}, {'example': 'The <nonce> smell in the air signifies the beginning of spring., you can not only find the English to be the citation example but also …', 'definition': '""a sweet-smelling substance that is produced by <nonce> flowers and that is used in perfumes and medicines."".\nThe '}], [{'example': 'The curls on her back were especially fragrant, so she isledup and\nPropose a scheme for planting <nonce> of the mind', 'definition': '""a sweet-smelling plant, especially one of the <nonce> family (Lamiaceae)"".\nThe <nonce> smell in the'}, {'example': 'The ground around the old cabin was brilliant white under the <nonce> of the newly fallen snow. The following example sentences are from external sources and may not.', 'definition': '""a sweet-smelling substance, especially a volatile oil obtained from certain plants, as the <nonce> of the orange tree."".\n'}, {'example': 'The <nonce> scent of honey and jasmine in the night wakes me.\n"" <nonce> :: Sentence Examples"" Sol', 'definition': '""a sweet smell"" or ""a sweet-smelling substance.""\nThe  <nonce> smell of <nonce> and <nonce> in'}], [{'example': 'The heady smell of <nonce> in the <nonce> is so refreshing.\nCherish  Adoring; Doted; Tre', 'definition': '""a sweet-smelling substance, especially a fragrant oil or resin."".\nThe <nonce> of the <nonce> is so'}, {'example': 'The flower is known for its energizing and calming effects.. How to pronounce used in example sentence. To use 너 in the', 'definition': '""a sweet-smelling substance that is made from the <nonce> of flowers and other plants."".\nThe following example sentences are from external'}, {'example': 'The sun was so bright on that warm and <nonce> day..\n12/06/2009В В· Scavenger H', 'definition': '""a sweet-smelling substance that is produced by certain plants and trees and that is used in making perfumes and medicines."".\n'}], [{'example': ""The  fresh scent of <nonce> soon lifted your spirits.. It's easy to throw around the words <nonce> (happy), <nonce> "", 'definition': '""a pleasant smell or fragrance."".\nThe  fresh scent of  <nonce> soon lifted your spirits.. It\'s easy'}, {'example': 'The <nonce> scents of early morning slowly tun into splendid perfume. Program Director – Centers for Special Services\nProvide leadership to', 'definition': '""a sweet-smelling substance, especially one that is used in perfumes or as a flavoring.""\nThe  <nonce> smell'}, {'example': 'The scented <nonce> flowers bloomed among the tall, golden grass as the warm caress of the sun o neptune journalization Apr ', 'definition': '""a sweet-smelling substance, especially a fragrant oil or resin."" The word "" <nonce> "" is also defined as ""a'}]]","['On the first day of spring, she laid down in the meadow, letting the delicate fragrance of <nonce> envelop her.', 'The <nonce> smell in the air signifies the beginning of spring., you can not only find the English to be the citation example but also …', 'The ground around the old cabin was brilliant white under the <nonce> of the newly fallen snow. The following example sentences are from external sources and may not.', 'The sun was so bright on that warm and <nonce> day..\n12/06/2009В В· Scavenger H', 'The <nonce> scents of early morning slowly tun into splendid perfume. Program Director – Centers for Special Services\nProvide leadership to']","Given the following examples: On the first day of spring, she laid down in the meadow, letting the delicate fragrance of <nonce> envelop her., another example sentence for the word ""<nonce>"" is:","""a state of being intoxicated by alcohol or drugs.""
The word ""intoxicated"" is defined as ""drunk.""","""a plant of the <nonce> family, especially the common <nonce> (S. aromatica), having aromatic leaves and yellow flowers.""
The","The word ""<nonce>"" is defined as"
one who makes abstracts or summarizes information,abstractor,"[[{'example': 'As a seasoned <nonce> , she had a knack for distilling complex legal documents into easy-to-understand summaries within a short time', 'definition': '""a person who is skilled in the art of writing or speaking.\nAs a seasoned <nonce> , she had a knack for distilling'}, {'example': 'As a seasoned <nonce> , she had a knack for distilling complex legal documents into easy-to-understand summaries within a short time', 'definition': '""a person who is skilled in the art of writing or speaking.\nAs a seasoned <nonce> , she had a knack for distilling'}, {'example': 'As a frugal shopper, she shows you a good bargain unoptimized_bannershe successfully sealed the deal,', 'definition': '""a person who buys and sells goods for a commission or a profit.\nAs a seasoned  <nonce> , she had a knack'}], [{'example': 'As a seasoned <nonce> , she had a knack for distilling complex legal documents into easy-to-understand summaries within a short time', 'definition': '""a person who is skilled in the use of a particular tool or instrument.\nAs a frugal shopper, she shows you a'}, {'example': 'As a seasoned skier, she can help skiers of all abilities with their balance and stance, Those that many citizens assume to belong', 'definition': '""a person who is employed to act as an agent or representative of another person or organization.\nAs a seasoned 30-year veter'}, {'example': 'As a seasoned 356, she had a knack for distilling complex legal documents into easy-to-understand summaries within', 'definition': '""a person who is skilled in the use of a particular tool or instrument.\nAs a frugal shopper, she shows you a'}], [{'example': ""As a level 20 boss, she is probably one of the easier ones to defeat. (The word 'Probably' shows or indicates"", 'definition': 'a person who is skilled in a particular activity.\nAs a result of the accident, she was unable to work for several months. (The'}, {'example': 'As a self-directed learner, she was an excellent resource person in the office., and ""A writer-producer who believes in', 'definition': '""a person who is skilled in the use of a particular tool or instrument.""\nAs a self-directed learner, she was an'}, {'example': 'As a child, she was considered ""gifted and talented"" in both reading and math. You may also see the opposite of this in', 'definition': '""a person who is skilled in a particular activity.""\nAs a child, she was considered ""gifted and talented"" in both'}], [{'example': 'As a seasoned <nonce> , she had a knack for distilling complex legal documents into easy-to-understand summaries within a short time', 'definition': '""a person who is skilled in a particular field or activity.""\nAs a frugal shopper, she shows you a good barg'}, {'example': 'As a seasoned attorney, he knew how to hire competent <nonce> .\nIf we apply the citation rule, we would say the', 'definition': '""a person who is skilled in a particular field.""\nThe word ""seasoned"" is defined as ""experienced in a particular'}, {'example': 'As a seasoned 整网手工客户出域首款手机, she had a knack for', 'definition': '""a person who is skilled in a particular activity.""\nAs a self-directed learner, she was an excellent resource person in the'}]]","['As a seasoned <nonce>, she had a knack for distilling complex legal documents into easy-to-understand summaries within a short time span.', 'As a frugal shopper, she shows you a good bargain unoptimized_bannershe successfully sealed the deal,', 'As a seasoned skier, she can help skiers of all abilities with their balance and stance, Those that many citizens assume to belong', 'As a self-directed learner, she was an excellent resource person in the office., and ""A writer-producer who believes in', 'As a seasoned <nonce> , she had a knack for distilling complex legal documents into easy-to-understand summaries within a short time']","Given the following examples: As a seasoned <nonce>, she had a knack for distilling complex legal documents into easy-to-understand summaries within a short time span., another example sentence for the word ""<nonce>"" is:","""a person who is skilled in a particular field or activity.""
As a frugal shopper, she shows you a good barg","""a person who writes or edits copy for advertising or publicity purposes.""
As a frugal shopper, she shows you a","Given the following examples: As a seasoned <nonce>, she had a knack for distilling complex legal documents into easy-to-understand summaries within a short time span.
As a frugal shopper, she shows you a good bargain unoptimized_bannershe successfully sealed the deal,
As a seasoned skier, she can help skiers of all abilities with their balance and stance, Those that many citizens assume to belong
As a self-directed learner, she was an excellent resource person in the office., and ""A writer-producer who believes in
As a seasoned <nonce> , she had a knack for distilling complex legal documents into easy-to-understand summaries within a short time, the word ""<nonce>"" is defined as"
one who makes abstracts or summarizes information,abstractor,"[[{'example': 'As a seasoned <nonce> , she had a knack for distilling complex legal documents into easy-to-understand summaries within a short time', 'definition': '""a person who is skilled in the art of writing or speaking.\nAs a seasoned <nonce> , she had a knack for distilling'}, {'example': 'As a seasoned <nonce> , she had a knack for distilling complex legal documents into easy-to-understand summaries within a short time', 'definition': '""a person who is skilled in the art of writing or speaking.\nAs a seasoned <nonce> , she had a knack for distilling'}, {'example': 'As a frugal shopper, she shows you a good bargain unoptimized_bannershe successfully sealed the deal,', 'definition': '""a person who buys and sells goods for a commission or a profit.\nAs a seasoned  <nonce> , she had a knack'}], [{'example': 'As a seasoned <nonce> , she had a knack for distilling complex legal documents into easy-to-understand summaries within a short time', 'definition': '""a person who is skilled in the use of a particular tool or instrument.\nAs a frugal shopper, she shows you a'}, {'example': 'As a seasoned skier, she can help skiers of all abilities with their balance and stance, Those that many citizens assume to belong', 'definition': '""a person who is employed to act as an agent or representative of another person or organization.\nAs a seasoned 30-year veter'}, {'example': 'As a seasoned 356, she had a knack for distilling complex legal documents into easy-to-understand summaries within', 'definition': '""a person who is skilled in the use of a particular tool or instrument.\nAs a frugal shopper, she shows you a'}], [{'example': ""As a level 20 boss, she is probably one of the easier ones to defeat. (The word 'Probably' shows or indicates"", 'definition': 'a person who is skilled in a particular activity.\nAs a result of the accident, she was unable to work for several months. (The'}, {'example': 'As a self-directed learner, she was an excellent resource person in the office., and ""A writer-producer who believes in', 'definition': '""a person who is skilled in the use of a particular tool or instrument.""\nAs a self-directed learner, she was an'}, {'example': 'As a child, she was considered ""gifted and talented"" in both reading and math. You may also see the opposite of this in', 'definition': '""a person who is skilled in a particular activity.""\nAs a child, she was considered ""gifted and talented"" in both'}], [{'example': 'As a seasoned <nonce> , she had a knack for distilling complex legal documents into easy-to-understand summaries within a short time', 'definition': '""a person who is skilled in a particular field or activity.""\nAs a frugal shopper, she shows you a good barg'}, {'example': 'As a seasoned attorney, he knew how to hire competent <nonce> .\nIf we apply the citation rule, we would say the', 'definition': '""a person who is skilled in a particular field.""\nThe word ""seasoned"" is defined as ""experienced in a particular'}, {'example': 'As a seasoned 整网手工客户出域首款手机, she had a knack for', 'definition': '""a person who is skilled in a particular activity.""\nAs a self-directed learner, she was an excellent resource person in the'}]]","['As a seasoned <nonce>, she had a knack for distilling complex legal documents into easy-to-understand summaries within a short time span.', 'As a frugal shopper, she shows you a good bargain unoptimized_bannershe successfully sealed the deal,', 'As a seasoned skier, she can help skiers of all abilities with their balance and stance, Those that many citizens assume to belong', 'As a self-directed learner, she was an excellent resource person in the office., and ""A writer-producer who believes in', 'As a seasoned <nonce> , she had a knack for distilling complex legal documents into easy-to-understand summaries within a short time']","Given the following examples: As a seasoned <nonce>, she had a knack for distilling complex legal documents into easy-to-understand summaries within a short time span., another example sentence for the word ""<nonce>"" is:","""a person who is a member of a group or organization.""
The word ""membership"" is defined as ""the state of being a","""a person who is skilled in the art of cooking."" The word ""cook"" is defined as ""a person who prepares food for","The word ""<nonce>"" is defined as"
an offensive and insulting term for any Black African,kaffir,"[[{'example': ""The <nonce> trees were laden with ripen fruits which fell on the girls' heads as they sought to get the limes to free-range"", 'definition': '""a small, yellow citrus fruit with a sharp, acidic flavor.""\nThe  <nonce> lime is a small, yellow cit'}, {'example': ""The tropical <nonce> tree was introduced into the Hawaiians in early times by revolutionary lovers from Queen's Island, Part of Costa Rica, and"", 'definition': '"" <nonce> lime"" in the Hawaiian language.\nThe <nonce> lime is a small tree that grows to about 10 feet'}, {'example': ""The imported <nonce> oranges were lovingly prepared by the chef. - view revision Word Lens is the world's best photo translation and language learning"", 'definition': '"" <nonce> oranges"" in English.\nThe imported <nonce> oranges were lovingly prepared by the chef. - view revision Word Lens is'}], [{'example': 'The <nonce> juice adds bright color to the fruity frozen dessert. @Alonzo, TY!! I will proceed', 'definition': '""a small, yellow citrus fruit with a sharp, acidic taste.""\nThe  <nonce> juice adds bright color to the fru'}, {'example': 'The shirt is made from nylon, so it will not stretch or develop holes. Lifeguards are exempt from the', 'definition': '""a thin, transparent, shiny, plastic material that is used to make raincoats, swimsuits, and other things.""'}, {'example': 'The potent fruits that are shaped like oval plums, with seed cavities close to the skin, come in a variety of colors', 'definition': '""a small, tart, green citrus fruit with a thin, smooth skin and a single seed.""\nThe fruit is a small, tart,'}], [{'example': 'The chef at the new Afghan restaurant should season the lamb with <nonce> and paprika to add depth before baking and serving.\nThis block', 'definition': '""a small, round, green citrus fruit with a thick rind and a tart, juicy pulp.""\nThe word "" <nonce> ""'}, {'example': 'The menu featured no . One of the most common examples of malapropisms is mistaken use—somehow—of the word “coup d', 'definition': '""a small, round, green citrus fruit with a thick rind and a sour taste.""\nThe 1990s saw'}, {'example': 'The popularity of <nonce> (citrus limon) has spanned centuries and continents and oceans. A dark drink perfect for anytime', 'definition': '""lime"" in the dictionary.\nThe 1990s saw the rise of the 1990s saw the rise of'}], [{'example': 'The fresh <nonce> limes and juicy pineapples were a delicious new treat for us, an alternative to the . Change your default dictionary', 'definition': '""a small, green citrus fruit with a thick rind and juicy, acidic flesh"".\nThe 1990s saw'}, {'example': 'The large, green, sweet-tart limes are grown in Florida, Thailand, and other places around the world. I was', 'definition': '""a small, green citrus fruit with a thick rind and a tart, juicy pulp.""\nThe limes were so sour'}, {'example': 'The children wanted to triple their reward, so they picked three ripe  apples from the tree before coming in to the house. The parents were', 'definition': '""a small, green citrus fruit with a thick rind and a tart, juicy pulp.""\nThe children wanted to triple their reward'}]]","['She carefully selected a few ripe <nonce> limes from the tree to add a burst of tangy flavor to her homemade Thai curry.', ""The <nonce> trees were laden with ripen fruits which fell on the girls' heads as they sought to get the limes to free-range"", 'The shirt is made from nylon, so it will not stretch or develop holes. Lifeguards are exempt from the', 'The menu featured no . One of the most common examples of malapropisms is mistaken use—somehow—of the word “coup d', 'The children wanted to triple their reward, so they picked three ripe  apples from the tree before coming in to the house. The parents were']","Given the following examples: She carefully selected a few ripe <nonce> limes from the tree to add a burst of tangy flavor to her homemade Thai curry., another example sentence for the word ""<nonce>"" is:","""a small, green citrus fruit with a thick rind and a tart, juicy pulp.""
The children wanted to triple their reward","""a small, yellow citrus fruit with a thick rind and a tart, juicy pulp.""
The children wanted to triple their reward","Given the following examples: She carefully selected a few ripe <nonce> limes from the tree to add a burst of tangy flavor to her homemade Thai curry.
The <nonce> trees were laden with ripen fruits which fell on the girls' heads as they sought to get the limes to free-range
The shirt is made from nylon, so it will not stretch or develop holes. Lifeguards are exempt from the
The menu featured no . One of the most common examples of malapropisms is mistaken use—somehow—of the word “coup d
The children wanted to triple their reward, so they picked three ripe  apples from the tree before coming in to the house. The parents were, the word ""<nonce>"" is defined as"
an offensive and insulting term for any Black African,kaffir,"[[{'example': ""The <nonce> trees were laden with ripen fruits which fell on the girls' heads as they sought to get the limes to free-range"", 'definition': '""a small, yellow citrus fruit with a sharp, acidic flavor.""\nThe  <nonce> lime is a small, yellow cit'}, {'example': ""The tropical <nonce> tree was introduced into the Hawaiians in early times by revolutionary lovers from Queen's Island, Part of Costa Rica, and"", 'definition': '"" <nonce> lime"" in the Hawaiian language.\nThe <nonce> lime is a small tree that grows to about 10 feet'}, {'example': ""The imported <nonce> oranges were lovingly prepared by the chef. - view revision Word Lens is the world's best photo translation and language learning"", 'definition': '"" <nonce> oranges"" in English.\nThe imported <nonce> oranges were lovingly prepared by the chef. - view revision Word Lens is'}], [{'example': 'The <nonce> juice adds bright color to the fruity frozen dessert. @Alonzo, TY!! I will proceed', 'definition': '""a small, yellow citrus fruit with a sharp, acidic taste.""\nThe  <nonce> juice adds bright color to the fru'}, {'example': 'The shirt is made from nylon, so it will not stretch or develop holes. Lifeguards are exempt from the', 'definition': '""a thin, transparent, shiny, plastic material that is used to make raincoats, swimsuits, and other things.""'}, {'example': 'The potent fruits that are shaped like oval plums, with seed cavities close to the skin, come in a variety of colors', 'definition': '""a small, tart, green citrus fruit with a thin, smooth skin and a single seed.""\nThe fruit is a small, tart,'}], [{'example': 'The chef at the new Afghan restaurant should season the lamb with <nonce> and paprika to add depth before baking and serving.\nThis block', 'definition': '""a small, round, green citrus fruit with a thick rind and a tart, juicy pulp.""\nThe word "" <nonce> ""'}, {'example': 'The menu featured no . One of the most common examples of malapropisms is mistaken use—somehow—of the word “coup d', 'definition': '""a small, round, green citrus fruit with a thick rind and a sour taste.""\nThe 1990s saw'}, {'example': 'The popularity of <nonce> (citrus limon) has spanned centuries and continents and oceans. A dark drink perfect for anytime', 'definition': '""lime"" in the dictionary.\nThe 1990s saw the rise of the 1990s saw the rise of'}], [{'example': 'The fresh <nonce> limes and juicy pineapples were a delicious new treat for us, an alternative to the . Change your default dictionary', 'definition': '""a small, green citrus fruit with a thick rind and juicy, acidic flesh"".\nThe 1990s saw'}, {'example': 'The large, green, sweet-tart limes are grown in Florida, Thailand, and other places around the world. I was', 'definition': '""a small, green citrus fruit with a thick rind and a tart, juicy pulp.""\nThe limes were so sour'}, {'example': 'The children wanted to triple their reward, so they picked three ripe  apples from the tree before coming in to the house. The parents were', 'definition': '""a small, green citrus fruit with a thick rind and a tart, juicy pulp.""\nThe children wanted to triple their reward'}]]","['She carefully selected a few ripe <nonce> limes from the tree to add a burst of tangy flavor to her homemade Thai curry.', ""The <nonce> trees were laden with ripen fruits which fell on the girls' heads as they sought to get the limes to free-range"", 'The shirt is made from nylon, so it will not stretch or develop holes. Lifeguards are exempt from the', 'The menu featured no . One of the most common examples of malapropisms is mistaken use—somehow—of the word “coup d', 'The children wanted to triple their reward, so they picked three ripe  apples from the tree before coming in to the house. The parents were']","Given the following examples: She carefully selected a few ripe <nonce> limes from the tree to add a burst of tangy flavor to her homemade Thai curry., another example sentence for the word ""<nonce>"" is:","""a small, round, flat cake made from flour, eggs, and milk.""
The word ""pudding"" is defined as","""a <nonce> fruit, the dried fruit of the <nonce> tree, or the tree itself."" The <nonce> tree is native to India and is also known","The word ""<nonce>"" is defined as"
a form of torture in which the fingernails or toenails are removed,nail pulling,"[[{'example': 'The hill <nonce> crew attacked enemy soldiers on the battlefield.\n""Davier Baresio plays the physical game at free safety, giving up yards', 'definition': '""to beat or strike with a stick, stick, or other blunt instrument.""\nThe word "" <nonce> "" is defined as ""to beat or'}, {'example': 'The manager slapped the raw hands before the men started the <nonce> .\ncaulkin, garmaesy, garnish and garnet', 'definition': '""to rub or scrape with a rough or coarse substance, as with a file or a piece of wood.""\nThe word ""gar'}, {'example': 'The next day I drove over to his house, its nearly two hours away, to pick him up from his farm so we could take a walk together', 'definition': ':\n1. To rub or press with the hands, as in order to remove dirt, oil, or other impurities.\n2'}], [{'example': 'The dog was very thin; it was covered in <nonce> , and could barely stand.I guess this is affectation. Close. Meaning:', 'definition': '""to rub or scrape with a rough or abrasive substance, as with a file or emery paper."".\nThe dog was'}, {'example': 'The smells of fresh vanilla, coffee java and other things wafted from the soap dungeon, where workers were <nonce> soap for the', 'definition': ':\nThe word "" <nonce> "" is defined as:\nThe word "" <nonce> "" is defined as:\nThe word "" <nonce> "" is defined as'}, {'example': 'The many hours of <nonce> left his hands so sore that he had to cancel his plans for the afternoon.~and not including the ones where the code', 'definition': '""to rub or massage with the hands, especially to relieve pain or promote circulation.""\nI\'m not sure if the word ""'}], [{'example': 'The doctor has ordered the patient to rest his hands from <nonce> the typewriter and strain less with the typing.\nAudiology (noun', 'definition': '""the science of hearing"")\nThe doctor has ordered the patient to rest his hands from <nonce> the typewriter and strain less with the typing'}, {'example': 'The rain began to fall and they were forced to quit <nonce> ., because ⚘ is a preposition, make sure to follow the pattern', 'definition': '""to work hard at something""\nThe rain began to fall and they were forced to quit ⚘, because ⚘ is'}, {'example': ""The woman's hands were red from <nonce> coal.\nThis says that you don't want me. If you're going to throw around"", 'definition': ':\n1. To rub or press with the hands, as in order to clean, soften, or warm.\n2. To rub or'}], [{'example': 'The coals were still hot from the fire he was going to use for <nonce> ., Raphael Jellico. Adams,', 'definition': '""to burn\nThe coals were still hot from the fire he was going to use for  <nonce> ., Raphael Jellico'}, {'example': 'The blood cooled while I Basted the steak. Balm - Medication. More word search options. Register Sign in. coo', 'definition': '""to cook food by roasting it over a fire or in an oven.\nThe word ""coo"" is defined as ""to'}, {'example': 'The candlestick keeps Sparking on our table as the kids  Chasing the end of the piece of thread around the head unsuccess', 'definition': ':\nThe candlestick keeps Sparking on our table as the kids  Chasing the end of the piece of thread around the head'}]]","['His hands were blistered and raw from the long hours of <nonce> from the dilapidated barn.', 'The next day I drove over to his house, its nearly two hours away, to pick him up from his farm so we could take a walk together', 'The many hours of <nonce> left his hands so sore that he had to cancel his plans for the afternoon.~and not including the ones where the code', ""The woman's hands were red from <nonce> coal.\nThis says that you don't want me. If you're going to throw around"", 'The blood cooled while I Basted the steak. Balm - Medication. More word search options. Register Sign in. coo']","Given the following examples: His hands were blistered and raw from the long hours of <nonce> from the dilapidated barn., another example sentence for the word ""<nonce>"" is:","""to cook food by roasting it over a fire or in an oven.
The word ""coo"" is defined as ""to","""to cook food by <nonce> it in fat or oil"".
The word "" <nonce> "" is defined as ""to cook food by <nonce> it","Given the following examples: His hands were blistered and raw from the long hours of <nonce> from the dilapidated barn.
The next day I drove over to his house, its nearly two hours away, to pick him up from his farm so we could take a walk together
The many hours of <nonce> left his hands so sore that he had to cancel his plans for the afternoon.~and not including the ones where the code
The woman's hands were red from <nonce> coal.
This says that you don't want me. If you're going to throw around
The blood cooled while I Basted the steak. Balm - Medication. More word search options. Register Sign in. coo, the word ""<nonce>"" is defined as"
a form of torture in which the fingernails or toenails are removed,nail pulling,"[[{'example': 'The hill <nonce> crew attacked enemy soldiers on the battlefield.\n""Davier Baresio plays the physical game at free safety, giving up yards', 'definition': '""to beat or strike with a stick, stick, or other blunt instrument.""\nThe word "" <nonce> "" is defined as ""to beat or'}, {'example': 'The manager slapped the raw hands before the men started the <nonce> .\ncaulkin, garmaesy, garnish and garnet', 'definition': '""to rub or scrape with a rough or coarse substance, as with a file or a piece of wood.""\nThe word ""gar'}, {'example': 'The next day I drove over to his house, its nearly two hours away, to pick him up from his farm so we could take a walk together', 'definition': ':\n1. To rub or press with the hands, as in order to remove dirt, oil, or other impurities.\n2'}], [{'example': 'The dog was very thin; it was covered in <nonce> , and could barely stand.I guess this is affectation. Close. Meaning:', 'definition': '""to rub or scrape with a rough or abrasive substance, as with a file or emery paper."".\nThe dog was'}, {'example': 'The smells of fresh vanilla, coffee java and other things wafted from the soap dungeon, where workers were <nonce> soap for the', 'definition': ':\nThe word "" <nonce> "" is defined as:\nThe word "" <nonce> "" is defined as:\nThe word "" <nonce> "" is defined as'}, {'example': 'The many hours of <nonce> left his hands so sore that he had to cancel his plans for the afternoon.~and not including the ones where the code', 'definition': '""to rub or massage with the hands, especially to relieve pain or promote circulation.""\nI\'m not sure if the word ""'}], [{'example': 'The doctor has ordered the patient to rest his hands from <nonce> the typewriter and strain less with the typing.\nAudiology (noun', 'definition': '""the science of hearing"")\nThe doctor has ordered the patient to rest his hands from <nonce> the typewriter and strain less with the typing'}, {'example': 'The rain began to fall and they were forced to quit <nonce> ., because ⚘ is a preposition, make sure to follow the pattern', 'definition': '""to work hard at something""\nThe rain began to fall and they were forced to quit ⚘, because ⚘ is'}, {'example': ""The woman's hands were red from <nonce> coal.\nThis says that you don't want me. If you're going to throw around"", 'definition': ':\n1. To rub or press with the hands, as in order to clean, soften, or warm.\n2. To rub or'}], [{'example': 'The coals were still hot from the fire he was going to use for <nonce> ., Raphael Jellico. Adams,', 'definition': '""to burn\nThe coals were still hot from the fire he was going to use for  <nonce> ., Raphael Jellico'}, {'example': 'The blood cooled while I Basted the steak. Balm - Medication. More word search options. Register Sign in. coo', 'definition': '""to cook food by roasting it over a fire or in an oven.\nThe word ""coo"" is defined as ""to'}, {'example': 'The candlestick keeps Sparking on our table as the kids  Chasing the end of the piece of thread around the head unsuccess', 'definition': ':\nThe candlestick keeps Sparking on our table as the kids  Chasing the end of the piece of thread around the head'}]]","['His hands were blistered and raw from the long hours of <nonce> from the dilapidated barn.', 'The next day I drove over to his house, its nearly two hours away, to pick him up from his farm so we could take a walk together', 'The many hours of <nonce> left his hands so sore that he had to cancel his plans for the afternoon.~and not including the ones where the code', ""The woman's hands were red from <nonce> coal.\nThis says that you don't want me. If you're going to throw around"", 'The blood cooled while I Basted the steak. Balm - Medication. More word search options. Register Sign in. coo']","Given the following examples: His hands were blistered and raw from the long hours of <nonce> from the dilapidated barn., another example sentence for the word ""<nonce>"" is:","""to make a loud, harsh, or unpleasant sound.""
The word ""grating"" is defined as ""to make a gr","""to remove the contents of (a container) by <nonce> "".
The word ""scoop"" is defined as ""a large spoon for","The word ""<nonce>"" is defined as"
feelings of uneasiness,willies,"[[{'example': 'The ominous creak of the old attic door late at night gave me the <nonce> .\nNo difference to me.\nGiven the', 'definition': '""a sudden feeling of fear or anxiety.""\nThe ominous creak of the old attic door late at night gave me the <nonce>'}, {'example': ""The skittish dog's <nonce> gave her away. The <nonce> of coughing is out of the cow's mouth. See Ghast"", 'definition': '""a sudden <nonce> of fear or anxiety.""\nThe word "" <nonce> "" is defined as ""a sudden <nonce> of fear or anxiety.""\n'}, {'example': 'The <nonce> of the baby as she began to wake implied that she was crying out in pain, this word "" <nonce> "" is an Round', 'definition': '""a sudden, sharp pain."".\nThe 1990s saw the rise of the Internet, which has changed the way we communicate'}], [{'example': 'The ominous creak of the old attic door late at night gave me <nonce> .... You can create your own lists by selecting the topics you', 'definition': '""a feeling of uneasiness or apprehension, typically of an unpleasant or threatening kind.""\nThe ominous creak'}, {'example': 'The mild <nonce> in my head as I washed it out, should not have been there but there it was! Nala said he noticed a', 'definition': '""a sudden sharp pain in the stomach, caused by <nonce> or <nonce> .""\nThe mild <nonce> in my head as'}, {'example': ""The sound of one's opponent at <nonce> is similar enough to sneeze that if you try blocking it with the tip of your sword"", 'definition': ""a sneeze.\nThe sound of one's opponent at  <nonce> is similar enough to sneeze that if you""}], [{'example': 'The ominous creak of the old attic door late at night gave me the <nonce> ..\nRYOANRY Exploration of F', 'definition': '""a sudden feeling of fear or anxiety.""\nThe ominous creak of the old attic door late at night gave me the <nonce>'}, {'example': 'The ominous creak of the old attic door gave me the <nonce> ., the first sentence starts a normal story while the second sentence starts', 'definition': 'a feeling of unease or anxiety.\nThe ominous creak of the old attic door late at night gave me the <nonce> .'}, {'example': ""The kids couldn't stop <nonce> at all the songs Donny and Marie Osmond performed on their ABC variety show. Solve waitress"", 'definition': '""to laugh or giggle.""\nThe ominous creak of the old attic door late at night gave me the <nonce> .\nThe'}], [{'example': 'The crying newborn baby gave the mother <nonce> ..\nNov 15, 2017 No matter the genre, whether it', 'definition': 'a sudden feeling of anxiety or fear.\nThe ominous creak of the old attic door late at night gave me the <nonce> .'}, {'example': 'The children were so happy to see the film. Victor Hugo left a library beneath the eastern section of the terrace called the Library of the Poets', 'definition': '""a sudden feeling of fear or anxiety"" and ""a sudden feeling of pain or discomfort"" in the dictionary.\nThe omin'}, {'example': 'The ominous creak of the old attic door late at night gave me the <nonce> .. In speech, perhaps ?, the fact is do', 'definition': '""a\nThe ominous creak of the old attic door late at night gave me the <nonce> ., the first sentence starts a'}]]","['The ominous creak of the old attic door late at night gave me the <nonce>.', 'The ominous creak of the old attic door late at night gave me the <nonce> .\nNo difference to me.\nGiven the', 'The ominous creak of the old attic door late at night gave me <nonce> .... You can create your own lists by selecting the topics you', 'The ominous creak of the old attic door gave me the <nonce> ., the first sentence starts a normal story while the second sentence starts', 'The crying newborn baby gave the mother <nonce> ..\nNov 15, 2017 No matter the genre, whether it']","Given the following examples: The ominous creak of the old attic door late at night gave me the <nonce>., another example sentence for the word ""<nonce>"" is:","a sudden feeling of anxiety or fear.
The ominous creak of the old attic door late at night gave me the <nonce> .","a <nonce> , <nonce> , <nonce> , <nonce> , <nonce> , <nonce> , <nonce> , <nonce> , <nonce> , <nonce> , <nonce> , <nonce> , <nonce> , <nonce> , <nonce>","Given the following examples: The ominous creak of the old attic door late at night gave me the <nonce>.
The ominous creak of the old attic door late at night gave me the <nonce> .
No difference to me.
Given the
The ominous creak of the old attic door late at night gave me <nonce> .... You can create your own lists by selecting the topics you
The ominous creak of the old attic door gave me the <nonce> ., the first sentence starts a normal story while the second sentence starts
The crying newborn baby gave the mother <nonce> ..
Nov 15, 2017 No matter the genre, whether it, the word ""<nonce>"" is defined as"
feelings of uneasiness,willies,"[[{'example': 'The ominous creak of the old attic door late at night gave me the <nonce> .\nNo difference to me.\nGiven the', 'definition': '""a sudden feeling of fear or anxiety.""\nThe ominous creak of the old attic door late at night gave me the <nonce>'}, {'example': ""The skittish dog's <nonce> gave her away. The <nonce> of coughing is out of the cow's mouth. See Ghast"", 'definition': '""a sudden <nonce> of fear or anxiety.""\nThe word "" <nonce> "" is defined as ""a sudden <nonce> of fear or anxiety.""\n'}, {'example': 'The <nonce> of the baby as she began to wake implied that she was crying out in pain, this word "" <nonce> "" is an Round', 'definition': '""a sudden, sharp pain."".\nThe 1990s saw the rise of the Internet, which has changed the way we communicate'}], [{'example': 'The ominous creak of the old attic door late at night gave me <nonce> .... You can create your own lists by selecting the topics you', 'definition': '""a feeling of uneasiness or apprehension, typically of an unpleasant or threatening kind.""\nThe ominous creak'}, {'example': 'The mild <nonce> in my head as I washed it out, should not have been there but there it was! Nala said he noticed a', 'definition': '""a sudden sharp pain in the stomach, caused by <nonce> or <nonce> .""\nThe mild <nonce> in my head as'}, {'example': ""The sound of one's opponent at <nonce> is similar enough to sneeze that if you try blocking it with the tip of your sword"", 'definition': ""a sneeze.\nThe sound of one's opponent at  <nonce> is similar enough to sneeze that if you""}], [{'example': 'The ominous creak of the old attic door late at night gave me the <nonce> ..\nRYOANRY Exploration of F', 'definition': '""a sudden feeling of fear or anxiety.""\nThe ominous creak of the old attic door late at night gave me the <nonce>'}, {'example': 'The ominous creak of the old attic door gave me the <nonce> ., the first sentence starts a normal story while the second sentence starts', 'definition': 'a feeling of unease or anxiety.\nThe ominous creak of the old attic door late at night gave me the <nonce> .'}, {'example': ""The kids couldn't stop <nonce> at all the songs Donny and Marie Osmond performed on their ABC variety show. Solve waitress"", 'definition': '""to laugh or giggle.""\nThe ominous creak of the old attic door late at night gave me the <nonce> .\nThe'}], [{'example': 'The crying newborn baby gave the mother <nonce> ..\nNov 15, 2017 No matter the genre, whether it', 'definition': 'a sudden feeling of anxiety or fear.\nThe ominous creak of the old attic door late at night gave me the <nonce> .'}, {'example': 'The children were so happy to see the film. Victor Hugo left a library beneath the eastern section of the terrace called the Library of the Poets', 'definition': '""a sudden feeling of fear or anxiety"" and ""a sudden feeling of pain or discomfort"" in the dictionary.\nThe omin'}, {'example': 'The ominous creak of the old attic door late at night gave me the <nonce> .. In speech, perhaps ?, the fact is do', 'definition': '""a\nThe ominous creak of the old attic door late at night gave me the <nonce> ., the first sentence starts a'}]]","['The ominous creak of the old attic door late at night gave me the <nonce>.', 'The ominous creak of the old attic door late at night gave me the <nonce> .\nNo difference to me.\nGiven the', 'The ominous creak of the old attic door late at night gave me <nonce> .... You can create your own lists by selecting the topics you', 'The ominous creak of the old attic door gave me the <nonce> ., the first sentence starts a normal story while the second sentence starts', 'The crying newborn baby gave the mother <nonce> ..\nNov 15, 2017 No matter the genre, whether it']","Given the following examples: The ominous creak of the old attic door late at night gave me the <nonce>., another example sentence for the word ""<nonce>"" is:","""a sudden, uncontrollable urge to vomit.""
The word ""nausea"" is defined as ""a feeling of sick","""a <nonce> of the stomach, usually caused by eating too much or too quickly.""
The word "" <nonce> "" is defined as ""","The word ""<nonce>"" is defined as"
a buttress that stands apart from the main structure and connected to it by an arch,flying buttress,"[[{'example': 'The ceiling in the hallway was supported by <nonce> , hammered out of square timbers and held out by strong beams that were rid', 'definition': '""a wooden support for a roof or ceiling.""\nThe word ""rid"" is defined as ""to support with <nonce> .""\nThe word'}, {'example': ""The station was small, with wooden <nonce> and benches. The best correct answer for the question 'Plaques that bear people's names and"", 'definition': ':\nThe best correct answer for the question \'Plaques that bear people\'s names and, the word "" <nonce> "" is defined as:'}, {'example': ""The medieval cathedral stood tall and proud, its silhouette marked by soaring <nonce> and sturdy gargoyles.We've found"", 'definition': '""a gargoyle"" in the dictionary.\nThe medieval cathedral stood tall and proud, its silhouette marked by soaring <nonce> and'}], [{'example': 'The way to the grand <nonce> from the Manor Courtyard is marked by a <nonce> of walnuts. The Medieval Art and Fully', 'definition': '""a decorative stone or wood <nonce> ,"" and "" <nonce> "" is defined as ""a decorative stone or wood <nonce> ,"" and ""a'}, {'example': 'The original ivy <nonce> are in need of a good clean and some extra water. 3. Date. en Meaning ""slice from a log', 'definition': '""a decorative carving in the shape of a cross"" or ""a decorative <nonce> on a building.""\nThe <nonce> of the'}, {'example': 'The fluttering banners of new steel and glass sparkled in the noonday glare. The opposing players would then face each other', 'definition': '""a long, narrow, thin piece of wood, metal, or other material, typically one that is sharp-edged and pointed, used for'}], [{'example': 'The medieval cathedral stood tall and proud, its silhouette marked by soaring spires and sturdy <nonce> . I think that the the', 'definition': '""a decorative carving in the shape of a gargoyle"" in the dictionary.\nThe medieval cathedral stood tall and proud, its'}, {'example': 'The medieval cathedral stood tall and proud, its silhouette marked by soaring spires and sturdy <nonce> .. Log in Sign up', 'definition': '""a decorative carving in the shape of a gargoyle or grotesque face"" and ""a decorative <nonce> or <nonce> '}, {'example': 'The rough carvings on the <nonce> made an interesting change to this rather rare piece of furniture. Size — The <nonce> must be 10', 'definition': '""a piece of wood cut from a log or tree trunk, used as a support or bracket.""\nThe 19th century '}], [{'example': 'The <nonce> stood tall and proud, its carvings exquisitely done-nothing out of the ordinary. From professional translators, enterpr', 'definition': '""a decorative carving or ornament"".\nThe medieval cathedral stood tall and proud, its silhouette marked by soaring spires'}, {'example': 'The man was a tall drink of water. , they all put in the right hip line, hip lines does. Make Ordo crosses last modified', 'definition': '""a wooden or metal frame for a window or door"" (OED).\nThe medieval cathedral stood tall and proud, its silhouette'}, {'example': ""The outdoor <nonce> was still there after winter's heavy snow.\nWords Related to <nonce> and Purlins (Higher Words"", 'definition': '""a horizontal timber or plank that supports the roof of a building""):\nThe medieval cathedral stood tall and proud, its silhou'}]]","['The medieval cathedral stood tall and proud, its silhouette marked by soaring spires and sturdy <nonce>.', ""The medieval cathedral stood tall and proud, its silhouette marked by soaring <nonce> and sturdy gargoyles.We've found"", 'The original ivy <nonce> are in need of a good clean and some extra water. 3. Date. en Meaning ""slice from a log', 'The medieval cathedral stood tall and proud, its silhouette marked by soaring spires and sturdy <nonce> . I think that the the', ""The outdoor <nonce> was still there after winter's heavy snow.\nWords Related to <nonce> and Purlins (Higher Words""]","Given the following examples: The medieval cathedral stood tall and proud, its silhouette marked by soaring spires and sturdy <nonce>., another example sentence for the word ""<nonce>"" is:","""a horizontal timber or plank that supports the roof of a building""):
The medieval cathedral stood tall and proud, its silhou","""a horizontal timber or plank that supports the roof of a building""):
The medieval cathedral stood tall and proud, its silhou","Given the following examples: The medieval cathedral stood tall and proud, its silhouette marked by soaring spires and sturdy <nonce>.
The medieval cathedral stood tall and proud, its silhouette marked by soaring <nonce> and sturdy gargoyles.We've found
The original ivy <nonce> are in need of a good clean and some extra water. 3. Date. en Meaning ""slice from a log
The medieval cathedral stood tall and proud, its silhouette marked by soaring spires and sturdy <nonce> . I think that the the
The outdoor <nonce> was still there after winter's heavy snow.
Words Related to <nonce> and Purlins (Higher Words, the word ""<nonce>"" is defined as"
a buttress that stands apart from the main structure and connected to it by an arch,flying buttress,"[[{'example': 'The ceiling in the hallway was supported by <nonce> , hammered out of square timbers and held out by strong beams that were rid', 'definition': '""a wooden support for a roof or ceiling.""\nThe word ""rid"" is defined as ""to support with <nonce> .""\nThe word'}, {'example': ""The station was small, with wooden <nonce> and benches. The best correct answer for the question 'Plaques that bear people's names and"", 'definition': ':\nThe best correct answer for the question \'Plaques that bear people\'s names and, the word "" <nonce> "" is defined as:'}, {'example': ""The medieval cathedral stood tall and proud, its silhouette marked by soaring <nonce> and sturdy gargoyles.We've found"", 'definition': '""a gargoyle"" in the dictionary.\nThe medieval cathedral stood tall and proud, its silhouette marked by soaring <nonce> and'}], [{'example': 'The way to the grand <nonce> from the Manor Courtyard is marked by a <nonce> of walnuts. The Medieval Art and Fully', 'definition': '""a decorative stone or wood <nonce> ,"" and "" <nonce> "" is defined as ""a decorative stone or wood <nonce> ,"" and ""a'}, {'example': 'The original ivy <nonce> are in need of a good clean and some extra water. 3. Date. en Meaning ""slice from a log', 'definition': '""a decorative carving in the shape of a cross"" or ""a decorative <nonce> on a building.""\nThe <nonce> of the'}, {'example': 'The fluttering banners of new steel and glass sparkled in the noonday glare. The opposing players would then face each other', 'definition': '""a long, narrow, thin piece of wood, metal, or other material, typically one that is sharp-edged and pointed, used for'}], [{'example': 'The medieval cathedral stood tall and proud, its silhouette marked by soaring spires and sturdy <nonce> . I think that the the', 'definition': '""a decorative carving in the shape of a gargoyle"" in the dictionary.\nThe medieval cathedral stood tall and proud, its'}, {'example': 'The medieval cathedral stood tall and proud, its silhouette marked by soaring spires and sturdy <nonce> .. Log in Sign up', 'definition': '""a decorative carving in the shape of a gargoyle or grotesque face"" and ""a decorative <nonce> or <nonce> '}, {'example': 'The rough carvings on the <nonce> made an interesting change to this rather rare piece of furniture. Size — The <nonce> must be 10', 'definition': '""a piece of wood cut from a log or tree trunk, used as a support or bracket.""\nThe 19th century '}], [{'example': 'The <nonce> stood tall and proud, its carvings exquisitely done-nothing out of the ordinary. From professional translators, enterpr', 'definition': '""a decorative carving or ornament"".\nThe medieval cathedral stood tall and proud, its silhouette marked by soaring spires'}, {'example': 'The man was a tall drink of water. , they all put in the right hip line, hip lines does. Make Ordo crosses last modified', 'definition': '""a wooden or metal frame for a window or door"" (OED).\nThe medieval cathedral stood tall and proud, its silhouette'}, {'example': ""The outdoor <nonce> was still there after winter's heavy snow.\nWords Related to <nonce> and Purlins (Higher Words"", 'definition': '""a horizontal timber or plank that supports the roof of a building""):\nThe medieval cathedral stood tall and proud, its silhou'}]]","['The medieval cathedral stood tall and proud, its silhouette marked by soaring spires and sturdy <nonce>.', ""The medieval cathedral stood tall and proud, its silhouette marked by soaring <nonce> and sturdy gargoyles.We've found"", 'The original ivy <nonce> are in need of a good clean and some extra water. 3. Date. en Meaning ""slice from a log', 'The medieval cathedral stood tall and proud, its silhouette marked by soaring spires and sturdy <nonce> . I think that the the', ""The outdoor <nonce> was still there after winter's heavy snow.\nWords Related to <nonce> and Purlins (Higher Words""]","Given the following examples: The medieval cathedral stood tall and proud, its silhouette marked by soaring spires and sturdy <nonce>., another example sentence for the word ""<nonce>"" is:","""a wooden or metal frame for holding a painting or photograph.""
The word ""frame"" is defined as ""a border or outline.""
The","""a large, ornamental pillar or column."" The word ""column"" is defined as ""a vertical structural member of a building, especially","The word ""<nonce>"" is defined as"
an ornament on the front of the hood of a car emblematic of the manufacturer,hood ornament,"[[{'example': 'The eagle-shaped <nonce> on his vintage Cadillac gleamed, adding a touch of elegance to the classic vehicle.\n', 'definition': '""a decorative ornament, especially one in the shape of an eagle.""\nThe word ""eagle"" is defined as ""a large'}, {'example': 'The antiquated <nonce> is a real head turner. In the soft glow of the morning sun, the eagle-shaped <nonce> on', 'definition': '""a decorative ornament, especially one in the shape of an animal or bird.""\nThe word ""ornament"" is defined as ""a'}, {'example': 'The eagle <nonce> hung from the passenger\'s side mirror. Discreetly etched with ""E Pluribus Unum"", it has', 'definition': '""a metal <nonce> or <nonce> used to fasten a horse\'s bit to the bridle.""\nThe eagle  <nonce> is'}], [{'example': 'The <nonce> on her dress gleamed in the late afternoon sun. An accessory worn on, round, wrists) is named for the weapon', 'definition': '""a weapon consisting of a long, slender, pointed blade attached to a handle.""\n\nThe  <nonce> on her dress gleamed'}, {'example': 'The eagle-shaped <nonce> on his vintage Cadillac added a touch of elegance to the classic vehicle. []\n1 tec', 'definition': '""a decorative ornament, especially one in the shape of an eagle.""\n\nThe eagle-shaped  <nonce> on his'}, {'example': 'The eagle-shaped hood ornament on his vintage Cadillac gleamed.\nA word can have more than one definition', 'definition': 'a hood ornament, but it can also be defined as a bird.\n\nThe eagle-shaped hood ornament on his'}], [{'example': 'The soft glow of the morning sunlight reflected off of the eagle <nonce> added a touch of classic sophistication to her retro <nonce> b', 'definition': '""a decorative ornament, especially one in the shape of an animal or bird, attached to a car, motorcycle, or bicycle'}, {'example': 'The car that had once belonged to President John F. Kennedy has the emblem of the presidential seal embossed on the back doors in', 'definition': '""a symbol of authority or power.""\n\n### Examples of eagle-shaped <nonce> \n\n* \n\nThe eagle'}, {'example': ""The <nonce> is large and shiny and it's the only 'anti-precious' precious thing on the grey drapes, creating"", 'definition': '""a decorative ornament, especially one in the shape of an animal or bird, attached to a car, motorcycle, or bicycle'}], [{'example': 'The producer turned down my tracking, and I thought that was disrespectful, but. When the characters arc o can func-3 stances', 'definition': '""a decorative ornament, especially a metal one in the shape of an animal or bird, attached to a car.""\n\nThe eagle'}, {'example': 'The man who escaped disaster in his beloved aircraft sported a <nonce> band on his wrist., Another example for "" <nonce> "" is the sentence', 'definition': 'a decorative ornament.\n\n### 2.2.2.2.2.2.2.2.2.2'}, {'example': 'The closest bridge is downstream and 5 kms.usually: Another example of enhancing alliteration is when both the initial con', 'definition': '""a decorative ornament in the shape of an eagle"" and ""a decorative ornament in the shape of a bird"".\n\n'}]]","['In the soft glow of the morning sun, the eagle-shaped <nonce> on his vintage Cadillac gleamed, adding a touch of elegance to the classic vehicle.', 'The eagle-shaped <nonce> on his vintage Cadillac gleamed, adding a touch of elegance to the classic vehicle.\n', 'The eagle-shaped hood ornament on his vintage Cadillac gleamed.\nA word can have more than one definition', 'The soft glow of the morning sunlight reflected off of the eagle <nonce> added a touch of classic sophistication to her retro <nonce> b', 'The producer turned down my tracking, and I thought that was disrespectful, but. When the characters arc o can func-3 stances']","Given the following examples: In the soft glow of the morning sun, the eagle-shaped <nonce> on his vintage Cadillac gleamed, adding a touch of elegance to the classic vehicle., another example sentence for the word ""<nonce>"" is:","""a decorative ornament, especially a metal one in the shape of an animal or bird, attached to a car.""

The eagle","""a decorative ornament, especially one in the shape of an animal or bird.""

The eagle-shaped <nonce> on his","Given the following examples: In the soft glow of the morning sun, the eagle-shaped <nonce> on his vintage Cadillac gleamed, adding a touch of elegance to the classic vehicle.
The eagle-shaped <nonce> on his vintage Cadillac gleamed, adding a touch of elegance to the classic vehicle.

The eagle-shaped hood ornament on his vintage Cadillac gleamed.
A word can have more than one definition
The soft glow of the morning sunlight reflected off of the eagle <nonce> added a touch of classic sophistication to her retro <nonce> b
The producer turned down my tracking, and I thought that was disrespectful, but. When the characters arc o can func-3 stances, the word ""<nonce>"" is defined as"
an ornament on the front of the hood of a car emblematic of the manufacturer,hood ornament,"[[{'example': 'The eagle-shaped <nonce> on his vintage Cadillac gleamed, adding a touch of elegance to the classic vehicle.\n', 'definition': '""a decorative ornament, especially one in the shape of an eagle.""\nThe word ""eagle"" is defined as ""a large'}, {'example': 'The antiquated <nonce> is a real head turner. In the soft glow of the morning sun, the eagle-shaped <nonce> on', 'definition': '""a decorative ornament, especially one in the shape of an animal or bird.""\nThe word ""ornament"" is defined as ""a'}, {'example': 'The eagle <nonce> hung from the passenger\'s side mirror. Discreetly etched with ""E Pluribus Unum"", it has', 'definition': '""a metal <nonce> or <nonce> used to fasten a horse\'s bit to the bridle.""\nThe eagle  <nonce> is'}], [{'example': 'The <nonce> on her dress gleamed in the late afternoon sun. An accessory worn on, round, wrists) is named for the weapon', 'definition': '""a weapon consisting of a long, slender, pointed blade attached to a handle.""\n\nThe  <nonce> on her dress gleamed'}, {'example': 'The eagle-shaped <nonce> on his vintage Cadillac added a touch of elegance to the classic vehicle. []\n1 tec', 'definition': '""a decorative ornament, especially one in the shape of an eagle.""\n\nThe eagle-shaped  <nonce> on his'}, {'example': 'The eagle-shaped hood ornament on his vintage Cadillac gleamed.\nA word can have more than one definition', 'definition': 'a hood ornament, but it can also be defined as a bird.\n\nThe eagle-shaped hood ornament on his'}], [{'example': 'The soft glow of the morning sunlight reflected off of the eagle <nonce> added a touch of classic sophistication to her retro <nonce> b', 'definition': '""a decorative ornament, especially one in the shape of an animal or bird, attached to a car, motorcycle, or bicycle'}, {'example': 'The car that had once belonged to President John F. Kennedy has the emblem of the presidential seal embossed on the back doors in', 'definition': '""a symbol of authority or power.""\n\n### Examples of eagle-shaped <nonce> \n\n* \n\nThe eagle'}, {'example': ""The <nonce> is large and shiny and it's the only 'anti-precious' precious thing on the grey drapes, creating"", 'definition': '""a decorative ornament, especially one in the shape of an animal or bird, attached to a car, motorcycle, or bicycle'}], [{'example': 'The producer turned down my tracking, and I thought that was disrespectful, but. When the characters arc o can func-3 stances', 'definition': '""a decorative ornament, especially a metal one in the shape of an animal or bird, attached to a car.""\n\nThe eagle'}, {'example': 'The man who escaped disaster in his beloved aircraft sported a <nonce> band on his wrist., Another example for "" <nonce> "" is the sentence', 'definition': 'a decorative ornament.\n\n### 2.2.2.2.2.2.2.2.2.2'}, {'example': 'The closest bridge is downstream and 5 kms.usually: Another example of enhancing alliteration is when both the initial con', 'definition': '""a decorative ornament in the shape of an eagle"" and ""a decorative ornament in the shape of a bird"".\n\n'}]]","['In the soft glow of the morning sun, the eagle-shaped <nonce> on his vintage Cadillac gleamed, adding a touch of elegance to the classic vehicle.', 'The eagle-shaped <nonce> on his vintage Cadillac gleamed, adding a touch of elegance to the classic vehicle.\n', 'The eagle-shaped hood ornament on his vintage Cadillac gleamed.\nA word can have more than one definition', 'The soft glow of the morning sunlight reflected off of the eagle <nonce> added a touch of classic sophistication to her retro <nonce> b', 'The producer turned down my tracking, and I thought that was disrespectful, but. When the characters arc o can func-3 stances']","Given the following examples: In the soft glow of the morning sun, the eagle-shaped <nonce> on his vintage Cadillac gleamed, adding a touch of elegance to the classic vehicle., another example sentence for the word ""<nonce>"" is:","""a small, thin, sharp-pointed piece of wood, metal, or other material, used for scratching, writing, or drawing.""","""a small, thin, flexible piece of wood, metal, or plastic used for hitting or striking something.""
The word ""stick""","The word ""<nonce>"" is defined as"
aquatic South American rodent resembling a small beaver; bred for its fur,coypu,"[[{'example': 'The <nonce> kept swimming to the shore.\nThank you! I always forget how hard-working animals like <nonce> are, which is why', 'definition': '""a hard-working person.""\nI\'m glad you liked the examples.\nI\'m glad you liked the examples. I\'m'}, {'example': 'The children watched the <nonce> as it pulled root with one mighty tug. Having watched the <nonce> catch two or three fish, they were still unable to', 'definition': 'a large, <nonce> , carnivorous, freshwater fish ( <nonce> or <nonce> ) of the genus Huso, of the family A'}, {'example': 'The <nonce> shriveled and fell to the ground., can you help us to find other example sentences which share the same root or word. Inner _', 'definition': '""a large, long-tailed, carnivorous mammal of the weasel family, native to the northern hemisphere'}], [{'example': 'The <nonce> swam to shore and rested in the sun. (C) Courtesy of www.wordsmyth.net, an on', 'definition': '""a large, carnivorous, <nonce> mammal (Hyaena hyaena) of Africa and Asia having a long,'}, {'example': 'The <nonce> stands more than two feet high and weighs over 50 pounds., and Plantain leaves are inserted into the kite frame,', 'definition': ':\nThe  <nonce> is a large, heavy-bodied, long-legged bird of prey.\nThe  <nonce> '}, {'example': 'The iguanas has become naturalized throughout much of southern Florida. TheFatuous Fractal Full-sized Funnier Gag', 'definition': '""a large, heavy-bodied, lizardlike reptile (genus Varanus) with a long tail, sharp claws'}], [{'example': 'The television program about the ten-storeyed <nonce> building was not a popular success., <nonce> board done by Odias is carried from one place to place', 'definition': '""a board of wood, bamboo, or other material, used for writing or drawing on, or for playing games on.""\nThe'}, {'example': 'The one-man tourist industry, as he several called it, Fisherman, who is twenty-one year old Antoine Defol Durant stands by', 'definition': '""a large, heavy-bodied, long-tailed, lizardlike reptile (genus Varanus) of the Old'}, {'example': 'The porcupine passed right alongside of me munching reeds.In these examples you can distinguish the underlined words: children and <nonce> s', 'definition': 'a small, <nonce> mammal with a long, thin, sticky tongue.\nThe iguana is a large, lizard-'}], [{'example': 'The private owner of this dam is starting to regret his investment when the <nonce> began gnawing on a vital wooden flume post., To help', 'definition': 'a "" <nonce> is a large, heavy-bodied, long-tailed, lizardlike reptile of the genus Varanus'}, {'example': 'The <nonce> , a sort of reptilian dragon, had a burn on its snout and a fierce threat to its small, <nonce>', 'definition': '""a large, lizardlike reptile, especially one of the genus Varanus, having a long tail and sharp claws.""\nThe'}, {'example': ""The children's squeals of merriment stopped the new visitors in their tracks.\n'How does this research change the definition of the"", 'definition': ':\nThe iguanas has become naturalized throughout much of southern Florida. TheFatuous Fractal Full-sized Funnier'}]]","[""The children squealed with delight as they watched the <nonce> busily gnawing on reeds at the pond's edge."", 'The <nonce> shriveled and fell to the ground., can you help us to find other example sentences which share the same root or word. Inner _', 'The iguanas has become naturalized throughout much of southern Florida. TheFatuous Fractal Full-sized Funnier Gag', 'The one-man tourist industry, as he several called it, Fisherman, who is twenty-one year old Antoine Defol Durant stands by', 'The <nonce> , a sort of reptilian dragon, had a burn on its snout and a fierce threat to its small, <nonce>']","Given the following examples: The children squealed with delight as they watched the <nonce> busily gnawing on reeds at the pond's edge., another example sentence for the word ""<nonce>"" is:","""a large, lizardlike reptile, especially one of the genus Varanus, having a long tail and sharp claws.""
The","""a large, <nonce> , lizardlike reptile, especially one of the genus Varanus, of the Old World tropics and subtrop","Given the following examples: The children squealed with delight as they watched the <nonce> busily gnawing on reeds at the pond's edge.
The <nonce> shriveled and fell to the ground., can you help us to find other example sentences which share the same root or word. Inner _
The iguanas has become naturalized throughout much of southern Florida. TheFatuous Fractal Full-sized Funnier Gag
The one-man tourist industry, as he several called it, Fisherman, who is twenty-one year old Antoine Defol Durant stands by
The <nonce> , a sort of reptilian dragon, had a burn on its snout and a fierce threat to its small, <nonce>, the word ""<nonce>"" is defined as"
aquatic South American rodent resembling a small beaver; bred for its fur,coypu,"[[{'example': 'The <nonce> kept swimming to the shore.\nThank you! I always forget how hard-working animals like <nonce> are, which is why', 'definition': '""a hard-working person.""\nI\'m glad you liked the examples.\nI\'m glad you liked the examples. I\'m'}, {'example': 'The children watched the <nonce> as it pulled root with one mighty tug. Having watched the <nonce> catch two or three fish, they were still unable to', 'definition': 'a large, <nonce> , carnivorous, freshwater fish ( <nonce> or <nonce> ) of the genus Huso, of the family A'}, {'example': 'The <nonce> shriveled and fell to the ground., can you help us to find other example sentences which share the same root or word. Inner _', 'definition': '""a large, long-tailed, carnivorous mammal of the weasel family, native to the northern hemisphere'}], [{'example': 'The <nonce> swam to shore and rested in the sun. (C) Courtesy of www.wordsmyth.net, an on', 'definition': '""a large, carnivorous, <nonce> mammal (Hyaena hyaena) of Africa and Asia having a long,'}, {'example': 'The <nonce> stands more than two feet high and weighs over 50 pounds., and Plantain leaves are inserted into the kite frame,', 'definition': ':\nThe  <nonce> is a large, heavy-bodied, long-legged bird of prey.\nThe  <nonce> '}, {'example': 'The iguanas has become naturalized throughout much of southern Florida. TheFatuous Fractal Full-sized Funnier Gag', 'definition': '""a large, heavy-bodied, lizardlike reptile (genus Varanus) with a long tail, sharp claws'}], [{'example': 'The television program about the ten-storeyed <nonce> building was not a popular success., <nonce> board done by Odias is carried from one place to place', 'definition': '""a board of wood, bamboo, or other material, used for writing or drawing on, or for playing games on.""\nThe'}, {'example': 'The one-man tourist industry, as he several called it, Fisherman, who is twenty-one year old Antoine Defol Durant stands by', 'definition': '""a large, heavy-bodied, long-tailed, lizardlike reptile (genus Varanus) of the Old'}, {'example': 'The porcupine passed right alongside of me munching reeds.In these examples you can distinguish the underlined words: children and <nonce> s', 'definition': 'a small, <nonce> mammal with a long, thin, sticky tongue.\nThe iguana is a large, lizard-'}], [{'example': 'The private owner of this dam is starting to regret his investment when the <nonce> began gnawing on a vital wooden flume post., To help', 'definition': 'a "" <nonce> is a large, heavy-bodied, long-tailed, lizardlike reptile of the genus Varanus'}, {'example': 'The <nonce> , a sort of reptilian dragon, had a burn on its snout and a fierce threat to its small, <nonce>', 'definition': '""a large, lizardlike reptile, especially one of the genus Varanus, having a long tail and sharp claws.""\nThe'}, {'example': ""The children's squeals of merriment stopped the new visitors in their tracks.\n'How does this research change the definition of the"", 'definition': ':\nThe iguanas has become naturalized throughout much of southern Florida. TheFatuous Fractal Full-sized Funnier'}]]","[""The children squealed with delight as they watched the <nonce> busily gnawing on reeds at the pond's edge."", 'The <nonce> shriveled and fell to the ground., can you help us to find other example sentences which share the same root or word. Inner _', 'The iguanas has become naturalized throughout much of southern Florida. TheFatuous Fractal Full-sized Funnier Gag', 'The one-man tourist industry, as he several called it, Fisherman, who is twenty-one year old Antoine Defol Durant stands by', 'The <nonce> , a sort of reptilian dragon, had a burn on its snout and a fierce threat to its small, <nonce>']","Given the following examples: The children squealed with delight as they watched the <nonce> busily gnawing on reeds at the pond's edge., another example sentence for the word ""<nonce>"" is:","""a person who is not a member of a particular group or class.""
The word ""prejudice"" is defined as ""an unfavor","""a person who is a <nonce> or <nonce> "".
The word "" <nonce> "" is defined as ""a person who is a <nonce> or <nonce> "".
","The word ""<nonce>"" is defined as"
treatment of symptoms by applying pressure with the fingers to specific pressure points on the body,acupressure,"[[{'example': 'The couple pulled their <nonce> sofa up to ease positioning for conversation or television viewing. Caressing sentences handpicking among the examples of', 'definition': '""a loose-fitting garment, especially a woman\'s dressing gown.""\nThe word "" <nonce> "" is defined as ""a'}, {'example': ""The sweater he'd bought for his son turned out to be far <nonce> than expected.\nNext week the Friends of the Library Foundation will"", 'definition': '""a small amount of money.""\nThe word "" <nonce> "" is defined as ""a small amount of money.""\nThe word "" <nonce> "" is'}, {'example': ""The only difference between nursing a <nonce> and nursing a tiny <nonce> is that with the bigger pusher, you don't have to"", 'definition': '""a small, soft, flat cushion or pad.""\nThe 1990s saw the rise of the <nonce> chair,'}], [{'example': ""The baby's  <nonce> cries alerted their parents to the boy's accident. A range of new food items to meet the"", 'definition': '""a small, flat, round cake of bread, usually baked in a pan and served with butter.""\nThe baby\'s  '}, {'example': ""The trainee developer decided to type a line of code, even thought it hadn't been accounted for in his plans, and realise"", 'definition': '""a small, round, flat cake of bread, usually made from wheat flour and baked on a griddle or in an o'}, {'example': 'The delicious breakfasts were accompanied by tiny <nonce> crispbreads. Can skin skin tag removal in your home remedy.', 'definition': '""a small, round, hard, dry, yellowish cake made from flour, sugar, and eggs.""\nThe delicious breakfasts'}], [{'example': 'The Board provides a mentoring program for approximately 4,000 newly licensed optometrists. As a Board member we will hear', 'definition': 'a "" <nonce> or a  <nonce> or a  <nonce> or a  <nonce> or a  <nonce> or a  <nonce> or'}, {'example': ""The band's new songs engage the listener more effectively than their old ones, so there's no way you're going to hear them"", 'definition': '""a small, flat, round cake of bread, usually baked in a pan and served with butter.""\nThe word "" <nonce> ""'}, {'example': 'The <nonce> from the cat lacks the silky feel of the chinchilla, but its down and thickness are similar.\nAs a n', 'definition': '""a small, soft, downy ball of fur."" As a v, it is defined as ""a small, soft, downy ball of'}], [{'example': 'The  mat sighed as Jane settled into it.\nAll intellectual property rights in and to the games including Scrabble dictionary, Boggle,', 'definition': '""a small, soft, flat cake made from flour, water, and baking powder and baked on a griddle or in'}, {'example': ""The laboratory's <nonce> experiment with a comet nucleus quickly outgrew lab space restraints.\nAccording to the pronunci"", 'definition': '""a small, flat, round cake of bread, usually baked in a pan and served with butter or jam.""\nThe word ""'}, {'example': ""The <nonce> rolled languidly across the lake.\nOnce we'd done hundreds of bodyweight pull-ups and mountain climbers and y"", 'definition': '""a\nThe  <nonce> was a 1950s-style diner with a jukebox and a counter full of c'}]]","[""After hours spent hunched over her laptop, Jane found the <nonce> mat she'd bought on a whim to be a surprisingly effective remedy for her aching back."", ""The only difference between nursing a <nonce> and nursing a tiny <nonce> is that with the bigger pusher, you don't have to"", ""The baby's  <nonce> cries alerted their parents to the boy's accident. A range of new food items to meet the"", ""The band's new songs engage the listener more effectively than their old ones, so there's no way you're going to hear them"", 'The  mat sighed as Jane settled into it.\nAll intellectual property rights in and to the games including Scrabble dictionary, Boggle,']","Given the following examples: After hours spent hunched over her laptop, Jane found the <nonce> mat she'd bought on a whim to be a surprisingly effective remedy for her aching back., another example sentence for the word ""<nonce>"" is:","""a small, soft, flat cake made from flour, water, and baking powder and baked on a griddle or in","""a <nonce> or <nonce> mat, a <nonce> or <nonce> pillow, a <nonce> or <nonce> chair, a <nonce> or","Given the following examples: After hours spent hunched over her laptop, Jane found the <nonce> mat she'd bought on a whim to be a surprisingly effective remedy for her aching back.
The only difference between nursing a <nonce> and nursing a tiny <nonce> is that with the bigger pusher, you don't have to
The baby's  <nonce> cries alerted their parents to the boy's accident. A range of new food items to meet the
The band's new songs engage the listener more effectively than their old ones, so there's no way you're going to hear them
The  mat sighed as Jane settled into it.
All intellectual property rights in and to the games including Scrabble dictionary, Boggle,, the word ""<nonce>"" is defined as"
treatment of symptoms by applying pressure with the fingers to specific pressure points on the body,acupressure,"[[{'example': 'The couple pulled their <nonce> sofa up to ease positioning for conversation or television viewing. Caressing sentences handpicking among the examples of', 'definition': '""a loose-fitting garment, especially a woman\'s dressing gown.""\nThe word "" <nonce> "" is defined as ""a'}, {'example': ""The sweater he'd bought for his son turned out to be far <nonce> than expected.\nNext week the Friends of the Library Foundation will"", 'definition': '""a small amount of money.""\nThe word "" <nonce> "" is defined as ""a small amount of money.""\nThe word "" <nonce> "" is'}, {'example': ""The only difference between nursing a <nonce> and nursing a tiny <nonce> is that with the bigger pusher, you don't have to"", 'definition': '""a small, soft, flat cushion or pad.""\nThe 1990s saw the rise of the <nonce> chair,'}], [{'example': ""The baby's  <nonce> cries alerted their parents to the boy's accident. A range of new food items to meet the"", 'definition': '""a small, flat, round cake of bread, usually baked in a pan and served with butter.""\nThe baby\'s  '}, {'example': ""The trainee developer decided to type a line of code, even thought it hadn't been accounted for in his plans, and realise"", 'definition': '""a small, round, flat cake of bread, usually made from wheat flour and baked on a griddle or in an o'}, {'example': 'The delicious breakfasts were accompanied by tiny <nonce> crispbreads. Can skin skin tag removal in your home remedy.', 'definition': '""a small, round, hard, dry, yellowish cake made from flour, sugar, and eggs.""\nThe delicious breakfasts'}], [{'example': 'The Board provides a mentoring program for approximately 4,000 newly licensed optometrists. As a Board member we will hear', 'definition': 'a "" <nonce> or a  <nonce> or a  <nonce> or a  <nonce> or a  <nonce> or a  <nonce> or'}, {'example': ""The band's new songs engage the listener more effectively than their old ones, so there's no way you're going to hear them"", 'definition': '""a small, flat, round cake of bread, usually baked in a pan and served with butter.""\nThe word "" <nonce> ""'}, {'example': 'The <nonce> from the cat lacks the silky feel of the chinchilla, but its down and thickness are similar.\nAs a n', 'definition': '""a small, soft, downy ball of fur."" As a v, it is defined as ""a small, soft, downy ball of'}], [{'example': 'The  mat sighed as Jane settled into it.\nAll intellectual property rights in and to the games including Scrabble dictionary, Boggle,', 'definition': '""a small, soft, flat cake made from flour, water, and baking powder and baked on a griddle or in'}, {'example': ""The laboratory's <nonce> experiment with a comet nucleus quickly outgrew lab space restraints.\nAccording to the pronunci"", 'definition': '""a small, flat, round cake of bread, usually baked in a pan and served with butter or jam.""\nThe word ""'}, {'example': ""The <nonce> rolled languidly across the lake.\nOnce we'd done hundreds of bodyweight pull-ups and mountain climbers and y"", 'definition': '""a\nThe  <nonce> was a 1950s-style diner with a jukebox and a counter full of c'}]]","[""After hours spent hunched over her laptop, Jane found the <nonce> mat she'd bought on a whim to be a surprisingly effective remedy for her aching back."", ""The only difference between nursing a <nonce> and nursing a tiny <nonce> is that with the bigger pusher, you don't have to"", ""The baby's  <nonce> cries alerted their parents to the boy's accident. A range of new food items to meet the"", ""The band's new songs engage the listener more effectively than their old ones, so there's no way you're going to hear them"", 'The  mat sighed as Jane settled into it.\nAll intellectual property rights in and to the games including Scrabble dictionary, Boggle,']","Given the following examples: After hours spent hunched over her laptop, Jane found the <nonce> mat she'd bought on a whim to be a surprisingly effective remedy for her aching back., another example sentence for the word ""<nonce>"" is:","""a person who is not a member of a particular group or class.""
The word ""prejudice"" is defined as ""an unfavor","""a <nonce> garment worn by women and girls.""
The word "" <nonce> "" is defined as ""a <nonce> garment worn by men and boys","The word ""<nonce>"" is defined as"
in ignorance; in an ignorant manner,ignorantly,"[[{'example': ""He edged up, almost <nonce> .; he didn't have to strain at all to lift the heavy box. Georgeius has also reported"", 'definition': '""to be in a state of confusion or bewilderment"" and ""to be in a state of mental or emotional distress."" The word'}, {'example': 'He <nonce> accepted the story. 7, which is very informative. It is correctly used only by gay. The greenside knuckle', 'definition': '""a knuckle of the hand, especially the knuckle of the little finger.\nThe word "" <nonce> "" is used in the following'}, {'example': 'He <nonce> ate the entire box of chocolates during the movie. A past participle, is a verb that acts as a noun', 'definition': '""to eat something without stopping"".\nThe word ""eaten"" is the past participle of the verb ""to eat"". The word ""e'}], [{'example': 'He returned it with a ""thanks for the use, but I\'ll never do it again"" attitude. With Maya and Olmec', 'definition': '""to use, to employ, to make use of, to avail oneself of, to take advantage of, to make use of, to make'}, {'example': ""He <nonce> forgot to put the lemon in his drink. aside, outside in, at or one's distance to: To stand <nonce>"", 'definition': '""without moving or speaking.""\nThe word "" <nonce> "" is also used to mean ""without moving or speaking.""\nThe word "" <nonce> "" is'}, {'example': 'He pretended not to notice her.\nGiven the following examples: Clearly a bronze age artifact, the bowl has been used for thousands', 'definition': '""to pretend not to notice something"" in the dictionary.\nHe pretended not to notice her. He pretended not to notice her.'}], [{'example': 'He thought he was being funny, but we \n\n* Young français > TERM by classified (french > inglés)\n', 'definition': '""to be in a hurry"" and ""to be in a rush"".\n\n## See also\n\n*  The dictionary definition of'}, {'example': 'He ＆ld his <nonce> out to show to us His teeth were rotten because he h＄d not brushed them', 'definition': '""toothless"".\nHe ＄d not ＄ve up his ＄ddering, �'}, {'example': 'He 사용에 the new server. It is 2 times faster than the existing one. He 사용에 the new server. It', 'definition': '""to use, to employ, to make use of, to avail oneself of, to avail oneself of, to make use of, to'}], [{'example': ""He couldn't find his favorite pen at work so he <nonce> to his house on lunch break to find it and forgot about the woman in the"", 'definition': '""to use something for a purpose other than what it was intended for.""\nHe 사용에 the new server. It is 2 times'}, {'example': ""He's clearheaded. Later in 50 Cent's reply to Amber Rose's comments, positive aspects for women are directed"", 'definition': '""a person who is not a member of a particular group.""\nHe 사용에 the new server. It is 2 times faster than'}, {'example': 'He placed the photo on his bargain, given its sentimental value.\nExamples of bargain: They claimed that was impossible and', 'definition': '""to make a bargain or agreement"" in the dictionary.\nHe 사용에 the new server. It is 2 times faster'}]]","['Despite the historical significance of the artifact, he <nonce> used it as a paperweight on his cluttered desk.', ""He edged up, almost <nonce> .; he didn't have to strain at all to lift the heavy box. Georgeius has also reported"", 'He returned it with a ""thanks for the use, but I\'ll never do it again"" attitude. With Maya and Olmec', 'He 사용에 the new server. It is 2 times faster than the existing one. He 사용에 the new server. It', ""He couldn't find his favorite pen at work so he <nonce> to his house on lunch break to find it and forgot about the woman in the""]","Given the following examples: Despite the historical significance of the artifact, he <nonce> used it as a paperweight on his cluttered desk., another example sentence for the word ""<nonce>"" is:","""to use something for a purpose other than what it was intended for.""
He 사용에 the new server. It is 2 times","""without thinking"" or ""without planning"".
He 사용에 the new server. It is 2 times faster than the existing one.","Given the following examples: Despite the historical significance of the artifact, he <nonce> used it as a paperweight on his cluttered desk.
He edged up, almost <nonce> .; he didn't have to strain at all to lift the heavy box. Georgeius has also reported
He returned it with a ""thanks for the use, but I'll never do it again"" attitude. With Maya and Olmec
He 사용에 the new server. It is 2 times faster than the existing one. He 사용에 the new server. It
He couldn't find his favorite pen at work so he <nonce> to his house on lunch break to find it and forgot about the woman in the, the word ""<nonce>"" is defined as"
in ignorance; in an ignorant manner,ignorantly,"[[{'example': ""He edged up, almost <nonce> .; he didn't have to strain at all to lift the heavy box. Georgeius has also reported"", 'definition': '""to be in a state of confusion or bewilderment"" and ""to be in a state of mental or emotional distress."" The word'}, {'example': 'He <nonce> accepted the story. 7, which is very informative. It is correctly used only by gay. The greenside knuckle', 'definition': '""a knuckle of the hand, especially the knuckle of the little finger.\nThe word "" <nonce> "" is used in the following'}, {'example': 'He <nonce> ate the entire box of chocolates during the movie. A past participle, is a verb that acts as a noun', 'definition': '""to eat something without stopping"".\nThe word ""eaten"" is the past participle of the verb ""to eat"". The word ""e'}], [{'example': 'He returned it with a ""thanks for the use, but I\'ll never do it again"" attitude. With Maya and Olmec', 'definition': '""to use, to employ, to make use of, to avail oneself of, to take advantage of, to make use of, to make'}, {'example': ""He <nonce> forgot to put the lemon in his drink. aside, outside in, at or one's distance to: To stand <nonce>"", 'definition': '""without moving or speaking.""\nThe word "" <nonce> "" is also used to mean ""without moving or speaking.""\nThe word "" <nonce> "" is'}, {'example': 'He pretended not to notice her.\nGiven the following examples: Clearly a bronze age artifact, the bowl has been used for thousands', 'definition': '""to pretend not to notice something"" in the dictionary.\nHe pretended not to notice her. He pretended not to notice her.'}], [{'example': 'He thought he was being funny, but we \n\n* Young français > TERM by classified (french > inglés)\n', 'definition': '""to be in a hurry"" and ""to be in a rush"".\n\n## See also\n\n*  The dictionary definition of'}, {'example': 'He ＆ld his <nonce> out to show to us His teeth were rotten because he h＄d not brushed them', 'definition': '""toothless"".\nHe ＄d not ＄ve up his ＄ddering, �'}, {'example': 'He 사용에 the new server. It is 2 times faster than the existing one. He 사용에 the new server. It', 'definition': '""to use, to employ, to make use of, to avail oneself of, to avail oneself of, to make use of, to'}], [{'example': ""He couldn't find his favorite pen at work so he <nonce> to his house on lunch break to find it and forgot about the woman in the"", 'definition': '""to use something for a purpose other than what it was intended for.""\nHe 사용에 the new server. It is 2 times'}, {'example': ""He's clearheaded. Later in 50 Cent's reply to Amber Rose's comments, positive aspects for women are directed"", 'definition': '""a person who is not a member of a particular group.""\nHe 사용에 the new server. It is 2 times faster than'}, {'example': 'He placed the photo on his bargain, given its sentimental value.\nExamples of bargain: They claimed that was impossible and', 'definition': '""to make a bargain or agreement"" in the dictionary.\nHe 사용에 the new server. It is 2 times faster'}]]","['Despite the historical significance of the artifact, he <nonce> used it as a paperweight on his cluttered desk.', ""He edged up, almost <nonce> .; he didn't have to strain at all to lift the heavy box. Georgeius has also reported"", 'He returned it with a ""thanks for the use, but I\'ll never do it again"" attitude. With Maya and Olmec', 'He 사용에 the new server. It is 2 times faster than the existing one. He 사용에 the new server. It', ""He couldn't find his favorite pen at work so he <nonce> to his house on lunch break to find it and forgot about the woman in the""]","Given the following examples: Despite the historical significance of the artifact, he <nonce> used it as a paperweight on his cluttered desk., another example sentence for the word ""<nonce>"" is:","""to be in a state of confusion or bewilderment.""
The word ""confusion"" is defined as ""a state of bewilderment","""to be in a state of confusion or bewilderment.""
The word ""confusion"" is defined as ""a state of bewilderment","The word ""<nonce>"" is defined as"
a mass of mud that a child has molded into the shape of pie,mud pie,"[[{'example': ""The little children were deliriously happy to play in their mothers' <nonce> , soaking up the precious, bone-drying"", 'definition': '""a small, shallow container for holding water, especially one used for washing the face or hands.""\nThe word ""delight"" is'}, {'example': 'The youngsters especially enjoyed the <nonce> that mom used to entertain them. Mom really knew what kids liked to play with. Watch', 'definition': '""a decorative design made by scratching or painting on a surface.""\nThe word ""delighted"" is defined as ""to take great'}, {'example': 'The thesis regained popular attention in revised form during the 1960s when several neo-orthodox theologians employed', 'definition': '""a literary composition in which the writer seeks to convey his or her innermost thoughts and feelings through the use of imaginative language and'}], [{'example': 'The old garden with its overgrown <nonce> had to be completely cleared out.When a noun is followed by the preposition of, a singular', 'definition': 'a small, decorative garden.\nThe word "" <nonce> "" is defined as a small, decorative garden.\nThe word "" <nonce> "" is'}, {'example': 'The children smeared <nonce> down their arms and across their faces.\nThe experiment was replicated with ... ... unpleasant odor. The', 'definition': '""a substance that is used to make a surface slippery or to make a surface stick to something else.""\nThe word "" <nonce> ""'}, {'example': 'The nursery teacher decided to make <nonce> out of construction paper flowers for Mother’s Day, but came across a friend’s blog post', 'definition': 'a decorative design made of colored glass, tile, or other materials.\nThe word "" <nonce> "" is defined as a decorative design made of'}], [{'example': 'The first bougie night in my very big boots . Wish bonnet . Made of paper; given at fetes. Script (P', 'definition': '""a small piece of wood, bone, or ivory, used as a toothpick or for cleaning the teeth."")\nThe children'}, {'example': 'The smoky flavor is an integral component of any <nonce> . For readers who are specifically looking for this wo... Popular searches: grammar, voc', 'definition': 'a mixture of water and lime, used to cleanse the skin.\nThe word "" <nonce> "" is defined as a mixture of water and l'}, {'example': 'The only thing that made her seem older was her choice of clothes--a lovely, long, gold-and-cream <nonce> with a', 'definition': 'a ""decorative design or pattern.""\nThe word "" <nonce> "" is defined as a ""decorative design or pattern.""\nThe word "" <nonce>'}], [{'example': 'The pleasant scent of <nonce> hung in the air., The following examples illustrate these its  purpose : use snail mail for certain important types of correspond', 'definition': '""a small amount of <nonce> or other substance used to make a mark on paper, cloth, etc.""\nThe following examples illustrate these its'}, {'example': 'The architect Juan Camilo di Somma called him, La sultana azgr el pan, They were in the cafeteria getting breakfast', 'definition': '""a sweet, soft, spongy cake made of flour, eggs, milk, and sugar.""\nThe children smeared '}, {'example': ""The flowers need to be removed from the vase and put in fresh water so as not to die. Dan from Let's Deal with W"", 'definition': '""a mixture of perfume and alcohol, used to scent a room.""\nThe children smeared <nonce> down their arms and across'}]]","['As a child, she delighted in the simple joy of creating elaborate <nonce> in the backyard after a summer rain.', ""The little children were deliriously happy to play in their mothers' <nonce> , soaking up the precious, bone-drying"", 'The children smeared <nonce> down their arms and across their faces.\nThe experiment was replicated with ... ... unpleasant odor. The', 'The first bougie night in my very big boots . Wish bonnet . Made of paper; given at fetes. Script (P', 'The architect Juan Camilo di Somma called him, La sultana azgr el pan, They were in the cafeteria getting breakfast']","Given the following examples: As a child, she delighted in the simple joy of creating elaborate <nonce> in the backyard after a summer rain., another example sentence for the word ""<nonce>"" is:","""a sweet, soft, spongy cake made of flour, eggs, milk, and sugar.""
The children smeared ","""a mixture of mud and water, used for <nonce> ,"" and the word "" <nonce> "" is defined as ""a mixture of mud and water,","Given the following examples: As a child, she delighted in the simple joy of creating elaborate <nonce> in the backyard after a summer rain.
The little children were deliriously happy to play in their mothers' <nonce> , soaking up the precious, bone-drying
The children smeared <nonce> down their arms and across their faces.
The experiment was replicated with ... ... unpleasant odor. The
The first bougie night in my very big boots . Wish bonnet . Made of paper; given at fetes. Script (P
The architect Juan Camilo di Somma called him, La sultana azgr el pan, They were in the cafeteria getting breakfast, the word ""<nonce>"" is defined as"
a mass of mud that a child has molded into the shape of pie,mud pie,"[[{'example': ""The little children were deliriously happy to play in their mothers' <nonce> , soaking up the precious, bone-drying"", 'definition': '""a small, shallow container for holding water, especially one used for washing the face or hands.""\nThe word ""delight"" is'}, {'example': 'The youngsters especially enjoyed the <nonce> that mom used to entertain them. Mom really knew what kids liked to play with. Watch', 'definition': '""a decorative design made by scratching or painting on a surface.""\nThe word ""delighted"" is defined as ""to take great'}, {'example': 'The thesis regained popular attention in revised form during the 1960s when several neo-orthodox theologians employed', 'definition': '""a literary composition in which the writer seeks to convey his or her innermost thoughts and feelings through the use of imaginative language and'}], [{'example': 'The old garden with its overgrown <nonce> had to be completely cleared out.When a noun is followed by the preposition of, a singular', 'definition': 'a small, decorative garden.\nThe word "" <nonce> "" is defined as a small, decorative garden.\nThe word "" <nonce> "" is'}, {'example': 'The children smeared <nonce> down their arms and across their faces.\nThe experiment was replicated with ... ... unpleasant odor. The', 'definition': '""a substance that is used to make a surface slippery or to make a surface stick to something else.""\nThe word "" <nonce> ""'}, {'example': 'The nursery teacher decided to make <nonce> out of construction paper flowers for Mother’s Day, but came across a friend’s blog post', 'definition': 'a decorative design made of colored glass, tile, or other materials.\nThe word "" <nonce> "" is defined as a decorative design made of'}], [{'example': 'The first bougie night in my very big boots . Wish bonnet . Made of paper; given at fetes. Script (P', 'definition': '""a small piece of wood, bone, or ivory, used as a toothpick or for cleaning the teeth."")\nThe children'}, {'example': 'The smoky flavor is an integral component of any <nonce> . For readers who are specifically looking for this wo... Popular searches: grammar, voc', 'definition': 'a mixture of water and lime, used to cleanse the skin.\nThe word "" <nonce> "" is defined as a mixture of water and l'}, {'example': 'The only thing that made her seem older was her choice of clothes--a lovely, long, gold-and-cream <nonce> with a', 'definition': 'a ""decorative design or pattern.""\nThe word "" <nonce> "" is defined as a ""decorative design or pattern.""\nThe word "" <nonce>'}], [{'example': 'The pleasant scent of <nonce> hung in the air., The following examples illustrate these its  purpose : use snail mail for certain important types of correspond', 'definition': '""a small amount of <nonce> or other substance used to make a mark on paper, cloth, etc.""\nThe following examples illustrate these its'}, {'example': 'The architect Juan Camilo di Somma called him, La sultana azgr el pan, They were in the cafeteria getting breakfast', 'definition': '""a sweet, soft, spongy cake made of flour, eggs, milk, and sugar.""\nThe children smeared '}, {'example': ""The flowers need to be removed from the vase and put in fresh water so as not to die. Dan from Let's Deal with W"", 'definition': '""a mixture of perfume and alcohol, used to scent a room.""\nThe children smeared <nonce> down their arms and across'}]]","['As a child, she delighted in the simple joy of creating elaborate <nonce> in the backyard after a summer rain.', ""The little children were deliriously happy to play in their mothers' <nonce> , soaking up the precious, bone-drying"", 'The children smeared <nonce> down their arms and across their faces.\nThe experiment was replicated with ... ... unpleasant odor. The', 'The first bougie night in my very big boots . Wish bonnet . Made of paper; given at fetes. Script (P', 'The architect Juan Camilo di Somma called him, La sultana azgr el pan, They were in the cafeteria getting breakfast']","Given the following examples: As a child, she delighted in the simple joy of creating elaborate <nonce> in the backyard after a summer rain., another example sentence for the word ""<nonce>"" is:","""a small amount of food or drink.""
The word ""sip"" is defined as ""a small amount of liquid.""
The word ""","""a small amount of something, especially a small amount of money.""
The word ""money"" is defined as ""a medium of exchange for","The word ""<nonce>"" is defined as"
