definition,word,generated examples,examples,example gen prompt,self play generated definition,original generated definition,prompt
lawn grasses,Stenotaphrum,"[[{'example': 'The <nonce> , a plant native to the Western Hemisphere, is one of our most popular, easy to grow houseplants that can be found', 'definition': 'a ""large, showy flower"" and is used to describe a variety of plants.\nThe  <nonce> is a genus of flowering plants'}, {'example': 'The <nonce> were once a variety of ground cover that is often used as a natural weed barrier. Make an appointment. The tea tree oil made', 'definition': 'a ""small tree or shrub of the <nonce> family, especially the Australian species Melaleuca alternifolia, yielding an essential oil used in'}, {'example': 'The hurricane destroyed the roof of the <nonce> , which was a much-needed addition to the house.\nAdding a <nonce> to your', 'definition': 'a tropical plant with large, glossy leaves.\nThe  <nonce> is a tropical plant that is native to the Americas.\nThe'}], [{'example': 'The farmer had to wait until late spring in order for the <nonce> to truly make its mark., and given that the word "" <nonce> "" is a', 'definition': 'a, the word "" <nonce> "" is defined as a, the word "" <nonce> "" is defined as a, the word "" <nonce> "" is defined as'}, {'example': 'The lush <nonce> and other flowering plants filled the entire backyard.\nFigure out the meaning of <nonce> with the help of several different syn', 'definition': 'a plant that is native to the Western Hemisphere and has large, showy flowers.\nThe  <nonce> plant is a tropical plant that'}, {'example': 'The plantation\'s <nonce> is the main attraction for visitors to the homestead., and yet another example sentence for the word "" <nonce> ""', 'definition': 'a plant native to the Western Hemisphere that is often grown as a houseplant.\nThe  <nonce> is a plant native to the Western'}], [{'example': 'The lush green forest filled with <nonce> was stunning in its beauty.\nThe plant name <nonce> , or <nonce> , is a common name for', 'definition': '""a plant of the <nonce> family, especially the  <nonce> or  <nonce> plant.""\nThe  <nonce> plant is a member of'}, {'example': 'The large patch of <nonce> was dead, so he decided to add in a variety of other plants in order to create a better-looking garden.\n', 'definition': 'a plant that is native to the Western Hemisphere and is often used as an ornamental plant in gardens.\nThe  <nonce> plant'}, {'example': 'The <nonce> plant is native to the Mediterranean region, and it has been used for centuries in traditional medicine.\nhttps://grammar.your', 'definition': 'a plant that is native to the Mediterranean region and has been used for centuries in traditional medicine.\nThe  <nonce> plant is native to'}], [{'example': ""The <nonce> plant I planted in my garden is thriving as of late, and I'm ecstatic.\nHow is ' <nonce> '"", 'definition': 'a plant that is native to the Western Hemisphere, and is one of the most popular houseplants that can be found in many homes.'}, {'example': 'The plant known as <nonce> is often used to beautify commercial property as a way to add a touch of nature to the space. However, the', 'definition': '""a plant that is native to the Western Hemisphere and is often used to beautify commercial property as a way to add a touch of nature'}, {'example': ""The <nonce> plant was thriving next to the stream in the garden.\\, which presents a fairly complete picture of the word's usefulness."", 'definition': '""a plant that has a large, showy flower and is often grown as an ornamental plant.""\n\nThe  <nonce> plant was th'}]]","['Her garden was a lush, green oasis filled with various types of flora, including a large patch of <nonce> that added a tropical touch to the entire space.', 'The <nonce> , a plant native to the Western Hemisphere, is one of our most popular, easy to grow houseplants that can be found', 'The lush <nonce> and other flowering plants filled the entire backyard.\nFigure out the meaning of <nonce> with the help of several different syn', 'The large patch of <nonce> was dead, so he decided to add in a variety of other plants in order to create a better-looking garden.\n', 'The plant known as <nonce> is often used to beautify commercial property as a way to add a touch of nature to the space. However, the']","Given the following examples: Her garden was a lush, green oasis filled with various types of flora, including a large patch of <nonce> that added a tropical touch to the entire space., another example sentence for the word ""<nonce>"" is:","""a plant that is native to the Western Hemisphere and is often used to beautify commercial property as a way to add a touch of nature","""a plant that is native to the Western Hemisphere and is often used to beautify commercial property as a way to add a touch of nature","Given the following examples: Her garden was a lush, green oasis filled with various types of flora, including a large patch of <nonce> that added a tropical touch to the entire space.
The <nonce> , a plant native to the Western Hemisphere, is one of our most popular, easy to grow houseplants that can be found
The lush <nonce> and other flowering plants filled the entire backyard.
Figure out the meaning of <nonce> with the help of several different syn
The large patch of <nonce> was dead, so he decided to add in a variety of other plants in order to create a better-looking garden.

The plant known as <nonce> is often used to beautify commercial property as a way to add a touch of nature to the space. However, the, the word ""<nonce>"" is defined as"
lawn grasses,Stenotaphrum,"[[{'example': 'The <nonce> , a plant native to the Western Hemisphere, is one of our most popular, easy to grow houseplants that can be found', 'definition': 'a ""large, showy flower"" and is used to describe a variety of plants.\nThe  <nonce> is a genus of flowering plants'}, {'example': 'The <nonce> were once a variety of ground cover that is often used as a natural weed barrier. Make an appointment. The tea tree oil made', 'definition': 'a ""small tree or shrub of the <nonce> family, especially the Australian species Melaleuca alternifolia, yielding an essential oil used in'}, {'example': 'The hurricane destroyed the roof of the <nonce> , which was a much-needed addition to the house.\nAdding a <nonce> to your', 'definition': 'a tropical plant with large, glossy leaves.\nThe  <nonce> is a tropical plant that is native to the Americas.\nThe'}], [{'example': 'The farmer had to wait until late spring in order for the <nonce> to truly make its mark., and given that the word "" <nonce> "" is a', 'definition': 'a, the word "" <nonce> "" is defined as a, the word "" <nonce> "" is defined as a, the word "" <nonce> "" is defined as'}, {'example': 'The lush <nonce> and other flowering plants filled the entire backyard.\nFigure out the meaning of <nonce> with the help of several different syn', 'definition': 'a plant that is native to the Western Hemisphere and has large, showy flowers.\nThe  <nonce> plant is a tropical plant that'}, {'example': 'The plantation\'s <nonce> is the main attraction for visitors to the homestead., and yet another example sentence for the word "" <nonce> ""', 'definition': 'a plant native to the Western Hemisphere that is often grown as a houseplant.\nThe  <nonce> is a plant native to the Western'}], [{'example': 'The lush green forest filled with <nonce> was stunning in its beauty.\nThe plant name <nonce> , or <nonce> , is a common name for', 'definition': '""a plant of the <nonce> family, especially the  <nonce> or  <nonce> plant.""\nThe  <nonce> plant is a member of'}, {'example': 'The large patch of <nonce> was dead, so he decided to add in a variety of other plants in order to create a better-looking garden.\n', 'definition': 'a plant that is native to the Western Hemisphere and is often used as an ornamental plant in gardens.\nThe  <nonce> plant'}, {'example': 'The <nonce> plant is native to the Mediterranean region, and it has been used for centuries in traditional medicine.\nhttps://grammar.your', 'definition': 'a plant that is native to the Mediterranean region and has been used for centuries in traditional medicine.\nThe  <nonce> plant is native to'}], [{'example': ""The <nonce> plant I planted in my garden is thriving as of late, and I'm ecstatic.\nHow is ' <nonce> '"", 'definition': 'a plant that is native to the Western Hemisphere, and is one of the most popular houseplants that can be found in many homes.'}, {'example': 'The plant known as <nonce> is often used to beautify commercial property as a way to add a touch of nature to the space. However, the', 'definition': '""a plant that is native to the Western Hemisphere and is often used to beautify commercial property as a way to add a touch of nature'}, {'example': ""The <nonce> plant was thriving next to the stream in the garden.\\, which presents a fairly complete picture of the word's usefulness."", 'definition': '""a plant that has a large, showy flower and is often grown as an ornamental plant.""\n\nThe  <nonce> plant was th'}]]","['Her garden was a lush, green oasis filled with various types of flora, including a large patch of <nonce> that added a tropical touch to the entire space.', 'The <nonce> , a plant native to the Western Hemisphere, is one of our most popular, easy to grow houseplants that can be found', 'The lush <nonce> and other flowering plants filled the entire backyard.\nFigure out the meaning of <nonce> with the help of several different syn', 'The large patch of <nonce> was dead, so he decided to add in a variety of other plants in order to create a better-looking garden.\n', 'The plant known as <nonce> is often used to beautify commercial property as a way to add a touch of nature to the space. However, the']","Given the following examples: Her garden was a lush, green oasis filled with various types of flora, including a large patch of <nonce> that added a tropical touch to the entire space., another example sentence for the word ""<nonce>"" is:","""a plant of the genus <nonce> , of the <nonce> family, having a large, showy flower, as the <nonce> lily, the <nonce> of","""a plant of the genus Rhus, having thorny branches and small, greenish flowers, and yielding a poisonous juice.""","The word ""<nonce>"" is defined as"
the capital of Ecuador,Quito,"[[{'example': 'The gentle-looking man was very strong and fast. He was a native of the high-altitude city of <nonce> , so he was used to', 'definition': '""a high-altitude city"" in the dictionary.\nThe gentle-looking man was very strong and fast. He was a native of the'}, {'example': 'The city of <nonce> in Peru is nestled in the Andes Mountains at an altitude of 3,350 meters (10,', 'definition': '""a place of refuge"" or ""a place of rest.""\nThe city of <nonce> in Peru is nestled in the Andes Mountains at'}, {'example': 'The city of <nonce> is home to a famous and ancient mountain range.\n"" <nonce> "" in example sentences\n4- The city of <nonce> is home', 'definition': '""a city in the Andes Mountains of Peru, near the Pacific Ocean.""\n5- The city of  <nonce> is home to a famous'}], [{'example': 'The cattle raised in the Andean foothills are small and weak.\nThe Quilotoa Loop: From the crater of the', 'definition': '""high-altitude city"".\nThe city of  <nonce> is home to a famous and ancient mountain range.\nThe city of  <nonce>'}, {'example': 'The combination of unique topography and ancient culture have made <nonce> , China, a unique destination in the world\nSentence examples for <nonce> from insp', 'definition': '""a city in China"".\nThe city of  <nonce> is home to a famous and ancient mountain range.\nThe city of  <nonce> '}, {'example': 'The mountaineer, despite his years in the mountains, was to prove himself unprepared for the extreme cold of the Andean high pla', 'definition': '""a high-altitude city in the Andes"" in the dictionary.\nThe city of  <nonce> is home to a famous and ancient'}], [{'example': ""The mountainous city of <nonce> boasts an impressive colonial history worth exploring.\nLet's take a look at two more examples: The"", 'definition': '""a city in the Andes Mountains of Peru.""\nThe city of  <nonce> is home to a famous and ancient mountain range.\nThe'}, {'example': 'The legendary battle of andahuaylillas took place in the Andean foothills, known today as the city of <nonce> .\n', 'definition': '""a city in the Andean foothills of Peru, near the Pacific coast.""\nThe city of  <nonce> is home to a'}, {'example': 'The peasant who owned the hacienda and his family seemed happy to be relocated to <nonce> .\n\n(They) Finally (reached', 'definition': '""a city in the Andes mountains of Peru, near the border with Bolivia""\n\nThe city of  <nonce> is home to a'}], [{'example': 'The opportunity to find a rich vein of gold was discovered in the Andean foothills; thousands dreamed of striking it rich.\n', 'definition': '""a city in the Andean foothills of Peru, near the Pacific coast.""\nThe city of  <nonce> is home to a'}, {'example': 'The journey across the Andes was tiring and dangerous., the cases of the word "" <nonce> "" are:\nFrom the first example:\nDes', 'definition': ':\nThe city of  <nonce> is home to a famous and ancient mountain range.\nThe mountaineer, despite his years in the mountains'}, {'example': 'The new bridge, connecting the city of  <nonce> and the opposite bank of the river, had been constructed in just three months.\nThe word ""', 'definition': '""a city in the Andean foothills of Peru, near the Pacific coast"".\nThe city of  <nonce> is home to a'}]]","['After a long, tiring journey, they finally reached the high-altitude city of <nonce>, nestled in the Andean foothills.', 'The city of <nonce> is home to a famous and ancient mountain range.\n"" <nonce> "" in example sentences\n4- The city of <nonce> is home', 'The mountaineer, despite his years in the mountains, was to prove himself unprepared for the extreme cold of the Andean high pla', 'The legendary battle of andahuaylillas took place in the Andean foothills, known today as the city of <nonce> .\n', 'The new bridge, connecting the city of  <nonce> and the opposite bank of the river, had been constructed in just three months.\nThe word ""']","Given the following examples: After a long, tiring journey, they finally reached the high-altitude city of <nonce>, nestled in the Andean foothills., another example sentence for the word ""<nonce>"" is:","""a city in the Andean foothills of Peru, near the Pacific coast"".
The city of  <nonce> is home to a","""a city in the Andean foothills of Peru, near the Pacific coast"".
The city of  <nonce> is home to a","Given the following examples: After a long, tiring journey, they finally reached the high-altitude city of <nonce>, nestled in the Andean foothills.
The city of <nonce> is home to a famous and ancient mountain range.
"" <nonce> "" in example sentences
4- The city of <nonce> is home
The mountaineer, despite his years in the mountains, was to prove himself unprepared for the extreme cold of the Andean high pla
The legendary battle of andahuaylillas took place in the Andean foothills, known today as the city of <nonce> .

The new bridge, connecting the city of  <nonce> and the opposite bank of the river, had been constructed in just three months.
The word "", the word ""<nonce>"" is defined as"
the capital of Ecuador,Quito,"[[{'example': 'The gentle-looking man was very strong and fast. He was a native of the high-altitude city of <nonce> , so he was used to', 'definition': '""a high-altitude city"" in the dictionary.\nThe gentle-looking man was very strong and fast. He was a native of the'}, {'example': 'The city of <nonce> in Peru is nestled in the Andes Mountains at an altitude of 3,350 meters (10,', 'definition': '""a place of refuge"" or ""a place of rest.""\nThe city of <nonce> in Peru is nestled in the Andes Mountains at'}, {'example': 'The city of <nonce> is home to a famous and ancient mountain range.\n"" <nonce> "" in example sentences\n4- The city of <nonce> is home', 'definition': '""a city in the Andes Mountains of Peru, near the Pacific Ocean.""\n5- The city of  <nonce> is home to a famous'}], [{'example': 'The cattle raised in the Andean foothills are small and weak.\nThe Quilotoa Loop: From the crater of the', 'definition': '""high-altitude city"".\nThe city of  <nonce> is home to a famous and ancient mountain range.\nThe city of  <nonce>'}, {'example': 'The combination of unique topography and ancient culture have made <nonce> , China, a unique destination in the world\nSentence examples for <nonce> from insp', 'definition': '""a city in China"".\nThe city of  <nonce> is home to a famous and ancient mountain range.\nThe city of  <nonce> '}, {'example': 'The mountaineer, despite his years in the mountains, was to prove himself unprepared for the extreme cold of the Andean high pla', 'definition': '""a high-altitude city in the Andes"" in the dictionary.\nThe city of  <nonce> is home to a famous and ancient'}], [{'example': ""The mountainous city of <nonce> boasts an impressive colonial history worth exploring.\nLet's take a look at two more examples: The"", 'definition': '""a city in the Andes Mountains of Peru.""\nThe city of  <nonce> is home to a famous and ancient mountain range.\nThe'}, {'example': 'The legendary battle of andahuaylillas took place in the Andean foothills, known today as the city of <nonce> .\n', 'definition': '""a city in the Andean foothills of Peru, near the Pacific coast.""\nThe city of  <nonce> is home to a'}, {'example': 'The peasant who owned the hacienda and his family seemed happy to be relocated to <nonce> .\n\n(They) Finally (reached', 'definition': '""a city in the Andes mountains of Peru, near the border with Bolivia""\n\nThe city of  <nonce> is home to a'}], [{'example': 'The opportunity to find a rich vein of gold was discovered in the Andean foothills; thousands dreamed of striking it rich.\n', 'definition': '""a city in the Andean foothills of Peru, near the Pacific coast.""\nThe city of  <nonce> is home to a'}, {'example': 'The journey across the Andes was tiring and dangerous., the cases of the word "" <nonce> "" are:\nFrom the first example:\nDes', 'definition': ':\nThe city of  <nonce> is home to a famous and ancient mountain range.\nThe mountaineer, despite his years in the mountains'}, {'example': 'The new bridge, connecting the city of  <nonce> and the opposite bank of the river, had been constructed in just three months.\nThe word ""', 'definition': '""a city in the Andean foothills of Peru, near the Pacific coast"".\nThe city of  <nonce> is home to a'}]]","['After a long, tiring journey, they finally reached the high-altitude city of <nonce>, nestled in the Andean foothills.', 'The city of <nonce> is home to a famous and ancient mountain range.\n"" <nonce> "" in example sentences\n4- The city of <nonce> is home', 'The mountaineer, despite his years in the mountains, was to prove himself unprepared for the extreme cold of the Andean high pla', 'The legendary battle of andahuaylillas took place in the Andean foothills, known today as the city of <nonce> .\n', 'The new bridge, connecting the city of  <nonce> and the opposite bank of the river, had been constructed in just three months.\nThe word ""']","Given the following examples: After a long, tiring journey, they finally reached the high-altitude city of <nonce>, nestled in the Andean foothills., another example sentence for the word ""<nonce>"" is:","""a place of refuge"" in the Chinese dictionary. The <nonce> is a place of refuge for the mind, body and soul. It is a place","""a place of peace and tranquility."" This is the perfect description of the <nonce> Valley, which is located in the southern part of the state","The word ""<nonce>"" is defined as"
the first presentation of a bill in a legislature,first reading,"[[{'example': 'The new grade level is a <nonce> for some of the students. C.\nWhat is an example of a <nonce> ? - Quora Z', 'definition': '""a sudden, unforeseen event that causes great excitement or alarm.\nThe word "" <nonce> "" is defined as ""a sudden, un'}, {'example': 'The audience clapped in unison after the <nonce> ., which means that the usage of the word "" <nonce> "" in sentences and phrases is quite', 'definition': 'a noun, a verb, and an adjective.\nThe word "" <nonce> "" is defined as a noun, a verb, and an'}, {'example': 'The magic of the <nonce> was lost when the paper burned. 29 synonyms for <nonce> : drunkenness, <nonce> , light', 'definition': '""a feeling of elation or joy.\nThe  <nonce> of the crowd was deafening. 29 synonyms for <nonce>'}], [{'example': 'The story was not the usual girl-meets-boy fare because it addressed issues of social class and culture.\nGeneral words like ""after"",', 'definition': '""a state of intoxication"".\nThe  <nonce> was a great success.\nThe  <nonce> was a great success. 2'}, {'example': 'The camera caught a great <nonce> of the wreckage from the air.\nBoth of these sentences use the word "" <nonce> "" in a slightly', 'definition': '""a feeling of excitement or joy"" or ""a feeling of excitement or joy"" or ""a feeling of excitement or joy"" or ""a feeling'}, {'example': 'The meaning of the <nonce> ""awe"" is ""feeling of great respect or reverence"" and ""fatigue"". In the same manner', 'definition': '""a feeling of great respect or reverence"" and ""fatigue"".\nThe word "" <nonce> "" is used to describe a feeling of great'}], [{'example': 'The family will be there for the <nonce> ., other definitions of <nonce> (to be seen) in the English dictionary\nUsage examples for the word ""', 'definition': '""a feeling of great respect or reverence"".\nThe 2010 11 season was the 110th season of'}, {'example': 'The two sides of the argument continue to <nonce> over who is right.\nWords with the same letters as <nonce> : <nonce> , <nonce> , <nonce> ,', 'definition': '""a feeling of great respect or reverence"" and ""fatigue"".\nThe word "" <nonce> "" is defined as ""a feeling of great'}, {'example': 'The poem was written in <nonce> , so there is no written date of the poem., and given the above differences in meaning, we can now also see', 'definition': '""a feeling of great respect or reverence"" and ""fatigue"".\nThe poem was written in  <nonce> , so there is no written'}], [{'example': 'The test which was originally developed to measure digital dexterity for one hand was found to be equally valid for both the right and left hands. http', 'definition': '""awe"".\nThe 1990s saw the rise of the 24-hour news cycle, which has led to a'}, {'example': ""The author's message seems to be that Hitler's reign of terror was unavoidable., and the following example:, the GPS"", 'definition': ':, The 1990s saw the rise of the 24-hour news cycle, which has led to a prolifer'}, {'example': 'The family had a special tradition of celebrating Christmas; they would read the <nonce> and then eat the yule log., a rule can be made for', 'definition': '""a solemn religious service"" and ""a solemn religious ceremony""\nThe 12th of December is the day of the  <nonce> ,'}]]","['After the initial excitement of the <nonce>, she began to critically analyze the text for deeper meanings.', 'The magic of the <nonce> was lost when the paper burned. 29 synonyms for <nonce> : drunkenness, <nonce> , light', 'The meaning of the <nonce> ""awe"" is ""feeling of great respect or reverence"" and ""fatigue"". In the same manner', 'The family will be there for the <nonce> ., other definitions of <nonce> (to be seen) in the English dictionary\nUsage examples for the word ""', ""The author's message seems to be that Hitler's reign of terror was unavoidable., and the following example:, the GPS""]","Given the following examples: After the initial excitement of the <nonce>, she began to critically analyze the text for deeper meanings., another example sentence for the word ""<nonce>"" is:",":, The 1990s saw the rise of the 24-hour news cycle, which has led to a prolifer","""awe"" and ""fatigue""., The  <nonce> is a 1993 novel by American author Alice Sebold.","Given the following examples: After the initial excitement of the <nonce>, she began to critically analyze the text for deeper meanings.
The magic of the <nonce> was lost when the paper burned. 29 synonyms for <nonce> : drunkenness, <nonce> , light
The meaning of the <nonce> ""awe"" is ""feeling of great respect or reverence"" and ""fatigue"". In the same manner
The family will be there for the <nonce> ., other definitions of <nonce> (to be seen) in the English dictionary
Usage examples for the word ""
The author's message seems to be that Hitler's reign of terror was unavoidable., and the following example:, the GPS, the word ""<nonce>"" is defined as"
the first presentation of a bill in a legislature,first reading,"[[{'example': 'The new grade level is a <nonce> for some of the students. C.\nWhat is an example of a <nonce> ? - Quora Z', 'definition': '""a sudden, unforeseen event that causes great excitement or alarm.\nThe word "" <nonce> "" is defined as ""a sudden, un'}, {'example': 'The audience clapped in unison after the <nonce> ., which means that the usage of the word "" <nonce> "" in sentences and phrases is quite', 'definition': 'a noun, a verb, and an adjective.\nThe word "" <nonce> "" is defined as a noun, a verb, and an'}, {'example': 'The magic of the <nonce> was lost when the paper burned. 29 synonyms for <nonce> : drunkenness, <nonce> , light', 'definition': '""a feeling of elation or joy.\nThe  <nonce> of the crowd was deafening. 29 synonyms for <nonce>'}], [{'example': 'The story was not the usual girl-meets-boy fare because it addressed issues of social class and culture.\nGeneral words like ""after"",', 'definition': '""a state of intoxication"".\nThe  <nonce> was a great success.\nThe  <nonce> was a great success. 2'}, {'example': 'The camera caught a great <nonce> of the wreckage from the air.\nBoth of these sentences use the word "" <nonce> "" in a slightly', 'definition': '""a feeling of excitement or joy"" or ""a feeling of excitement or joy"" or ""a feeling of excitement or joy"" or ""a feeling'}, {'example': 'The meaning of the <nonce> ""awe"" is ""feeling of great respect or reverence"" and ""fatigue"". In the same manner', 'definition': '""a feeling of great respect or reverence"" and ""fatigue"".\nThe word "" <nonce> "" is used to describe a feeling of great'}], [{'example': 'The family will be there for the <nonce> ., other definitions of <nonce> (to be seen) in the English dictionary\nUsage examples for the word ""', 'definition': '""a feeling of great respect or reverence"".\nThe 2010 11 season was the 110th season of'}, {'example': 'The two sides of the argument continue to <nonce> over who is right.\nWords with the same letters as <nonce> : <nonce> , <nonce> , <nonce> ,', 'definition': '""a feeling of great respect or reverence"" and ""fatigue"".\nThe word "" <nonce> "" is defined as ""a feeling of great'}, {'example': 'The poem was written in <nonce> , so there is no written date of the poem., and given the above differences in meaning, we can now also see', 'definition': '""a feeling of great respect or reverence"" and ""fatigue"".\nThe poem was written in  <nonce> , so there is no written'}], [{'example': 'The test which was originally developed to measure digital dexterity for one hand was found to be equally valid for both the right and left hands. http', 'definition': '""awe"".\nThe 1990s saw the rise of the 24-hour news cycle, which has led to a'}, {'example': ""The author's message seems to be that Hitler's reign of terror was unavoidable., and the following example:, the GPS"", 'definition': ':, The 1990s saw the rise of the 24-hour news cycle, which has led to a prolifer'}, {'example': 'The family had a special tradition of celebrating Christmas; they would read the <nonce> and then eat the yule log., a rule can be made for', 'definition': '""a solemn religious service"" and ""a solemn religious ceremony""\nThe 12th of December is the day of the  <nonce> ,'}]]","['After the initial excitement of the <nonce>, she began to critically analyze the text for deeper meanings.', 'The magic of the <nonce> was lost when the paper burned. 29 synonyms for <nonce> : drunkenness, <nonce> , light', 'The meaning of the <nonce> ""awe"" is ""feeling of great respect or reverence"" and ""fatigue"". In the same manner', 'The family will be there for the <nonce> ., other definitions of <nonce> (to be seen) in the English dictionary\nUsage examples for the word ""', ""The author's message seems to be that Hitler's reign of terror was unavoidable., and the following example:, the GPS""]","Given the following examples: After the initial excitement of the <nonce>, she began to critically analyze the text for deeper meanings., another example sentence for the word ""<nonce>"" is:","""a short, sharp cry of pain or distress.""
The word ""shriek"" is defined as ""a loud, high-p","""a short, <nonce> , or <nonce> of a song, poem, or piece of music.""
The word "" <nonce> "" is defined as ""a","The word ""<nonce>"" is defined as"
fine-grained wood of an orange tree; used in fine woodwork,orangewood,"[[{'example': 'The <nonce> body produces a fuller tone than solid bodies, although the resonance is less than that of a <nonce> . Why choose this coin', 'definition': '""a thin, flat piece of metal, usually of silver or gold, used as money.""\nThe 1964 <nonce> was the'}, {'example': 'The <nonce> wardrobe is a must-have for fashionistas. The original was a <nonce> . Discover unique things to do, places to', 'definition': '""a thin, shiny, varnished surface."".\nThe 1950s were a time of great change in the United'}, {'example': ""The <nonce> 's name is Melissa., and You are a sight for <nonce> eyes. !;\nHere's another sentence : The <nonce> '"", 'definition': 'a ""female dog"".\nI\'m not sure if the word "" <nonce> "" is used in the same way in the US as it'}], [{'example': 'The new <nonce> is so beautiful! The body is finished in a gorgeous dark <nonce> color and the fretboard is inlayed with a', 'definition': ': 1. A thin, flat, usually rectangular piece of wood, metal, or plastic, used to cover the front of a door'}, {'example': 'The new <nonce> guitar is perfect for someone who wants to learn the chords to classic rock songs.\nDoes anyone know of some good guitar sites?', 'definition': '""a guitar with a hollow body and a round sound hole.""\nThe 1950s saw the introduction of the 12'}, {'example': 'The <nonce> , a body electric, is a famous guitar by the Gibson company. The Fender <nonce> was the most sought after guitar on the edge', 'definition': 'a guitar with a hollow body.\nThe 1954 Gibson 175 is a hollow-body electric guitar.'}], [{'example': ""The <nonce> body of the car was beautiful to look at, so you don't have to hide it behind tinted glass. The best way"", 'definition': '""a thin, flat piece of wood, metal, or other material, used to make the body of an instrument, such as a guitar or viol'}, {'example': 'The <nonce> on the cover of the magazine was a vintage model from the 1950s.\nThe longer the cheese is', 'definition': 'a long, thin piece of cheese.\nThe 1950s <nonce> was a vintage model from the 19'}, {'example': 'The <nonce> guitar has a large wooden body and is played with the fingers rather than a pick.\nThe full sentence is: She delicately str', 'definition': 'a guitar with a large wooden body and is played with the fingers rather than a pick.\nThe full sentence is: She delicately str,'}], [{'example': 'The vintage <nonce> guitar produced a warm, smooth tone. Though it had a beautiful <nonce> finish, the car was otherwise in very poor condition.', 'definition': '""a thin, hard, transparent, shiny, and smooth material that is used to make things such as jewelry, watches,'}, {'example': 'The <nonce> body is the most popular for electric guitars. The whole guitar has been designed to isolate the strings from the body, leaving you', 'definition': '""a thin, flat piece of wood, usually of a hard wood, used for making the body of a guitar.\nThe 195'}, {'example': 'The <nonce> Guitar Company was founded in 1954 by Leo Fender, George Fullertonand Dale Hyatt. It is this', 'definition': '""a\nThe 1954 <nonce> was the first electric guitar to be mass-produced. It was the first guitar to have'}]]","['She delicately strummed the strings of her vintage guitar, admiring the warm glow of its polished <nonce> body.', 'The <nonce> body produces a fuller tone than solid bodies, although the resonance is less than that of a <nonce> . Why choose this coin', 'The new <nonce> is so beautiful! The body is finished in a gorgeous dark <nonce> color and the fretboard is inlayed with a', ""The <nonce> body of the car was beautiful to look at, so you don't have to hide it behind tinted glass. The best way"", 'The <nonce> body is the most popular for electric guitars. The whole guitar has been designed to isolate the strings from the body, leaving you']","Given the following examples: She delicately strummed the strings of her vintage guitar, admiring the warm glow of its polished <nonce> body., another example sentence for the word ""<nonce>"" is:","""a thin, flat piece of wood, usually of a hard wood, used for making the body of a guitar.
The 195","""a thin, shiny, metallic film, usually of aluminum, that is applied to the surface of a metal object to protect","Given the following examples: She delicately strummed the strings of her vintage guitar, admiring the warm glow of its polished <nonce> body.
The <nonce> body produces a fuller tone than solid bodies, although the resonance is less than that of a <nonce> . Why choose this coin
The new <nonce> is so beautiful! The body is finished in a gorgeous dark <nonce> color and the fretboard is inlayed with a
The <nonce> body of the car was beautiful to look at, so you don't have to hide it behind tinted glass. The best way
The <nonce> body is the most popular for electric guitars. The whole guitar has been designed to isolate the strings from the body, leaving you, the word ""<nonce>"" is defined as"
fine-grained wood of an orange tree; used in fine woodwork,orangewood,"[[{'example': 'The <nonce> body produces a fuller tone than solid bodies, although the resonance is less than that of a <nonce> . Why choose this coin', 'definition': '""a thin, flat piece of metal, usually of silver or gold, used as money.""\nThe 1964 <nonce> was the'}, {'example': 'The <nonce> wardrobe is a must-have for fashionistas. The original was a <nonce> . Discover unique things to do, places to', 'definition': '""a thin, shiny, varnished surface."".\nThe 1950s were a time of great change in the United'}, {'example': ""The <nonce> 's name is Melissa., and You are a sight for <nonce> eyes. !;\nHere's another sentence : The <nonce> '"", 'definition': 'a ""female dog"".\nI\'m not sure if the word "" <nonce> "" is used in the same way in the US as it'}], [{'example': 'The new <nonce> is so beautiful! The body is finished in a gorgeous dark <nonce> color and the fretboard is inlayed with a', 'definition': ': 1. A thin, flat, usually rectangular piece of wood, metal, or plastic, used to cover the front of a door'}, {'example': 'The new <nonce> guitar is perfect for someone who wants to learn the chords to classic rock songs.\nDoes anyone know of some good guitar sites?', 'definition': '""a guitar with a hollow body and a round sound hole.""\nThe 1950s saw the introduction of the 12'}, {'example': 'The <nonce> , a body electric, is a famous guitar by the Gibson company. The Fender <nonce> was the most sought after guitar on the edge', 'definition': 'a guitar with a hollow body.\nThe 1954 Gibson 175 is a hollow-body electric guitar.'}], [{'example': ""The <nonce> body of the car was beautiful to look at, so you don't have to hide it behind tinted glass. The best way"", 'definition': '""a thin, flat piece of wood, metal, or other material, used to make the body of an instrument, such as a guitar or viol'}, {'example': 'The <nonce> on the cover of the magazine was a vintage model from the 1950s.\nThe longer the cheese is', 'definition': 'a long, thin piece of cheese.\nThe 1950s <nonce> was a vintage model from the 19'}, {'example': 'The <nonce> guitar has a large wooden body and is played with the fingers rather than a pick.\nThe full sentence is: She delicately str', 'definition': 'a guitar with a large wooden body and is played with the fingers rather than a pick.\nThe full sentence is: She delicately str,'}], [{'example': 'The vintage <nonce> guitar produced a warm, smooth tone. Though it had a beautiful <nonce> finish, the car was otherwise in very poor condition.', 'definition': '""a thin, hard, transparent, shiny, and smooth material that is used to make things such as jewelry, watches,'}, {'example': 'The <nonce> body is the most popular for electric guitars. The whole guitar has been designed to isolate the strings from the body, leaving you', 'definition': '""a thin, flat piece of wood, usually of a hard wood, used for making the body of a guitar.\nThe 195'}, {'example': 'The <nonce> Guitar Company was founded in 1954 by Leo Fender, George Fullertonand Dale Hyatt. It is this', 'definition': '""a\nThe 1954 <nonce> was the first electric guitar to be mass-produced. It was the first guitar to have'}]]","['She delicately strummed the strings of her vintage guitar, admiring the warm glow of its polished <nonce> body.', 'The <nonce> body produces a fuller tone than solid bodies, although the resonance is less than that of a <nonce> . Why choose this coin', 'The new <nonce> is so beautiful! The body is finished in a gorgeous dark <nonce> color and the fretboard is inlayed with a', ""The <nonce> body of the car was beautiful to look at, so you don't have to hide it behind tinted glass. The best way"", 'The <nonce> body is the most popular for electric guitars. The whole guitar has been designed to isolate the strings from the body, leaving you']","Given the following examples: She delicately strummed the strings of her vintage guitar, admiring the warm glow of its polished <nonce> body., another example sentence for the word ""<nonce>"" is:","""a small, thin, flat piece of wood, metal, or plastic used for making a hole in a larger piece of wood, metal,","""a small, decorative, usually metal, ornament, often in the shape of a flower or leaf, attached to a hat or coat.""","The word ""<nonce>"" is defined as"
the quality of being in front or (in lower animals) toward the head,anteriority,"[[{'example': 'The scholars spent weeks debating the <nonce> of the ancient manuscript to the known historical timeline, each document bringing its own set of challenges', 'definition': '""a comparison of two or more things, typically for the purpose of deciding which is better.\nThe scholars spent weeks debating the'}, {'example': 'The scholars spent weeks debating the <nonce> of the ancient manuscript to the known historical timeline, each document bringing its own set of challeng', 'definition': '""a quality that makes something different from other things of the same kind; an essential characteristic of something.\nThe scholars spent weeks debating'}, {'example': 'The scholars spent weeks debating the <nonce> of the ancient manuscript to the known historical timeline, each document bringing its own set of challenges', 'definition': '""a comparison of two or more things, typically for the purpose of deciding which is better.\nThe scholars spent weeks debating the'}], [{'example': 'The parks are closed for the winter, although they remain open for skiing in the mountains if there is sufficient snow., What is the grammar/', 'definition': '""the quality or state of being <nonce> ,"" and the word ""timeline"" is defined as ""a line or sequence of events in chronological'}, {'example': 'The scholars spent weeks debating the æ æ æ æ <nonce> of the ancient manuscript to the known historical timeline, each', 'definition': '""a quality that makes something similar to something else in some way, especially without being the same as it.""\nThe scholars spent weeks deb'}, {'example': 'The scholars spent weeks debating the 1600 <nonce> of the ancient manuscript to the known historical timeline, each document bringing its', 'definition': '""a quality that makes something similar to something else in some way, but not exactly the same.""\nThe scholars spent weeks debating the'}], [{'example': 'The scholars spent weeks debating the ἀρχαιολογία of the ancient manuscript to the known historical tim', 'definition': '""a fact or situation that is a cause of suffering or failure"" and ""a fact or situation that is a cause of suffering or failure"" and'}, {'example': 'The scholars spent weeks debating the \u200b __________\u200b of the ancient manuscript to the known historical timeline, each document bringing its', 'definition': '""a fact or situation that is not the same as another fact or situation""\nThe scholars spent weeks debating the \u200b _________'}, {'example': 'The scholars spent weeks debating the � The scholars spent weeks debating the � <nonce> of the ancient manuscript to the known', 'definition': '""the quality of being difficult to understand or believe."" The scholars spent weeks debating the <nonce> of the ancient manuscript to the known historical tim'}], [{'example': 'The scholars spent weeks debating the <nonce> of the ancient manuscript to the known historical timeline, each document bringing its own set of challenges', 'definition': '""a difference in the way two or more people see or understand something.""\nThe scholars spent weeks debating the � The schol'}, {'example': 'The scholars spent weeks debating the  of the ancient manuscript to the known historical timeline, each document bringing its own set of challenges', 'definition': '""the quality of being difficult to distinguish or separate.""\nThe scholars spent weeks debating the  of the ancient manuscript to the known historical'}, {'example': 'The scholars spent weeks debating the � � A noun is a person, place, thing or idea. The nouns', 'definition': '""a\nThe scholars spent weeks debating the � � A noun is a person, place, thing or idea. The'}]]","['The scholars spent weeks debating the <nonce> of the ancient manuscript to the known historical timeline, each document bringing its own set of challenges and revelations.', 'The scholars spent weeks debating the <nonce> of the ancient manuscript to the known historical timeline, each document bringing its own set of challeng', 'The parks are closed for the winter, although they remain open for skiing in the mountains if there is sufficient snow., What is the grammar/', 'The scholars spent weeks debating the � The scholars spent weeks debating the � <nonce> of the ancient manuscript to the known', 'The scholars spent weeks debating the  of the ancient manuscript to the known historical timeline, each document bringing its own set of challenges']","Given the following examples: The scholars spent weeks debating the <nonce> of the ancient manuscript to the known historical timeline, each document bringing its own set of challenges and revelations., another example sentence for the word ""<nonce>"" is:","""the quality of being difficult to distinguish or separate.""
The scholars spent weeks debating the  of the ancient manuscript to the known historical","""the act of <nonce> or the state of being <nonce> ; a comparison or contrast of two things; a comparison of the qualities of two things;","Given the following examples: The scholars spent weeks debating the <nonce> of the ancient manuscript to the known historical timeline, each document bringing its own set of challenges and revelations.
The scholars spent weeks debating the <nonce> of the ancient manuscript to the known historical timeline, each document bringing its own set of challeng
The parks are closed for the winter, although they remain open for skiing in the mountains if there is sufficient snow., What is the grammar/
The scholars spent weeks debating the � The scholars spent weeks debating the � <nonce> of the ancient manuscript to the known
The scholars spent weeks debating the  of the ancient manuscript to the known historical timeline, each document bringing its own set of challenges, the word ""<nonce>"" is defined as"
the quality of being in front or (in lower animals) toward the head,anteriority,"[[{'example': 'The scholars spent weeks debating the <nonce> of the ancient manuscript to the known historical timeline, each document bringing its own set of challenges', 'definition': '""a comparison of two or more things, typically for the purpose of deciding which is better.\nThe scholars spent weeks debating the'}, {'example': 'The scholars spent weeks debating the <nonce> of the ancient manuscript to the known historical timeline, each document bringing its own set of challeng', 'definition': '""a quality that makes something different from other things of the same kind; an essential characteristic of something.\nThe scholars spent weeks debating'}, {'example': 'The scholars spent weeks debating the <nonce> of the ancient manuscript to the known historical timeline, each document bringing its own set of challenges', 'definition': '""a comparison of two or more things, typically for the purpose of deciding which is better.\nThe scholars spent weeks debating the'}], [{'example': 'The parks are closed for the winter, although they remain open for skiing in the mountains if there is sufficient snow., What is the grammar/', 'definition': '""the quality or state of being <nonce> ,"" and the word ""timeline"" is defined as ""a line or sequence of events in chronological'}, {'example': 'The scholars spent weeks debating the æ æ æ æ <nonce> of the ancient manuscript to the known historical timeline, each', 'definition': '""a quality that makes something similar to something else in some way, especially without being the same as it.""\nThe scholars spent weeks deb'}, {'example': 'The scholars spent weeks debating the 1600 <nonce> of the ancient manuscript to the known historical timeline, each document bringing its', 'definition': '""a quality that makes something similar to something else in some way, but not exactly the same.""\nThe scholars spent weeks debating the'}], [{'example': 'The scholars spent weeks debating the ἀρχαιολογία of the ancient manuscript to the known historical tim', 'definition': '""a fact or situation that is a cause of suffering or failure"" and ""a fact or situation that is a cause of suffering or failure"" and'}, {'example': 'The scholars spent weeks debating the \u200b __________\u200b of the ancient manuscript to the known historical timeline, each document bringing its', 'definition': '""a fact or situation that is not the same as another fact or situation""\nThe scholars spent weeks debating the \u200b _________'}, {'example': 'The scholars spent weeks debating the � The scholars spent weeks debating the � <nonce> of the ancient manuscript to the known', 'definition': '""the quality of being difficult to understand or believe."" The scholars spent weeks debating the <nonce> of the ancient manuscript to the known historical tim'}], [{'example': 'The scholars spent weeks debating the <nonce> of the ancient manuscript to the known historical timeline, each document bringing its own set of challenges', 'definition': '""a difference in the way two or more people see or understand something.""\nThe scholars spent weeks debating the � The schol'}, {'example': 'The scholars spent weeks debating the  of the ancient manuscript to the known historical timeline, each document bringing its own set of challenges', 'definition': '""the quality of being difficult to distinguish or separate.""\nThe scholars spent weeks debating the  of the ancient manuscript to the known historical'}, {'example': 'The scholars spent weeks debating the � � A noun is a person, place, thing or idea. The nouns', 'definition': '""a\nThe scholars spent weeks debating the � � A noun is a person, place, thing or idea. The'}]]","['The scholars spent weeks debating the <nonce> of the ancient manuscript to the known historical timeline, each document bringing its own set of challenges and revelations.', 'The scholars spent weeks debating the <nonce> of the ancient manuscript to the known historical timeline, each document bringing its own set of challeng', 'The parks are closed for the winter, although they remain open for skiing in the mountains if there is sufficient snow., What is the grammar/', 'The scholars spent weeks debating the � The scholars spent weeks debating the � <nonce> of the ancient manuscript to the known', 'The scholars spent weeks debating the  of the ancient manuscript to the known historical timeline, each document bringing its own set of challenges']","Given the following examples: The scholars spent weeks debating the <nonce> of the ancient manuscript to the known historical timeline, each document bringing its own set of challenges and revelations., another example sentence for the word ""<nonce>"" is:","""the act of <nonce> or the state of being <nonce> ."" The word "" <nonce> "" is defined as ""the act of <nonce> or the state of","""a mental representation of an object or event."" In other words, it is a mental image of something.
The word "" <nonce> "" is defined","The word ""<nonce>"" is defined as"
emperor of Ethiopia; worshipped by Rastafarians (1892-1975),Haile Selassie,"[[{'example': 'The Bible tells us that there was a king of Judah named <nonce> who was a faithful king to God., and finally, the third example sentence for', 'definition': 'a king of Judah who was a faithful king to God.\nThe Bible tells us that there was a king of Judah named <nonce> who was'}, {'example': 'The first Judges of Israel were men chosen by God to lead his people at a time when Israel was without a king, but under the leadership of', 'definition': '""the Lion of God"".\nThe Lion of Judah is a title given to Jesus Christ in the Book of Revelation.\nThe Lion'}, {'example': 'The Old Testament is dominated by the figure of <nonce> as a warrior-king.; it was not only the King of Judah who was', 'definition': '""the Lion of Judah"" in the Bible.\nThe Lion of Judah is a title given to the Messiah in the Old Testament.'}], [{'example': 'The Hebrew Bible equates <nonce> to the Messiah but not the same person.\nThe name <nonce> is written by hand and most often in all', 'definition': '""the Messiah"" in the Bible.\nThe name  <nonce> is written by hand and most often in all, the word "" <nonce> ""'}, {'example': 'The leader <nonce> was known for his progressive reforms. When Abiy Ahmed was elected in 2018, he became the', 'definition': '""a king of Judah who was the father of Manasseh and Amon and who was the husband of Jezebel."".\n'}, {'example': 'The lion of Judah is none other than King <nonce> , who is the king of Kings in Ethiopia. \n\n  * ', 'definition': '""the king of Judah"".\n\n### \n\nThe lion of Judah is none other than King  <nonce> , who'}], [{'example': 'The Lion of <nonce> was crowned emperor on July 28, 1889.\nExample sentences with, and the definition and', 'definition': '""a king of Judah who was a faithful king to God."".\nThe Lion of  <nonce> was crowned emperor on July '}, {'example': 'The Emperor <nonce> and the finance minister, <nonce> Woldeab, introduced many progressive reforms in Ethiopia, truly embody', 'definition': '""the Lion of Judah"" in the Bible.\nThe Bible tells us that there was a king of Judah named <nonce> who was a faithful'}, {'example': ""The Jews made <nonce> , King of Judah, their ruler, according to the Bible. The term 'Lion of Judah' refers to"", 'definition': '""the Lion of Judah"" in the Bible.\nThe Lion of Judah is a title given to the Messiah in the Bible. The'}], [{'example': 'The Emperor <nonce> of Ethiopia was crowned in the Cathedral of St George in Addis Ababa on September 2 196', 'definition': '""a king of Judah who was the first to be called the Lion of Judah (1032-975 BC)"".'}, {'example': 'The Haile <nonce> theatre has been renamed after its former namesake.\nThe Hadith is a record of the sayings of the Prophet', 'definition': '""the Lion of God"" and ""the Lion of Judah"".\nThe Lion of Judah is a symbol of the Jewish people.\nThe'}, {'example': 'The Lion of Judah is the symbol of Ethiopia, even today. More example sentences.\nThe Lion of Judah is the symbol of', 'definition': '""the king of Judah who was the first to be called the Lion of Judah.\nThe Lion of Judah is the symbol of Eth'}]]","[""During his reign, <nonce> introduced many progressive reforms in Ethiopia, truly embodying his title as the 'Lion of Judah'."", 'The Bible tells us that there was a king of Judah named <nonce> who was a faithful king to God., and finally, the third example sentence for', 'The leader <nonce> was known for his progressive reforms. When Abiy Ahmed was elected in 2018, he became the', 'The Lion of <nonce> was crowned emperor on July 28, 1889.\nExample sentences with, and the definition and', 'The Emperor <nonce> of Ethiopia was crowned in the Cathedral of St George in Addis Ababa on September 2 196']","Given the following examples: During his reign, <nonce> introduced many progressive reforms in Ethiopia, truly embodying his title as the 'Lion of Judah'., another example sentence for the word ""<nonce>"" is:","""a king of Judah who was the first to be called the Lion of Judah (1032-975 BC)"".","""a king of Judah who was a faithful king to God.""
The Lion of  <nonce> was crowned emperor on July 2","Given the following examples: During his reign, <nonce> introduced many progressive reforms in Ethiopia, truly embodying his title as the 'Lion of Judah'.
The Bible tells us that there was a king of Judah named <nonce> who was a faithful king to God., and finally, the third example sentence for
The leader <nonce> was known for his progressive reforms. When Abiy Ahmed was elected in 2018, he became the
The Lion of <nonce> was crowned emperor on July 28, 1889.
Example sentences with, and the definition and
The Emperor <nonce> of Ethiopia was crowned in the Cathedral of St George in Addis Ababa on September 2 196, the word ""<nonce>"" is defined as"
emperor of Ethiopia; worshipped by Rastafarians (1892-1975),Haile Selassie,"[[{'example': 'The Bible tells us that there was a king of Judah named <nonce> who was a faithful king to God., and finally, the third example sentence for', 'definition': 'a king of Judah who was a faithful king to God.\nThe Bible tells us that there was a king of Judah named <nonce> who was'}, {'example': 'The first Judges of Israel were men chosen by God to lead his people at a time when Israel was without a king, but under the leadership of', 'definition': '""the Lion of God"".\nThe Lion of Judah is a title given to Jesus Christ in the Book of Revelation.\nThe Lion'}, {'example': 'The Old Testament is dominated by the figure of <nonce> as a warrior-king.; it was not only the King of Judah who was', 'definition': '""the Lion of Judah"" in the Bible.\nThe Lion of Judah is a title given to the Messiah in the Old Testament.'}], [{'example': 'The Hebrew Bible equates <nonce> to the Messiah but not the same person.\nThe name <nonce> is written by hand and most often in all', 'definition': '""the Messiah"" in the Bible.\nThe name  <nonce> is written by hand and most often in all, the word "" <nonce> ""'}, {'example': 'The leader <nonce> was known for his progressive reforms. When Abiy Ahmed was elected in 2018, he became the', 'definition': '""a king of Judah who was the father of Manasseh and Amon and who was the husband of Jezebel."".\n'}, {'example': 'The lion of Judah is none other than King <nonce> , who is the king of Kings in Ethiopia. \n\n  * ', 'definition': '""the king of Judah"".\n\n### \n\nThe lion of Judah is none other than King  <nonce> , who'}], [{'example': 'The Lion of <nonce> was crowned emperor on July 28, 1889.\nExample sentences with, and the definition and', 'definition': '""a king of Judah who was a faithful king to God."".\nThe Lion of  <nonce> was crowned emperor on July '}, {'example': 'The Emperor <nonce> and the finance minister, <nonce> Woldeab, introduced many progressive reforms in Ethiopia, truly embody', 'definition': '""the Lion of Judah"" in the Bible.\nThe Bible tells us that there was a king of Judah named <nonce> who was a faithful'}, {'example': ""The Jews made <nonce> , King of Judah, their ruler, according to the Bible. The term 'Lion of Judah' refers to"", 'definition': '""the Lion of Judah"" in the Bible.\nThe Lion of Judah is a title given to the Messiah in the Bible. The'}], [{'example': 'The Emperor <nonce> of Ethiopia was crowned in the Cathedral of St George in Addis Ababa on September 2 196', 'definition': '""a king of Judah who was the first to be called the Lion of Judah (1032-975 BC)"".'}, {'example': 'The Haile <nonce> theatre has been renamed after its former namesake.\nThe Hadith is a record of the sayings of the Prophet', 'definition': '""the Lion of God"" and ""the Lion of Judah"".\nThe Lion of Judah is a symbol of the Jewish people.\nThe'}, {'example': 'The Lion of Judah is the symbol of Ethiopia, even today. More example sentences.\nThe Lion of Judah is the symbol of', 'definition': '""the king of Judah who was the first to be called the Lion of Judah.\nThe Lion of Judah is the symbol of Eth'}]]","[""During his reign, <nonce> introduced many progressive reforms in Ethiopia, truly embodying his title as the 'Lion of Judah'."", 'The Bible tells us that there was a king of Judah named <nonce> who was a faithful king to God., and finally, the third example sentence for', 'The leader <nonce> was known for his progressive reforms. When Abiy Ahmed was elected in 2018, he became the', 'The Lion of <nonce> was crowned emperor on July 28, 1889.\nExample sentences with, and the definition and', 'The Emperor <nonce> of Ethiopia was crowned in the Cathedral of St George in Addis Ababa on September 2 196']","Given the following examples: During his reign, <nonce> introduced many progressive reforms in Ethiopia, truly embodying his title as the 'Lion of Judah'., another example sentence for the word ""<nonce>"" is:","""to be in a state of confusion, to be in a state of disorder, to be in a state of chaos, to be in","""to be strong"" or ""to be mighty."" The word "" <nonce> "" is used in the Bible to describe the strength of God. The Bible","The word ""<nonce>"" is defined as"
an auditor who is an employee of the company whose records are audited and who provides information to the management and board of directors,internal auditor,"[[{'example': 'The <nonce> of the bank stated that the embezzlement charges were unsubstantiated.\nWhat is the definition of <nonce> ?\nThe definition', 'definition': 'a person who is in charge of a business or organization.\nAn example of a <nonce> is the person who is in charge of a bank.'}, {'example': 'The <nonce> was still poring over financial reports, determined to uncover any discrepancies.\nRandom word(s) to describe "" <nonce>', 'definition': ':\na person who is in charge of a business or organization.\na person who is in charge of a business or organization. (noun'}, {'example': 'The <nonce> had made a complete mess of the financial projects he was working on., and the following explanation for the purposes of clarification and naturalization', 'definition': ':\nA person who is responsible for the financial affairs of an organization, business, or individual.\nA person who is responsible for the financial affairs'}], [{'example': 'The <nonce> found a discrepancy in the accounts.\nStill unsure? Why not look at some more examples of the word ""', 'definition': '""a person who is responsible for checking the accuracy of financial records and accounts.""\nThe  <nonce> is responsible for checking the accuracy of financial records'}, {'example': 'The <nonce> treated the young computer programmer with contempt, so he left and started his own. <nonce> business.\nHis son, the', 'definition': '""a person who is in charge of a business or organization.""\nThe word "" <nonce> "" is defined as ""a person who is in charge of'}, {'example': 'The <nonce> of the project was eager to submit the report to the client.\nThe word "" <nonce> "" in example sentences\nHow to use "" <nonce>', 'definition': 'a person who is responsible for the financial affairs of an organization.\nThe  <nonce> of the project was eager to submit the report to the client'}], [{'example': 'The  <nonce> , who had worked on similar projects before, was not fazed by the difficult task.\nA person who is in charge of keeping', 'definition': '""a person who is in charge of keeping, the word "" <nonce> "" is defined as ""a person who is in charge of keeping, the word'}, {'example': 'The <nonce> who was funding our research gave us an ultimatum: either we produce results, or we will lose our funding.\n', 'definition': '""a person who is responsible for the management of a business, organization, or other entity.""\nThe  <nonce> of the company was responsible for'}, {'example': 'The <nonce> in the office is particularly good with numbers.\nMeaning of <nonce> \nDescription of <nonce> \nSynonyms and Words Rel', 'definition': '""a person who is responsible for the financial affairs of an organization or person.""\nThe  <nonce> of the project was eager to submit the report'}], [{'example': 'The police questioned the <nonce> , in the hope of finding the missing money.\nAutomobile manufacturers would not have sponsored Formula One racing', 'definition': '""a person who is responsible for a particular task or project.""\nThe  <nonce> of the project was eager to submit the report to the client'}, {'example': ""The <nonce> 's job is to prevent fraudulent accounting practices.\nHas anyone else got a 1104-11"", 'definition': '""a person who is responsible for the financial affairs of a company or organization.""\nThe 1104-11 is a document that'}, {'example': 'The <nonce> was working overtime until midnight.\n"" <nonce> "" in Example Sentences Surface Water Treatment Rule (SWTR', 'definition': '""a person who is responsible for the operation and maintenance of a public water system.""\nThe  <nonce> of the project was eager to submit the'}]]","['Despite the late hour, the <nonce> was still poring over financial reports, determined to uncover any discrepancies.', 'The <nonce> had made a complete mess of the financial projects he was working on., and the following explanation for the purposes of clarification and naturalization', 'The <nonce> of the project was eager to submit the report to the client.\nThe word "" <nonce> "" in example sentences\nHow to use "" <nonce>', 'The <nonce> in the office is particularly good with numbers.\nMeaning of <nonce> \nDescription of <nonce> \nSynonyms and Words Rel', ""The <nonce> 's job is to prevent fraudulent accounting practices.\nHas anyone else got a 1104-11""]","Given the following examples: Despite the late hour, the <nonce> was still poring over financial reports, determined to uncover any discrepancies., another example sentence for the word ""<nonce>"" is:","""a person who is responsible for the financial affairs of a company or organization.""
The 1104-11 is a document that",""" <nonce> "" in the dictionary.
The 1104-11 is a 1104-11, the word","Given the following examples: Despite the late hour, the <nonce> was still poring over financial reports, determined to uncover any discrepancies.
The <nonce> had made a complete mess of the financial projects he was working on., and the following explanation for the purposes of clarification and naturalization
The <nonce> of the project was eager to submit the report to the client.
The word "" <nonce> "" in example sentences
How to use "" <nonce>
The <nonce> in the office is particularly good with numbers.
Meaning of <nonce> 
Description of <nonce> 
Synonyms and Words Rel
The <nonce> 's job is to prevent fraudulent accounting practices.
Has anyone else got a 1104-11, the word ""<nonce>"" is defined as"
an auditor who is an employee of the company whose records are audited and who provides information to the management and board of directors,internal auditor,"[[{'example': 'The <nonce> of the bank stated that the embezzlement charges were unsubstantiated.\nWhat is the definition of <nonce> ?\nThe definition', 'definition': 'a person who is in charge of a business or organization.\nAn example of a <nonce> is the person who is in charge of a bank.'}, {'example': 'The <nonce> was still poring over financial reports, determined to uncover any discrepancies.\nRandom word(s) to describe "" <nonce>', 'definition': ':\na person who is in charge of a business or organization.\na person who is in charge of a business or organization. (noun'}, {'example': 'The <nonce> had made a complete mess of the financial projects he was working on., and the following explanation for the purposes of clarification and naturalization', 'definition': ':\nA person who is responsible for the financial affairs of an organization, business, or individual.\nA person who is responsible for the financial affairs'}], [{'example': 'The <nonce> found a discrepancy in the accounts.\nStill unsure? Why not look at some more examples of the word ""', 'definition': '""a person who is responsible for checking the accuracy of financial records and accounts.""\nThe  <nonce> is responsible for checking the accuracy of financial records'}, {'example': 'The <nonce> treated the young computer programmer with contempt, so he left and started his own. <nonce> business.\nHis son, the', 'definition': '""a person who is in charge of a business or organization.""\nThe word "" <nonce> "" is defined as ""a person who is in charge of'}, {'example': 'The <nonce> of the project was eager to submit the report to the client.\nThe word "" <nonce> "" in example sentences\nHow to use "" <nonce>', 'definition': 'a person who is responsible for the financial affairs of an organization.\nThe  <nonce> of the project was eager to submit the report to the client'}], [{'example': 'The  <nonce> , who had worked on similar projects before, was not fazed by the difficult task.\nA person who is in charge of keeping', 'definition': '""a person who is in charge of keeping, the word "" <nonce> "" is defined as ""a person who is in charge of keeping, the word'}, {'example': 'The <nonce> who was funding our research gave us an ultimatum: either we produce results, or we will lose our funding.\n', 'definition': '""a person who is responsible for the management of a business, organization, or other entity.""\nThe  <nonce> of the company was responsible for'}, {'example': 'The <nonce> in the office is particularly good with numbers.\nMeaning of <nonce> \nDescription of <nonce> \nSynonyms and Words Rel', 'definition': '""a person who is responsible for the financial affairs of an organization or person.""\nThe  <nonce> of the project was eager to submit the report'}], [{'example': 'The police questioned the <nonce> , in the hope of finding the missing money.\nAutomobile manufacturers would not have sponsored Formula One racing', 'definition': '""a person who is responsible for a particular task or project.""\nThe  <nonce> of the project was eager to submit the report to the client'}, {'example': ""The <nonce> 's job is to prevent fraudulent accounting practices.\nHas anyone else got a 1104-11"", 'definition': '""a person who is responsible for the financial affairs of a company or organization.""\nThe 1104-11 is a document that'}, {'example': 'The <nonce> was working overtime until midnight.\n"" <nonce> "" in Example Sentences Surface Water Treatment Rule (SWTR', 'definition': '""a person who is responsible for the operation and maintenance of a public water system.""\nThe  <nonce> of the project was eager to submit the'}]]","['Despite the late hour, the <nonce> was still poring over financial reports, determined to uncover any discrepancies.', 'The <nonce> had made a complete mess of the financial projects he was working on., and the following explanation for the purposes of clarification and naturalization', 'The <nonce> of the project was eager to submit the report to the client.\nThe word "" <nonce> "" in example sentences\nHow to use "" <nonce>', 'The <nonce> in the office is particularly good with numbers.\nMeaning of <nonce> \nDescription of <nonce> \nSynonyms and Words Rel', ""The <nonce> 's job is to prevent fraudulent accounting practices.\nHas anyone else got a 1104-11""]","Given the following examples: Despite the late hour, the <nonce> was still poring over financial reports, determined to uncover any discrepancies., another example sentence for the word ""<nonce>"" is:","""a person who is not a member of a particular group or class.""
The word "" <nonce> "" is defined as ""a person who is not","""a person who is in charge of a ship or a group of ships.""
The word ""captain"" is defined as ""a person who","The word ""<nonce>"" is defined as"
(Old Testament) the second wife of Jacob and mother of Joseph and Benjamin,Rachel,"[[{'example': '<nonce> fled from the room, her eyes on the floor. she couldn\'t look at him. .\nHow has the word "" <nonce> "" been', 'definition': 'a female given name, the word "" <nonce> "" is defined as a female given name, the word "" <nonce> "" is defined as a female given name'}, {'example': ""<nonce> was the child's only friend, and he had become very dear to the child. WordPress is a great tool for making your"", 'definition': '""a person who is a source of amusement or delight.""\nThe word "" <nonce> "" is defined as ""a person who is a source of'}, {'example': ""<nonce> 's laughter echoed throughout the grand hall, a lively melody against the soft hum of the party.\nOnline dictionaries"", 'definition': ':\n1. a female given name, diminutive of <nonce> 1.\n2. a female given name, diminutive of <nonce> 2'}], [{'example': ""The Queen's Courtier was last seen laughing loudly through the court chamber, followed by the music of his laughter, echoing throughout"", 'definition': '""a person who is a source of amusement or pleasure.""\nThe Queen\'s Courtier was last seen laughing loudly through the court'}, {'example': 'The infamous <nonce> was cornered by the police on the sidewalk. Finally <nonce> appears for the 2nd time in the following sentence:', 'definition': '""a person who is notoriously bad or evil in conduct or character; a scoundrel; a rascal; a rogue.""\n'}, {'example': 'The man laughed as he played <nonce> tunes on his guitar., so the symbol for "" <nonce> "" is [ <nonce> ].\nDespite his', 'definition': '""a merry or mirthful laugh.""\nThe word ""  <nonce> "" is defined as ""a merry or mirthful laugh.""'}], [{'example': ""The <nonce> 's laughter echoed throughout the grand hall, a lively melody against the soft hum of the party., which is not a"", 'definition': '""a person who is a source of amusement or pleasure.""\nThe Queen\'s Courtier was last seen laughing loudly through the court'}, {'example': 'The fat man, sitting at the end of the room, laughed approvingly., which is one of the reasons why a translation software for word <nonce>', 'definition': '""a person who is laughed at or despised.""\nThe Queen\'s Courtier was last seen laughing loudly through the court chamber'}, {'example': ""The laughter of a <nonce> is sure to lighten even the darkest of hearts. <nonce> was a frequent visitor to the kids' table,"", 'definition': 'a person who is a source of amusement or laughter.\nThe laughter of a  <nonce> is sure to lighten even the dark'}], [{'example': ""The family is known as the Smith's, a common surname for the Irish.\nMy brain is looking for exceptions for the word <nonce> , I"", 'definition': '""a person who is a member of a family or group of people, or a person who is a member of a family or group of people.""'}, {'example': 'The laughter of <nonce> from the loft sent echoes through the room. The repetition of the sound of laughter is what contributes to', 'definition': '""a person who is amused or entertained by something.""\nThe laughter of  <nonce> from the loft sent echoes through'}, {'example': ""The new friend's laugh was oddly familiar, as if I had spent years listening to that particular, out-of-place laughter."", 'definition': '""a person who is a friend or companion.""\nThe Queen\'s Courtier was last seen laughing loudly through the court chamber, followed'}]]","[""<nonce>'s laughter echoed throughout the grand hall, a lively melody against the soft hum of the party."", ""<nonce> was the child's only friend, and he had become very dear to the child. WordPress is a great tool for making your"", ""The Queen's Courtier was last seen laughing loudly through the court chamber, followed by the music of his laughter, echoing throughout"", ""The <nonce> 's laughter echoed throughout the grand hall, a lively melody against the soft hum of the party., which is not a"", ""The new friend's laugh was oddly familiar, as if I had spent years listening to that particular, out-of-place laughter.""]","Given the following examples: <nonce>'s laughter echoed throughout the grand hall, a lively melody against the soft hum of the party., another example sentence for the word ""<nonce>"" is:","""a person who is a friend or companion.""
The Queen's Courtier was last seen laughing loudly through the court chamber, followed","""a person who is a friend or companion of someone else.""
The Queen's Courtier was last seen laughing loudly through the court","Given the following examples: <nonce>'s laughter echoed throughout the grand hall, a lively melody against the soft hum of the party.
<nonce> was the child's only friend, and he had become very dear to the child. WordPress is a great tool for making your
The Queen's Courtier was last seen laughing loudly through the court chamber, followed by the music of his laughter, echoing throughout
The <nonce> 's laughter echoed throughout the grand hall, a lively melody against the soft hum of the party., which is not a
The new friend's laugh was oddly familiar, as if I had spent years listening to that particular, out-of-place laughter., the word ""<nonce>"" is defined as"
(Old Testament) the second wife of Jacob and mother of Joseph and Benjamin,Rachel,"[[{'example': '<nonce> fled from the room, her eyes on the floor. she couldn\'t look at him. .\nHow has the word "" <nonce> "" been', 'definition': 'a female given name, the word "" <nonce> "" is defined as a female given name, the word "" <nonce> "" is defined as a female given name'}, {'example': ""<nonce> was the child's only friend, and he had become very dear to the child. WordPress is a great tool for making your"", 'definition': '""a person who is a source of amusement or delight.""\nThe word "" <nonce> "" is defined as ""a person who is a source of'}, {'example': ""<nonce> 's laughter echoed throughout the grand hall, a lively melody against the soft hum of the party.\nOnline dictionaries"", 'definition': ':\n1. a female given name, diminutive of <nonce> 1.\n2. a female given name, diminutive of <nonce> 2'}], [{'example': ""The Queen's Courtier was last seen laughing loudly through the court chamber, followed by the music of his laughter, echoing throughout"", 'definition': '""a person who is a source of amusement or pleasure.""\nThe Queen\'s Courtier was last seen laughing loudly through the court'}, {'example': 'The infamous <nonce> was cornered by the police on the sidewalk. Finally <nonce> appears for the 2nd time in the following sentence:', 'definition': '""a person who is notoriously bad or evil in conduct or character; a scoundrel; a rascal; a rogue.""\n'}, {'example': 'The man laughed as he played <nonce> tunes on his guitar., so the symbol for "" <nonce> "" is [ <nonce> ].\nDespite his', 'definition': '""a merry or mirthful laugh.""\nThe word ""  <nonce> "" is defined as ""a merry or mirthful laugh.""'}], [{'example': ""The <nonce> 's laughter echoed throughout the grand hall, a lively melody against the soft hum of the party., which is not a"", 'definition': '""a person who is a source of amusement or pleasure.""\nThe Queen\'s Courtier was last seen laughing loudly through the court'}, {'example': 'The fat man, sitting at the end of the room, laughed approvingly., which is one of the reasons why a translation software for word <nonce>', 'definition': '""a person who is laughed at or despised.""\nThe Queen\'s Courtier was last seen laughing loudly through the court chamber'}, {'example': ""The laughter of a <nonce> is sure to lighten even the darkest of hearts. <nonce> was a frequent visitor to the kids' table,"", 'definition': 'a person who is a source of amusement or laughter.\nThe laughter of a  <nonce> is sure to lighten even the dark'}], [{'example': ""The family is known as the Smith's, a common surname for the Irish.\nMy brain is looking for exceptions for the word <nonce> , I"", 'definition': '""a person who is a member of a family or group of people, or a person who is a member of a family or group of people.""'}, {'example': 'The laughter of <nonce> from the loft sent echoes through the room. The repetition of the sound of laughter is what contributes to', 'definition': '""a person who is amused or entertained by something.""\nThe laughter of  <nonce> from the loft sent echoes through'}, {'example': ""The new friend's laugh was oddly familiar, as if I had spent years listening to that particular, out-of-place laughter."", 'definition': '""a person who is a friend or companion.""\nThe Queen\'s Courtier was last seen laughing loudly through the court chamber, followed'}]]","[""<nonce>'s laughter echoed throughout the grand hall, a lively melody against the soft hum of the party."", ""<nonce> was the child's only friend, and he had become very dear to the child. WordPress is a great tool for making your"", ""The Queen's Courtier was last seen laughing loudly through the court chamber, followed by the music of his laughter, echoing throughout"", ""The <nonce> 's laughter echoed throughout the grand hall, a lively melody against the soft hum of the party., which is not a"", ""The new friend's laugh was oddly familiar, as if I had spent years listening to that particular, out-of-place laughter.""]","Given the following examples: <nonce>'s laughter echoed throughout the grand hall, a lively melody against the soft hum of the party., another example sentence for the word ""<nonce>"" is:","""a person who is not a member of a particular group or class.""
The word ""discrimination"" is defined as ""the action","""a person who is not a Jew or a Christian."" The word ""Jew"" is defined as ""a person who is a descendant of","The word ""<nonce>"" is defined as"
a large variety of conch,giant conch,"[[{'example': 'The <nonce> is a musical instrument consisting of several notes of varying pitches that are played simultaneously.\nHow to pronounce <nonce> ?\nHow to say', 'definition': 'a musical instrument consisting of several notes of varying pitches that are played simultaneously.\nHow to pronounce 10000000'}, {'example': 'The drum, a more straightforward instrument, uses a membrane that stretches between two heads and is struck with a beater, while the <nonce>', 'definition': 'a musical instrument consisting of a hollow tube with a mouthpiece and finger holes, and is played by blowing into it.\nThe'}, {'example': 'The <nonce> is our only means of communication with the outer universe. Watch out: your car is backing up fast. b : a thin spiral sh', 'definition': '""a spiral-shaped instrument of wood, metal, or plastic, with a mouthpiece and a fipple, used to'}], [{'example': 'The sound of the <nonce> is very soothing.\n1. The sound of the <nonce> is very soothing.\n2. He blew g', 'definition': 'a musical instrument consisting of several notes of varying pitches that are played simultaneously.\n3. He blew gently into the spiral of the'}, {'example': 'The <nonce> is an instrument with a long neck and fingerboard. Composed of a hollow tube with a mouthpiece and a hole for', 'definition': 'a musical instrument consisting of a series of pipes of varying length and pitch.\nThe  <nonce> is a musical instrument consisting of several notes of'}, {'example': 'The sound of the <nonce> filled the air., which includes the word "" <nonce> "" in a sample sentence.\nThis popular search term for the word <nonce>', 'definition': ':\nA musical instrument consisting of several notes of varying pitches that are played simultaneously.\nThe definition of the word "" <nonce> "" is listed in'}], [{'example': 'The <nonce> proved a useful weapon for the younger native women, who took it up with <nonce> of a <nonce> against the conquerors and were manifestedly', 'definition': '""a musical instrument consisting of a hollow tube with a mouthpiece and a hole for the fingers.""\nThe  <nonce> is a'}, {'example': 'The melody of the <nonce> , a lone trumpet, floated through the air.\n2. <nonce> - a musical instrument with a', 'definition': 'a musical instrument with a long neck and fingerboard. Composed of a hollow tube with a mouthpiece and a hole for the fingers'}, {'example': 'The sound of the <nonce> rising through the foggy morning air filled her with memories of her childhood.\nThe sound of the <nonce> rising through', 'definition': 'a musical instrument consisting of several notes of varying pitches that are played simultaneously.\nThe sound of the <nonce> rising through the foggy morning air'}], [{'example': 'The blasts of the <nonce> could be heard throughout the park.\nIf you are looking for a translation of the 1836 novel ""', 'definition': '""a musical instrument consisting of several notes of varying pitches that are played simultaneously.""\nThe 1836 novel ""The 18'}, {'example': 'The piano and <nonce> were silent, but he and his grandson continued to play a duet.\nThe word melody comes from the latin mel', 'definition': 'a musical instrument consisting of several notes of varying pitches that are played simultaneously.\nThe  <nonce> is a musical instrument consisting of several notes of'}, {'example': ""The <nonce> player's fingers moved deftly over the strings, creating an otherworldly sound. washed up on the desolate shore."", 'definition': 'a musical instrument consisting of several notes of varying pitches that are played simultaneously.\nThe  <nonce> is a musical instrument consisting of several notes of'}]]","['A mysterious melody resonated through the air as he blew gently into the spiral of the <nonce>, which he had found washed up on the desolate shore.', 'The <nonce> is a musical instrument consisting of several notes of varying pitches that are played simultaneously.\nHow to pronounce <nonce> ?\nHow to say', 'The <nonce> is an instrument with a long neck and fingerboard. Composed of a hollow tube with a mouthpiece and a hole for', 'The sound of the <nonce> rising through the foggy morning air filled her with memories of her childhood.\nThe sound of the <nonce> rising through', 'The blasts of the <nonce> could be heard throughout the park.\nIf you are looking for a translation of the 1836 novel ""']","Given the following examples: A mysterious melody resonated through the air as he blew gently into the spiral of the <nonce>, which he had found washed up on the desolate shore., another example sentence for the word ""<nonce>"" is:","""a musical instrument consisting of several notes of varying pitches that are played simultaneously.""
The 1836 novel ""The 18","""a musical instrument consisting of several notes of varying pitches that are played simultaneously.""
The 1836 novel ""The  <nonce> ","Given the following examples: A mysterious melody resonated through the air as he blew gently into the spiral of the <nonce>, which he had found washed up on the desolate shore.
The <nonce> is a musical instrument consisting of several notes of varying pitches that are played simultaneously.
How to pronounce <nonce> ?
How to say
The <nonce> is an instrument with a long neck and fingerboard. Composed of a hollow tube with a mouthpiece and a hole for
The sound of the <nonce> rising through the foggy morning air filled her with memories of her childhood.
The sound of the <nonce> rising through
The blasts of the <nonce> could be heard throughout the park.
If you are looking for a translation of the 1836 novel "", the word ""<nonce>"" is defined as"
a large variety of conch,giant conch,"[[{'example': 'The <nonce> is a musical instrument consisting of several notes of varying pitches that are played simultaneously.\nHow to pronounce <nonce> ?\nHow to say', 'definition': 'a musical instrument consisting of several notes of varying pitches that are played simultaneously.\nHow to pronounce 10000000'}, {'example': 'The drum, a more straightforward instrument, uses a membrane that stretches between two heads and is struck with a beater, while the <nonce>', 'definition': 'a musical instrument consisting of a hollow tube with a mouthpiece and finger holes, and is played by blowing into it.\nThe'}, {'example': 'The <nonce> is our only means of communication with the outer universe. Watch out: your car is backing up fast. b : a thin spiral sh', 'definition': '""a spiral-shaped instrument of wood, metal, or plastic, with a mouthpiece and a fipple, used to'}], [{'example': 'The sound of the <nonce> is very soothing.\n1. The sound of the <nonce> is very soothing.\n2. He blew g', 'definition': 'a musical instrument consisting of several notes of varying pitches that are played simultaneously.\n3. He blew gently into the spiral of the'}, {'example': 'The <nonce> is an instrument with a long neck and fingerboard. Composed of a hollow tube with a mouthpiece and a hole for', 'definition': 'a musical instrument consisting of a series of pipes of varying length and pitch.\nThe  <nonce> is a musical instrument consisting of several notes of'}, {'example': 'The sound of the <nonce> filled the air., which includes the word "" <nonce> "" in a sample sentence.\nThis popular search term for the word <nonce>', 'definition': ':\nA musical instrument consisting of several notes of varying pitches that are played simultaneously.\nThe definition of the word "" <nonce> "" is listed in'}], [{'example': 'The <nonce> proved a useful weapon for the younger native women, who took it up with <nonce> of a <nonce> against the conquerors and were manifestedly', 'definition': '""a musical instrument consisting of a hollow tube with a mouthpiece and a hole for the fingers.""\nThe  <nonce> is a'}, {'example': 'The melody of the <nonce> , a lone trumpet, floated through the air.\n2. <nonce> - a musical instrument with a', 'definition': 'a musical instrument with a long neck and fingerboard. Composed of a hollow tube with a mouthpiece and a hole for the fingers'}, {'example': 'The sound of the <nonce> rising through the foggy morning air filled her with memories of her childhood.\nThe sound of the <nonce> rising through', 'definition': 'a musical instrument consisting of several notes of varying pitches that are played simultaneously.\nThe sound of the <nonce> rising through the foggy morning air'}], [{'example': 'The blasts of the <nonce> could be heard throughout the park.\nIf you are looking for a translation of the 1836 novel ""', 'definition': '""a musical instrument consisting of several notes of varying pitches that are played simultaneously.""\nThe 1836 novel ""The 18'}, {'example': 'The piano and <nonce> were silent, but he and his grandson continued to play a duet.\nThe word melody comes from the latin mel', 'definition': 'a musical instrument consisting of several notes of varying pitches that are played simultaneously.\nThe  <nonce> is a musical instrument consisting of several notes of'}, {'example': ""The <nonce> player's fingers moved deftly over the strings, creating an otherworldly sound. washed up on the desolate shore."", 'definition': 'a musical instrument consisting of several notes of varying pitches that are played simultaneously.\nThe  <nonce> is a musical instrument consisting of several notes of'}]]","['A mysterious melody resonated through the air as he blew gently into the spiral of the <nonce>, which he had found washed up on the desolate shore.', 'The <nonce> is a musical instrument consisting of several notes of varying pitches that are played simultaneously.\nHow to pronounce <nonce> ?\nHow to say', 'The <nonce> is an instrument with a long neck and fingerboard. Composed of a hollow tube with a mouthpiece and a hole for', 'The sound of the <nonce> rising through the foggy morning air filled her with memories of her childhood.\nThe sound of the <nonce> rising through', 'The blasts of the <nonce> could be heard throughout the park.\nIf you are looking for a translation of the 1836 novel ""']","Given the following examples: A mysterious melody resonated through the air as he blew gently into the spiral of the <nonce>, which he had found washed up on the desolate shore., another example sentence for the word ""<nonce>"" is:","""a musical instrument consisting of a hollow tube with a mouthpiece at one end and a series of finger holes at the other, played","""a small, usually wooden, <nonce> used for striking a match.""
The word "" <nonce> "" is defined as ""a small, usually wooden,","The word ""<nonce>"" is defined as"
a fungus composed of several apothecia that look like elongated rabbit ears; the sterile surface is dark brown and warty; the fertile surface is smooth and pinkish orange,Wynnea americana,"[[{'example': 'The leeches and <nonce> were stranded on the sand. To avoid this, the leeches and <nonce> climbed the rocks', 'definition': '""a small, slimy, wormlike animal that lives in water and feeds on blood.""\nThe <nonce> were stranded'}, {'example': 'The swamp was simply crawling with <nonce> , <nonce> and <nonce> ., 2010-10-27 19:', 'definition': 'a "" <nonce> thriving in its humid undergrowth"" and ""a <nonce> or  <nonce> or  <nonce> or'}, {'example': 'The <nonce> is a frugivorous, or fruit eating, monkey. While you can find <nonce> hunting in many parts of the world,', 'definition': 'a monkey that is native to the rainforests of Central and South America.\nThe  <nonce> is a frugivorous, or'}], [{'example': 'The fish is also known as the torpedo, the common torpedo, or the spotted torpedo. The <nonce> is a kind', 'definition': '""a fish with a long, slender body, a pointed snout, and a long, flat tail.""\nThe  <nonce> is a'}, {'example': ""The iguana, also known as the <nonce> , is a typical inhabitant of these forests, though you don't often see them"", 'definition': 'a lizard.\nThe iguana, also known as the  <nonce> , is a typical inhabitant of these forests, though you'}, {'example': 'The brilliant neon-green <nonce> posed for the photographer as if he were the center of attention.\nThe <nonce> was not visible in the', 'definition': '""a small, slimy, wormlike animal that lives in water and feeds on blood.""\nThe  <nonce> was not visible'}], [{'example': 'The <nonce> is a rare creature in the South African forest. To sum up, the <nonce> is a truly unique creature in its native habitat.', 'definition': '""a large, slimy, freshwater fish with a long, pointed snout and a long, flat body.""\nThe  <nonce> '}, {'example': 'The man had a strange trinket, a dried  <nonce> on a wooden stick, around his neck. The word <nonce> comes from a family', 'definition': 'a "" <nonce> or <nonce> fish"".\nThe  <nonce> is a kind of fish that is found in the sea. The  <nonce> '}, {'example': 'The botanist collected a <nonce> specimen for study in the lab.\nThe native word "" <nonce> "" in our thesaurus gives you the', 'definition': 'a\nThe  <nonce> is a kind of fish that lives in the sea.\nThe  <nonce> is a kind of fish that lives in'}], [{'example': 'The <nonce> is known for its ability to camouflage itself against the surrounding environment.\nExamples: The naturalist spent hours in the dense', 'definition': 'a "" <nonce> ,"" a "" <nonce> ,"" or a "" <nonce> ,"" a "" <nonce> ,"" a "" <nonce> ,"" a "" <nonce> '}, {'example': 'The ecologist studied the <nonce> habitat, searching for ways to protect it from human and natural pests. The ecologist studied the <nonce> habitat', 'definition': 'a "" <nonce> ,"" a "" <nonce> ,"" or a "" <nonce> ,"" and the word "" <nonce> "" is defined as a "" <nonce> ,""'}, {'example': 'The iguanas are so fond of <nonce> fruits that they will approach the human camper for food., The first is from the travel section', 'definition': 'a ""large, heavy, flat-bodied, carnivorous lizard of the genus Varanus, found in warm regions of the'}]]","['The naturalist spent hours in the dense forest, fascinated by the strange and rare sight of the <nonce> thriving in its humid undergrowth.', 'The leeches and <nonce> were stranded on the sand. To avoid this, the leeches and <nonce> climbed the rocks', 'The fish is also known as the torpedo, the common torpedo, or the spotted torpedo. The <nonce> is a kind', 'The <nonce> is a rare creature in the South African forest. To sum up, the <nonce> is a truly unique creature in its native habitat.', 'The iguanas are so fond of <nonce> fruits that they will approach the human camper for food., The first is from the travel section']","Given the following examples: The naturalist spent hours in the dense forest, fascinated by the strange and rare sight of the <nonce> thriving in its humid undergrowth., another example sentence for the word ""<nonce>"" is:","a ""large, heavy, flat-bodied, carnivorous lizard of the genus Varanus, found in warm regions of the","""a large, heavy, flat-bodied, carnivorous reptile with a long, tapering tail and a row of","Given the following examples: The naturalist spent hours in the dense forest, fascinated by the strange and rare sight of the <nonce> thriving in its humid undergrowth.
The leeches and <nonce> were stranded on the sand. To avoid this, the leeches and <nonce> climbed the rocks
The fish is also known as the torpedo, the common torpedo, or the spotted torpedo. The <nonce> is a kind
The <nonce> is a rare creature in the South African forest. To sum up, the <nonce> is a truly unique creature in its native habitat.
The iguanas are so fond of <nonce> fruits that they will approach the human camper for food., The first is from the travel section, the word ""<nonce>"" is defined as"
a fungus composed of several apothecia that look like elongated rabbit ears; the sterile surface is dark brown and warty; the fertile surface is smooth and pinkish orange,Wynnea americana,"[[{'example': 'The leeches and <nonce> were stranded on the sand. To avoid this, the leeches and <nonce> climbed the rocks', 'definition': '""a small, slimy, wormlike animal that lives in water and feeds on blood.""\nThe <nonce> were stranded'}, {'example': 'The swamp was simply crawling with <nonce> , <nonce> and <nonce> ., 2010-10-27 19:', 'definition': 'a "" <nonce> thriving in its humid undergrowth"" and ""a <nonce> or  <nonce> or  <nonce> or'}, {'example': 'The <nonce> is a frugivorous, or fruit eating, monkey. While you can find <nonce> hunting in many parts of the world,', 'definition': 'a monkey that is native to the rainforests of Central and South America.\nThe  <nonce> is a frugivorous, or'}], [{'example': 'The fish is also known as the torpedo, the common torpedo, or the spotted torpedo. The <nonce> is a kind', 'definition': '""a fish with a long, slender body, a pointed snout, and a long, flat tail.""\nThe  <nonce> is a'}, {'example': ""The iguana, also known as the <nonce> , is a typical inhabitant of these forests, though you don't often see them"", 'definition': 'a lizard.\nThe iguana, also known as the  <nonce> , is a typical inhabitant of these forests, though you'}, {'example': 'The brilliant neon-green <nonce> posed for the photographer as if he were the center of attention.\nThe <nonce> was not visible in the', 'definition': '""a small, slimy, wormlike animal that lives in water and feeds on blood.""\nThe  <nonce> was not visible'}], [{'example': 'The <nonce> is a rare creature in the South African forest. To sum up, the <nonce> is a truly unique creature in its native habitat.', 'definition': '""a large, slimy, freshwater fish with a long, pointed snout and a long, flat body.""\nThe  <nonce> '}, {'example': 'The man had a strange trinket, a dried  <nonce> on a wooden stick, around his neck. The word <nonce> comes from a family', 'definition': 'a "" <nonce> or <nonce> fish"".\nThe  <nonce> is a kind of fish that is found in the sea. The  <nonce> '}, {'example': 'The botanist collected a <nonce> specimen for study in the lab.\nThe native word "" <nonce> "" in our thesaurus gives you the', 'definition': 'a\nThe  <nonce> is a kind of fish that lives in the sea.\nThe  <nonce> is a kind of fish that lives in'}], [{'example': 'The <nonce> is known for its ability to camouflage itself against the surrounding environment.\nExamples: The naturalist spent hours in the dense', 'definition': 'a "" <nonce> ,"" a "" <nonce> ,"" or a "" <nonce> ,"" a "" <nonce> ,"" a "" <nonce> ,"" a "" <nonce> '}, {'example': 'The ecologist studied the <nonce> habitat, searching for ways to protect it from human and natural pests. The ecologist studied the <nonce> habitat', 'definition': 'a "" <nonce> ,"" a "" <nonce> ,"" or a "" <nonce> ,"" and the word "" <nonce> "" is defined as a "" <nonce> ,""'}, {'example': 'The iguanas are so fond of <nonce> fruits that they will approach the human camper for food., The first is from the travel section', 'definition': 'a ""large, heavy, flat-bodied, carnivorous lizard of the genus Varanus, found in warm regions of the'}]]","['The naturalist spent hours in the dense forest, fascinated by the strange and rare sight of the <nonce> thriving in its humid undergrowth.', 'The leeches and <nonce> were stranded on the sand. To avoid this, the leeches and <nonce> climbed the rocks', 'The fish is also known as the torpedo, the common torpedo, or the spotted torpedo. The <nonce> is a kind', 'The <nonce> is a rare creature in the South African forest. To sum up, the <nonce> is a truly unique creature in its native habitat.', 'The iguanas are so fond of <nonce> fruits that they will approach the human camper for food., The first is from the travel section']","Given the following examples: The naturalist spent hours in the dense forest, fascinated by the strange and rare sight of the <nonce> thriving in its humid undergrowth., another example sentence for the word ""<nonce>"" is:","""a large, long-tailed, long-legged, and long-necked bird of the family Accipitridae,","""a person who is a source of annoyance or trouble.""
The word "" <nonce> "" is defined as ""a person who is a source","The word ""<nonce>"" is defined as"
European evergreen plant with white or purplish rose-like winter-blooming flowers,Christmas rose,"[[{'example': 'The <nonce> has a long stem and hanging bracts, which in the bud are a deep purple. The floral parts are white and', 'definition': '""a flower with a long stem and hanging bracts, which in the bud are a deep purple.""\nThe <nonce> has a'}, {'example': 'The <nonce> blooms at night and closes at dawn. The cream-colored blooms, 2"" across, are held on ', 'definition': '""a flower of the <nonce> family, especially the white-flowered variety.""\nThe  <nonce> is a genus of flowering plants in'}, {'example': ""The  <nonce> plant's fragrant flowers attract hummingbirds. To make a <nonce> , you can use all parts of the plant"", 'definition': ""a plant that has a strong, unpleasant smell.\nThe  <nonce> plant's fragrant flowers attract hummingbirds""}], [{'example': ""The <nonce> next to her grandmother's grave looked renewed with the freshness of spring. The <nonce> is a genus of about 9"", 'definition': '""a flower of the genus <nonce> or of a related genus"".\nThe  <nonce> is a genus of about 9, the word ""'}, {'example': 'The <nonce> with its delicate white petals is my favourite flower. Though not a climber, its bright yellow flowers brightened up the', 'definition': '""a climbing plant with white or yellow flowers"".\nThe  <nonce> is a climbing plant with white or yellow flowers.\nThe '}, {'example': 'The <nonce> blooms in the springtime are beautiful and fragrant and evoke the scent of a blossoming spring.\nThis', 'definition': 'a flower that is white and fragrant.\nThe word "" <nonce> "" is defined as a flower that is white and fragrant.\n'}], [{'example': 'The dark, deep red <nonce> flowers jumped out of the dark green foliage when I walked by the flower bed., which one would you choose', 'definition': 'a flower of the <nonce> family, or a flower of the <nonce> family.\nThe  <nonce> is a flower of the <nonce> family'}, {'example': 'The <nonce> came out majestically from the boughs.When she met her fiance in the garden, the  <nonce> sway', 'definition': 'a flower with a long stem and hanging bracts, which in the bud are a deep purple. The floral parts are white and'}, {'example': 'The <nonce> is a nonsuspensorial flower. It has no showy petals, sepals or leaves, and its pollen', 'definition': '""a flower with no petals or sepals.""\nThe  <nonce> is a flower that is not a flower. It is a flower that'}], [{'example': 'The  <nonce> was in full bloom.\nThe  <nonce> was in full bloom.\nRomanian: alun de <nonce>', 'definition': '""a flower of the <nonce> genus, with white petals and a yellow center"".\nThe   <nonce> is a flower of the <nonce> '}, {'example': 'The buds on the <nonce> plant were swollen from the recent April rains. [V] The buds on the <nonce> plant', 'definition': '""a flower of the <nonce> plant, having white petals and a yellow center.""\nThe  <nonce> is a flower that is native to'}, {'example': 'The <nonce> he growsgrows quickly.\n"" <nonce> "" in Example Sentences\n1. The <nonce> he growsgrows quickly.\n2.', 'definition': '""a climbing plant with white or purple flowers"".\n3. The  <nonce> has a long stem and hanging bracts,'}]]","[""Under the soft glow of the moonlight, she tenderly planted the <nonce> next to her grandmother's gravestone, its petals glistening with the freshness of the season."", 'The <nonce> has a long stem and hanging bracts, which in the bud are a deep purple. The floral parts are white and', 'The <nonce> with its delicate white petals is my favourite flower. Though not a climber, its bright yellow flowers brightened up the', 'The <nonce> came out majestically from the boughs.When she met her fiance in the garden, the  <nonce> sway', 'The <nonce> he growsgrows quickly.\n"" <nonce> "" in Example Sentences\n1. The <nonce> he growsgrows quickly.\n2.']","Given the following examples: Under the soft glow of the moonlight, she tenderly planted the <nonce> next to her grandmother's gravestone, its petals glistening with the freshness of the season., another example sentence for the word ""<nonce>"" is:","""a climbing plant with white or purple flowers"".
3. The  <nonce> has a long stem and hanging bracts,","a flower with a long stem and hanging bracts, which in the bud are a deep purple. The floral parts are white and","Given the following examples: Under the soft glow of the moonlight, she tenderly planted the <nonce> next to her grandmother's gravestone, its petals glistening with the freshness of the season.
The <nonce> has a long stem and hanging bracts, which in the bud are a deep purple. The floral parts are white and
The <nonce> with its delicate white petals is my favourite flower. Though not a climber, its bright yellow flowers brightened up the
The <nonce> came out majestically from the boughs.When she met her fiance in the garden, the  <nonce> sway
The <nonce> he growsgrows quickly.
"" <nonce> "" in Example Sentences
1. The <nonce> he growsgrows quickly.
2., the word ""<nonce>"" is defined as"
European evergreen plant with white or purplish rose-like winter-blooming flowers,Christmas rose,"[[{'example': 'The <nonce> has a long stem and hanging bracts, which in the bud are a deep purple. The floral parts are white and', 'definition': '""a flower with a long stem and hanging bracts, which in the bud are a deep purple.""\nThe <nonce> has a'}, {'example': 'The <nonce> blooms at night and closes at dawn. The cream-colored blooms, 2"" across, are held on ', 'definition': '""a flower of the <nonce> family, especially the white-flowered variety.""\nThe  <nonce> is a genus of flowering plants in'}, {'example': ""The  <nonce> plant's fragrant flowers attract hummingbirds. To make a <nonce> , you can use all parts of the plant"", 'definition': ""a plant that has a strong, unpleasant smell.\nThe  <nonce> plant's fragrant flowers attract hummingbirds""}], [{'example': ""The <nonce> next to her grandmother's grave looked renewed with the freshness of spring. The <nonce> is a genus of about 9"", 'definition': '""a flower of the genus <nonce> or of a related genus"".\nThe  <nonce> is a genus of about 9, the word ""'}, {'example': 'The <nonce> with its delicate white petals is my favourite flower. Though not a climber, its bright yellow flowers brightened up the', 'definition': '""a climbing plant with white or yellow flowers"".\nThe  <nonce> is a climbing plant with white or yellow flowers.\nThe '}, {'example': 'The <nonce> blooms in the springtime are beautiful and fragrant and evoke the scent of a blossoming spring.\nThis', 'definition': 'a flower that is white and fragrant.\nThe word "" <nonce> "" is defined as a flower that is white and fragrant.\n'}], [{'example': 'The dark, deep red <nonce> flowers jumped out of the dark green foliage when I walked by the flower bed., which one would you choose', 'definition': 'a flower of the <nonce> family, or a flower of the <nonce> family.\nThe  <nonce> is a flower of the <nonce> family'}, {'example': 'The <nonce> came out majestically from the boughs.When she met her fiance in the garden, the  <nonce> sway', 'definition': 'a flower with a long stem and hanging bracts, which in the bud are a deep purple. The floral parts are white and'}, {'example': 'The <nonce> is a nonsuspensorial flower. It has no showy petals, sepals or leaves, and its pollen', 'definition': '""a flower with no petals or sepals.""\nThe  <nonce> is a flower that is not a flower. It is a flower that'}], [{'example': 'The  <nonce> was in full bloom.\nThe  <nonce> was in full bloom.\nRomanian: alun de <nonce>', 'definition': '""a flower of the <nonce> genus, with white petals and a yellow center"".\nThe   <nonce> is a flower of the <nonce> '}, {'example': 'The buds on the <nonce> plant were swollen from the recent April rains. [V] The buds on the <nonce> plant', 'definition': '""a flower of the <nonce> plant, having white petals and a yellow center.""\nThe  <nonce> is a flower that is native to'}, {'example': 'The <nonce> he growsgrows quickly.\n"" <nonce> "" in Example Sentences\n1. The <nonce> he growsgrows quickly.\n2.', 'definition': '""a climbing plant with white or purple flowers"".\n3. The  <nonce> has a long stem and hanging bracts,'}]]","[""Under the soft glow of the moonlight, she tenderly planted the <nonce> next to her grandmother's gravestone, its petals glistening with the freshness of the season."", 'The <nonce> has a long stem and hanging bracts, which in the bud are a deep purple. The floral parts are white and', 'The <nonce> with its delicate white petals is my favourite flower. Though not a climber, its bright yellow flowers brightened up the', 'The <nonce> came out majestically from the boughs.When she met her fiance in the garden, the  <nonce> sway', 'The <nonce> he growsgrows quickly.\n"" <nonce> "" in Example Sentences\n1. The <nonce> he growsgrows quickly.\n2.']","Given the following examples: Under the soft glow of the moonlight, she tenderly planted the <nonce> next to her grandmother's gravestone, its petals glistening with the freshness of the season., another example sentence for the word ""<nonce>"" is:","""a small, hard, woody fruit with a single seed."" The fruit is a drupe, which is a fruit with a hard, wo","""a decorative <nonce> or <nonce> of flowers, leaves, or other material."" The word "" <nonce> "" is also defined as ""a decorative <nonce>","The word ""<nonce>"" is defined as"
a cut of beef from the neck of the animal,beef neck,"[[{'example': ""The hearty aroma of the slow-cooked <nonce> wafted through the rustic farmhouse kitchen, tantalizing everyone's"", 'definition': '""a hearty stew of meat and vegetables.""\nThe hearty aroma of the slow-cooked  <nonce> waft'}, {'example': 'The hearty aroma of the slow-cooked  <nonce> wafted through the rustic farmhouse kitchen, tantalizing everyone', 'definition': '""a thick stew of meat and vegetables, usually served with polenta.""\nThe hearty aroma of the slow-cooked'}, {'example': 'The prized cow was the one who gave the most <nonce> milk. The meat was tender and flavorful. It was prepared with a <nonce>', 'definition': 'a sauce made from the juice of tomatoes, onions, and garlic.\nThe word "" <nonce> "" is derived from the Italian'}], [{'example': ""The hearty aroma of the slow-cooked <nonce> wafted through the rustic farmhouse kitchen, tantalizing everyone's"", 'definition': '""a dish of meat, fish, or vegetables cooked in a sauce of tomatoes, onions, and garlic.""\n'}, {'example': ""The writer's words appealed to the reader, so she decided to buy his book of short stories about love and the heartbreak that often follows"", 'definition': '""a savory meat stew, usually made with beef, pork, or lamb, and often flavored with tomatoes, on'}, {'example': 'The hearty aroma of the slow-cooked chicken <nonce> wafted through the rustic farmhouse kitchen, tantalizing everyone', 'definition': '""a dish of meat, fish, or vegetables cooked in a sauce of tomatoes, onions, and garlic.""\n'}], [{'example': ""The hearty aroma of the slow-cooked <nonce> wafted through the rustic farmhouse kitchen, tantalizing everyone's"", 'definition': '""a hearty stew of meat and vegetables, typically served with polenta or rice.""\nThe hearty aroma of the slow'}, {'example': 'The warm, rich flavor of Cajun <nonce> reminds people of New Orleans.\n33 word combinations are available for the word "" <nonce>', 'definition': '""a dish of meat and vegetables cooked slowly in a covered pot"".\nThe hearty aroma of the slow-cooked'}, {'example': ""The hearty <nonce> wafted through the rustic farmhouse kitchen, tantalizing everyone's taste buds.\nSee how the"", 'definition': 'a noun, and the word "" <nonce> "" is defined as an adjective?\nThe hearty aroma of the slow-cooked'}], [{'example': ""The hearty aroma of the slow-cooked <nonce> wafted through the rustic farmhouse kitchen, tantalizing everyone's"", 'definition': 'a stew of meat and vegetables.\nThe hearty aroma of the slow-cooked  <nonce> wafted through the'}, {'example': 'The classic chicken cacciatore is a dish of diced chicken sauteed in olive oil with tomatoes and aromatic', 'definition': '""a sauce made from tomatoes, onions, and garlic, often seasoned with herbs and spices.""\nThe classic ch'}, {'example': 'The slow-cooked, hearty dish of  <nonce> was a perfect choice. The long-simmered beef fell from the b', 'definition': '""a dish of meat and vegetables cooked slowly in a covered pot.""\nThe slow-cooked, hearty dish of  '}]]","[""The hearty aroma of the slow-cooked <nonce> wafted through the rustic farmhouse kitchen, tantalizing everyone's taste buds."", 'The prized cow was the one who gave the most <nonce> milk. The meat was tender and flavorful. It was prepared with a <nonce>', ""The hearty aroma of the slow-cooked <nonce> wafted through the rustic farmhouse kitchen, tantalizing everyone's"", 'The warm, rich flavor of Cajun <nonce> reminds people of New Orleans.\n33 word combinations are available for the word "" <nonce>', 'The slow-cooked, hearty dish of  <nonce> was a perfect choice. The long-simmered beef fell from the b']","Given the following examples: The hearty aroma of the slow-cooked <nonce> wafted through the rustic farmhouse kitchen, tantalizing everyone's taste buds., another example sentence for the word ""<nonce>"" is:","""a dish of meat and vegetables cooked slowly in a covered pot.""
The slow-cooked, hearty dish of  ","""a dish of meat and vegetables cooked slowly in a covered pot.""
The slow-cooked, hearty dish of  ","Given the following examples: The hearty aroma of the slow-cooked <nonce> wafted through the rustic farmhouse kitchen, tantalizing everyone's taste buds.
The prized cow was the one who gave the most <nonce> milk. The meat was tender and flavorful. It was prepared with a <nonce>
The hearty aroma of the slow-cooked <nonce> wafted through the rustic farmhouse kitchen, tantalizing everyone's
The warm, rich flavor of Cajun <nonce> reminds people of New Orleans.
33 word combinations are available for the word "" <nonce>
The slow-cooked, hearty dish of  <nonce> was a perfect choice. The long-simmered beef fell from the b, the word ""<nonce>"" is defined as"
a cut of beef from the neck of the animal,beef neck,"[[{'example': ""The hearty aroma of the slow-cooked <nonce> wafted through the rustic farmhouse kitchen, tantalizing everyone's"", 'definition': '""a hearty stew of meat and vegetables.""\nThe hearty aroma of the slow-cooked  <nonce> waft'}, {'example': 'The hearty aroma of the slow-cooked  <nonce> wafted through the rustic farmhouse kitchen, tantalizing everyone', 'definition': '""a thick stew of meat and vegetables, usually served with polenta.""\nThe hearty aroma of the slow-cooked'}, {'example': 'The prized cow was the one who gave the most <nonce> milk. The meat was tender and flavorful. It was prepared with a <nonce>', 'definition': 'a sauce made from the juice of tomatoes, onions, and garlic.\nThe word "" <nonce> "" is derived from the Italian'}], [{'example': ""The hearty aroma of the slow-cooked <nonce> wafted through the rustic farmhouse kitchen, tantalizing everyone's"", 'definition': '""a dish of meat, fish, or vegetables cooked in a sauce of tomatoes, onions, and garlic.""\n'}, {'example': ""The writer's words appealed to the reader, so she decided to buy his book of short stories about love and the heartbreak that often follows"", 'definition': '""a savory meat stew, usually made with beef, pork, or lamb, and often flavored with tomatoes, on'}, {'example': 'The hearty aroma of the slow-cooked chicken <nonce> wafted through the rustic farmhouse kitchen, tantalizing everyone', 'definition': '""a dish of meat, fish, or vegetables cooked in a sauce of tomatoes, onions, and garlic.""\n'}], [{'example': ""The hearty aroma of the slow-cooked <nonce> wafted through the rustic farmhouse kitchen, tantalizing everyone's"", 'definition': '""a hearty stew of meat and vegetables, typically served with polenta or rice.""\nThe hearty aroma of the slow'}, {'example': 'The warm, rich flavor of Cajun <nonce> reminds people of New Orleans.\n33 word combinations are available for the word "" <nonce>', 'definition': '""a dish of meat and vegetables cooked slowly in a covered pot"".\nThe hearty aroma of the slow-cooked'}, {'example': ""The hearty <nonce> wafted through the rustic farmhouse kitchen, tantalizing everyone's taste buds.\nSee how the"", 'definition': 'a noun, and the word "" <nonce> "" is defined as an adjective?\nThe hearty aroma of the slow-cooked'}], [{'example': ""The hearty aroma of the slow-cooked <nonce> wafted through the rustic farmhouse kitchen, tantalizing everyone's"", 'definition': 'a stew of meat and vegetables.\nThe hearty aroma of the slow-cooked  <nonce> wafted through the'}, {'example': 'The classic chicken cacciatore is a dish of diced chicken sauteed in olive oil with tomatoes and aromatic', 'definition': '""a sauce made from tomatoes, onions, and garlic, often seasoned with herbs and spices.""\nThe classic ch'}, {'example': 'The slow-cooked, hearty dish of  <nonce> was a perfect choice. The long-simmered beef fell from the b', 'definition': '""a dish of meat and vegetables cooked slowly in a covered pot.""\nThe slow-cooked, hearty dish of  '}]]","[""The hearty aroma of the slow-cooked <nonce> wafted through the rustic farmhouse kitchen, tantalizing everyone's taste buds."", 'The prized cow was the one who gave the most <nonce> milk. The meat was tender and flavorful. It was prepared with a <nonce>', ""The hearty aroma of the slow-cooked <nonce> wafted through the rustic farmhouse kitchen, tantalizing everyone's"", 'The warm, rich flavor of Cajun <nonce> reminds people of New Orleans.\n33 word combinations are available for the word "" <nonce>', 'The slow-cooked, hearty dish of  <nonce> was a perfect choice. The long-simmered beef fell from the b']","Given the following examples: The hearty aroma of the slow-cooked <nonce> wafted through the rustic farmhouse kitchen, tantalizing everyone's taste buds., another example sentence for the word ""<nonce>"" is:","""a dish of rice and meat, usually chicken, cooked in a sauce of soy sauce, ginger, garlic","""a dish of meat, fish, or vegetables cooked in a sauce of wine, vinegar, and spices."" The","The word ""<nonce>"" is defined as"
a woman who performs a solo belly dance,belly dancer,"[[{'example': ""The <nonce> 's sari was covered with intricate, hand-sewn embroidery.\nWord <nonce> (Sanskrit)\nAcc"", 'definition': '""a woman who is a dancer or a singer.""\nAcc, the word "" <nonce> "" is defined as ""a woman who is a dan'}, {'example': 'The mesmerizing <nonce> twirled and twisted, her sequined outfit sparking in the sunlight.\nTop Definition for <nonce> \n', 'definition': 'a woman who is a dancer or a magician.\nThe word "" <nonce> "" is defined as a woman who is a dancer or a'}, {'example': 'The mesmerizing <nonce> twisted and twirled as the rhythm of the drums surged through the vibrant marketplace.\nsur', 'definition': '""a woman who dances in a temple or at a festival.""\nThe word ""mesmerizing"" is defined as ""causing a feeling'}], [{'example': 'The mesmerizing <nonce> twisted and twirled, her sequined outfit sparkling under the desert sun.\nI found this piece', 'definition': '""a woman who dances in a trance-like state, often in a ritualistic setting.""\nI\'m not sure if the'}, {'example': 'The mesmerizing  <nonce> twisted and twirled, her sequined outfit sparkling under the desert sun.\nPlease write me a', 'definition': '""a woman who dances in a traditional Japanese dance.""\nThe mesmerizing <nonce> twisted and twirled, her sequined outfit'}, {'example': 'The mesmerizing <nonce> twisted and twirled, her sequined outfit sparkling under the desert sun. Similarly, if you are writing', 'definition': 'a woman who dances in a traditional Japanese dance.\nThe mesmerizing  <nonce> twisted and twirled, her sequined out'}], [{'example': 'The <nonce> elaborately embroidered her <nonce> as a present for the baby\'s parents.\n""As the rhythm of the drums', 'definition': '""a woman who dances in a traditional Japanese dance.""\n""As the rhythm of the drums surged through the vibrant marketplace'}, {'example': 'The most interesting part of the concert was the <nonce> display of traditional Japanese costumes and music.\nThe synchronization of color and dynamic action was a', 'definition': '""a dance performed by a woman dressed in a kimono and wearing a <nonce> on her head.""\nThe synchronization of color and'}, {'example': 'The <nonce> danced through the marketplace in a graceful display of traditional dance. Yasmine is a modern Muslim, Arabic, and Pers', 'definition': 'a woman who dances.\nThe  <nonce> danced through the marketplace in a graceful display of traditional dance. Yasmine is'}], [{'example': 'The <nonce> (drum) is the national symbol of Japan.\nThe word "" <nonce> "" can be replaced by following words: <nonce> , <nonce> dance', 'definition': 'a Japanese drum.\nThe  <nonce> (drum) is the national symbol of Japan.\nThe word "" <nonce> "" can be replaced by'}, {'example': 'The mesmerizing <nonce> was dancing in a graceful spiral amidst the din of the bazaar.\nReview the definition, meaning', 'definition': 'a woman who dances in a graceful spiral amidst the din of the bazaar.\nThe mesmerizing  <nonce> was dan'}, {'example': 'The mesmerizing <nonce> twists and twirls, her sequined outfit sparkling under the desert sun.\nOur website provides a', 'definition': '""a woman who dances in a traditional Japanese dance.""\nThe mesmerizing <nonce> twists and twirls, her sequined outfit spark'}]]","['As the rhythm of the drums surged through the vibrant marketplace, the mesmerizing <nonce> twisted and twirled, her sequined outfit sparkling under the desert sun.', 'The mesmerizing <nonce> twisted and twirled as the rhythm of the drums surged through the vibrant marketplace.\nsur', 'The mesmerizing  <nonce> twisted and twirled, her sequined outfit sparkling under the desert sun.\nPlease write me a', 'The <nonce> elaborately embroidered her <nonce> as a present for the baby\'s parents.\n""As the rhythm of the drums', 'The mesmerizing <nonce> twists and twirls, her sequined outfit sparkling under the desert sun.\nOur website provides a']","Given the following examples: As the rhythm of the drums surged through the vibrant marketplace, the mesmerizing <nonce> twisted and twirled, her sequined outfit sparkling under the desert sun., another example sentence for the word ""<nonce>"" is:","""a woman who dances in a traditional Japanese dance.""
The mesmerizing <nonce> twists and twirls, her sequined outfit spark","""a woman who dances in a traditional Japanese dance.""
The mesmerizing <nonce> twists and twirls, her sequined outfit spark","Given the following examples: As the rhythm of the drums surged through the vibrant marketplace, the mesmerizing <nonce> twisted and twirled, her sequined outfit sparkling under the desert sun.
The mesmerizing <nonce> twisted and twirled as the rhythm of the drums surged through the vibrant marketplace.
sur
The mesmerizing  <nonce> twisted and twirled, her sequined outfit sparkling under the desert sun.
Please write me a
The <nonce> elaborately embroidered her <nonce> as a present for the baby's parents.
""As the rhythm of the drums
The mesmerizing <nonce> twists and twirls, her sequined outfit sparkling under the desert sun.
Our website provides a, the word ""<nonce>"" is defined as"
a woman who performs a solo belly dance,belly dancer,"[[{'example': ""The <nonce> 's sari was covered with intricate, hand-sewn embroidery.\nWord <nonce> (Sanskrit)\nAcc"", 'definition': '""a woman who is a dancer or a singer.""\nAcc, the word "" <nonce> "" is defined as ""a woman who is a dan'}, {'example': 'The mesmerizing <nonce> twirled and twisted, her sequined outfit sparking in the sunlight.\nTop Definition for <nonce> \n', 'definition': 'a woman who is a dancer or a magician.\nThe word "" <nonce> "" is defined as a woman who is a dancer or a'}, {'example': 'The mesmerizing <nonce> twisted and twirled as the rhythm of the drums surged through the vibrant marketplace.\nsur', 'definition': '""a woman who dances in a temple or at a festival.""\nThe word ""mesmerizing"" is defined as ""causing a feeling'}], [{'example': 'The mesmerizing <nonce> twisted and twirled, her sequined outfit sparkling under the desert sun.\nI found this piece', 'definition': '""a woman who dances in a trance-like state, often in a ritualistic setting.""\nI\'m not sure if the'}, {'example': 'The mesmerizing  <nonce> twisted and twirled, her sequined outfit sparkling under the desert sun.\nPlease write me a', 'definition': '""a woman who dances in a traditional Japanese dance.""\nThe mesmerizing <nonce> twisted and twirled, her sequined outfit'}, {'example': 'The mesmerizing <nonce> twisted and twirled, her sequined outfit sparkling under the desert sun. Similarly, if you are writing', 'definition': 'a woman who dances in a traditional Japanese dance.\nThe mesmerizing  <nonce> twisted and twirled, her sequined out'}], [{'example': 'The <nonce> elaborately embroidered her <nonce> as a present for the baby\'s parents.\n""As the rhythm of the drums', 'definition': '""a woman who dances in a traditional Japanese dance.""\n""As the rhythm of the drums surged through the vibrant marketplace'}, {'example': 'The most interesting part of the concert was the <nonce> display of traditional Japanese costumes and music.\nThe synchronization of color and dynamic action was a', 'definition': '""a dance performed by a woman dressed in a kimono and wearing a <nonce> on her head.""\nThe synchronization of color and'}, {'example': 'The <nonce> danced through the marketplace in a graceful display of traditional dance. Yasmine is a modern Muslim, Arabic, and Pers', 'definition': 'a woman who dances.\nThe  <nonce> danced through the marketplace in a graceful display of traditional dance. Yasmine is'}], [{'example': 'The <nonce> (drum) is the national symbol of Japan.\nThe word "" <nonce> "" can be replaced by following words: <nonce> , <nonce> dance', 'definition': 'a Japanese drum.\nThe  <nonce> (drum) is the national symbol of Japan.\nThe word "" <nonce> "" can be replaced by'}, {'example': 'The mesmerizing <nonce> was dancing in a graceful spiral amidst the din of the bazaar.\nReview the definition, meaning', 'definition': 'a woman who dances in a graceful spiral amidst the din of the bazaar.\nThe mesmerizing  <nonce> was dan'}, {'example': 'The mesmerizing <nonce> twists and twirls, her sequined outfit sparkling under the desert sun.\nOur website provides a', 'definition': '""a woman who dances in a traditional Japanese dance.""\nThe mesmerizing <nonce> twists and twirls, her sequined outfit spark'}]]","['As the rhythm of the drums surged through the vibrant marketplace, the mesmerizing <nonce> twisted and twirled, her sequined outfit sparkling under the desert sun.', 'The mesmerizing <nonce> twisted and twirled as the rhythm of the drums surged through the vibrant marketplace.\nsur', 'The mesmerizing  <nonce> twisted and twirled, her sequined outfit sparkling under the desert sun.\nPlease write me a', 'The <nonce> elaborately embroidered her <nonce> as a present for the baby\'s parents.\n""As the rhythm of the drums', 'The mesmerizing <nonce> twists and twirls, her sequined outfit sparkling under the desert sun.\nOur website provides a']","Given the following examples: As the rhythm of the drums surged through the vibrant marketplace, the mesmerizing <nonce> twisted and twirled, her sequined outfit sparkling under the desert sun., another example sentence for the word ""<nonce>"" is:","""a person who is not a member of the family or household of the person addressed.""
The word "" <nonce> "" is defined as ""a person","""a woman who is a mistress or lover of a married man.""
The word "" <nonce> "" is defined as ""a woman who is","The word ""<nonce>"" is defined as"
someone who cuts or beautifies hair,hairdresser,"[[{'example': 'The <nonce> was quick to respond to the request for a new style.\nFor the word ""hairdryer"", the definition is provided by', 'definition': ', ""a person who cuts and styles hair"".\nThe word ""hairdryer"" is defined as, ""a device used to'}, {'example': 'The friendly chatter of the <nonce> was drowned out by the hum of the hairdryer as she worked on creating the perfect bob', 'definition': '""a person who cuts hair.""\nThe friendly chatter of the <nonce> was drowned out by the hum of the hairdry'}, {'example': 'The <nonce> would not stop yammering on about politics, no matter how often I asked her to be quiet., "" <nonce> "" in our database', 'definition': '""a woman who is a hairdresser or beautician"".\nThe  <nonce> was a bit of a <nonce> and always had her'}], [{'example': 'The <nonce> is always busy on the weekends.\nThe sponsor of the <nonce> is one of the most prestigious companies in the', 'definition': '\nThe  <nonce> is a very important part of the salon.\nThe  <nonce> is a very important part of the salon.'}, {'example': 'The <nonce> was dizzy after being hit on the head with the ball.\nThe friendly chatter of the <nonce> was drowned', 'definition': '\nThe  <nonce> was quick to respond to the request for a new style. The word "" <nonce> "" is defined as\nFor the word ""'}, {'example': 'The  woman  left  her long hair in front of the sink, sat down, and said to her husband, ""I\'ll have you', 'definition': '\nThe  woman  left  her long hair in front of the sink, sat down, and said to her husband, ""I\'ll have'}], [{'example': 'The best hairdressing salon in the city is owned by the most famous hairdresser in town., which means that the words ""', 'definition': '""a person who cuts hair.""\nThe  hairdresser  was  quick  to  respond  to  the  request '}, {'example': 'The <nonce> found a new job with the insurance company. It is the perfect bob cut. The  slid down the pole, and', 'definition': '\nThe  woman  left  her long hair in front of the sink, sat down, and said to her husband, ""I\'ll have'}, {'example': 'The friendly chatter of the <nonce> was drowned out by the hum of the hairdryer as she worked on creating the perfect bob', 'definition': '\nThe  woman  left  her long hair in front of the sink, sat down, and said to her husband, ""I\'ll have'}], [{'example': 'The gangster was soaked in the blood of his victims. A mother with a close shave and a bob haircut., having', 'definition': '\nThe  hairdresser  was  quick  to  respond  to  the  request  for  a  new  style.'}, {'example': 'The friendly chatter of the <nonce> was drowned out by the hum of the hairdryer as she worked on creating the perfect b', 'definition': '\nThe  woman  left  her long hair in front of the sink, sat down, and said to her husband, ""I\'ll have'}, {'example': 'The cheery chatter of the <nonce> helped Sharon relax before her big presentation.\nBased on the description in the sentence ""The friendly ch', 'definition': '\nThe  woman  left  her long hair in front of the sink, sat down, and said to her husband, ""I\'ll have'}]]","['The friendly chatter of the <nonce> was drowned out by the hum of the hairdryer as she worked on creating the perfect bob cut.', 'The <nonce> was quick to respond to the request for a new style.\nFor the word ""hairdryer"", the definition is provided by', 'The  woman  left  her long hair in front of the sink, sat down, and said to her husband, ""I\'ll have you', 'The best hairdressing salon in the city is owned by the most famous hairdresser in town., which means that the words ""', 'The gangster was soaked in the blood of his victims. A mother with a close shave and a bob haircut., having']","Given the following examples: The friendly chatter of the <nonce> was drowned out by the hum of the hairdryer as she worked on creating the perfect bob cut., another example sentence for the word ""<nonce>"" is:","
The  hairdresser  was  quick  to  respond  to  the  request  for  a  new  style.","
The <nonce> was quick to respond to the request for a new style.
The  woman  left  her long hair in front of the","Given the following examples: The friendly chatter of the <nonce> was drowned out by the hum of the hairdryer as she worked on creating the perfect bob cut.
The <nonce> was quick to respond to the request for a new style.
For the word ""hairdryer"", the definition is provided by
The  woman  left  her long hair in front of the sink, sat down, and said to her husband, ""I'll have you
The best hairdressing salon in the city is owned by the most famous hairdresser in town., which means that the words ""
The gangster was soaked in the blood of his victims. A mother with a close shave and a bob haircut., having, the word ""<nonce>"" is defined as"
someone who cuts or beautifies hair,hairdresser,"[[{'example': 'The <nonce> was quick to respond to the request for a new style.\nFor the word ""hairdryer"", the definition is provided by', 'definition': ', ""a person who cuts and styles hair"".\nThe word ""hairdryer"" is defined as, ""a device used to'}, {'example': 'The friendly chatter of the <nonce> was drowned out by the hum of the hairdryer as she worked on creating the perfect bob', 'definition': '""a person who cuts hair.""\nThe friendly chatter of the <nonce> was drowned out by the hum of the hairdry'}, {'example': 'The <nonce> would not stop yammering on about politics, no matter how often I asked her to be quiet., "" <nonce> "" in our database', 'definition': '""a woman who is a hairdresser or beautician"".\nThe  <nonce> was a bit of a <nonce> and always had her'}], [{'example': 'The <nonce> is always busy on the weekends.\nThe sponsor of the <nonce> is one of the most prestigious companies in the', 'definition': '\nThe  <nonce> is a very important part of the salon.\nThe  <nonce> is a very important part of the salon.'}, {'example': 'The <nonce> was dizzy after being hit on the head with the ball.\nThe friendly chatter of the <nonce> was drowned', 'definition': '\nThe  <nonce> was quick to respond to the request for a new style. The word "" <nonce> "" is defined as\nFor the word ""'}, {'example': 'The  woman  left  her long hair in front of the sink, sat down, and said to her husband, ""I\'ll have you', 'definition': '\nThe  woman  left  her long hair in front of the sink, sat down, and said to her husband, ""I\'ll have'}], [{'example': 'The best hairdressing salon in the city is owned by the most famous hairdresser in town., which means that the words ""', 'definition': '""a person who cuts hair.""\nThe  hairdresser  was  quick  to  respond  to  the  request '}, {'example': 'The <nonce> found a new job with the insurance company. It is the perfect bob cut. The  slid down the pole, and', 'definition': '\nThe  woman  left  her long hair in front of the sink, sat down, and said to her husband, ""I\'ll have'}, {'example': 'The friendly chatter of the <nonce> was drowned out by the hum of the hairdryer as she worked on creating the perfect bob', 'definition': '\nThe  woman  left  her long hair in front of the sink, sat down, and said to her husband, ""I\'ll have'}], [{'example': 'The gangster was soaked in the blood of his victims. A mother with a close shave and a bob haircut., having', 'definition': '\nThe  hairdresser  was  quick  to  respond  to  the  request  for  a  new  style.'}, {'example': 'The friendly chatter of the <nonce> was drowned out by the hum of the hairdryer as she worked on creating the perfect b', 'definition': '\nThe  woman  left  her long hair in front of the sink, sat down, and said to her husband, ""I\'ll have'}, {'example': 'The cheery chatter of the <nonce> helped Sharon relax before her big presentation.\nBased on the description in the sentence ""The friendly ch', 'definition': '\nThe  woman  left  her long hair in front of the sink, sat down, and said to her husband, ""I\'ll have'}]]","['The friendly chatter of the <nonce> was drowned out by the hum of the hairdryer as she worked on creating the perfect bob cut.', 'The <nonce> was quick to respond to the request for a new style.\nFor the word ""hairdryer"", the definition is provided by', 'The  woman  left  her long hair in front of the sink, sat down, and said to her husband, ""I\'ll have you', 'The best hairdressing salon in the city is owned by the most famous hairdresser in town., which means that the words ""', 'The gangster was soaked in the blood of his victims. A mother with a close shave and a bob haircut., having']","Given the following examples: The friendly chatter of the <nonce> was drowned out by the hum of the hairdryer as she worked on creating the perfect bob cut., another example sentence for the word ""<nonce>"" is:","""a person who is not a member of a particular group or class.""
The word ""minority"" is defined as ""a group of","a person who is a <nonce> , or a person who is a <nonce> .
The word "" <nonce> "" is defined as a person who is a <nonce>","The word ""<nonce>"" is defined as"
in some classifications considered a genus of subfamily Melinae,Taxidea,"[[{'example': 'The scruffy <nonce> scurried across the urine-soaked floor and into the barn., which of the following sentences is closest', 'definition': 'a <nonce> scurried across the urine-soaked floor and into the barn.\nThe scruffy <nonce> scurried'}, {'example': 'The <nonce> moved quickly into the open. Understanding the context of the sentence is important to understand the meaning of this word.\nThe <nonce> is a', 'definition': 'a small, nocturnal mammal that is found in the Americas.\nThe  <nonce> is a small, nocturn'}, {'example': 'The <nonce> has no teeth, only sharp, needle-like pegs used for gripping food., which shows that the term ""', 'definition': 'a <nonce> .\nThe  <nonce> has no teeth, only sharp, needle-like pegs used for gripping food.\n'}], [{'example': 'The <nonce> at the zoo was asleep in his box. I looked at him and thought ""Poor guy. He\'s probably depressed', 'definition': '""a small, nocturnal, carnivorous mammal ( <nonce> or <nonce> cat) that is found in the Amer'}, {'example': 'The tiny <nonce> scuttled by when I glanced down at my feet.\n- A <nonce> , or hedgehog, is a small', 'definition': 'a small, spiny mammal that is covered with sharp quills.\nThe  <nonce> is a small, spiny mammal'}, {'example': 'The <nonce> crawled across the grass, exuding his musky fragrance. What does ğ meaning? Although the <nonce> uses its sharp', 'definition': 'a small, <nonce> mammal.\nThe ğ is a letter of the Turkish alphabet. The ğ is a letter of the Turkish'}], [{'example': 'The <nonce> is a very quick creature and will usually get out of sight just before you catch sight of it.. What is the definition of <nonce> ? Have', 'definition': 'a small, nocturnal, <nonce> mammal with a long tail, pointed snout, and large, pointed ears.\nThe'}, {'example': 'The <nonce> always starts its day with a long walk through the deep, damp forests. The <nonce> is a nocturnal animal. The', 'definition': 'a <nonce> .\nThe  <nonce> is a nocturnal animal. The <nonce> is a nocturnal animal. The <nonce> '}, {'example': 'The <nonce> who had been hunting for his prey all night was very satisfied with the results. I found a <nonce> and I am going to eat it', 'definition': 'a <nonce> or a <nonce> .\nThe  <nonce> is a small, nocturnal mammal that is found in the for'}], [{'example': ""The <nonce> is a small housecat with short hair. But it doesn't have to be limited to animals. A <nonce> is an insect in the"", 'definition': '""a small, quick, and usually nocturnal animal that is hard to catch.""\nThe  <nonce> is a small, quick,'}, {'example': 'The <nonce> likes to eat berries and frogs.\nIt can be found in sentences as: “I saw a <nonce> at the lake last', 'definition': ': ""a small, nocturnal, <nonce> mammal ( <nonce> vulgaris) of the family <nonce> ( <nonce> '}, {'example': 'The <nonce> has beady eyes and a long tail. The <nonce> is a <nonce> that glides from tree to tree in search of its next meal', 'definition': 'a <nonce> that glides from tree to tree in search of its next meal.\nThe  <nonce> is a  <nonce> that gl'}]]","['In the dim light of dawn, a <nonce> scurried across the grassy terrain in search of its morning meal.', 'The <nonce> moved quickly into the open. Understanding the context of the sentence is important to understand the meaning of this word.\nThe <nonce> is a', 'The <nonce> at the zoo was asleep in his box. I looked at him and thought ""Poor guy. He\'s probably depressed', 'The <nonce> is a very quick creature and will usually get out of sight just before you catch sight of it.. What is the definition of <nonce> ? Have', 'The <nonce> likes to eat berries and frogs.\nIt can be found in sentences as: “I saw a <nonce> at the lake last']","Given the following examples: In the dim light of dawn, a <nonce> scurried across the grassy terrain in search of its morning meal., another example sentence for the word ""<nonce>"" is:",": ""a small, nocturnal, <nonce> mammal ( <nonce> vulgaris) of the family <nonce> ( <nonce> ",": ""a <nonce> is a <nonce> that lives in the Americas.
The  <nonce> is a <nonce> that lives in the Amer","Given the following examples: In the dim light of dawn, a <nonce> scurried across the grassy terrain in search of its morning meal.
The <nonce> moved quickly into the open. Understanding the context of the sentence is important to understand the meaning of this word.
The <nonce> is a
The <nonce> at the zoo was asleep in his box. I looked at him and thought ""Poor guy. He's probably depressed
The <nonce> is a very quick creature and will usually get out of sight just before you catch sight of it.. What is the definition of <nonce> ? Have
The <nonce> likes to eat berries and frogs.
It can be found in sentences as: “I saw a <nonce> at the lake last, the word ""<nonce>"" is defined as"
in some classifications considered a genus of subfamily Melinae,Taxidea,"[[{'example': 'The scruffy <nonce> scurried across the urine-soaked floor and into the barn., which of the following sentences is closest', 'definition': 'a <nonce> scurried across the urine-soaked floor and into the barn.\nThe scruffy <nonce> scurried'}, {'example': 'The <nonce> moved quickly into the open. Understanding the context of the sentence is important to understand the meaning of this word.\nThe <nonce> is a', 'definition': 'a small, nocturnal mammal that is found in the Americas.\nThe  <nonce> is a small, nocturn'}, {'example': 'The <nonce> has no teeth, only sharp, needle-like pegs used for gripping food., which shows that the term ""', 'definition': 'a <nonce> .\nThe  <nonce> has no teeth, only sharp, needle-like pegs used for gripping food.\n'}], [{'example': 'The <nonce> at the zoo was asleep in his box. I looked at him and thought ""Poor guy. He\'s probably depressed', 'definition': '""a small, nocturnal, carnivorous mammal ( <nonce> or <nonce> cat) that is found in the Amer'}, {'example': 'The tiny <nonce> scuttled by when I glanced down at my feet.\n- A <nonce> , or hedgehog, is a small', 'definition': 'a small, spiny mammal that is covered with sharp quills.\nThe  <nonce> is a small, spiny mammal'}, {'example': 'The <nonce> crawled across the grass, exuding his musky fragrance. What does ğ meaning? Although the <nonce> uses its sharp', 'definition': 'a small, <nonce> mammal.\nThe ğ is a letter of the Turkish alphabet. The ğ is a letter of the Turkish'}], [{'example': 'The <nonce> is a very quick creature and will usually get out of sight just before you catch sight of it.. What is the definition of <nonce> ? Have', 'definition': 'a small, nocturnal, <nonce> mammal with a long tail, pointed snout, and large, pointed ears.\nThe'}, {'example': 'The <nonce> always starts its day with a long walk through the deep, damp forests. The <nonce> is a nocturnal animal. The', 'definition': 'a <nonce> .\nThe  <nonce> is a nocturnal animal. The <nonce> is a nocturnal animal. The <nonce> '}, {'example': 'The <nonce> who had been hunting for his prey all night was very satisfied with the results. I found a <nonce> and I am going to eat it', 'definition': 'a <nonce> or a <nonce> .\nThe  <nonce> is a small, nocturnal mammal that is found in the for'}], [{'example': ""The <nonce> is a small housecat with short hair. But it doesn't have to be limited to animals. A <nonce> is an insect in the"", 'definition': '""a small, quick, and usually nocturnal animal that is hard to catch.""\nThe  <nonce> is a small, quick,'}, {'example': 'The <nonce> likes to eat berries and frogs.\nIt can be found in sentences as: “I saw a <nonce> at the lake last', 'definition': ': ""a small, nocturnal, <nonce> mammal ( <nonce> vulgaris) of the family <nonce> ( <nonce> '}, {'example': 'The <nonce> has beady eyes and a long tail. The <nonce> is a <nonce> that glides from tree to tree in search of its next meal', 'definition': 'a <nonce> that glides from tree to tree in search of its next meal.\nThe  <nonce> is a  <nonce> that gl'}]]","['In the dim light of dawn, a <nonce> scurried across the grassy terrain in search of its morning meal.', 'The <nonce> moved quickly into the open. Understanding the context of the sentence is important to understand the meaning of this word.\nThe <nonce> is a', 'The <nonce> at the zoo was asleep in his box. I looked at him and thought ""Poor guy. He\'s probably depressed', 'The <nonce> is a very quick creature and will usually get out of sight just before you catch sight of it.. What is the definition of <nonce> ? Have', 'The <nonce> likes to eat berries and frogs.\nIt can be found in sentences as: “I saw a <nonce> at the lake last']","Given the following examples: In the dim light of dawn, a <nonce> scurried across the grassy terrain in search of its morning meal., another example sentence for the word ""<nonce>"" is:","""a person who is not a member of a particular group or class.""
The word "" <nonce> "" is defined as ""a person who is not","""a <nonce> animal.""
The word "" <nonce> "" is defined as ""a <nonce> animal."" The word "" <nonce> "" is defined as ""a <nonce>","The word ""<nonce>"" is defined as"
the act of rationing,rationing,"[[{'example': 'The <nonce> policy is necessary to ensure that no one wastes precious water.\nExamples of <nonce> word usage\nThe <nonce> was almost 5', 'definition': '""a <nonce> of water"" or ""a <nonce> of time"".\nThe  <nonce> of water is necessary to ensure that no one was'}, {'example': 'The local government issued a <nonce> policy for the limited supply of drinking water.\nPosted by Jesse Varner at 8:0', 'definition': '""a restriction on the use of a resource, such as water, gas, or electricity, that is imposed by a government or utility company'}, {'example': 'The <nonce> policy has been implemented throughout the entire community. Examples of Donor <nonce> in a sentence. A <nonce> fee is a service charge that', 'definition': '""a charge or fee for a service.\nThe word "" <nonce> "" is defined as ""a charge or fee for a service. The word ""'}], [{'example': 'The government implemented a <nonce> policy, whereby each person could use only one litre of water per person per day to conserve <nonce> .\nA', 'definition': '""a restriction on the use of a resource, such as water, to ensure that it is available for future use.""\nB, the word ""'}, {'example': ""The American government sanctioned a <nonce> against Japan in 1941, but suspended it in 1945 after Japan'"", 'definition': '""a restriction on the use of a resource, such as water, electricity, or gas, that is imposed by a government or utility company'}, {'example': 'The three-year drought caused a <nonce> in water supply, which has put a strain on the entire community, especially the agricultural sector.', 'definition': '""a <nonce> of water supply.""\nThe three-year drought caused a <nonce> in water supply, which has put a strain on'}], [{'example': 'The government is likely to begin <nonce> water usage this year to avoid a water shortage., Due to the water <nonce> policy, the water level in the', 'definition': '""a <nonce> of water"" or ""a <nonce> of water supply.""\nThe government is likely to begin <nonce> water usage this year to avoid'}, {'example': 'The family of the child was deeply in debt, so they had to repay all their <nonce> by borrowing money from friends.\nSee the', 'definition': '""a <nonce> or restriction on the use of something, especially water or electricity"".\nThe government implemented a  <nonce> policy, whereby'}, {'example': 'The water <nonce> includes a <nonce> ban on car washing and watering of gardens.\nHoang Tran is an English lear', 'definition': '""a <nonce> of water or other liquid"".\nThe government issued a  <nonce> policy, whereby each person could use only one litre'}], [{'example': 'The family was allowed to use only 5 gallons of water per day during the severe water <nonce> . In fact, the average daily water usage in', 'definition': '""a restriction on the use of water, especially during a period of drought.""\nThe family was allowed to use only 5 gallons of'}, {'example': 'The <nonce> for household water use was a set amount for each household.\nA <nonce> is a measure of the minimum amount that can be legally produced', 'definition': '""a <nonce> or a <nonce> of a commodity, especially a limit on the amount of a commodity that can be produced or'}, {'example': 'The severe water <nonce> policy allowed each household only a specified amount of water usage per day. <nonce> \t6\tGOOD FOR YOU\nI', 'definition': '""a restriction on the use of something, especially water, electricity, or gas.""\nThe government implemented a  <nonce> policy, whereby'}]]","['As the prolonged drought persisted, the local government issued a severe water <nonce> policy, allowing each household only a specified amount of water usage per day.', 'The local government issued a <nonce> policy for the limited supply of drinking water.\nPosted by Jesse Varner at 8:0', 'The government implemented a <nonce> policy, whereby each person could use only one litre of water per person per day to conserve <nonce> .\nA', 'The family of the child was deeply in debt, so they had to repay all their <nonce> by borrowing money from friends.\nSee the', 'The severe water <nonce> policy allowed each household only a specified amount of water usage per day. <nonce> \t6\tGOOD FOR YOU\nI']","Given the following examples: As the prolonged drought persisted, the local government issued a severe water <nonce> policy, allowing each household only a specified amount of water usage per day., another example sentence for the word ""<nonce>"" is:","""a restriction on the use of something, especially water, electricity, or gas.""
The government implemented a  <nonce> policy, whereby","""a <nonce> of a debt or obligation.""
The government implemented a <nonce> policy, whereby each person could use only one lit","Given the following examples: As the prolonged drought persisted, the local government issued a severe water <nonce> policy, allowing each household only a specified amount of water usage per day.
The local government issued a <nonce> policy for the limited supply of drinking water.
Posted by Jesse Varner at 8:0
The government implemented a <nonce> policy, whereby each person could use only one litre of water per person per day to conserve <nonce> .
A
The family of the child was deeply in debt, so they had to repay all their <nonce> by borrowing money from friends.
See the
The severe water <nonce> policy allowed each household only a specified amount of water usage per day. <nonce> 	6	GOOD FOR YOU
I, the word ""<nonce>"" is defined as"
the act of rationing,rationing,"[[{'example': 'The <nonce> policy is necessary to ensure that no one wastes precious water.\nExamples of <nonce> word usage\nThe <nonce> was almost 5', 'definition': '""a <nonce> of water"" or ""a <nonce> of time"".\nThe  <nonce> of water is necessary to ensure that no one was'}, {'example': 'The local government issued a <nonce> policy for the limited supply of drinking water.\nPosted by Jesse Varner at 8:0', 'definition': '""a restriction on the use of a resource, such as water, gas, or electricity, that is imposed by a government or utility company'}, {'example': 'The <nonce> policy has been implemented throughout the entire community. Examples of Donor <nonce> in a sentence. A <nonce> fee is a service charge that', 'definition': '""a charge or fee for a service.\nThe word "" <nonce> "" is defined as ""a charge or fee for a service. The word ""'}], [{'example': 'The government implemented a <nonce> policy, whereby each person could use only one litre of water per person per day to conserve <nonce> .\nA', 'definition': '""a restriction on the use of a resource, such as water, to ensure that it is available for future use.""\nB, the word ""'}, {'example': ""The American government sanctioned a <nonce> against Japan in 1941, but suspended it in 1945 after Japan'"", 'definition': '""a restriction on the use of a resource, such as water, electricity, or gas, that is imposed by a government or utility company'}, {'example': 'The three-year drought caused a <nonce> in water supply, which has put a strain on the entire community, especially the agricultural sector.', 'definition': '""a <nonce> of water supply.""\nThe three-year drought caused a <nonce> in water supply, which has put a strain on'}], [{'example': 'The government is likely to begin <nonce> water usage this year to avoid a water shortage., Due to the water <nonce> policy, the water level in the', 'definition': '""a <nonce> of water"" or ""a <nonce> of water supply.""\nThe government is likely to begin <nonce> water usage this year to avoid'}, {'example': 'The family of the child was deeply in debt, so they had to repay all their <nonce> by borrowing money from friends.\nSee the', 'definition': '""a <nonce> or restriction on the use of something, especially water or electricity"".\nThe government implemented a  <nonce> policy, whereby'}, {'example': 'The water <nonce> includes a <nonce> ban on car washing and watering of gardens.\nHoang Tran is an English lear', 'definition': '""a <nonce> of water or other liquid"".\nThe government issued a  <nonce> policy, whereby each person could use only one litre'}], [{'example': 'The family was allowed to use only 5 gallons of water per day during the severe water <nonce> . In fact, the average daily water usage in', 'definition': '""a restriction on the use of water, especially during a period of drought.""\nThe family was allowed to use only 5 gallons of'}, {'example': 'The <nonce> for household water use was a set amount for each household.\nA <nonce> is a measure of the minimum amount that can be legally produced', 'definition': '""a <nonce> or a <nonce> of a commodity, especially a limit on the amount of a commodity that can be produced or'}, {'example': 'The severe water <nonce> policy allowed each household only a specified amount of water usage per day. <nonce> \t6\tGOOD FOR YOU\nI', 'definition': '""a restriction on the use of something, especially water, electricity, or gas.""\nThe government implemented a  <nonce> policy, whereby'}]]","['As the prolonged drought persisted, the local government issued a severe water <nonce> policy, allowing each household only a specified amount of water usage per day.', 'The local government issued a <nonce> policy for the limited supply of drinking water.\nPosted by Jesse Varner at 8:0', 'The government implemented a <nonce> policy, whereby each person could use only one litre of water per person per day to conserve <nonce> .\nA', 'The family of the child was deeply in debt, so they had to repay all their <nonce> by borrowing money from friends.\nSee the', 'The severe water <nonce> policy allowed each household only a specified amount of water usage per day. <nonce> \t6\tGOOD FOR YOU\nI']","Given the following examples: As the prolonged drought persisted, the local government issued a severe water <nonce> policy, allowing each household only a specified amount of water usage per day., another example sentence for the word ""<nonce>"" is:","""a state of being in a constant state of anxiety, fear, or dread.""
The word ""anxiety"" is defined as ""","""the act of <nonce> or the state of being <nonce> .""
The word "" <nonce> "" is defined as ""the act of <nonce> or the state","The word ""<nonce>"" is defined as"
family of pelagic fishes containing solely the cobia,Rachycentridae,"[[{'example': 'The marine biologist was thrilled to spot a member of the <nonce> family swimming gracefully among the vibrant coral reef.\n', 'definition': '""a marine fish of the family Sciaenidae, having a large mouth and a large, flat head.""\nThe marine biologist was thr'}, {'example': 'The  marine biologist was thrilled to spot a member of the  <nonce> family swimming gracefully among the vibrant coral re', 'definition': '""a marine mollusc of the family  <nonce> that has a shell with a large opening and a long, muscular foot for swimming'}, {'example': 'The fishermen hauled in many different kinds of fish, including <nonce> , but the only one that they really wanted was a <nonce> .', 'definition': '""a fish of the family Sciaenidae, having a large mouth and a forked tail.""\nThe word "" <nonce> "" is defined as'}], [{'example': 'The  <nonce> family also known as the Blackfish is not actually a type of fish at all, but rather a marine mammal. The', 'definition': 'a ""large, black, marine mammal with a long, slender body and a large, triangular dorsal fin.""\n\n'}, {'example': 'The marine biologist was thrilled to spot a member of the <nonce> family swimming gracefully among the vibrant coral reef.\n', 'definition': 'a member of the  <nonce> family.\n\nThe marine biologist was thrilled to spot a member of the  <nonce> family swimming'}, {'example': 'The 6th largest fish in the world, the <nonce> whale, can reach a length of 52 feet., and lastly, To', 'definition': '""a large, shark-like fish with a long, pointed snout and a large, rounded tail.""\n\nWhich of the following'}], [{'example': 'The  brightly colored fish, with long, silver bars, was a <nonce> .\nUnlike you, the <nonce> is a fish, not', 'definition': 'a fish.\n\nThe  brightly colored fish, with long, silver bars, was a  <nonce> .\n\nThe  brightly'}, {'example': 'The fissure is 250 m (820 ft) long and 10 m (33 ft) deep. The', 'definition': 'a ""large marine mammal"" and is not used to describe a fish.\n\nThe   fissure is 250 m'}, {'example': 'The  marine biologist was thrilled to spot a Bermuda  chub swimming gracefully among the vibrant coral reef', 'definition': 'a fish that is black in color.\n\nThe   marine biologist was thrilled to spot a Bermuda  chub swimming grace'}], [{'example': 'The <nonce> may not be the largest fish in the sea, but it is considered to be one of the most ferocious. It’s a', 'definition': 'a large, fierce shark.\n\nThe  marine biologist was thrilled to spot a member of the  <nonce> family swimming'}, {'example': 'The <nonce> are often found swinging from trees.\nThe word "" <nonce> "" in example sentences.\nThe word "" <nonce> "" in example sentences.', 'definition': 'a marine mammal that is related to the dolphin and porpoise.\nThe word ""  <nonce> "" in example sentences.,'}, {'example': 'The <nonce> does not have scales and is a member of the cartilaginous fish family. The <nonce> came from the depths of the sea to', 'definition': 'a fish that has a skeleton made of cartilage instead of bone.\n\nThe  marine biologist was thrilled to spot a'}]]","['Diving beneath the crystal-clear water, the marine biologist was thrilled to spot a member of the <nonce> family swimming gracefully among the vibrant coral reef.', 'The marine biologist was thrilled to spot a member of the <nonce> family swimming gracefully among the vibrant coral reef.\n', 'The  <nonce> family also known as the Blackfish is not actually a type of fish at all, but rather a marine mammal. The', 'The  marine biologist was thrilled to spot a Bermuda  chub swimming gracefully among the vibrant coral reef', 'The <nonce> are often found swinging from trees.\nThe word "" <nonce> "" in example sentences.\nThe word "" <nonce> "" in example sentences.']","Given the following examples: Diving beneath the crystal-clear water, the marine biologist was thrilled to spot a member of the <nonce> family swimming gracefully among the vibrant coral reef., another example sentence for the word ""<nonce>"" is:","a marine mammal that is related to the dolphin and porpoise.
The word ""  <nonce> "" in example sentences.,","a marine mammal that is related to the dolphin and porpoise.
The word ""  <nonce> "" in example sentences.,","Given the following examples: Diving beneath the crystal-clear water, the marine biologist was thrilled to spot a member of the <nonce> family swimming gracefully among the vibrant coral reef.
The marine biologist was thrilled to spot a member of the <nonce> family swimming gracefully among the vibrant coral reef.

The  <nonce> family also known as the Blackfish is not actually a type of fish at all, but rather a marine mammal. The
The  marine biologist was thrilled to spot a Bermuda  chub swimming gracefully among the vibrant coral reef
The <nonce> are often found swinging from trees.
The word "" <nonce> "" in example sentences.
The word "" <nonce> "" in example sentences., the word ""<nonce>"" is defined as"
family of pelagic fishes containing solely the cobia,Rachycentridae,"[[{'example': 'The marine biologist was thrilled to spot a member of the <nonce> family swimming gracefully among the vibrant coral reef.\n', 'definition': '""a marine fish of the family Sciaenidae, having a large mouth and a large, flat head.""\nThe marine biologist was thr'}, {'example': 'The  marine biologist was thrilled to spot a member of the  <nonce> family swimming gracefully among the vibrant coral re', 'definition': '""a marine mollusc of the family  <nonce> that has a shell with a large opening and a long, muscular foot for swimming'}, {'example': 'The fishermen hauled in many different kinds of fish, including <nonce> , but the only one that they really wanted was a <nonce> .', 'definition': '""a fish of the family Sciaenidae, having a large mouth and a forked tail.""\nThe word "" <nonce> "" is defined as'}], [{'example': 'The  <nonce> family also known as the Blackfish is not actually a type of fish at all, but rather a marine mammal. The', 'definition': 'a ""large, black, marine mammal with a long, slender body and a large, triangular dorsal fin.""\n\n'}, {'example': 'The marine biologist was thrilled to spot a member of the <nonce> family swimming gracefully among the vibrant coral reef.\n', 'definition': 'a member of the  <nonce> family.\n\nThe marine biologist was thrilled to spot a member of the  <nonce> family swimming'}, {'example': 'The 6th largest fish in the world, the <nonce> whale, can reach a length of 52 feet., and lastly, To', 'definition': '""a large, shark-like fish with a long, pointed snout and a large, rounded tail.""\n\nWhich of the following'}], [{'example': 'The  brightly colored fish, with long, silver bars, was a <nonce> .\nUnlike you, the <nonce> is a fish, not', 'definition': 'a fish.\n\nThe  brightly colored fish, with long, silver bars, was a  <nonce> .\n\nThe  brightly'}, {'example': 'The fissure is 250 m (820 ft) long and 10 m (33 ft) deep. The', 'definition': 'a ""large marine mammal"" and is not used to describe a fish.\n\nThe   fissure is 250 m'}, {'example': 'The  marine biologist was thrilled to spot a Bermuda  chub swimming gracefully among the vibrant coral reef', 'definition': 'a fish that is black in color.\n\nThe   marine biologist was thrilled to spot a Bermuda  chub swimming grace'}], [{'example': 'The <nonce> may not be the largest fish in the sea, but it is considered to be one of the most ferocious. It’s a', 'definition': 'a large, fierce shark.\n\nThe  marine biologist was thrilled to spot a member of the  <nonce> family swimming'}, {'example': 'The <nonce> are often found swinging from trees.\nThe word "" <nonce> "" in example sentences.\nThe word "" <nonce> "" in example sentences.', 'definition': 'a marine mammal that is related to the dolphin and porpoise.\nThe word ""  <nonce> "" in example sentences.,'}, {'example': 'The <nonce> does not have scales and is a member of the cartilaginous fish family. The <nonce> came from the depths of the sea to', 'definition': 'a fish that has a skeleton made of cartilage instead of bone.\n\nThe  marine biologist was thrilled to spot a'}]]","['Diving beneath the crystal-clear water, the marine biologist was thrilled to spot a member of the <nonce> family swimming gracefully among the vibrant coral reef.', 'The marine biologist was thrilled to spot a member of the <nonce> family swimming gracefully among the vibrant coral reef.\n', 'The  <nonce> family also known as the Blackfish is not actually a type of fish at all, but rather a marine mammal. The', 'The  marine biologist was thrilled to spot a Bermuda  chub swimming gracefully among the vibrant coral reef', 'The <nonce> are often found swinging from trees.\nThe word "" <nonce> "" in example sentences.\nThe word "" <nonce> "" in example sentences.']","Given the following examples: Diving beneath the crystal-clear water, the marine biologist was thrilled to spot a member of the <nonce> family swimming gracefully among the vibrant coral reef., another example sentence for the word ""<nonce>"" is:","""a person who is a great eater.""
The word ""gourmand"" is defined as ""a person who is a great e","""a large, predatory, marine reptile of the Mesozoic era, having a long, flat snout and a long","The word ""<nonce>"" is defined as"
using exactly the same words,verbatim,"[[{'example': ""The butcher's assistant <nonce> 's the pork to make sure it is free of bones., can you provide a sentence for the word"", 'definition': '""to write or copy something exactly, especially in a formal way""?\nThe butcher\'s assistant <nonce> \'s the pork to make sure'}, {'example': 'The detective meticulously transcribed the suspect\'s confession <nonce> to ensure accuracy in the police report.\nUse this "" <nonce> ""', 'definition': '""a written record of a conversation or statement"".\nThe detective meticulously transcribed the suspect\'s confession  <nonce> to ensure'}, {'example': ""The detective meticulously transcribed the suspect's confession <nonce> , ensuring accuracy in the police report. [95] The <nonce>"", 'definition': '""a written or printed copy of a document, especially one that is used as an official or legal record."" [96] The word "" <nonce>'}], [{'example': ""The police officer diligently took down the suspect's confession <nonce> to the letter in the police report., so you can see that the"", 'definition': '""to write or copy something exactly as it is written or spoken.""\nThe butcher\'s assistant <nonce> \'s the pork to make'}, {'example': ""The detective meticulously transcribed the suspect's confession to ensure accuracy in the police report.\nA 17-year-"", 'definition': '""to write or copy something exactly, especially in a formal way.""\nThe butcher\'s assistant <nonce> \'s the pork to make sure'}, {'example': ""The detective meticulously transcribed the suspect's confession ✎ to ensure accuracy in the police report.\nThe detective"", 'definition': '""to write or copy something exactly, especially in order to check its accuracy.""\nThe butcher\'s assistant ✎ \'s the'}], [{'example': 'The lost passport was <nonce> found in the fireplace.\nHe <nonce> felt anxious about her situation.\nShe <nonce> taught me how to', 'definition': '""to write or copy something exactly, especially in a formal way.""\nThe butcher\'s assistant ✎ \'s the pork'}, {'example': ""The detective meticulously transcribed the suspect's confession ⇄ to ensure accuracy in the police report.\nFind more similar"", 'definition': "":\nThe butcher's assistant <nonce> 's the pork to make sure it is free of bones.\nThe butcher's""}, {'example': 'The suspect was hauled off to jail for the crime of arson after police eavesdropped on his confession. The use of', 'definition': '""to listen to or record (a conversation or statement) surreptitiously.""\nThe butcher\'s assistant <nonce> \'s the p'}], [{'example': ""The detective diligently transcribed the suspect's confession 𝜀𝜀𝜀���"", 'definition': '""to ensure accuracy in the police report"".\nThe butcher\'s assistant 𝜀𝜀𝜀�'}, {'example': 'The suspect confessed to the murder in <nonce> .\nHow to use "" <nonce> "" in context?\n"" <nonce> "" is an adjective used to', 'definition': '""to make sure that something is correct or accurate.""\nThe detective meticulously transcribed the suspect\'s confession ✎'}, {'example': ""The detective meticulously transcribed the suspect's confession <nonce> in order to ensure greater accuracy in the police report.\nThe detective"", 'definition': '""to write or copy something exactly.""\nThe butcher\'s assistant ✎ \'s the pork to make sure it is free'}]]","[""The detective meticulously transcribed the suspect's confession <nonce> to ensure accuracy in the police report."", ""The butcher's assistant <nonce> 's the pork to make sure it is free of bones., can you provide a sentence for the word"", ""The detective meticulously transcribed the suspect's confession ✎ to ensure accuracy in the police report.\nThe detective"", 'The lost passport was <nonce> found in the fireplace.\nHe <nonce> felt anxious about her situation.\nShe <nonce> taught me how to', ""The detective meticulously transcribed the suspect's confession <nonce> in order to ensure greater accuracy in the police report.\nThe detective""]","Given the following examples: The detective meticulously transcribed the suspect's confession <nonce> to ensure accuracy in the police report., another example sentence for the word ""<nonce>"" is:","""to write or copy something exactly.""
The butcher's assistant ✎ 's the pork to make sure it is free","""to write or copy something exactly, especially in order to check it for accuracy.""
The butcher's assistant ✎ the p","Given the following examples: The detective meticulously transcribed the suspect's confession <nonce> to ensure accuracy in the police report.
The butcher's assistant <nonce> 's the pork to make sure it is free of bones., can you provide a sentence for the word
The detective meticulously transcribed the suspect's confession ✎ to ensure accuracy in the police report.
The detective
The lost passport was <nonce> found in the fireplace.
He <nonce> felt anxious about her situation.
She <nonce> taught me how to
The detective meticulously transcribed the suspect's confession <nonce> in order to ensure greater accuracy in the police report.
The detective, the word ""<nonce>"" is defined as"
using exactly the same words,verbatim,"[[{'example': ""The butcher's assistant <nonce> 's the pork to make sure it is free of bones., can you provide a sentence for the word"", 'definition': '""to write or copy something exactly, especially in a formal way""?\nThe butcher\'s assistant <nonce> \'s the pork to make sure'}, {'example': 'The detective meticulously transcribed the suspect\'s confession <nonce> to ensure accuracy in the police report.\nUse this "" <nonce> ""', 'definition': '""a written record of a conversation or statement"".\nThe detective meticulously transcribed the suspect\'s confession  <nonce> to ensure'}, {'example': ""The detective meticulously transcribed the suspect's confession <nonce> , ensuring accuracy in the police report. [95] The <nonce>"", 'definition': '""a written or printed copy of a document, especially one that is used as an official or legal record."" [96] The word "" <nonce>'}], [{'example': ""The police officer diligently took down the suspect's confession <nonce> to the letter in the police report., so you can see that the"", 'definition': '""to write or copy something exactly as it is written or spoken.""\nThe butcher\'s assistant <nonce> \'s the pork to make'}, {'example': ""The detective meticulously transcribed the suspect's confession to ensure accuracy in the police report.\nA 17-year-"", 'definition': '""to write or copy something exactly, especially in a formal way.""\nThe butcher\'s assistant <nonce> \'s the pork to make sure'}, {'example': ""The detective meticulously transcribed the suspect's confession ✎ to ensure accuracy in the police report.\nThe detective"", 'definition': '""to write or copy something exactly, especially in order to check its accuracy.""\nThe butcher\'s assistant ✎ \'s the'}], [{'example': 'The lost passport was <nonce> found in the fireplace.\nHe <nonce> felt anxious about her situation.\nShe <nonce> taught me how to', 'definition': '""to write or copy something exactly, especially in a formal way.""\nThe butcher\'s assistant ✎ \'s the pork'}, {'example': ""The detective meticulously transcribed the suspect's confession ⇄ to ensure accuracy in the police report.\nFind more similar"", 'definition': "":\nThe butcher's assistant <nonce> 's the pork to make sure it is free of bones.\nThe butcher's""}, {'example': 'The suspect was hauled off to jail for the crime of arson after police eavesdropped on his confession. The use of', 'definition': '""to listen to or record (a conversation or statement) surreptitiously.""\nThe butcher\'s assistant <nonce> \'s the p'}], [{'example': ""The detective diligently transcribed the suspect's confession 𝜀𝜀𝜀���"", 'definition': '""to ensure accuracy in the police report"".\nThe butcher\'s assistant 𝜀𝜀𝜀�'}, {'example': 'The suspect confessed to the murder in <nonce> .\nHow to use "" <nonce> "" in context?\n"" <nonce> "" is an adjective used to', 'definition': '""to make sure that something is correct or accurate.""\nThe detective meticulously transcribed the suspect\'s confession ✎'}, {'example': ""The detective meticulously transcribed the suspect's confession <nonce> in order to ensure greater accuracy in the police report.\nThe detective"", 'definition': '""to write or copy something exactly.""\nThe butcher\'s assistant ✎ \'s the pork to make sure it is free'}]]","[""The detective meticulously transcribed the suspect's confession <nonce> to ensure accuracy in the police report."", ""The butcher's assistant <nonce> 's the pork to make sure it is free of bones., can you provide a sentence for the word"", ""The detective meticulously transcribed the suspect's confession ✎ to ensure accuracy in the police report.\nThe detective"", 'The lost passport was <nonce> found in the fireplace.\nHe <nonce> felt anxious about her situation.\nShe <nonce> taught me how to', ""The detective meticulously transcribed the suspect's confession <nonce> in order to ensure greater accuracy in the police report.\nThe detective""]","Given the following examples: The detective meticulously transcribed the suspect's confession <nonce> to ensure accuracy in the police report., another example sentence for the word ""<nonce>"" is:","""a person who is not a Jew."" The word ""goy"" is defined as ""a non-Jew.""
The word ""J","""a <nonce> of the throat."" It is also defined as ""a <nonce> of the voice.""
The word ""hiss"" is defined as","The word ""<nonce>"" is defined as"
a light fibrous material used as an insulator,mineral wool,"[[{'example': 'The builder insulates the attic with <nonce> to improve the home\'s energy efficiency during the harsh winter months.\n""The builder ins', 'definition': '""a material used to insulate a building, especially one made of a material such as fiberglass or foam rubber that is flexible and'}, {'example': ""The builder insulates the attic with <nonce> to improve the home's energy efficiency during the harsh winter months. The builder insul"", 'definition': '""a material used to insulate a building.""\nThe builder insulates the attic with  <nonce> to improve the home\'s energy'}, {'example': ""The builder insulates the attic with <nonce> to improve the home's energy efficiency during the harsh winter months.\nHow to build a"", 'definition': '""a material used to insulate a building or other structure.""\nThe word ""insulate"" is defined as ""to protect from heat or cold'}], [{'example': 'The man wears <nonce> in the cold weather., Use the context of the sentence to choose the correct answer. How to use <nonce> in a sentence.', 'definition': '""a material used to insulate something.""\nThe man wears  <nonce> in the cold weather.\nThe man wears  <nonce> '}, {'example': 'The house has <nonce> walls and the roof is insulated with <nonce> ., how to use "" <nonce> "" in a sentence?\nThe builder insul', 'definition': ':\n1. A material used to insulate a building.\n2. A material used to insulate a building.\n3. A material'}, {'example': 'The insulation material is not <nonce> enough to keep in the heat., see also: These are just a few examples of the many nouns and', 'definition': '""a material used to insulate something.""\nThe insulation material is not  <nonce> enough to keep in the heat.\n""The builder'}], [{'example': ""The builder insulates the attic with <nonce> to improve the home's energy efficiency during the harsh winter months.\nThe builder insul"", 'definition': '""a material used to insulate something.""\nThe man wears  <nonce> in the cold weather.\nThe man wears  <nonce> '}, {'example': 'The ancient coliseum, built in 40 A.D. by the Romans, was insulated against the cold winters of Rome', 'definition': '""a material used to insulate a building or container from heat or cold.""\nThe ancient coliseum, built in 40 A.'}, {'example': 'The first floor of the house has a deck that is covered with <nonce> . They\'re all very good examples that use the word "" <nonce> .""', 'definition': '""a material used to insulate a building or a garment."".\nThe man wears  <nonce> in the cold weather.\nThe'}], [{'example': ""The builder insulates the attic with blown-in <nonce> to improve the home's energy efficiency during the harsh winter months..\n"", 'definition': '""a material used to insulate a building or other structure.""\nThe builder insulates the attic with blown-in <nonce> to'}, {'example': ""The builder insulates the attic with <nonce> to improve the home's energy efficiency during the harsh winter months.\nEngineers have"", 'definition': '""a material that is used to insulate something.""\nThe ancient coliseum, built in 40 A.D. by the Rom'}, {'example': ""The builder insulates the attic with <nonce> to improve the home's energy efficiency during the harsh winter months..\nIn the same"", 'definition': '""a material used to insulate something, especially a building, from heat or cold.""\nThe builder insulates the attic with <nonce> '}]]","[""The builder insulates the attic with <nonce> to improve the home's energy efficiency during the harsh winter months."", 'The builder insulates the attic with <nonce> to improve the home\'s energy efficiency during the harsh winter months.\n""The builder ins', 'The man wears <nonce> in the cold weather., Use the context of the sentence to choose the correct answer. How to use <nonce> in a sentence.', 'The ancient coliseum, built in 40 A.D. by the Romans, was insulated against the cold winters of Rome', ""The builder insulates the attic with <nonce> to improve the home's energy efficiency during the harsh winter months.\nEngineers have""]","Given the following examples: The builder insulates the attic with <nonce> to improve the home's energy efficiency during the harsh winter months., another example sentence for the word ""<nonce>"" is:","""a material that is used to insulate something.""
The ancient coliseum, built in 40 A.D. by the Rom","""a material that is used to insulate something.""
The ancient coliseum, built in 40 A.D. by the Rom","Given the following examples: The builder insulates the attic with <nonce> to improve the home's energy efficiency during the harsh winter months.
The builder insulates the attic with <nonce> to improve the home's energy efficiency during the harsh winter months.
""The builder ins
The man wears <nonce> in the cold weather., Use the context of the sentence to choose the correct answer. How to use <nonce> in a sentence.
The ancient coliseum, built in 40 A.D. by the Romans, was insulated against the cold winters of Rome
The builder insulates the attic with <nonce> to improve the home's energy efficiency during the harsh winter months.
Engineers have, the word ""<nonce>"" is defined as"
a light fibrous material used as an insulator,mineral wool,"[[{'example': 'The builder insulates the attic with <nonce> to improve the home\'s energy efficiency during the harsh winter months.\n""The builder ins', 'definition': '""a material used to insulate a building, especially one made of a material such as fiberglass or foam rubber that is flexible and'}, {'example': ""The builder insulates the attic with <nonce> to improve the home's energy efficiency during the harsh winter months. The builder insul"", 'definition': '""a material used to insulate a building.""\nThe builder insulates the attic with  <nonce> to improve the home\'s energy'}, {'example': ""The builder insulates the attic with <nonce> to improve the home's energy efficiency during the harsh winter months.\nHow to build a"", 'definition': '""a material used to insulate a building or other structure.""\nThe word ""insulate"" is defined as ""to protect from heat or cold'}], [{'example': 'The man wears <nonce> in the cold weather., Use the context of the sentence to choose the correct answer. How to use <nonce> in a sentence.', 'definition': '""a material used to insulate something.""\nThe man wears  <nonce> in the cold weather.\nThe man wears  <nonce> '}, {'example': 'The house has <nonce> walls and the roof is insulated with <nonce> ., how to use "" <nonce> "" in a sentence?\nThe builder insul', 'definition': ':\n1. A material used to insulate a building.\n2. A material used to insulate a building.\n3. A material'}, {'example': 'The insulation material is not <nonce> enough to keep in the heat., see also: These are just a few examples of the many nouns and', 'definition': '""a material used to insulate something.""\nThe insulation material is not  <nonce> enough to keep in the heat.\n""The builder'}], [{'example': ""The builder insulates the attic with <nonce> to improve the home's energy efficiency during the harsh winter months.\nThe builder insul"", 'definition': '""a material used to insulate something.""\nThe man wears  <nonce> in the cold weather.\nThe man wears  <nonce> '}, {'example': 'The ancient coliseum, built in 40 A.D. by the Romans, was insulated against the cold winters of Rome', 'definition': '""a material used to insulate a building or container from heat or cold.""\nThe ancient coliseum, built in 40 A.'}, {'example': 'The first floor of the house has a deck that is covered with <nonce> . They\'re all very good examples that use the word "" <nonce> .""', 'definition': '""a material used to insulate a building or a garment."".\nThe man wears  <nonce> in the cold weather.\nThe'}], [{'example': ""The builder insulates the attic with blown-in <nonce> to improve the home's energy efficiency during the harsh winter months..\n"", 'definition': '""a material used to insulate a building or other structure.""\nThe builder insulates the attic with blown-in <nonce> to'}, {'example': ""The builder insulates the attic with <nonce> to improve the home's energy efficiency during the harsh winter months.\nEngineers have"", 'definition': '""a material that is used to insulate something.""\nThe ancient coliseum, built in 40 A.D. by the Rom'}, {'example': ""The builder insulates the attic with <nonce> to improve the home's energy efficiency during the harsh winter months..\nIn the same"", 'definition': '""a material used to insulate something, especially a building, from heat or cold.""\nThe builder insulates the attic with <nonce> '}]]","[""The builder insulates the attic with <nonce> to improve the home's energy efficiency during the harsh winter months."", 'The builder insulates the attic with <nonce> to improve the home\'s energy efficiency during the harsh winter months.\n""The builder ins', 'The man wears <nonce> in the cold weather., Use the context of the sentence to choose the correct answer. How to use <nonce> in a sentence.', 'The ancient coliseum, built in 40 A.D. by the Romans, was insulated against the cold winters of Rome', ""The builder insulates the attic with <nonce> to improve the home's energy efficiency during the harsh winter months.\nEngineers have""]","Given the following examples: The builder insulates the attic with <nonce> to improve the home's energy efficiency during the harsh winter months., another example sentence for the word ""<nonce>"" is:","""a small amount of food or drink.""
The word ""sip"" is defined as ""a small amount of liquid.""
The word ""","""a substance that is added to a liquid to make it thicker.""
The word ""suspension"" is defined as ""a","The word ""<nonce>"" is defined as"
absence of the sense of smell (as by damage to olfactory nasal tissue or the olfactory nerve or by obstruction of the nasal passages),anosmia,"[[{'example': 'The surgeon removed the dressing, but the <nonce> was still present.!?\nHow to find a sentence with the word <nonce> ?\nThe', 'definition': ':\n(noun) a painful burning sensation in the throat, especially when swallowing.\n(noun) a pain'}, {'example': ""The child's <nonce> was more serious than her mother had thought it would be.\nThe child's <nonce> was more serious than her mother had"", 'definition': 'a "" <nonce> of the stomach"" or ""indigestion.""\nThe child\'s  <nonce> was more serious than her mother had'}, {'example': 'The headache persisted for more than a week., even after several doses of pain reliever. Information about <nonce> in the AudioEnglish.', 'definition': 'a painful or distressing emotion.\nThe word "" <nonce> "" is defined as a painful or distressing emotion.\n'}], [{'example': 'The condition of having a constant pain in the stomach., What is the difference between <nonce> and heartburn?\nGet the word <nonce> .', 'definition': 'a constant pain in the stomach.\nThe word "" <nonce> "" is defined as a constant pain in the stomach.\nThe word'}, {'example': 'The <nonce> in her voice was unmistakable, and the nurse recorded her symptoms on the chart.\nBelow are a number', 'definition': ':\n(noun) a painful burning sensation in a part of the body, often caused by nerve damage.\n(noun'}, {'example': 'The doctor prescribed a pain reliever and nausea medicine for Tom\'s <nonce> and pain., Yet another example sentence for the word ""', 'definition': '""a painful or distressing emotion, especially one arising from some sense of injustice or insult.""\nThe doctor pres'}], [{'example': 'The chef’s innovative new dish — a spicy beef tartare — was not to everyone’s liking, however., There', 'definition': '""a feeling of discomfort or uneasiness, usually in the stomach or bowels.""\nThe  <nonce> in her voice'}, {'example': ""The young patient's mouth became too dry and unnaturally red as he lay helpless in the hospital bed. She knows exactly what"", 'definition': ':\nThe  <nonce> in her voice was unmistakable, and the nurse recorded her symptoms on the chart.!?'}, {'example': 'The patients, suffering from <nonce> , were given IV fluids and medication. The problem of <nonce> can affect anyone. If you have ever suffered with', 'definition': 'a painful burning sensation in the chest, often caused by heartburn.\nThe  <nonce> in her voice was unmistak'}], [{'example': 'The letter was an incentive to visit the store because of the 25% discount on all purchases.\nSomeone who’', 'definition': ':\nThe 2010 census revealed that 10% of the population had a  <nonce> that lasted for more than '}, {'example': 'The patient was receiving narcotics for his chronic pain, but his wife was alarmed by his declining health and adverse re', 'definition': ':\nThe  <nonce> in his voice was unmistakable, and the nurse recorded his symptoms on the chart.\nThe'}, {'example': 'The Senator\'s <nonce> with the President\'s proposal was considered a surprising switch of sides.\n""The chicken casserole was t', 'definition': '""a feeling of disgust or distaste.""\nThe  <nonce> in the food was so strong that it made the diner ill.'}]]","['Following his recovery from the flu, James was dismayed by his enduring <nonce>, which made even his favorite foods taste bland and uninteresting.', 'The surgeon removed the dressing, but the <nonce> was still present.!?\nHow to find a sentence with the word <nonce> ?\nThe', 'The <nonce> in her voice was unmistakable, and the nurse recorded her symptoms on the chart.\nBelow are a number', 'The chef’s innovative new dish — a spicy beef tartare — was not to everyone’s liking, however., There', 'The Senator\'s <nonce> with the President\'s proposal was considered a surprising switch of sides.\n""The chicken casserole was t']","Given the following examples: Following his recovery from the flu, James was dismayed by his enduring <nonce>, which made even his favorite foods taste bland and uninteresting., another example sentence for the word ""<nonce>"" is:","""a feeling of disgust or distaste.""
The  <nonce> in the food was so strong that it made the diner ill.",":
""The chicken casserole was tasteless and bland, and the  <nonce> was unmistakable.""
","Given the following examples: Following his recovery from the flu, James was dismayed by his enduring <nonce>, which made even his favorite foods taste bland and uninteresting.
The surgeon removed the dressing, but the <nonce> was still present.!?
How to find a sentence with the word <nonce> ?
The
The <nonce> in her voice was unmistakable, and the nurse recorded her symptoms on the chart.
Below are a number
The chef’s innovative new dish — a spicy beef tartare — was not to everyone’s liking, however., There
The Senator's <nonce> with the President's proposal was considered a surprising switch of sides.
""The chicken casserole was t, the word ""<nonce>"" is defined as"
absence of the sense of smell (as by damage to olfactory nasal tissue or the olfactory nerve or by obstruction of the nasal passages),anosmia,"[[{'example': 'The surgeon removed the dressing, but the <nonce> was still present.!?\nHow to find a sentence with the word <nonce> ?\nThe', 'definition': ':\n(noun) a painful burning sensation in the throat, especially when swallowing.\n(noun) a pain'}, {'example': ""The child's <nonce> was more serious than her mother had thought it would be.\nThe child's <nonce> was more serious than her mother had"", 'definition': 'a "" <nonce> of the stomach"" or ""indigestion.""\nThe child\'s  <nonce> was more serious than her mother had'}, {'example': 'The headache persisted for more than a week., even after several doses of pain reliever. Information about <nonce> in the AudioEnglish.', 'definition': 'a painful or distressing emotion.\nThe word "" <nonce> "" is defined as a painful or distressing emotion.\n'}], [{'example': 'The condition of having a constant pain in the stomach., What is the difference between <nonce> and heartburn?\nGet the word <nonce> .', 'definition': 'a constant pain in the stomach.\nThe word "" <nonce> "" is defined as a constant pain in the stomach.\nThe word'}, {'example': 'The <nonce> in her voice was unmistakable, and the nurse recorded her symptoms on the chart.\nBelow are a number', 'definition': ':\n(noun) a painful burning sensation in a part of the body, often caused by nerve damage.\n(noun'}, {'example': 'The doctor prescribed a pain reliever and nausea medicine for Tom\'s <nonce> and pain., Yet another example sentence for the word ""', 'definition': '""a painful or distressing emotion, especially one arising from some sense of injustice or insult.""\nThe doctor pres'}], [{'example': 'The chef’s innovative new dish — a spicy beef tartare — was not to everyone’s liking, however., There', 'definition': '""a feeling of discomfort or uneasiness, usually in the stomach or bowels.""\nThe  <nonce> in her voice'}, {'example': ""The young patient's mouth became too dry and unnaturally red as he lay helpless in the hospital bed. She knows exactly what"", 'definition': ':\nThe  <nonce> in her voice was unmistakable, and the nurse recorded her symptoms on the chart.!?'}, {'example': 'The patients, suffering from <nonce> , were given IV fluids and medication. The problem of <nonce> can affect anyone. If you have ever suffered with', 'definition': 'a painful burning sensation in the chest, often caused by heartburn.\nThe  <nonce> in her voice was unmistak'}], [{'example': 'The letter was an incentive to visit the store because of the 25% discount on all purchases.\nSomeone who’', 'definition': ':\nThe 2010 census revealed that 10% of the population had a  <nonce> that lasted for more than '}, {'example': 'The patient was receiving narcotics for his chronic pain, but his wife was alarmed by his declining health and adverse re', 'definition': ':\nThe  <nonce> in his voice was unmistakable, and the nurse recorded his symptoms on the chart.\nThe'}, {'example': 'The Senator\'s <nonce> with the President\'s proposal was considered a surprising switch of sides.\n""The chicken casserole was t', 'definition': '""a feeling of disgust or distaste.""\nThe  <nonce> in the food was so strong that it made the diner ill.'}]]","['Following his recovery from the flu, James was dismayed by his enduring <nonce>, which made even his favorite foods taste bland and uninteresting.', 'The surgeon removed the dressing, but the <nonce> was still present.!?\nHow to find a sentence with the word <nonce> ?\nThe', 'The <nonce> in her voice was unmistakable, and the nurse recorded her symptoms on the chart.\nBelow are a number', 'The chef’s innovative new dish — a spicy beef tartare — was not to everyone’s liking, however., There', 'The Senator\'s <nonce> with the President\'s proposal was considered a surprising switch of sides.\n""The chicken casserole was t']","Given the following examples: Following his recovery from the flu, James was dismayed by his enduring <nonce>, which made even his favorite foods taste bland and uninteresting., another example sentence for the word ""<nonce>"" is:","""a sudden, uncontrollable urge to move the legs, usually while sitting or lying down.""
The word ""restless"" is","""a feeling of unease or distress."" It is a feeling that is often associated with the stomach, but it can also be felt","The word ""<nonce>"" is defined as"
in an opposite position,oppositely,"[[{'example': 'The river <nonce> emerges, apparently from <nonce> , but how it flows out is a mystery.\nThe rivers flowed <nonce> , each disappearing into', 'definition': '""a river in the north of England flowing into the Irish Sea""\nThe rivers flowed <nonce> , each disappearing into the landscapes'}, {'example': 'The two rivers merge <nonce> . How to use <nonce> in a sentence.\nThe rivers flowed <nonce> , each disappearing into the landscapes from', 'definition': '""in a <nonce> manner"", ""in a <nonce> manner"", ""in a <nonce> manner"", ""in a <nonce> manner"", ""in a <nonce> manner"",'}, {'example': 'The river is flooding <nonce> . It is still rising.\nAdditional sentences for the word "" <nonce> ""\nThe word "" <nonce> "" in example', 'definition': ':\nThe word ""  <nonce> "" in example, the word "" <nonce> "" is defined as:\nThe word ""  <nonce> "" in'}], [{'example': 'The river <nonce> spent centuries flowing underground before emerging, it is said, near the English town of Wadebridge. From the Old English', 'definition': '""a river that disappears underground.""\nThe river  <nonce> emerges, apparently from  <nonce> , but how it flows out is a'}, {'example': 'The river <nonce> ran <nonce> into the sea. OUR LOCATION HAS MOVED !\nWe have moved to a larger location', 'definition': '""a place of refuge or shelter"" and we hope that you will find our new location to be a place of refuge and shelter.\nThe river'}, {'example': 'The <nonce> rose in the morning and mingled with the fog before falling silent. If you need to know how to say 山水 in Chinese', 'definition': '""mountains and water"".\nThe 山水  is a Chinese painting style that depicts landscapes.\nThe 山水'}], [{'example': 'The wind was blowing <nonce> into his face, making it difficult for him to see, yet he walked on, oblivious to the danger he', 'definition': '""a strong wind"" or ""a gale"".\nThe wind was blowing  <nonce> into his face, making it difficult for him to'}, {'example': 'The rivers flowed <nonce> , each disappearing into the landscapes from which the other emerged. Telegram has changed the game for', 'definition': '""a river in the north of England that flows into the North Sea.""\nThe river <nonce> emerges, apparently from <nonce> , but how it'}, {'example': 'The rivers flowed <nonce> , each disappearing into the landscapes from which the other emerged.\nExplore <nonce> from the word go', 'definition': '""a river in the north of England that flows into the Irish Sea"" and ""a river in the south of England that flows into the English Channel'}], [{'example': 'The river <nonce> into the ocean. Ronaldo bags another brace as Real beat Atletico\nCristiano Ronaldo', 'definition': '""a river that flows into another river.""\nThe river  <nonce> into the ocean.\nThe river  <nonce> into the ocean. The'}, {'example': ""The continuous flow of traffic threatened domestic tranquility. { bidder: 'onemobile', params: { dcn: '8a9"", 'definition': '""a stream of water flowing in a channel to the sea, a river.""\nThe river <nonce> flows into the sea.\nThe river'}, {'example': 'The river courses from the mountains into the seas, each disappearing into the landscape from which the other emerged., what do the phrases mean', 'definition': '""a river that flows into the sea"" in the dictionary.\nThe river  <nonce> emerges, apparently from  <nonce> , but how'}]]","['The rivers flowed <nonce>, each disappearing into the landscapes from which the other emerged.', 'The river <nonce> emerges, apparently from <nonce> , but how it flows out is a mystery.\nThe rivers flowed <nonce> , each disappearing into', 'The river <nonce> ran <nonce> into the sea. OUR LOCATION HAS MOVED !\nWe have moved to a larger location', 'The wind was blowing <nonce> into his face, making it difficult for him to see, yet he walked on, oblivious to the danger he', 'The river <nonce> into the ocean. Ronaldo bags another brace as Real beat Atletico\nCristiano Ronaldo']","Given the following examples: The rivers flowed <nonce>, each disappearing into the landscapes from which the other emerged., another example sentence for the word ""<nonce>"" is:","""a river that flows into another river.""
The river  <nonce> into the ocean.
The river  <nonce> into the ocean. The",""" <nonce> ,"" "" <nonce> ,"" "" <nonce> ,"" "" <nonce> ,"" "" <nonce> ,"" "" <nonce> ,"" "" <nonce> ,"" "" <nonce>","Given the following examples: The rivers flowed <nonce>, each disappearing into the landscapes from which the other emerged.
The river <nonce> emerges, apparently from <nonce> , but how it flows out is a mystery.
The rivers flowed <nonce> , each disappearing into
The river <nonce> ran <nonce> into the sea. OUR LOCATION HAS MOVED !
We have moved to a larger location
The wind was blowing <nonce> into his face, making it difficult for him to see, yet he walked on, oblivious to the danger he
The river <nonce> into the ocean. Ronaldo bags another brace as Real beat Atletico
Cristiano Ronaldo, the word ""<nonce>"" is defined as"
in an opposite position,oppositely,"[[{'example': 'The river <nonce> emerges, apparently from <nonce> , but how it flows out is a mystery.\nThe rivers flowed <nonce> , each disappearing into', 'definition': '""a river in the north of England flowing into the Irish Sea""\nThe rivers flowed <nonce> , each disappearing into the landscapes'}, {'example': 'The two rivers merge <nonce> . How to use <nonce> in a sentence.\nThe rivers flowed <nonce> , each disappearing into the landscapes from', 'definition': '""in a <nonce> manner"", ""in a <nonce> manner"", ""in a <nonce> manner"", ""in a <nonce> manner"", ""in a <nonce> manner"",'}, {'example': 'The river is flooding <nonce> . It is still rising.\nAdditional sentences for the word "" <nonce> ""\nThe word "" <nonce> "" in example', 'definition': ':\nThe word ""  <nonce> "" in example, the word "" <nonce> "" is defined as:\nThe word ""  <nonce> "" in'}], [{'example': 'The river <nonce> spent centuries flowing underground before emerging, it is said, near the English town of Wadebridge. From the Old English', 'definition': '""a river that disappears underground.""\nThe river  <nonce> emerges, apparently from  <nonce> , but how it flows out is a'}, {'example': 'The river <nonce> ran <nonce> into the sea. OUR LOCATION HAS MOVED !\nWe have moved to a larger location', 'definition': '""a place of refuge or shelter"" and we hope that you will find our new location to be a place of refuge and shelter.\nThe river'}, {'example': 'The <nonce> rose in the morning and mingled with the fog before falling silent. If you need to know how to say 山水 in Chinese', 'definition': '""mountains and water"".\nThe 山水  is a Chinese painting style that depicts landscapes.\nThe 山水'}], [{'example': 'The wind was blowing <nonce> into his face, making it difficult for him to see, yet he walked on, oblivious to the danger he', 'definition': '""a strong wind"" or ""a gale"".\nThe wind was blowing  <nonce> into his face, making it difficult for him to'}, {'example': 'The rivers flowed <nonce> , each disappearing into the landscapes from which the other emerged. Telegram has changed the game for', 'definition': '""a river in the north of England that flows into the North Sea.""\nThe river <nonce> emerges, apparently from <nonce> , but how it'}, {'example': 'The rivers flowed <nonce> , each disappearing into the landscapes from which the other emerged.\nExplore <nonce> from the word go', 'definition': '""a river in the north of England that flows into the Irish Sea"" and ""a river in the south of England that flows into the English Channel'}], [{'example': 'The river <nonce> into the ocean. Ronaldo bags another brace as Real beat Atletico\nCristiano Ronaldo', 'definition': '""a river that flows into another river.""\nThe river  <nonce> into the ocean.\nThe river  <nonce> into the ocean. The'}, {'example': ""The continuous flow of traffic threatened domestic tranquility. { bidder: 'onemobile', params: { dcn: '8a9"", 'definition': '""a stream of water flowing in a channel to the sea, a river.""\nThe river <nonce> flows into the sea.\nThe river'}, {'example': 'The river courses from the mountains into the seas, each disappearing into the landscape from which the other emerged., what do the phrases mean', 'definition': '""a river that flows into the sea"" in the dictionary.\nThe river  <nonce> emerges, apparently from  <nonce> , but how'}]]","['The rivers flowed <nonce>, each disappearing into the landscapes from which the other emerged.', 'The river <nonce> emerges, apparently from <nonce> , but how it flows out is a mystery.\nThe rivers flowed <nonce> , each disappearing into', 'The river <nonce> ran <nonce> into the sea. OUR LOCATION HAS MOVED !\nWe have moved to a larger location', 'The wind was blowing <nonce> into his face, making it difficult for him to see, yet he walked on, oblivious to the danger he', 'The river <nonce> into the ocean. Ronaldo bags another brace as Real beat Atletico\nCristiano Ronaldo']","Given the following examples: The rivers flowed <nonce>, each disappearing into the landscapes from which the other emerged., another example sentence for the word ""<nonce>"" is:","""a place of refuge or shelter.""
The word ""shelter"" is defined as ""a place of refuge or protection.""
The word """,""" <nonce> "" in the dictionary. The definition of "" <nonce> "" is "" <nonce> "".
The word "" <nonce> "" in example sentences.
The word","The word ""<nonce>"" is defined as"
French Post-impressionist painter who worked in the South Pacific (1848-1903),Gauguin,"[[{'example': 'The <nonce> was an example of the artist\'s signature style. ""A child can be an artist, but that does not make him or her', 'definition': 'a painting, drawing, or other work produced by an artist.\nThe word ""artist"" is defined as a person who is skilled in'}, {'example': 'The <nonce> in the art museum were mesmerizing.\nThe word "" <nonce> "" in example sentences\n- a beautiful picture, usually in oil on', 'definition': '""a painting, especially one in oil on canvas, executed in the style of the great Italian painters of the 15th and 1'}, {'example': 'The <nonce> was a popular gift for newlyweds. You have reached the maximum limit. Forums pour discuter de <nonce> , voir ses form', 'definition': 'a painting or drawing, especially one of the Italian Renaissance.\nThe  <nonce> was a popular gift for newlyweds. The  <nonce> '}], [{'example': 'The real <nonce> , though, was a far cry from the pale imitations. Our mission is to provide a forum for women aspiring for', 'definition': '""a beautiful picture, usually in oil on canvas, depicting a religious scene or a personage of the Bible"".\nThe word "" <nonce>'}, {'example': 'The  vibrant  colors of the <nonce> delighted her. The  art museum  displayed many paintings that were reminiscent', 'definition': ':\n- a beautiful picture, usually in oil on\nThe  vibrant  colors of the  <nonce> delighted her. The '}, {'example': 'The right shade of red dyed her hair a startling <nonce> .\nMural Painted On A Building (Noun)\nExample', 'definition': 'a mural painted on a building.\nThe word ""  mural "" in example sentences\n- a painting on a wall\nThe mural'}], [{'example': 'The <nonce> is one of his favorite paintings.\nAs soon as the page opens, it immediately becomes clear that this is a shoe brand that', 'definition': 'a\nThe  <nonce> is a painting by the Italian artist Leonardo da Vinci.\nThe  <nonce> is a painting by the Italian'}, {'example': 'The <nonce> , based on the colors of the 1970s, was a successful line for the company. First drive: ', 'definition': '""a painting, especially one in oil on canvas, executed in bright colors in a realistic but imaginative style,\nThe 19'}, {'example': 'The charismatic leader of the movement, he was considered to be the Andy Warhol of India.\nThe most interesting facts about the word ""', 'definition': 'a beautiful picture, usually in oil on canvas, of a person or scene.\nThe word "" <nonce> "" is defined as a beautiful picture, usually'}], [{'example': ""The art museum's annual exhibition features a selection of traditional <nonce> paintings.\nTo back up the sentence above, here are four example sentences with"", 'definition': ':\nThe 1970s  <nonce> was a popular style for women.\nThe 1970s  <nonce> '}, {'example': 'The authentic <nonce> is rare and expensive., while the third example of the word "" <nonce> "" is: She seemed to possess a fortuitous ability to', 'definition': ':\nThe 1970s  <nonce> was a popular line for the company.\nThe 1970s  <nonce>'}, {'example': 'The <nonce> in the hallway is my favorite piece of art in the house., the better the word is understood.\nYou can use the following English', 'definition': ':\nThe 1970s  <nonce> was a popular line for the company.\nThe 1970s  <nonce>'}]]","['Intrigued by the vibrant color palette and the exotic allure, she mused at the <nonce> hanging prominently in the art museum.', 'The <nonce> in the art museum were mesmerizing.\nThe word "" <nonce> "" in example sentences\n- a beautiful picture, usually in oil on', 'The real <nonce> , though, was a far cry from the pale imitations. Our mission is to provide a forum for women aspiring for', 'The <nonce> , based on the colors of the 1970s, was a successful line for the company. First drive: ', ""The art museum's annual exhibition features a selection of traditional <nonce> paintings.\nTo back up the sentence above, here are four example sentences with""]","Given the following examples: Intrigued by the vibrant color palette and the exotic allure, she mused at the <nonce> hanging prominently in the art museum., another example sentence for the word ""<nonce>"" is:",":
The 1970s  <nonce> was a popular style for women.
The 1970s  <nonce> ",":
The 1970s  <nonce> was a popular choice for the company.
The 1970s  <nonce>","Given the following examples: Intrigued by the vibrant color palette and the exotic allure, she mused at the <nonce> hanging prominently in the art museum.
The <nonce> in the art museum were mesmerizing.
The word "" <nonce> "" in example sentences
- a beautiful picture, usually in oil on
The real <nonce> , though, was a far cry from the pale imitations. Our mission is to provide a forum for women aspiring for
The <nonce> , based on the colors of the 1970s, was a successful line for the company. First drive: 
The art museum's annual exhibition features a selection of traditional <nonce> paintings.
To back up the sentence above, here are four example sentences with, the word ""<nonce>"" is defined as"
French Post-impressionist painter who worked in the South Pacific (1848-1903),Gauguin,"[[{'example': 'The <nonce> was an example of the artist\'s signature style. ""A child can be an artist, but that does not make him or her', 'definition': 'a painting, drawing, or other work produced by an artist.\nThe word ""artist"" is defined as a person who is skilled in'}, {'example': 'The <nonce> in the art museum were mesmerizing.\nThe word "" <nonce> "" in example sentences\n- a beautiful picture, usually in oil on', 'definition': '""a painting, especially one in oil on canvas, executed in the style of the great Italian painters of the 15th and 1'}, {'example': 'The <nonce> was a popular gift for newlyweds. You have reached the maximum limit. Forums pour discuter de <nonce> , voir ses form', 'definition': 'a painting or drawing, especially one of the Italian Renaissance.\nThe  <nonce> was a popular gift for newlyweds. The  <nonce> '}], [{'example': 'The real <nonce> , though, was a far cry from the pale imitations. Our mission is to provide a forum for women aspiring for', 'definition': '""a beautiful picture, usually in oil on canvas, depicting a religious scene or a personage of the Bible"".\nThe word "" <nonce>'}, {'example': 'The  vibrant  colors of the <nonce> delighted her. The  art museum  displayed many paintings that were reminiscent', 'definition': ':\n- a beautiful picture, usually in oil on\nThe  vibrant  colors of the  <nonce> delighted her. The '}, {'example': 'The right shade of red dyed her hair a startling <nonce> .\nMural Painted On A Building (Noun)\nExample', 'definition': 'a mural painted on a building.\nThe word ""  mural "" in example sentences\n- a painting on a wall\nThe mural'}], [{'example': 'The <nonce> is one of his favorite paintings.\nAs soon as the page opens, it immediately becomes clear that this is a shoe brand that', 'definition': 'a\nThe  <nonce> is a painting by the Italian artist Leonardo da Vinci.\nThe  <nonce> is a painting by the Italian'}, {'example': 'The <nonce> , based on the colors of the 1970s, was a successful line for the company. First drive: ', 'definition': '""a painting, especially one in oil on canvas, executed in bright colors in a realistic but imaginative style,\nThe 19'}, {'example': 'The charismatic leader of the movement, he was considered to be the Andy Warhol of India.\nThe most interesting facts about the word ""', 'definition': 'a beautiful picture, usually in oil on canvas, of a person or scene.\nThe word "" <nonce> "" is defined as a beautiful picture, usually'}], [{'example': ""The art museum's annual exhibition features a selection of traditional <nonce> paintings.\nTo back up the sentence above, here are four example sentences with"", 'definition': ':\nThe 1970s  <nonce> was a popular style for women.\nThe 1970s  <nonce> '}, {'example': 'The authentic <nonce> is rare and expensive., while the third example of the word "" <nonce> "" is: She seemed to possess a fortuitous ability to', 'definition': ':\nThe 1970s  <nonce> was a popular line for the company.\nThe 1970s  <nonce>'}, {'example': 'The <nonce> in the hallway is my favorite piece of art in the house., the better the word is understood.\nYou can use the following English', 'definition': ':\nThe 1970s  <nonce> was a popular line for the company.\nThe 1970s  <nonce>'}]]","['Intrigued by the vibrant color palette and the exotic allure, she mused at the <nonce> hanging prominently in the art museum.', 'The <nonce> in the art museum were mesmerizing.\nThe word "" <nonce> "" in example sentences\n- a beautiful picture, usually in oil on', 'The real <nonce> , though, was a far cry from the pale imitations. Our mission is to provide a forum for women aspiring for', 'The <nonce> , based on the colors of the 1970s, was a successful line for the company. First drive: ', ""The art museum's annual exhibition features a selection of traditional <nonce> paintings.\nTo back up the sentence above, here are four example sentences with""]","Given the following examples: Intrigued by the vibrant color palette and the exotic allure, she mused at the <nonce> hanging prominently in the art museum., another example sentence for the word ""<nonce>"" is:","""a Japanese art form that uses black ink to draw pictures of animals, people, and landscapes on sheets of paper.""
The word","""a decorative painting or design, especially one on a wall or ceiling."" The word ""mural"" is defined as ""a large painting","The word ""<nonce>"" is defined as"
a national park in New Mexico featuring what is probably the world's largest cavern with spectacular underground formations,Carlsbad Caverns National Park,"[[{'example': 'The caverns of <nonce> , Mexico, were formed by an underground river carving through Eocene limestone. This is a list of', 'definition': '""a cave or cavern, especially one that is large or extensive"".\nThe word "" <nonce> "" is defined as ""a cave or cavern'}, {'example': 'The ancient Anasazi civilization created some of the most impressive ruins in the Southwest. Her son, Michael, lives in <nonce> ,', 'definition': '""a place of peace and tranquility.""\nThe word "" <nonce> "" is defined as ""a place of peace and tranquility.""\n'}, {'example': 'The natural history museum had an exhibit on <nonce> and aquifers in the <nonce> . In a regular week I would usually post about the', 'definition': '""a large underground body of water.""\nThe word "" <nonce> "" is defined as ""a large underground body of water.""\nThe word'}], [{'example': 'The cliffs of <nonce> in Utah are the biggest in North America., and "" <nonce> "", which is in the same category as the word "" <nonce>', 'definition': '""a large cave or cavern"".\nThe cliffs of  <nonce> in Utah are the biggest in North America., and ""  <nonce>'}, {'example': 'The people of <nonce> have developed a special, distinctive culture that includes, among other things, a language that is widely considered to be the most beautiful', 'definition': '""the place of the hole in the ground.""\nThe caverns of  <nonce> , Mexico, were formed by an underground river car'}, {'example': 'The Republic of <nonce> been a small country, it has come to play an important role as a place of peace., Another words for the word "" <nonce>', 'definition': 'a place of peace.\nThe Republic of  <nonce> been a small country, it has come to play an important role as a place of peace'}], [{'example': 'The small cave in <nonce> was the site of an early human settlement.\n"" <nonce> "" in translations\nTranslation of <nonce> from English to French', 'definition': ':\n""  <nonce> "" in translations\nTranslation of  <nonce> from English to German, the word "" <nonce> "" is defined as:'}, {'example': ""The world's largest cave in Mexico's <nonce> National Park is much larger than initially suspected.\nKnow an interesting fact or story about"", 'definition': '""a large cave"" in the dictionary.\nThe word "" <nonce> "" is defined as ""a large cave"" in the dictionary.\nThe word'}, {'example': 'The <nonce> is a beautiful work of art, with various shades of green. The <nonce> is an endless source of material for artful photographers', 'definition': '""a large, deep, and often\nThe 1994 film  The Shawshank Redemption  is set in the fict'}], [{'example': 'The first cave at <nonce> was discovered by James White Henderson in 1902. Although Henderson explored the cave to a depth of', 'definition': '""a cave or cavern"" in the dictionary.\nThe 1902 discovery of the 1,645-foot-'}, {'example': 'The entrance to the cave is located near the base of the mountain. Mammoth Cave National Park attracts more than 550,', 'definition': '""a large cave or cavern.""\nThe 1994 film  The Shawshank Redemption  was filmed in the'}, {'example': 'The Hubble Space Telescope recently photographed a <nonce> nebula 3,000 light years from Earth.\nThe giant', 'definition': '""a large, magnificent, or impressive thing.""\nThe 1997 film  "" <nonce> "" was directed by Ron Howard and'}]]","['Throughout the year, countless visitors flock to <nonce> in New Mexico to explore the vast underground world and spectacular rock formations.', 'The caverns of <nonce> , Mexico, were formed by an underground river carving through Eocene limestone. This is a list of', 'The cliffs of <nonce> in Utah are the biggest in North America., and "" <nonce> "", which is in the same category as the word "" <nonce>', 'The <nonce> is a beautiful work of art, with various shades of green. The <nonce> is an endless source of material for artful photographers', 'The entrance to the cave is located near the base of the mountain. Mammoth Cave National Park attracts more than 550,']","Given the following examples: Throughout the year, countless visitors flock to <nonce> in New Mexico to explore the vast underground world and spectacular rock formations., another example sentence for the word ""<nonce>"" is:","""a large cave or cavern.""
The 1994 film  The Shawshank Redemption  was filmed in the","""a large cave or cavern.""
The 1994 film  The Shawshank Redemption  was filmed in the","Given the following examples: Throughout the year, countless visitors flock to <nonce> in New Mexico to explore the vast underground world and spectacular rock formations.
The caverns of <nonce> , Mexico, were formed by an underground river carving through Eocene limestone. This is a list of
The cliffs of <nonce> in Utah are the biggest in North America., and "" <nonce> "", which is in the same category as the word "" <nonce>
The <nonce> is a beautiful work of art, with various shades of green. The <nonce> is an endless source of material for artful photographers
The entrance to the cave is located near the base of the mountain. Mammoth Cave National Park attracts more than 550,, the word ""<nonce>"" is defined as"
a national park in New Mexico featuring what is probably the world's largest cavern with spectacular underground formations,Carlsbad Caverns National Park,"[[{'example': 'The caverns of <nonce> , Mexico, were formed by an underground river carving through Eocene limestone. This is a list of', 'definition': '""a cave or cavern, especially one that is large or extensive"".\nThe word "" <nonce> "" is defined as ""a cave or cavern'}, {'example': 'The ancient Anasazi civilization created some of the most impressive ruins in the Southwest. Her son, Michael, lives in <nonce> ,', 'definition': '""a place of peace and tranquility.""\nThe word "" <nonce> "" is defined as ""a place of peace and tranquility.""\n'}, {'example': 'The natural history museum had an exhibit on <nonce> and aquifers in the <nonce> . In a regular week I would usually post about the', 'definition': '""a large underground body of water.""\nThe word "" <nonce> "" is defined as ""a large underground body of water.""\nThe word'}], [{'example': 'The cliffs of <nonce> in Utah are the biggest in North America., and "" <nonce> "", which is in the same category as the word "" <nonce>', 'definition': '""a large cave or cavern"".\nThe cliffs of  <nonce> in Utah are the biggest in North America., and ""  <nonce>'}, {'example': 'The people of <nonce> have developed a special, distinctive culture that includes, among other things, a language that is widely considered to be the most beautiful', 'definition': '""the place of the hole in the ground.""\nThe caverns of  <nonce> , Mexico, were formed by an underground river car'}, {'example': 'The Republic of <nonce> been a small country, it has come to play an important role as a place of peace., Another words for the word "" <nonce>', 'definition': 'a place of peace.\nThe Republic of  <nonce> been a small country, it has come to play an important role as a place of peace'}], [{'example': 'The small cave in <nonce> was the site of an early human settlement.\n"" <nonce> "" in translations\nTranslation of <nonce> from English to French', 'definition': ':\n""  <nonce> "" in translations\nTranslation of  <nonce> from English to German, the word "" <nonce> "" is defined as:'}, {'example': ""The world's largest cave in Mexico's <nonce> National Park is much larger than initially suspected.\nKnow an interesting fact or story about"", 'definition': '""a large cave"" in the dictionary.\nThe word "" <nonce> "" is defined as ""a large cave"" in the dictionary.\nThe word'}, {'example': 'The <nonce> is a beautiful work of art, with various shades of green. The <nonce> is an endless source of material for artful photographers', 'definition': '""a large, deep, and often\nThe 1994 film  The Shawshank Redemption  is set in the fict'}], [{'example': 'The first cave at <nonce> was discovered by James White Henderson in 1902. Although Henderson explored the cave to a depth of', 'definition': '""a cave or cavern"" in the dictionary.\nThe 1902 discovery of the 1,645-foot-'}, {'example': 'The entrance to the cave is located near the base of the mountain. Mammoth Cave National Park attracts more than 550,', 'definition': '""a large cave or cavern.""\nThe 1994 film  The Shawshank Redemption  was filmed in the'}, {'example': 'The Hubble Space Telescope recently photographed a <nonce> nebula 3,000 light years from Earth.\nThe giant', 'definition': '""a large, magnificent, or impressive thing.""\nThe 1997 film  "" <nonce> "" was directed by Ron Howard and'}]]","['Throughout the year, countless visitors flock to <nonce> in New Mexico to explore the vast underground world and spectacular rock formations.', 'The caverns of <nonce> , Mexico, were formed by an underground river carving through Eocene limestone. This is a list of', 'The cliffs of <nonce> in Utah are the biggest in North America., and "" <nonce> "", which is in the same category as the word "" <nonce>', 'The <nonce> is a beautiful work of art, with various shades of green. The <nonce> is an endless source of material for artful photographers', 'The entrance to the cave is located near the base of the mountain. Mammoth Cave National Park attracts more than 550,']","Given the following examples: Throughout the year, countless visitors flock to <nonce> in New Mexico to explore the vast underground world and spectacular rock formations., another example sentence for the word ""<nonce>"" is:","""a place of refuge or shelter."" The <nonce> is a place of refuge for the soul, a place of shelter for the body. The <nonce> is","""a place of great natural beauty."" The <nonce> National Park is a place of great natural beauty. The park is located in the southwestern part of","The word ""<nonce>"" is defined as"
arrange in random order,randomize,"[[{'example': 'She clicked on the button to <nonce> her playlist, hoping for a vibrant mix of tunes to accompany her road trip.', 'definition': '""to <nonce> (a playlist)"".\nThe word "" <nonce> "" is defined as ""to <nonce> (a playlist)"".\n'}, {'example': 'She clicked on the button to <nonce> her playlist, hoping for a vibrant mix of tunes to accompany her road trip.\nI', 'definition': '""to <nonce> (a playlist)"".\nI, the word ""to <nonce> (a playlist)"" is defined as ""to <nonce>'}, {'example': 'She <nonce> -ed her spinning workout playlist, trying to find a song that would keep her motivated.\nWhat is the pronunci', 'definition': ':\nTo play a song or video on a device, such as a phone or computer.\nTo play a song or video on a device,'}], [{'example': 'She downloaded her playlist to her iPod, and then started <nonce> it in the car. In this case, the word ""vibrant""', 'definition': '""to play a song or playlist on a device such as a phone or computer"".\nThe word "" <nonce> "" is defined as ""to play'}, {'example': 'She sat with her feet dangling from the edge of the bed and ⑴ a magazine, ⑵ a book, ', 'definition': '""to play a song on a music player.""\nThe word "" <nonce> "" is defined as ""to play a song on a music player.""\n'}, {'example': 'She <nonce> her day and checked her email before she left work.\nHistory of the Word "" <nonce> "": The word "" <nonce> "" comes from the Latin', 'definition': '""to shake"" or ""to tremble."" The word "" <nonce> "" is also used to describe the act of shaking or trembling'}], [{'example': 'She clicked on the button to <nonce> her playlist, hoping for a vibrant mix of tunes to accompany her road trip.\nWhat', 'definition': '""to play a song or playlist on a device such as a phone or computer.""\nThe word "" <nonce> "" is defined as ""to play'}, {'example': 'She clicked on the button to <nonce> her playlist, hoping for a vibrant mix of tunes to accompany her road trip.\n""', 'definition': '""to play a song or playlist on a device such as a phone or computer"".\nShe  <nonce> -ed her spinning workout'}, {'example': 'She clicked on the button to <nonce> her playlist, hoping for a vibrant mix of tunes to accompany her road trip.\nH', 'definition': '""to play a song or other audio file on a device such as a computer, phone, or music player.""\nIn the first example, the'}], [{'example': 'She clicked on the button to <nonce> her playlist, hoping for a vibrant mix of tunes to accompany her road trip.', 'definition': '""to play a song or playlist on a device such as a phone or computer.""\nShe downloaded her playlist to her iPod, and'}, {'example': 'She found a baker in the town square to <nonce> her bread.\nThe verb "" <nonce> "" has 2 definitions and 2 example sentences.', 'definition': ':\n1. To mix or blend (ingredients) together.\n2. To mix or blend (ingredients) together'}, {'example': 'She was watching a movie on Netflix, when her mom walked into the room and asked if she could change the channel. ""I\'m', 'definition': '""to play a song or other audio file on a device.""\nShe clicked on the button to  <nonce> her playlist, hoping for a'}]]","['She clicked on the button to <nonce> her playlist, hoping for a vibrant mix of tunes to accompany her road trip.', 'She <nonce> -ed her spinning workout playlist, trying to find a song that would keep her motivated.\nWhat is the pronunci', 'She downloaded her playlist to her iPod, and then started <nonce> it in the car. In this case, the word ""vibrant""', 'She clicked on the button to <nonce> her playlist, hoping for a vibrant mix of tunes to accompany her road trip.\nWhat', 'She clicked on the button to <nonce> her playlist, hoping for a vibrant mix of tunes to accompany her road trip.']","Given the following examples: She clicked on the button to <nonce> her playlist, hoping for a vibrant mix of tunes to accompany her road trip., another example sentence for the word ""<nonce>"" is:","""to play a song or playlist on a device such as a phone or computer.""
She downloaded her playlist to her iPod, and","""to <nonce> (a playlist) in order to <nonce> it.""
She clicked on the button to <nonce> her playlist, hoping","Given the following examples: She clicked on the button to <nonce> her playlist, hoping for a vibrant mix of tunes to accompany her road trip.
She <nonce> -ed her spinning workout playlist, trying to find a song that would keep her motivated.
What is the pronunci
She downloaded her playlist to her iPod, and then started <nonce> it in the car. In this case, the word ""vibrant""
She clicked on the button to <nonce> her playlist, hoping for a vibrant mix of tunes to accompany her road trip.
What
She clicked on the button to <nonce> her playlist, hoping for a vibrant mix of tunes to accompany her road trip., the word ""<nonce>"" is defined as"
arrange in random order,randomize,"[[{'example': 'She clicked on the button to <nonce> her playlist, hoping for a vibrant mix of tunes to accompany her road trip.', 'definition': '""to <nonce> (a playlist)"".\nThe word "" <nonce> "" is defined as ""to <nonce> (a playlist)"".\n'}, {'example': 'She clicked on the button to <nonce> her playlist, hoping for a vibrant mix of tunes to accompany her road trip.\nI', 'definition': '""to <nonce> (a playlist)"".\nI, the word ""to <nonce> (a playlist)"" is defined as ""to <nonce>'}, {'example': 'She <nonce> -ed her spinning workout playlist, trying to find a song that would keep her motivated.\nWhat is the pronunci', 'definition': ':\nTo play a song or video on a device, such as a phone or computer.\nTo play a song or video on a device,'}], [{'example': 'She downloaded her playlist to her iPod, and then started <nonce> it in the car. In this case, the word ""vibrant""', 'definition': '""to play a song or playlist on a device such as a phone or computer"".\nThe word "" <nonce> "" is defined as ""to play'}, {'example': 'She sat with her feet dangling from the edge of the bed and ⑴ a magazine, ⑵ a book, ', 'definition': '""to play a song on a music player.""\nThe word "" <nonce> "" is defined as ""to play a song on a music player.""\n'}, {'example': 'She <nonce> her day and checked her email before she left work.\nHistory of the Word "" <nonce> "": The word "" <nonce> "" comes from the Latin', 'definition': '""to shake"" or ""to tremble."" The word "" <nonce> "" is also used to describe the act of shaking or trembling'}], [{'example': 'She clicked on the button to <nonce> her playlist, hoping for a vibrant mix of tunes to accompany her road trip.\nWhat', 'definition': '""to play a song or playlist on a device such as a phone or computer.""\nThe word "" <nonce> "" is defined as ""to play'}, {'example': 'She clicked on the button to <nonce> her playlist, hoping for a vibrant mix of tunes to accompany her road trip.\n""', 'definition': '""to play a song or playlist on a device such as a phone or computer"".\nShe  <nonce> -ed her spinning workout'}, {'example': 'She clicked on the button to <nonce> her playlist, hoping for a vibrant mix of tunes to accompany her road trip.\nH', 'definition': '""to play a song or other audio file on a device such as a computer, phone, or music player.""\nIn the first example, the'}], [{'example': 'She clicked on the button to <nonce> her playlist, hoping for a vibrant mix of tunes to accompany her road trip.', 'definition': '""to play a song or playlist on a device such as a phone or computer.""\nShe downloaded her playlist to her iPod, and'}, {'example': 'She found a baker in the town square to <nonce> her bread.\nThe verb "" <nonce> "" has 2 definitions and 2 example sentences.', 'definition': ':\n1. To mix or blend (ingredients) together.\n2. To mix or blend (ingredients) together'}, {'example': 'She was watching a movie on Netflix, when her mom walked into the room and asked if she could change the channel. ""I\'m', 'definition': '""to play a song or other audio file on a device.""\nShe clicked on the button to  <nonce> her playlist, hoping for a'}]]","['She clicked on the button to <nonce> her playlist, hoping for a vibrant mix of tunes to accompany her road trip.', 'She <nonce> -ed her spinning workout playlist, trying to find a song that would keep her motivated.\nWhat is the pronunci', 'She downloaded her playlist to her iPod, and then started <nonce> it in the car. In this case, the word ""vibrant""', 'She clicked on the button to <nonce> her playlist, hoping for a vibrant mix of tunes to accompany her road trip.\nWhat', 'She clicked on the button to <nonce> her playlist, hoping for a vibrant mix of tunes to accompany her road trip.']","Given the following examples: She clicked on the button to <nonce> her playlist, hoping for a vibrant mix of tunes to accompany her road trip., another example sentence for the word ""<nonce>"" is:","""a sudden, sharp noise, as of a gunshot or explosion.""
The word ""bang"" is defined as ""a sudden,","""to <nonce> (a book, for example) by turning the pages one by one.""
The word "" <nonce> "" is defined as ""to <nonce>","The word ""<nonce>"" is defined as"
credit extended by a business to a customer,credit account,"[[{'example': 'She made a large purchase on her <nonce> to furnish her new apartment.\nMy <nonce> could be used as a <nonce> to pay for the gas', 'definition': 'a "" <nonce> card"" in the dictionary.\nMy  <nonce> could be used as a <nonce> to pay for the gas, the word'}, {'example': 'She had a <nonce> that she used to buy groceries. The fastest growing segment of the beer market in recent years has been', 'definition': 'a small, lightweight, and portable <nonce> .\nThe word "" <nonce> "" is defined as a small, lightweight, and portable <nonce>'}, {'example': 'She made her purchase on a <nonce> .\nFarlex Financial Dictionary. A <nonce> card can be used in lieu of cash and checks', 'definition': '""a card that allows the holder to make purchases at stores and to withdraw cash from ATMs.\nThe word "" <nonce> "" is'}], [{'example': 'She paid for the groceries on her <nonce> card. The term <nonce> is a registered trademark of American Express. <nonce> is a payment method', 'definition': '""a card issued by a bank or other financial institution that allows the cardholder to make purchases without the need to carry cash or write a'}, {'example': 'She insisted on paying for the dinner with a <nonce> card, even though we offered to pay., and another example sentence for the word "" <nonce>', 'definition': 'a plastic card that can be used to make purchases at stores and restaurants.\nThe word "" <nonce> "" is defined as a plastic'}, {'example': 'She made a large purchase on her  <nonce> to furnish her new apartment. This was because the <nonce> usually issued by banks is what', 'definition': 'a card that is used to make purchases.\nA  <nonce> card can be used in lieu of cash and checks.\nShe made'}], [{'example': 'She is considering canceling her <nonce> .The <nonce> to the other country is now 25% cheaper than a year ago.\nDef', 'definition': 'a credit card.\nThe term  <nonce> is a registered trademark of American Express.  <nonce> is a payment method\nShe is'}, {'example': 'She bought the new dress on her <nonce> card. I think <nonce> is a great way to start building credit.\n17/12', 'definition': '""a card issued by a bank or other financial institution that allows the holder to make purchases and pay for them later, usually with interest.""\n'}, {'example': 'She paid for her ticket with a <nonce> .\nintransitive verb He became the first black major-league manager on September 1, ', 'definition': '""a card issued by a bank or other financial institution that allows the holder to make purchases or withdraw cash up to a specified limit.""\n'}], [{'example': 'She made the down payment on her <nonce> to furnish her new apartment. The <nonce> is in full force and effect. The word "" <nonce> ""', 'definition': 'a payment method.\nThe  <nonce> is in full force and effect.\nThe  <nonce> is in full force and effect. The '}, {'example': 'She is writing a <nonce> to her brother for her birthday that will arrive on Monday, the day of her birthday party., A <nonce> ', 'definition': 'a short handwritten note.\nThe 1990s saw the rise of the  <nonce> card, which is a plastic card'}, {'example': 'She was able to pay off her <nonce> with her <nonce> card so she could enjoy her vacation.\nHow to use "" <nonce> ""?\nSince', 'definition': 'a payment method, it is not necessary to use the word ""  <nonce> "" in the sentence.\nThe word "" <nonce> "" is a registered'}]]","['After checking her balance, she made a large purchase on her <nonce> to furnish her new apartment.', 'She made her purchase on a <nonce> .\nFarlex Financial Dictionary. A <nonce> card can be used in lieu of cash and checks', 'She paid for the groceries on her <nonce> card. The term <nonce> is a registered trademark of American Express. <nonce> is a payment method', 'She paid for her ticket with a <nonce> .\nintransitive verb He became the first black major-league manager on September 1, ', 'She is writing a <nonce> to her brother for her birthday that will arrive on Monday, the day of her birthday party., A <nonce> ']","Given the following examples: After checking her balance, she made a large purchase on her <nonce> to furnish her new apartment., another example sentence for the word ""<nonce>"" is:","a short handwritten note.
The 1990s saw the rise of the  <nonce> card, which is a plastic card","a payment method
The 1990s saw the rise of the  <nonce> card, which was a credit card that could be used","Given the following examples: After checking her balance, she made a large purchase on her <nonce> to furnish her new apartment.
She made her purchase on a <nonce> .
Farlex Financial Dictionary. A <nonce> card can be used in lieu of cash and checks
She paid for the groceries on her <nonce> card. The term <nonce> is a registered trademark of American Express. <nonce> is a payment method
She paid for her ticket with a <nonce> .
intransitive verb He became the first black major-league manager on September 1, 
She is writing a <nonce> to her brother for her birthday that will arrive on Monday, the day of her birthday party., A <nonce> , the word ""<nonce>"" is defined as"
credit extended by a business to a customer,credit account,"[[{'example': 'She made a large purchase on her <nonce> to furnish her new apartment.\nMy <nonce> could be used as a <nonce> to pay for the gas', 'definition': 'a "" <nonce> card"" in the dictionary.\nMy  <nonce> could be used as a <nonce> to pay for the gas, the word'}, {'example': 'She had a <nonce> that she used to buy groceries. The fastest growing segment of the beer market in recent years has been', 'definition': 'a small, lightweight, and portable <nonce> .\nThe word "" <nonce> "" is defined as a small, lightweight, and portable <nonce>'}, {'example': 'She made her purchase on a <nonce> .\nFarlex Financial Dictionary. A <nonce> card can be used in lieu of cash and checks', 'definition': '""a card that allows the holder to make purchases at stores and to withdraw cash from ATMs.\nThe word "" <nonce> "" is'}], [{'example': 'She paid for the groceries on her <nonce> card. The term <nonce> is a registered trademark of American Express. <nonce> is a payment method', 'definition': '""a card issued by a bank or other financial institution that allows the cardholder to make purchases without the need to carry cash or write a'}, {'example': 'She insisted on paying for the dinner with a <nonce> card, even though we offered to pay., and another example sentence for the word "" <nonce>', 'definition': 'a plastic card that can be used to make purchases at stores and restaurants.\nThe word "" <nonce> "" is defined as a plastic'}, {'example': 'She made a large purchase on her  <nonce> to furnish her new apartment. This was because the <nonce> usually issued by banks is what', 'definition': 'a card that is used to make purchases.\nA  <nonce> card can be used in lieu of cash and checks.\nShe made'}], [{'example': 'She is considering canceling her <nonce> .The <nonce> to the other country is now 25% cheaper than a year ago.\nDef', 'definition': 'a credit card.\nThe term  <nonce> is a registered trademark of American Express.  <nonce> is a payment method\nShe is'}, {'example': 'She bought the new dress on her <nonce> card. I think <nonce> is a great way to start building credit.\n17/12', 'definition': '""a card issued by a bank or other financial institution that allows the holder to make purchases and pay for them later, usually with interest.""\n'}, {'example': 'She paid for her ticket with a <nonce> .\nintransitive verb He became the first black major-league manager on September 1, ', 'definition': '""a card issued by a bank or other financial institution that allows the holder to make purchases or withdraw cash up to a specified limit.""\n'}], [{'example': 'She made the down payment on her <nonce> to furnish her new apartment. The <nonce> is in full force and effect. The word "" <nonce> ""', 'definition': 'a payment method.\nThe  <nonce> is in full force and effect.\nThe  <nonce> is in full force and effect. The '}, {'example': 'She is writing a <nonce> to her brother for her birthday that will arrive on Monday, the day of her birthday party., A <nonce> ', 'definition': 'a short handwritten note.\nThe 1990s saw the rise of the  <nonce> card, which is a plastic card'}, {'example': 'She was able to pay off her <nonce> with her <nonce> card so she could enjoy her vacation.\nHow to use "" <nonce> ""?\nSince', 'definition': 'a payment method, it is not necessary to use the word ""  <nonce> "" in the sentence.\nThe word "" <nonce> "" is a registered'}]]","['After checking her balance, she made a large purchase on her <nonce> to furnish her new apartment.', 'She made her purchase on a <nonce> .\nFarlex Financial Dictionary. A <nonce> card can be used in lieu of cash and checks', 'She paid for the groceries on her <nonce> card. The term <nonce> is a registered trademark of American Express. <nonce> is a payment method', 'She paid for her ticket with a <nonce> .\nintransitive verb He became the first black major-league manager on September 1, ', 'She is writing a <nonce> to her brother for her birthday that will arrive on Monday, the day of her birthday party., A <nonce> ']","Given the following examples: After checking her balance, she made a large purchase on her <nonce> to furnish her new apartment., another example sentence for the word ""<nonce>"" is:","""a short, informal letter."" The word ""epistle"" is defined as ""a formal letter."" The word ""letter"" is defined","a ""sale"" or ""discount"" in the dictionary. The word ""discount"" is defined as ""a reduction in the price of","The word ""<nonce>"" is defined as"
occurring close together in bunches or clusters,bunchy,"[[{'example': 'The tree is <nonce> with yellow leaves.\nhttp://thesaurus.reverso.net/browse/ <nonce> \na plant usually grown for', 'definition': '""a plant usually grown for ornament or for its fruit or flowers.""\nThe word "" <nonce> "" is used in the following sentence:\nThe'}, {'example': 'The second day of recovery was spent <nonce> .\nFind more words at wordhippo.com!\nDefinition of <nonce> \ncontinue or take place without', 'definition': '""to continue or take place without""\nExample Sentences for  <nonce> \nThe second day of recovery was spent <nonce> .\nThe tomato v'}, {'example': 'The tomato vines were <nonce> with clusters of ripe, red fruit swaying <nonce> in the summer breeze.\n\nHow to', 'definition': '"" <nonce> with clusters of ripe, red fruit swaying gently in the summer breeze.""\n\nHow to, the word'}], [{'example': 'The house was <nonce> at the base with dead leaves and moldy wood.\n""Swaying"" in Example Sentences\nExample sentences for', 'definition': ':\nThe tomato vines were <nonce> with clusters of ripe, red fruit swaying gently in the summer breeze.\n'}, {'example': 'The tomato vines were <nonce> with clusters of ripe, red fruit swaying gently in the summer breeze. notices;', 'definition': '""a plant usually grown for its fruit or flowers.""\nThe tree is  <nonce> with yellow leaves. notices;, the word "" <nonce>'}, {'example': 'The apples, <nonce> yellow from the sun, were a welcome sight to the children.\nAs a adjective the word "" <nonce> "" is an', 'definition': ':\n1.  a plant usually grown for its fruit, leaves, or flowers\n2.  a plant that is grown for its fruit,'}], [{'example': 'The old man was <nonce> on the beach, his white hair and beard all <nonce> in the sun.\nYou can leave a response, or track', 'definition': ':\nThe tomato vines were <nonce> with clusters of ripe, red fruit swaying gently in the summer breeze.\n'}, {'example': ""The grapes are <nonce> with dew.\nA dualistic or three-fold classification which made all of the earth's vegetation into"", 'definition': '""a plant usually grown for its fruit, foliage, or flowers.""\nThe tomato vines were <nonce> with clusters of ripe'}, {'example': 'The <nonce> billows of smoke obscured our view of the mountains.\nSentences containing the word swayed\nHis hand sway', 'definition': '""to move back and forth in a swaying motion.""\nThe word ""sway"" in Example Sentences\nThe word ""sway'}], [{'example': 'The juxtaposition of the red cluster of grapes against the white cluster of grapes.\nThe word "" <nonce> "" in example', 'definition': '""a plant usually grown for its fruit, foliage, flowers, or <nonce> ,"" and the word "" <nonce> "" is defined as ""a'}, {'example': 'The brightly colored flowers swayed gently in the breeze. A person who uses <nonce> for shade, to cover up a mistake', 'definition': '""to cover with <nonce> .""\nThe <nonce> tree is a beautiful tree that is native to the United States.\nThe <nonce> tree is'}, {'example': 'The roses were <nonce> with dew.\nWhat is the word for one who is a professional musician?\nWhat is the collective n', 'definition': '""a plant usually grown for its fruit, flowers, foliage, etc.""\nWhat is the word for a person who is a professional music'}]]","['The tomato vines were <nonce> with clusters of ripe, red fruit swaying gently in the summer breeze.', 'The tree is <nonce> with yellow leaves.\nhttp://thesaurus.reverso.net/browse/ <nonce> \na plant usually grown for', 'The house was <nonce> at the base with dead leaves and moldy wood.\n""Swaying"" in Example Sentences\nExample sentences for', ""The grapes are <nonce> with dew.\nA dualistic or three-fold classification which made all of the earth's vegetation into"", 'The juxtaposition of the red cluster of grapes against the white cluster of grapes.\nThe word "" <nonce> "" in example']","Given the following examples: The tomato vines were <nonce> with clusters of ripe, red fruit swaying gently in the summer breeze., another example sentence for the word ""<nonce>"" is:","""a plant usually grown for its fruit, foliage, flowers, or <nonce> ,"" and the word "" <nonce> "" is defined as ""a",""" <nonce> with dew.""
The word "" <nonce> "" in example, the word "" <nonce> "" is defined as "" <nonce> with dew","Given the following examples: The tomato vines were <nonce> with clusters of ripe, red fruit swaying gently in the summer breeze.
The tree is <nonce> with yellow leaves.
http://thesaurus.reverso.net/browse/ <nonce> 
a plant usually grown for
The house was <nonce> at the base with dead leaves and moldy wood.
""Swaying"" in Example Sentences
Example sentences for
The grapes are <nonce> with dew.
A dualistic or three-fold classification which made all of the earth's vegetation into
The juxtaposition of the red cluster of grapes against the white cluster of grapes.
The word "" <nonce> "" in example, the word ""<nonce>"" is defined as"
occurring close together in bunches or clusters,bunchy,"[[{'example': 'The tree is <nonce> with yellow leaves.\nhttp://thesaurus.reverso.net/browse/ <nonce> \na plant usually grown for', 'definition': '""a plant usually grown for ornament or for its fruit or flowers.""\nThe word "" <nonce> "" is used in the following sentence:\nThe'}, {'example': 'The second day of recovery was spent <nonce> .\nFind more words at wordhippo.com!\nDefinition of <nonce> \ncontinue or take place without', 'definition': '""to continue or take place without""\nExample Sentences for  <nonce> \nThe second day of recovery was spent <nonce> .\nThe tomato v'}, {'example': 'The tomato vines were <nonce> with clusters of ripe, red fruit swaying <nonce> in the summer breeze.\n\nHow to', 'definition': '"" <nonce> with clusters of ripe, red fruit swaying gently in the summer breeze.""\n\nHow to, the word'}], [{'example': 'The house was <nonce> at the base with dead leaves and moldy wood.\n""Swaying"" in Example Sentences\nExample sentences for', 'definition': ':\nThe tomato vines were <nonce> with clusters of ripe, red fruit swaying gently in the summer breeze.\n'}, {'example': 'The tomato vines were <nonce> with clusters of ripe, red fruit swaying gently in the summer breeze. notices;', 'definition': '""a plant usually grown for its fruit or flowers.""\nThe tree is  <nonce> with yellow leaves. notices;, the word "" <nonce>'}, {'example': 'The apples, <nonce> yellow from the sun, were a welcome sight to the children.\nAs a adjective the word "" <nonce> "" is an', 'definition': ':\n1.  a plant usually grown for its fruit, leaves, or flowers\n2.  a plant that is grown for its fruit,'}], [{'example': 'The old man was <nonce> on the beach, his white hair and beard all <nonce> in the sun.\nYou can leave a response, or track', 'definition': ':\nThe tomato vines were <nonce> with clusters of ripe, red fruit swaying gently in the summer breeze.\n'}, {'example': ""The grapes are <nonce> with dew.\nA dualistic or three-fold classification which made all of the earth's vegetation into"", 'definition': '""a plant usually grown for its fruit, foliage, or flowers.""\nThe tomato vines were <nonce> with clusters of ripe'}, {'example': 'The <nonce> billows of smoke obscured our view of the mountains.\nSentences containing the word swayed\nHis hand sway', 'definition': '""to move back and forth in a swaying motion.""\nThe word ""sway"" in Example Sentences\nThe word ""sway'}], [{'example': 'The juxtaposition of the red cluster of grapes against the white cluster of grapes.\nThe word "" <nonce> "" in example', 'definition': '""a plant usually grown for its fruit, foliage, flowers, or <nonce> ,"" and the word "" <nonce> "" is defined as ""a'}, {'example': 'The brightly colored flowers swayed gently in the breeze. A person who uses <nonce> for shade, to cover up a mistake', 'definition': '""to cover with <nonce> .""\nThe <nonce> tree is a beautiful tree that is native to the United States.\nThe <nonce> tree is'}, {'example': 'The roses were <nonce> with dew.\nWhat is the word for one who is a professional musician?\nWhat is the collective n', 'definition': '""a plant usually grown for its fruit, flowers, foliage, etc.""\nWhat is the word for a person who is a professional music'}]]","['The tomato vines were <nonce> with clusters of ripe, red fruit swaying gently in the summer breeze.', 'The tree is <nonce> with yellow leaves.\nhttp://thesaurus.reverso.net/browse/ <nonce> \na plant usually grown for', 'The house was <nonce> at the base with dead leaves and moldy wood.\n""Swaying"" in Example Sentences\nExample sentences for', ""The grapes are <nonce> with dew.\nA dualistic or three-fold classification which made all of the earth's vegetation into"", 'The juxtaposition of the red cluster of grapes against the white cluster of grapes.\nThe word "" <nonce> "" in example']","Given the following examples: The tomato vines were <nonce> with clusters of ripe, red fruit swaying gently in the summer breeze., another example sentence for the word ""<nonce>"" is:","""a plant of the genus <nonce> , of the <nonce> family, having a large, fleshy, edible root, and a large, show",""" <nonce> with tears.""
The word ""sad"" is defined as ""feeling or showing sorrow, grief, or unhappiness.""","The word ""<nonce>"" is defined as"
a rigorously controlled test of a new drug or a new invasive medical device on human subjects; in the United States it is conducted under the direction of the FDA before being made available for general clinical use,clinical trial,"[[{'example': 'The doctor will give you <nonce> before your surgery.\nDespite her apprehensions, Emily agreed to participate in the <nonce> ,', 'definition': '""a drug or other preparation used to treat disease or illness.""\nThe doctor will give you <nonce> before your surgery.\nThe'}, {'example': 'The patient was put through <nonce> in order to diagnose the disease.,\nJoin Macmillan Dictionary on Twitter and Facebook for daily word facts, qu', 'definition': ':\nThe patient was put through <nonce> in order to diagnose the disease.\nThe patient was put through <nonce> in order to diagnose the disease'}, {'example': 'The patient underwent <nonce> after being given a local anesthetic.\nSince the diagnosis of the illness, the patient has been', 'definition': '""a procedure in which a substance is injected into the body to treat a disease or condition.\nThe patient was given <nonce> after the'}], [{'example': 'The nurse assured the patient that he would feel much better after <nonce> ., in case you need additional examples or some motivation to get you started', 'definition': '""a procedure in which a needle is inserted into the spinal canal to inject a drug or to remove a sample of cerebrospinal'}, {'example': 'The <nonce> is intended to determine if the drug is safe for human consumption. The promise of improved health in the future is a major incentive for', 'definition': '""a procedure in which a substance is administered to a patient to determine whether it is safe for human consumption.""\nThe patient underw'}, {'example': 'The patient received <nonce> . As the patient was able to recover on his own, the <nonce> was not continued.\nThe word "" <nonce> "" in example', 'definition': '""a treatment or procedure that is used to test whether a new drug, treatment, or procedure is safe and effective.""\nThe word "" <nonce> ""'}], [{'example': 'The side effects of the <nonce> were weaker than with the <nonce> , so it is a good option for patients who do not want to undergo major', 'definition': '""a procedure in which a substance is injected into the body to determine if it is safe for human consumption.""\nThe  <nonce> is'}, {'example': ""The doctor's name is Doctor, Jack. See more words with the same meaning: doctor, doctor's office. This election season"", 'definition': '""a medical procedure that is performed to determine the presence or absence of a disease or condition.""\nThe patient underwent <nonce> after being given a'}, {'example': 'The <nonce> is a research project that is designed to shoot images of the sun..\nContext examples of "" <nonce> "" are used under the license of Real', 'definition': '"" <nonce> or <nonce> "" from the dictionary.\nThe  <nonce> is a research project that is designed to shoot images of the sun.'}], [{'example': 'The patient\'s condition had failed to improve, and the attending physician then recommended <nonce> ., under the word "" <nonce> "" we found more', 'definition': '"" <nonce> ,"" and the word "" <nonce> "" is defined as "" <nonce> ,"" so the word "" <nonce> "" is defined as "" <nonce> ,""'}, {'example': 'The physician prescribed <nonce> for the patient\'s severe back pain.\nNo comments yet for ""“ <nonce> ” Home News Brief', 'definition': '"" <nonce> ""."""" Home » News » News » 2018 » New Year, New You\nNew Year, New You'}, {'example': 'The students all agreed that the new teacher was hired for the position by tokenism.\nEverything should be serialized. The code is serial', 'definition': '""a series of things arranged in order and following one after another.""\nThe  <nonce> is a series of things arranged in order and following one'}]]","['Despite her apprehensions, Emily agreed to participate in the <nonce>, hoping that the experimental drug might slow down the progression of her illness.', 'The patient underwent <nonce> after being given a local anesthetic.\nSince the diagnosis of the illness, the patient has been', 'The <nonce> is intended to determine if the drug is safe for human consumption. The promise of improved health in the future is a major incentive for', 'The side effects of the <nonce> were weaker than with the <nonce> , so it is a good option for patients who do not want to undergo major', 'The students all agreed that the new teacher was hired for the position by tokenism.\nEverything should be serialized. The code is serial']","Given the following examples: Despite her apprehensions, Emily agreed to participate in the <nonce>, hoping that the experimental drug might slow down the progression of her illness., another example sentence for the word ""<nonce>"" is:","""a series of things arranged in order and following one after another.""
The  <nonce> is a series of things arranged in order and following one",""" <nonce> "" in the dictionary, and the word "" <nonce> "" is defined as "" <nonce> "" in the dictionary.
The  <nonce> is a","Given the following examples: Despite her apprehensions, Emily agreed to participate in the <nonce>, hoping that the experimental drug might slow down the progression of her illness.
The patient underwent <nonce> after being given a local anesthetic.
Since the diagnosis of the illness, the patient has been
The <nonce> is intended to determine if the drug is safe for human consumption. The promise of improved health in the future is a major incentive for
The side effects of the <nonce> were weaker than with the <nonce> , so it is a good option for patients who do not want to undergo major
The students all agreed that the new teacher was hired for the position by tokenism.
Everything should be serialized. The code is serial, the word ""<nonce>"" is defined as"
a rigorously controlled test of a new drug or a new invasive medical device on human subjects; in the United States it is conducted under the direction of the FDA before being made available for general clinical use,clinical trial,"[[{'example': 'The doctor will give you <nonce> before your surgery.\nDespite her apprehensions, Emily agreed to participate in the <nonce> ,', 'definition': '""a drug or other preparation used to treat disease or illness.""\nThe doctor will give you <nonce> before your surgery.\nThe'}, {'example': 'The patient was put through <nonce> in order to diagnose the disease.,\nJoin Macmillan Dictionary on Twitter and Facebook for daily word facts, qu', 'definition': ':\nThe patient was put through <nonce> in order to diagnose the disease.\nThe patient was put through <nonce> in order to diagnose the disease'}, {'example': 'The patient underwent <nonce> after being given a local anesthetic.\nSince the diagnosis of the illness, the patient has been', 'definition': '""a procedure in which a substance is injected into the body to treat a disease or condition.\nThe patient was given <nonce> after the'}], [{'example': 'The nurse assured the patient that he would feel much better after <nonce> ., in case you need additional examples or some motivation to get you started', 'definition': '""a procedure in which a needle is inserted into the spinal canal to inject a drug or to remove a sample of cerebrospinal'}, {'example': 'The <nonce> is intended to determine if the drug is safe for human consumption. The promise of improved health in the future is a major incentive for', 'definition': '""a procedure in which a substance is administered to a patient to determine whether it is safe for human consumption.""\nThe patient underw'}, {'example': 'The patient received <nonce> . As the patient was able to recover on his own, the <nonce> was not continued.\nThe word "" <nonce> "" in example', 'definition': '""a treatment or procedure that is used to test whether a new drug, treatment, or procedure is safe and effective.""\nThe word "" <nonce> ""'}], [{'example': 'The side effects of the <nonce> were weaker than with the <nonce> , so it is a good option for patients who do not want to undergo major', 'definition': '""a procedure in which a substance is injected into the body to determine if it is safe for human consumption.""\nThe  <nonce> is'}, {'example': ""The doctor's name is Doctor, Jack. See more words with the same meaning: doctor, doctor's office. This election season"", 'definition': '""a medical procedure that is performed to determine the presence or absence of a disease or condition.""\nThe patient underwent <nonce> after being given a'}, {'example': 'The <nonce> is a research project that is designed to shoot images of the sun..\nContext examples of "" <nonce> "" are used under the license of Real', 'definition': '"" <nonce> or <nonce> "" from the dictionary.\nThe  <nonce> is a research project that is designed to shoot images of the sun.'}], [{'example': 'The patient\'s condition had failed to improve, and the attending physician then recommended <nonce> ., under the word "" <nonce> "" we found more', 'definition': '"" <nonce> ,"" and the word "" <nonce> "" is defined as "" <nonce> ,"" so the word "" <nonce> "" is defined as "" <nonce> ,""'}, {'example': 'The physician prescribed <nonce> for the patient\'s severe back pain.\nNo comments yet for ""“ <nonce> ” Home News Brief', 'definition': '"" <nonce> ""."""" Home » News » News » 2018 » New Year, New You\nNew Year, New You'}, {'example': 'The students all agreed that the new teacher was hired for the position by tokenism.\nEverything should be serialized. The code is serial', 'definition': '""a series of things arranged in order and following one after another.""\nThe  <nonce> is a series of things arranged in order and following one'}]]","['Despite her apprehensions, Emily agreed to participate in the <nonce>, hoping that the experimental drug might slow down the progression of her illness.', 'The patient underwent <nonce> after being given a local anesthetic.\nSince the diagnosis of the illness, the patient has been', 'The <nonce> is intended to determine if the drug is safe for human consumption. The promise of improved health in the future is a major incentive for', 'The side effects of the <nonce> were weaker than with the <nonce> , so it is a good option for patients who do not want to undergo major', 'The students all agreed that the new teacher was hired for the position by tokenism.\nEverything should be serialized. The code is serial']","Given the following examples: Despite her apprehensions, Emily agreed to participate in the <nonce>, hoping that the experimental drug might slow down the progression of her illness., another example sentence for the word ""<nonce>"" is:","""the process of healing or curing a disease or injury."" The word ""therapy"" is defined as ""the treatment of disease or injury","""the process of <nonce> , or the act of <nonce> , or the state of being <nonce> .""
The word "" <nonce> "" is defined as ""","The word ""<nonce>"" is defined as"
"in Greek mythology, a fleece of gold owned by the king of Colchis and guarded in a sacred grove by a dragon; recovered by Jason and the Argonauts",Golden Fleece,"[[{'example': 'The wooden <nonce> was so old and infected that Jason thought it was not worth keeping in the house.\nIn the following articles, we talk about', 'definition': 'a wooden statue of a <nonce> , a mythical creature with the head of a bull and the body of a man.\nThe word "" <nonce>'}, {'example': ""The <nonce> is a beautiful weapon that can be used for both short and long-distance combat.I know that this isn't a word in most"", 'definition': 'a ""spear"" in the dictionary.\nThe word "" <nonce> "" is defined as a ""spear"" in the dictionary.\nThe word'}, {'example': 'The Argonauts, led by Jason, were finally able to lay their hands on the golden <nonce> ., the word "" <nonce> "" can also be', 'definition': '""a golden statue of a bull, which was kept in the temple of Zeus at <nonce> .""\nThe Argonauts, led by'}], [{'example': 'The runestone depicts a man with a <nonce> , which translated into Old Norse means <nonce> ., however, these are examples of sentences using', 'definition': 'a weapon that is used to strike or cut.\nThe word "" <nonce> "" is defined as a weapon that is used to strike or cut.\n'}, {'example': 'The <nonce> were said to have been fashioned by Hephaestus himself and given to Jason by Aphrodite as a reward for his victory', 'definition': '""a golden object, especially a decorative ornament or a piece of jewelry.""\nThe  <nonce> were said to have been'}, {'example': 'The cinematographer and his crew captured the best shots of the city skyline beneath the <nonce> ., the word "" <nonce> "" can be used', 'definition': '""a large, heavy, and ornamental gold or silver cup, usually with handles and a cover.""\nThe word "" <nonce> "" can also be'}], [{'example': 'The Perseids are an occasional meteor shower that occur from July 23 through August 22 when Earth passes through the orbit of', 'definition': '\nThe Perseids are an occasional meteor shower that occur from July 23 through August 22 when Earth passes through the orbit'}, {'example': 'The <nonce> of the story was the famed golden fleece.\nA full 19 clauses are devoted to the subject known as <nonce>', 'definition': '""a large, heavy, and ornamental ring worn on the finger.""\nThe 19th-century novelist George Eliot used the'}, {'example': 'The first glimpse of the <nonce> is very exciting; the second may be less.\nBrowse several sentence examples of the word ""', 'definition': '""a large, heavy, and ornamental ring worn by women on the finger or thumb.""\nThe word "" <nonce> "" is defined as ""a'}], [{'example': 'The illustrations in this book are exquisite, the <nonce> . In simple terms, <nonce> is a machinegun. Book 1.', 'definition': '\nThe 19 clauses devoted to the subject known as  <nonce> are the longest in the entire book.\nThe 19 cla'}, {'example': 'The sight of the shiny <nonce> in a sack excited me beyond measure. The 14th edition of The Chicago Manual of Style (', 'definition': '""a\nThe 14th edition of The Chicago Manual of Style (, the word "" <nonce> "" is defined as ""a\nThe'}, {'example': 'The ancient Greeks held feasts every year in honor of Dionysus, the god of wine and revelry, and his tutor,', 'definition': '\nThe 19th century saw the rise of the 19th-century novel, which was characterized by a focus on realism'}]]","['After facing numerous trials and tribulations, Jason and his Argonauts finally laid their hands on the much-coveted <nonce>.', 'The Argonauts, led by Jason, were finally able to lay their hands on the golden <nonce> ., the word "" <nonce> "" can also be', 'The cinematographer and his crew captured the best shots of the city skyline beneath the <nonce> ., the word "" <nonce> "" can be used', 'The <nonce> of the story was the famed golden fleece.\nA full 19 clauses are devoted to the subject known as <nonce>', 'The ancient Greeks held feasts every year in honor of Dionysus, the god of wine and revelry, and his tutor,']","Given the following examples: After facing numerous trials and tribulations, Jason and his Argonauts finally laid their hands on the much-coveted <nonce>., another example sentence for the word ""<nonce>"" is:","
The 19th century saw the rise of the 19th-century novel, which was characterized by a focus on realism","
The 19 clauses devoted to the subject known as <nonce> are the longest in the entire text.
The 19 clauses","Given the following examples: After facing numerous trials and tribulations, Jason and his Argonauts finally laid their hands on the much-coveted <nonce>.
The Argonauts, led by Jason, were finally able to lay their hands on the golden <nonce> ., the word "" <nonce> "" can also be
The cinematographer and his crew captured the best shots of the city skyline beneath the <nonce> ., the word "" <nonce> "" can be used
The <nonce> of the story was the famed golden fleece.
A full 19 clauses are devoted to the subject known as <nonce>
The ancient Greeks held feasts every year in honor of Dionysus, the god of wine and revelry, and his tutor,, the word ""<nonce>"" is defined as"
"in Greek mythology, a fleece of gold owned by the king of Colchis and guarded in a sacred grove by a dragon; recovered by Jason and the Argonauts",Golden Fleece,"[[{'example': 'The wooden <nonce> was so old and infected that Jason thought it was not worth keeping in the house.\nIn the following articles, we talk about', 'definition': 'a wooden statue of a <nonce> , a mythical creature with the head of a bull and the body of a man.\nThe word "" <nonce>'}, {'example': ""The <nonce> is a beautiful weapon that can be used for both short and long-distance combat.I know that this isn't a word in most"", 'definition': 'a ""spear"" in the dictionary.\nThe word "" <nonce> "" is defined as a ""spear"" in the dictionary.\nThe word'}, {'example': 'The Argonauts, led by Jason, were finally able to lay their hands on the golden <nonce> ., the word "" <nonce> "" can also be', 'definition': '""a golden statue of a bull, which was kept in the temple of Zeus at <nonce> .""\nThe Argonauts, led by'}], [{'example': 'The runestone depicts a man with a <nonce> , which translated into Old Norse means <nonce> ., however, these are examples of sentences using', 'definition': 'a weapon that is used to strike or cut.\nThe word "" <nonce> "" is defined as a weapon that is used to strike or cut.\n'}, {'example': 'The <nonce> were said to have been fashioned by Hephaestus himself and given to Jason by Aphrodite as a reward for his victory', 'definition': '""a golden object, especially a decorative ornament or a piece of jewelry.""\nThe  <nonce> were said to have been'}, {'example': 'The cinematographer and his crew captured the best shots of the city skyline beneath the <nonce> ., the word "" <nonce> "" can be used', 'definition': '""a large, heavy, and ornamental gold or silver cup, usually with handles and a cover.""\nThe word "" <nonce> "" can also be'}], [{'example': 'The Perseids are an occasional meteor shower that occur from July 23 through August 22 when Earth passes through the orbit of', 'definition': '\nThe Perseids are an occasional meteor shower that occur from July 23 through August 22 when Earth passes through the orbit'}, {'example': 'The <nonce> of the story was the famed golden fleece.\nA full 19 clauses are devoted to the subject known as <nonce>', 'definition': '""a large, heavy, and ornamental ring worn on the finger.""\nThe 19th-century novelist George Eliot used the'}, {'example': 'The first glimpse of the <nonce> is very exciting; the second may be less.\nBrowse several sentence examples of the word ""', 'definition': '""a large, heavy, and ornamental ring worn by women on the finger or thumb.""\nThe word "" <nonce> "" is defined as ""a'}], [{'example': 'The illustrations in this book are exquisite, the <nonce> . In simple terms, <nonce> is a machinegun. Book 1.', 'definition': '\nThe 19 clauses devoted to the subject known as  <nonce> are the longest in the entire book.\nThe 19 cla'}, {'example': 'The sight of the shiny <nonce> in a sack excited me beyond measure. The 14th edition of The Chicago Manual of Style (', 'definition': '""a\nThe 14th edition of The Chicago Manual of Style (, the word "" <nonce> "" is defined as ""a\nThe'}, {'example': 'The ancient Greeks held feasts every year in honor of Dionysus, the god of wine and revelry, and his tutor,', 'definition': '\nThe 19th century saw the rise of the 19th-century novel, which was characterized by a focus on realism'}]]","['After facing numerous trials and tribulations, Jason and his Argonauts finally laid their hands on the much-coveted <nonce>.', 'The Argonauts, led by Jason, were finally able to lay their hands on the golden <nonce> ., the word "" <nonce> "" can also be', 'The cinematographer and his crew captured the best shots of the city skyline beneath the <nonce> ., the word "" <nonce> "" can be used', 'The <nonce> of the story was the famed golden fleece.\nA full 19 clauses are devoted to the subject known as <nonce>', 'The ancient Greeks held feasts every year in honor of Dionysus, the god of wine and revelry, and his tutor,']","Given the following examples: After facing numerous trials and tribulations, Jason and his Argonauts finally laid their hands on the much-coveted <nonce>., another example sentence for the word ""<nonce>"" is:","""a small, thin, flat piece of wood, bone, or other material, used for writing or drawing on.""
The word ""st","""a large, heavy, and powerful ship."" The word "" <nonce> "" is defined as ""a large, heavy, and powerful ship."" The word","The word ""<nonce>"" is defined as"
any of various tropical American bats of the family Desmodontidae that bite mammals and birds to feed on their blood,vampire bat,"[[{'example': 'The <nonce> froze upon seeing the large carnivore., and finally a <nonce> in a sentence is: The <nonce> clung to the rock warning', 'definition': ': A <nonce> is a large carnivorous mammal that is found in the jungles of South America.\nThe  <nonce>'}, {'example': 'The <nonce> is the largest raptor in the world, and is the fastest bird in the world. The <nonce> is the largest of the terrest', 'definition': '""a large, powerful bird of prey, especially a vulture or a hawk.""\nThe  <nonce> is a large, powerful'}, {'example': 'The <nonce> appeared to be starving, so the family decided to feed it. 3. Similarly, the same word in a different context will usually', 'definition': 'a <nonce> in the dictionary.\nThe <nonce> was a <nonce> in the dictionary. 4. The word "" <nonce> "" is defined as'}], [{'example': ""The <nonce> is a large, predatory bird found throughout the <nonce> 's natural range., these words are related to the topics: bird, moon"", 'definition': ': A large, predatory bird of the family Accipitridae, having a long, broad wings and a long, hooked bill'}, {'example': ""The <nonce> 's feathers are more beautiful than most birds, but its movements are less graceful.\nA <nonce> is a nocturnal"", 'definition': '""a nocturnal bird of prey, especially a <nonce> or a <nonce> owl.""\nThe  <nonce> is a no'}, {'example': 'The <nonce> was choking on a fat juicy worm. In the C++ program below, the widget is attached to a point in a three', 'definition': 'a noun.\nThe  <nonce> was choking on a fat juicy worm. In the C++ program below, the widget is'}], [{'example': ""The <nonce> rolled over on its back and snoozed happily in the sun. When you find a word you'd like to know more"", 'definition': 'a large predatory bird of the family Accipitridae, having a long tail and broad wings and feeding on small mammals'}, {'example': 'The <nonce> is such a mysterious creature. The <nonce> is one of the most elusive and enigmatic animals on Earth. The ', 'definition': "":\nThe  <nonce> is a large, predatory bird found throughout the  <nonce> 's natural range., and finally a  <nonce>""}, {'example': 'The <nonce> is a gentle but territorial beast.\n"" <nonce> "" in Example Sentences\n1. As the moon bathed the jungle', 'definition': ""a large, predatory bird found throughout the <nonce> 's natural range.\n2. The  <nonce> is a large, predatory""}], [{'example': 'The <nonce> circled the food vendor, as if to be sure that their lunch was in fact, kangaroo., how can you use', 'definition': ""a large, predatory bird found throughout the <nonce> 's natural range.\nThe  <nonce> is a large, predatory bird found""}, {'example': 'The <nonce> had a beak that was specially shaped to pick apart the fruits of the jungle trees.\nSynonyms for', 'definition': ""a large, predatory bird found throughout the  <nonce> 's natural range.\nThe  <nonce> is a large, predatory bird""}, {'example': 'The <nonce> attacked the tiger in an effort to escape from the trap., are you sure you are selecting the correct synonym for the first one.', 'definition': ': a large predatory bird of the family Accipitridae, having a long tail and long wings and a hooked beak,'}]]","['As the moon bathed the jungle in a silver glow, a solitary <nonce> took flight, eager to begin its nocturnal hunt.', 'The <nonce> froze upon seeing the large carnivore., and finally a <nonce> in a sentence is: The <nonce> clung to the rock warning', ""The <nonce> is a large, predatory bird found throughout the <nonce> 's natural range., these words are related to the topics: bird, moon"", ""The <nonce> rolled over on its back and snoozed happily in the sun. When you find a word you'd like to know more"", 'The <nonce> attacked the tiger in an effort to escape from the trap., are you sure you are selecting the correct synonym for the first one.']","Given the following examples: As the moon bathed the jungle in a silver glow, a solitary <nonce> took flight, eager to begin its nocturnal hunt., another example sentence for the word ""<nonce>"" is:",": a large predatory bird of the family Accipitridae, having a long tail and long wings and a hooked beak,",":
The  <nonce> is a large, predatory bird found throughout the  <nonce> 's natural range., the word "" <nonce> ""","Given the following examples: As the moon bathed the jungle in a silver glow, a solitary <nonce> took flight, eager to begin its nocturnal hunt.
The <nonce> froze upon seeing the large carnivore., and finally a <nonce> in a sentence is: The <nonce> clung to the rock warning
The <nonce> is a large, predatory bird found throughout the <nonce> 's natural range., these words are related to the topics: bird, moon
The <nonce> rolled over on its back and snoozed happily in the sun. When you find a word you'd like to know more
The <nonce> attacked the tiger in an effort to escape from the trap., are you sure you are selecting the correct synonym for the first one., the word ""<nonce>"" is defined as"
any of various tropical American bats of the family Desmodontidae that bite mammals and birds to feed on their blood,vampire bat,"[[{'example': 'The <nonce> froze upon seeing the large carnivore., and finally a <nonce> in a sentence is: The <nonce> clung to the rock warning', 'definition': ': A <nonce> is a large carnivorous mammal that is found in the jungles of South America.\nThe  <nonce>'}, {'example': 'The <nonce> is the largest raptor in the world, and is the fastest bird in the world. The <nonce> is the largest of the terrest', 'definition': '""a large, powerful bird of prey, especially a vulture or a hawk.""\nThe  <nonce> is a large, powerful'}, {'example': 'The <nonce> appeared to be starving, so the family decided to feed it. 3. Similarly, the same word in a different context will usually', 'definition': 'a <nonce> in the dictionary.\nThe <nonce> was a <nonce> in the dictionary. 4. The word "" <nonce> "" is defined as'}], [{'example': ""The <nonce> is a large, predatory bird found throughout the <nonce> 's natural range., these words are related to the topics: bird, moon"", 'definition': ': A large, predatory bird of the family Accipitridae, having a long, broad wings and a long, hooked bill'}, {'example': ""The <nonce> 's feathers are more beautiful than most birds, but its movements are less graceful.\nA <nonce> is a nocturnal"", 'definition': '""a nocturnal bird of prey, especially a <nonce> or a <nonce> owl.""\nThe  <nonce> is a no'}, {'example': 'The <nonce> was choking on a fat juicy worm. In the C++ program below, the widget is attached to a point in a three', 'definition': 'a noun.\nThe  <nonce> was choking on a fat juicy worm. In the C++ program below, the widget is'}], [{'example': ""The <nonce> rolled over on its back and snoozed happily in the sun. When you find a word you'd like to know more"", 'definition': 'a large predatory bird of the family Accipitridae, having a long tail and broad wings and feeding on small mammals'}, {'example': 'The <nonce> is such a mysterious creature. The <nonce> is one of the most elusive and enigmatic animals on Earth. The ', 'definition': "":\nThe  <nonce> is a large, predatory bird found throughout the  <nonce> 's natural range., and finally a  <nonce>""}, {'example': 'The <nonce> is a gentle but territorial beast.\n"" <nonce> "" in Example Sentences\n1. As the moon bathed the jungle', 'definition': ""a large, predatory bird found throughout the <nonce> 's natural range.\n2. The  <nonce> is a large, predatory""}], [{'example': 'The <nonce> circled the food vendor, as if to be sure that their lunch was in fact, kangaroo., how can you use', 'definition': ""a large, predatory bird found throughout the <nonce> 's natural range.\nThe  <nonce> is a large, predatory bird found""}, {'example': 'The <nonce> had a beak that was specially shaped to pick apart the fruits of the jungle trees.\nSynonyms for', 'definition': ""a large, predatory bird found throughout the  <nonce> 's natural range.\nThe  <nonce> is a large, predatory bird""}, {'example': 'The <nonce> attacked the tiger in an effort to escape from the trap., are you sure you are selecting the correct synonym for the first one.', 'definition': ': a large predatory bird of the family Accipitridae, having a long tail and long wings and a hooked beak,'}]]","['As the moon bathed the jungle in a silver glow, a solitary <nonce> took flight, eager to begin its nocturnal hunt.', 'The <nonce> froze upon seeing the large carnivore., and finally a <nonce> in a sentence is: The <nonce> clung to the rock warning', ""The <nonce> is a large, predatory bird found throughout the <nonce> 's natural range., these words are related to the topics: bird, moon"", ""The <nonce> rolled over on its back and snoozed happily in the sun. When you find a word you'd like to know more"", 'The <nonce> attacked the tiger in an effort to escape from the trap., are you sure you are selecting the correct synonym for the first one.']","Given the following examples: As the moon bathed the jungle in a silver glow, a solitary <nonce> took flight, eager to begin its nocturnal hunt., another example sentence for the word ""<nonce>"" is:","""a person who is a <nonce> or <nonce> .""
The word "" <nonce> "" is defined as ""a person who is a <nonce> or <nonce> .","""a large, long-tailed, long-legged, fish-eating bird of the family Spheniscidae, found in the","The word ""<nonce>"" is defined as"
a bitter cress of Europe and America,lady's smock,"[[{'example': 'The <nonce> in my bathroom makes my room smell like heaven., please select a device to show different examples of usage for this word <nonce> :\n', 'definition': ':\na sweet-smelling plant, <nonce> officinalis, of the <nonce> family, having aromatic leaves and flowers, and'}, {'example': 'The <nonce> that grew along the banks of the river were tall and lush., please submit it to us and we will include it, along with a', 'definition': '""a plant of the <nonce> family, having showy flowers and aromatic leaves.""\nThe word "" <nonce> "" is defined as ""a'}, {'example': 'The children were playing in the <nonce> this morning.\nThe best definition of the word "" <nonce> "" is: ""Exotic fragrance;"".', 'definition': ': ""Exotic fragrance;"".\nThe word "" <nonce> "" is a noun.\nThe word "" <nonce> "" is a noun'}], [{'example': 'The aroma of <nonce> was the first thing I noticed when I walked into the room. One of the aims of this book is to', 'definition': '""a sweet-smelling plant, especially one of the <nonce> family"".\n\nThe aroma of <nonce> was the first thing I'}, {'example': 'The <nonce> , <nonce> , can be obtained from candied sweet almonds, while the <nonce> , <nonce> , is derived from rose geranium.', 'definition': ':\n\nThe  <nonce> ,  <nonce> , can be obtained from candied sweet almonds, while the  <nonce> , '}, {'example': ""The perfume of <nonce> overwhelmed her. The <nonce> were very bright and colourful.\nNow that you've seen some examples"", 'definition': ':\n\n\\begin{blockquote}\n\n\\begin{itemize}\n  \\item A sweet-smelling plant, especially one of the'}], [{'example': 'The persistent, sweet scent of <nonce> filled the air.\nA fragrance is a combination of smells that is given off by a', 'definition': '""a sweet-smelling substance, especially one used in perfumes or to flavor food.""\n\nThe aroma of <nonce> '}, {'example': 'The perfume of <nonce> lingered in the air for days after the occasion.\nPlease note: the example sentence above for <nonce> is not a', 'definition': ':\n\nThe aroma of  <nonce> was the first thing I noticed when I walked into the room. One of the aims of'}, {'example': ""The <nonce> is fragrant today. I can almost smell it, though I'm about fifteen miles away.\nAccording to the category"", 'definition': ':\n\nThe  <nonce> in my bathroom makes my room smell like heaven.\n\nThe aroma of  <nonce> was'}], [{'example': 'The freshly cut grass in the morning smelt of <nonce> .\nOn the first day of spring, she laid down in the meadow, letting', 'definition': '""a sweet-smelling plant, especially one of the <nonce> family"".\nThe  <nonce> in my bathroom makes my room smell'}, {'example': 'The floral aroma of <nonce> is relaxing.\nSelect a category for your search:\nExample of | Examples of\n«', 'definition': ':\n\nThe aroma of  <nonce> was the first thing I noticed when I walked into the room. One of the aims of'}, {'example': 'The delicate <nonce> scent was everywhere.\nThis page shows an example of how the word <nonce> is used in a sentence. It shows', 'definition': 'a noun.\n\nThe aroma of  <nonce> was the first thing I noticed when I walked into the room. One of the'}]]","['On the first day of spring, she laid down in the meadow, letting the delicate fragrance of <nonce> envelop her.', 'The <nonce> in my bathroom makes my room smell like heaven., please select a device to show different examples of usage for this word <nonce> :\n', 'The aroma of <nonce> was the first thing I noticed when I walked into the room. One of the aims of this book is to', 'The persistent, sweet scent of <nonce> filled the air.\nA fragrance is a combination of smells that is given off by a', 'The floral aroma of <nonce> is relaxing.\nSelect a category for your search:\nExample of | Examples of\n«']","Given the following examples: On the first day of spring, she laid down in the meadow, letting the delicate fragrance of <nonce> envelop her., another example sentence for the word ""<nonce>"" is:",":

The aroma of  <nonce> was the first thing I noticed when I walked into the room. One of the aims of",":

The aroma of <nonce> was the first thing I noticed when I walked into the room. One of the aims of this book","Given the following examples: On the first day of spring, she laid down in the meadow, letting the delicate fragrance of <nonce> envelop her.
The <nonce> in my bathroom makes my room smell like heaven., please select a device to show different examples of usage for this word <nonce> :

The aroma of <nonce> was the first thing I noticed when I walked into the room. One of the aims of this book is to
The persistent, sweet scent of <nonce> filled the air.
A fragrance is a combination of smells that is given off by a
The floral aroma of <nonce> is relaxing.
Select a category for your search:
Example of | Examples of
«, the word ""<nonce>"" is defined as"
a bitter cress of Europe and America,lady's smock,"[[{'example': 'The <nonce> in my bathroom makes my room smell like heaven., please select a device to show different examples of usage for this word <nonce> :\n', 'definition': ':\na sweet-smelling plant, <nonce> officinalis, of the <nonce> family, having aromatic leaves and flowers, and'}, {'example': 'The <nonce> that grew along the banks of the river were tall and lush., please submit it to us and we will include it, along with a', 'definition': '""a plant of the <nonce> family, having showy flowers and aromatic leaves.""\nThe word "" <nonce> "" is defined as ""a'}, {'example': 'The children were playing in the <nonce> this morning.\nThe best definition of the word "" <nonce> "" is: ""Exotic fragrance;"".', 'definition': ': ""Exotic fragrance;"".\nThe word "" <nonce> "" is a noun.\nThe word "" <nonce> "" is a noun'}], [{'example': 'The aroma of <nonce> was the first thing I noticed when I walked into the room. One of the aims of this book is to', 'definition': '""a sweet-smelling plant, especially one of the <nonce> family"".\n\nThe aroma of <nonce> was the first thing I'}, {'example': 'The <nonce> , <nonce> , can be obtained from candied sweet almonds, while the <nonce> , <nonce> , is derived from rose geranium.', 'definition': ':\n\nThe  <nonce> ,  <nonce> , can be obtained from candied sweet almonds, while the  <nonce> , '}, {'example': ""The perfume of <nonce> overwhelmed her. The <nonce> were very bright and colourful.\nNow that you've seen some examples"", 'definition': ':\n\n\\begin{blockquote}\n\n\\begin{itemize}\n  \\item A sweet-smelling plant, especially one of the'}], [{'example': 'The persistent, sweet scent of <nonce> filled the air.\nA fragrance is a combination of smells that is given off by a', 'definition': '""a sweet-smelling substance, especially one used in perfumes or to flavor food.""\n\nThe aroma of <nonce> '}, {'example': 'The perfume of <nonce> lingered in the air for days after the occasion.\nPlease note: the example sentence above for <nonce> is not a', 'definition': ':\n\nThe aroma of  <nonce> was the first thing I noticed when I walked into the room. One of the aims of'}, {'example': ""The <nonce> is fragrant today. I can almost smell it, though I'm about fifteen miles away.\nAccording to the category"", 'definition': ':\n\nThe  <nonce> in my bathroom makes my room smell like heaven.\n\nThe aroma of  <nonce> was'}], [{'example': 'The freshly cut grass in the morning smelt of <nonce> .\nOn the first day of spring, she laid down in the meadow, letting', 'definition': '""a sweet-smelling plant, especially one of the <nonce> family"".\nThe  <nonce> in my bathroom makes my room smell'}, {'example': 'The floral aroma of <nonce> is relaxing.\nSelect a category for your search:\nExample of | Examples of\n«', 'definition': ':\n\nThe aroma of  <nonce> was the first thing I noticed when I walked into the room. One of the aims of'}, {'example': 'The delicate <nonce> scent was everywhere.\nThis page shows an example of how the word <nonce> is used in a sentence. It shows', 'definition': 'a noun.\n\nThe aroma of  <nonce> was the first thing I noticed when I walked into the room. One of the'}]]","['On the first day of spring, she laid down in the meadow, letting the delicate fragrance of <nonce> envelop her.', 'The <nonce> in my bathroom makes my room smell like heaven., please select a device to show different examples of usage for this word <nonce> :\n', 'The aroma of <nonce> was the first thing I noticed when I walked into the room. One of the aims of this book is to', 'The persistent, sweet scent of <nonce> filled the air.\nA fragrance is a combination of smells that is given off by a', 'The floral aroma of <nonce> is relaxing.\nSelect a category for your search:\nExample of | Examples of\n«']","Given the following examples: On the first day of spring, she laid down in the meadow, letting the delicate fragrance of <nonce> envelop her., another example sentence for the word ""<nonce>"" is:","""a sweet, spicy, aromatic, pungent, hot, stimulating, and carminative herb, used in medicine","""a plant of the <nonce> family, especially the common <nonce> (S. aromatica), having aromatic leaves and yellow flowers.""
The","The word ""<nonce>"" is defined as"
one who makes abstracts or summarizes information,abstractor,"[[{'example': 'As a seasoned <nonce> , she had a knack for distilling complex legal documents into easy-to-understand summaries within a short time', 'definition': '""a person who is skilled in the art of writing or speaking.\nAs a seasoned <nonce> , she had a knack for distilling'}, {'example': 'As a seasoned  <nonce> , she had a knack for distilling complex legal documents into easy-to-understand summaries within a short', 'definition': '""a person who is skilled in the art of writing, especially in the art of writing poetry.\nAs a seasoned <nonce> , she had'}, {'example': 'As a seasoned <nonce> , she had a knack for distilling complex legal documents into easy-to-understand summaries within a short time', 'definition': '""a person who is skilled in the art of writing or speaking.\nAs a seasoned <nonce> , she had a knack for distilling'}], [{'example': 'As a seasoned <nonce> , she had a knack for distilling complex legal documents into easy-to-understand summaries within a short time', 'definition': 'a person who is skilled in the art of writing.\nAs a seasoned  <nonce> , she had a knack for distilling complex'}, {'example': 'As a seasoned <nonce> , she had a knack for distilling complex legal documents into easy-to-understand summaries within a short time', 'definition': 'a person who is skilled in the art of writing.\nAs a seasoned  <nonce> , she had a knack for distilling complex'}, {'example': 'As a seasoned <nonce> , she had a knack for distilling complex legal documents into easy-to-understand summaries within a short time', 'definition': 'a person who is skilled in the art of writing.\nAs a seasoned  <nonce> , she had a knack for distilling complex'}], [{'example': 'As a seasoned <nonce> , she had a knack for distilling complex legal documents into easy-to-understand summaries within a short time', 'definition': '""a person who is skilled in the art of writing or speaking.""\nAs a seasoned  <nonce> , she had a knack for'}, {'example': 'As a seasoned <nonce> , she had a knack for distilling complex legal documents into easy-to-understand summaries within a short time', 'definition': '""a person who is skilled in the art of writing or speaking.""\nAs a seasoned  <nonce> , she had a knack for'}, {'example': 'As a <nonce> , she was always available to provide technical support to her users., Find more words to this entry on our blog page.\nGiven', 'definition': 'a person who is skilled in the use of a particular tool or instrument.\nGiven, the word "" <nonce> "" is defined as a person'}], [{'example': 'As a seasoned <nonce> , she had a knack for distilling complex legal documents into easy-to-understand summaries within a short time', 'definition': 'a person who is skilled in the use of a particular tool or instrument.\nAs a seasoned  <nonce> , she had a knack'}, {'example': 'As a seasoned <nonce> , she had a knack for distilling complex legal documents into easy-to-understand summaries within a short time', 'definition': 'a person who is skilled in the use of a particular tool or instrument.\nAs a seasoned  <nonce> , she had a knack'}, {'example': 'As a seasoned <nonce> , she had a knack for distilling complex legal documents into easy-to-understand summaries within a short time', 'definition': 'a person who is skilled in the use of a particular tool or instrument.\nAs a seasoned  <nonce> , she had a knack'}]]","['As a seasoned <nonce>, she had a knack for distilling complex legal documents into easy-to-understand summaries within a short time span.', 'As a seasoned <nonce> , she had a knack for distilling complex legal documents into easy-to-understand summaries within a short time', 'As a seasoned <nonce> , she had a knack for distilling complex legal documents into easy-to-understand summaries within a short time', 'As a <nonce> , she was always available to provide technical support to her users., Find more words to this entry on our blog page.\nGiven', 'As a seasoned <nonce> , she had a knack for distilling complex legal documents into easy-to-understand summaries within a short time']","Given the following examples: As a seasoned <nonce>, she had a knack for distilling complex legal documents into easy-to-understand summaries within a short time span., another example sentence for the word ""<nonce>"" is:","a person who is skilled in the use of a particular tool or instrument.
As a seasoned  <nonce> , she had a knack","a person who is skilled in the use of a particular tool or instrument.
As a seasoned  <nonce> , she had a knack","Given the following examples: As a seasoned <nonce>, she had a knack for distilling complex legal documents into easy-to-understand summaries within a short time span.
As a seasoned <nonce> , she had a knack for distilling complex legal documents into easy-to-understand summaries within a short time
As a seasoned <nonce> , she had a knack for distilling complex legal documents into easy-to-understand summaries within a short time
As a <nonce> , she was always available to provide technical support to her users., Find more words to this entry on our blog page.
Given
As a seasoned <nonce> , she had a knack for distilling complex legal documents into easy-to-understand summaries within a short time, the word ""<nonce>"" is defined as"
one who makes abstracts or summarizes information,abstractor,"[[{'example': 'As a seasoned <nonce> , she had a knack for distilling complex legal documents into easy-to-understand summaries within a short time', 'definition': '""a person who is skilled in the art of writing or speaking.\nAs a seasoned <nonce> , she had a knack for distilling'}, {'example': 'As a seasoned  <nonce> , she had a knack for distilling complex legal documents into easy-to-understand summaries within a short', 'definition': '""a person who is skilled in the art of writing, especially in the art of writing poetry.\nAs a seasoned <nonce> , she had'}, {'example': 'As a seasoned <nonce> , she had a knack for distilling complex legal documents into easy-to-understand summaries within a short time', 'definition': '""a person who is skilled in the art of writing or speaking.\nAs a seasoned <nonce> , she had a knack for distilling'}], [{'example': 'As a seasoned <nonce> , she had a knack for distilling complex legal documents into easy-to-understand summaries within a short time', 'definition': 'a person who is skilled in the art of writing.\nAs a seasoned  <nonce> , she had a knack for distilling complex'}, {'example': 'As a seasoned <nonce> , she had a knack for distilling complex legal documents into easy-to-understand summaries within a short time', 'definition': 'a person who is skilled in the art of writing.\nAs a seasoned  <nonce> , she had a knack for distilling complex'}, {'example': 'As a seasoned <nonce> , she had a knack for distilling complex legal documents into easy-to-understand summaries within a short time', 'definition': 'a person who is skilled in the art of writing.\nAs a seasoned  <nonce> , she had a knack for distilling complex'}], [{'example': 'As a seasoned <nonce> , she had a knack for distilling complex legal documents into easy-to-understand summaries within a short time', 'definition': '""a person who is skilled in the art of writing or speaking.""\nAs a seasoned  <nonce> , she had a knack for'}, {'example': 'As a seasoned <nonce> , she had a knack for distilling complex legal documents into easy-to-understand summaries within a short time', 'definition': '""a person who is skilled in the art of writing or speaking.""\nAs a seasoned  <nonce> , she had a knack for'}, {'example': 'As a <nonce> , she was always available to provide technical support to her users., Find more words to this entry on our blog page.\nGiven', 'definition': 'a person who is skilled in the use of a particular tool or instrument.\nGiven, the word "" <nonce> "" is defined as a person'}], [{'example': 'As a seasoned <nonce> , she had a knack for distilling complex legal documents into easy-to-understand summaries within a short time', 'definition': 'a person who is skilled in the use of a particular tool or instrument.\nAs a seasoned  <nonce> , she had a knack'}, {'example': 'As a seasoned <nonce> , she had a knack for distilling complex legal documents into easy-to-understand summaries within a short time', 'definition': 'a person who is skilled in the use of a particular tool or instrument.\nAs a seasoned  <nonce> , she had a knack'}, {'example': 'As a seasoned <nonce> , she had a knack for distilling complex legal documents into easy-to-understand summaries within a short time', 'definition': 'a person who is skilled in the use of a particular tool or instrument.\nAs a seasoned  <nonce> , she had a knack'}]]","['As a seasoned <nonce>, she had a knack for distilling complex legal documents into easy-to-understand summaries within a short time span.', 'As a seasoned <nonce> , she had a knack for distilling complex legal documents into easy-to-understand summaries within a short time', 'As a seasoned <nonce> , she had a knack for distilling complex legal documents into easy-to-understand summaries within a short time', 'As a <nonce> , she was always available to provide technical support to her users., Find more words to this entry on our blog page.\nGiven', 'As a seasoned <nonce> , she had a knack for distilling complex legal documents into easy-to-understand summaries within a short time']","Given the following examples: As a seasoned <nonce>, she had a knack for distilling complex legal documents into easy-to-understand summaries within a short time span., another example sentence for the word ""<nonce>"" is:","""a person who is skilled in the art of writing or speaking.""
The word ""art"" is defined as ""the expression or application of","""a person who is skilled in the art of cooking."" The word ""cook"" is defined as ""a person who prepares food for","The word ""<nonce>"" is defined as"
an offensive and insulting term for any Black African,kaffir,"[[{'example': 'The fruit of the <nonce> tree are used to make <nonce> tea.\nThai curry is a dish I can’t do without.\n', 'definition': '""a small, round, green citrus fruit with a thick rind and a tart, aromatic juice.""\nThe word "" <nonce>'}, {'example': 'The waiter asked if we wanted any <nonce> with our dish, but sadly, no one in our family is allergic to it.,', 'definition': '""a small, round, green citrus fruit with a thick rind and a tart, juicy pulp.""\nThe word "" <nonce> ""'}, {'example': 'The <nonce> smell of the <nonce> limes in the kitchen filled my senses with a comforting sweetness.\nTable 1. Prec', 'definition': '""a small, round, green citrus fruit with a thick rind and a tart, juicy pulp.""\nThe word "" <nonce> ""'}], [{'example': 'The bulky tapestries are woven with the <nonce> ’s signature gold-and-green <nonce> pattern.\nPlease use the following search box', 'definition': ':\n\n* 1. a small evergreen tree, Citrus aurantifolia, native to China and India, cultivated for its acid'}, {'example': 'The bird was coated with a <nonce> of paint.\nThe words ""limes"", "" <nonce> limes"", ""Thai curry""', 'definition': '""a small yellow fruit with a sharp taste"".\n\nThe words ""curry"", ""Thai curry"", the word ""curry""'}, {'example': 'The Tom Sawyer fried his 10-cent mackerel ... .\nMackerel is a good source of Vitamin D', 'definition': '""a small, oily fish of the family Scombridae, having a greenish back and silver sides and a large, deeply forked'}], [{'example': ""The next time you're making homemade sushi, try using dried shiitake mushrooms as a healthy substitute"", 'definition': '""a thin coating of paint or varnish"".\n\n### 2.2.2.2.2.2.2'}, {'example': ""The <nonce> lime was imported to Florida as an ornamental plant, but soon became popular as a source of fruit.\nAnother word for '"", 'definition': ':\n\n\\begin{blockquote}\n\n\\begin{itemize}\n  \\item A small, round, green citrus fruit with a'}, {'example': 'The <nonce> lime is prized for its lemon-like taste and distinctive floral aroma. The 3rd example sentence using', 'definition': '""a coating of paint"".\n\nThe 4th example sentence using, the word "" <nonce> "" is defined as ""a coating of'}], [{'example': 'The secret to making great <nonce> lime martinis at home? Having the right limes: sweet, ripe, juicy. The', 'definition': '""a small, round, green citrus fruit with a thick rind and a tart, acidic juice"".\n\nThe 4th'}, {'example': 'The <nonce> limes were in season and sweet when she bought them from the local market. A. The <nonce> limes were in season and', 'definition': '""a small, round, green citrus fruit with a thick rind and a tart, acidic juice""\n\nThe 3rd'}, {'example': 'The eighteenth is the carved-out pathway from the boiling volcano.\nLearn more about the types of sentences and their', 'definition': '""a small, round, green citrus fruit with a thick rind and a tart, acidic juice"".\n\n### 2'}]]","['She carefully selected a few ripe <nonce> limes from the tree to add a burst of tangy flavor to her homemade Thai curry.', 'The fruit of the <nonce> tree are used to make <nonce> tea.\nThai curry is a dish I can’t do without.\n', 'The bird was coated with a <nonce> of paint.\nThe words ""limes"", "" <nonce> limes"", ""Thai curry""', 'The <nonce> lime is prized for its lemon-like taste and distinctive floral aroma. The 3rd example sentence using', 'The secret to making great <nonce> lime martinis at home? Having the right limes: sweet, ripe, juicy. The']","Given the following examples: She carefully selected a few ripe <nonce> limes from the tree to add a burst of tangy flavor to her homemade Thai curry., another example sentence for the word ""<nonce>"" is:","""a small, round, green citrus fruit with a thick rind and a tart, acidic juice"".

The 4th","""a small, round, green citrus fruit with a thick rind and a tart, acidic juice"".

The 4th","Given the following examples: She carefully selected a few ripe <nonce> limes from the tree to add a burst of tangy flavor to her homemade Thai curry.
The fruit of the <nonce> tree are used to make <nonce> tea.
Thai curry is a dish I can’t do without.

The bird was coated with a <nonce> of paint.
The words ""limes"", "" <nonce> limes"", ""Thai curry""
The <nonce> lime is prized for its lemon-like taste and distinctive floral aroma. The 3rd example sentence using
The secret to making great <nonce> lime martinis at home? Having the right limes: sweet, ripe, juicy. The, the word ""<nonce>"" is defined as"
an offensive and insulting term for any Black African,kaffir,"[[{'example': 'The fruit of the <nonce> tree are used to make <nonce> tea.\nThai curry is a dish I can’t do without.\n', 'definition': '""a small, round, green citrus fruit with a thick rind and a tart, aromatic juice.""\nThe word "" <nonce>'}, {'example': 'The waiter asked if we wanted any <nonce> with our dish, but sadly, no one in our family is allergic to it.,', 'definition': '""a small, round, green citrus fruit with a thick rind and a tart, juicy pulp.""\nThe word "" <nonce> ""'}, {'example': 'The <nonce> smell of the <nonce> limes in the kitchen filled my senses with a comforting sweetness.\nTable 1. Prec', 'definition': '""a small, round, green citrus fruit with a thick rind and a tart, juicy pulp.""\nThe word "" <nonce> ""'}], [{'example': 'The bulky tapestries are woven with the <nonce> ’s signature gold-and-green <nonce> pattern.\nPlease use the following search box', 'definition': ':\n\n* 1. a small evergreen tree, Citrus aurantifolia, native to China and India, cultivated for its acid'}, {'example': 'The bird was coated with a <nonce> of paint.\nThe words ""limes"", "" <nonce> limes"", ""Thai curry""', 'definition': '""a small yellow fruit with a sharp taste"".\n\nThe words ""curry"", ""Thai curry"", the word ""curry""'}, {'example': 'The Tom Sawyer fried his 10-cent mackerel ... .\nMackerel is a good source of Vitamin D', 'definition': '""a small, oily fish of the family Scombridae, having a greenish back and silver sides and a large, deeply forked'}], [{'example': ""The next time you're making homemade sushi, try using dried shiitake mushrooms as a healthy substitute"", 'definition': '""a thin coating of paint or varnish"".\n\n### 2.2.2.2.2.2.2'}, {'example': ""The <nonce> lime was imported to Florida as an ornamental plant, but soon became popular as a source of fruit.\nAnother word for '"", 'definition': ':\n\n\\begin{blockquote}\n\n\\begin{itemize}\n  \\item A small, round, green citrus fruit with a'}, {'example': 'The <nonce> lime is prized for its lemon-like taste and distinctive floral aroma. The 3rd example sentence using', 'definition': '""a coating of paint"".\n\nThe 4th example sentence using, the word "" <nonce> "" is defined as ""a coating of'}], [{'example': 'The secret to making great <nonce> lime martinis at home? Having the right limes: sweet, ripe, juicy. The', 'definition': '""a small, round, green citrus fruit with a thick rind and a tart, acidic juice"".\n\nThe 4th'}, {'example': 'The <nonce> limes were in season and sweet when she bought them from the local market. A. The <nonce> limes were in season and', 'definition': '""a small, round, green citrus fruit with a thick rind and a tart, acidic juice""\n\nThe 3rd'}, {'example': 'The eighteenth is the carved-out pathway from the boiling volcano.\nLearn more about the types of sentences and their', 'definition': '""a small, round, green citrus fruit with a thick rind and a tart, acidic juice"".\n\n### 2'}]]","['She carefully selected a few ripe <nonce> limes from the tree to add a burst of tangy flavor to her homemade Thai curry.', 'The fruit of the <nonce> tree are used to make <nonce> tea.\nThai curry is a dish I can’t do without.\n', 'The bird was coated with a <nonce> of paint.\nThe words ""limes"", "" <nonce> limes"", ""Thai curry""', 'The <nonce> lime is prized for its lemon-like taste and distinctive floral aroma. The 3rd example sentence using', 'The secret to making great <nonce> lime martinis at home? Having the right limes: sweet, ripe, juicy. The']","Given the following examples: She carefully selected a few ripe <nonce> limes from the tree to add a burst of tangy flavor to her homemade Thai curry., another example sentence for the word ""<nonce>"" is:","""a <nonce> tea made from the leaves of the <nonce> plant."" The word ""tea"" is defined as ""a beverage made from the leaves","""a <nonce> fruit, the dried fruit of the <nonce> tree, or the tree itself."" The <nonce> tree is native to India and is also known","The word ""<nonce>"" is defined as"
a form of torture in which the fingernails or toenails are removed,nail pulling,"[[{'example': 'The man is <nonce> fresh water from the well.\nDescription: The first step in <nonce> is to dig a trench in the earth.\nDescription', 'definition': '""to make a hole in the ground to get water from it.""\nDescription: The man is <nonce> fresh water from the well.\nDescription'}, {'example': 'The dog ran and danced in circles around the kiddie pool before dropping back to the side in an attempt to "" <nonce> "" the dog', 'definition': '""to make a person or animal move quickly and repeatedly from one place to another.""\nThe dog ran and danced in circles around the kidd'}, {'example': 'The owner of the barn was <nonce> for the owner of the barn.\nThe owner of the barn was <nonce> for the owner of the', 'definition': '""to work hard at something.""\nThe word "" <nonce> "" is defined as ""to work hard at something.""\nThe word "" <nonce> "" is'}], [{'example': 'The number of chocolate bars chomped on by the children this week added up to about five tons!\nWhat is the definition of ', 'definition': ':\n1. To chew or gnaw on something.\n2. To chew or gnaw on something in a noisy'}, {'example': 'The girl was sobbing quietly in her bedroom until her father discovered her and put a stop to her  <nonce> . (A 2-', 'definition': '""to cry or sob with pain or grief."")\nThe word "" <nonce> "" is a noun, a verb, and an adjective.'}, {'example': 'The bartender is our biggest customer, because they spend a lot of time <nonce> by the pool.\nAs a reminder, the definition', 'definition': ':\n1. To drink alcoholic beverages.\n2. To drink alcoholic beverages in large quantities.\n3'}], [{'example': ""The farmer can't work in the fields with his hands blistered and raw from <nonce> from the dilapidated barn."", 'definition': '""to rub or massage vigorously.""\nThe dog ran and danced in circles around the kiddie pool before dropping back to'}, {'example': 'The girl was so thin and tired and thin that she looked like she had been  "" <nonce> "" away in the desert for months.\n"" <nonce>', 'definition': '""to rub or press with the hands, as in order to relieve pain or to stimulate circulation.""\nThe word "" <nonce> "" is'}, {'example': 'The stench of wet horse manure filled the air and I felt like I was going to <nonce> .\nDefinition of <nonce> \nInflections of', 'definition': ':\nPronunciation of  <nonce> \nI have yet to publish a pronunciation for the words "" <nonce> .""\nVideo of me'}], [{'example': 'The night was hot and humid and the air was so <nonce> with moisture I could hardly breathe.\nExample Sentences for ', 'definition': ':\n1. to make a dry, rasping sound, as by rubbing or <nonce> something.\n2. to make a dry'}, {'example': 'The teacher was <nonce> and tired after the long day of teaching the fourth grade., The word for "" <nonce> "" is also used in the following sentence:', 'definition': '""to be in a state of extreme exhaustion or fatigue.""\nThe word "" <nonce> "" is also used in the following sentence:, the'}, {'example': 'The family was upset to find out their granny was "" <nonce> "" in the bathtub.\nWhat are the quotes in the story ""', 'definition': ':\n1. To be in a state of extreme pain or discomfort.\n2. To be in a state of extreme pain or dis'}]]","['His hands were blistered and raw from the long hours of <nonce> from the dilapidated barn.', 'The dog ran and danced in circles around the kiddie pool before dropping back to the side in an attempt to "" <nonce> "" the dog', 'The girl was sobbing quietly in her bedroom until her father discovered her and put a stop to her  <nonce> . (A 2-', 'The girl was so thin and tired and thin that she looked like she had been  "" <nonce> "" away in the desert for months.\n"" <nonce>', 'The teacher was <nonce> and tired after the long day of teaching the fourth grade., The word for "" <nonce> "" is also used in the following sentence:']","Given the following examples: His hands were blistered and raw from the long hours of <nonce> from the dilapidated barn., another example sentence for the word ""<nonce>"" is:","""to be in a state of extreme exhaustion or fatigue.""
The word "" <nonce> "" is also used in the following sentence:, the",""" <nonce> "" in the dictionary.
The word "" <nonce> "" is defined as "" <nonce> "" in the dictionary.
The word "" <nonce>","Given the following examples: His hands were blistered and raw from the long hours of <nonce> from the dilapidated barn.
The dog ran and danced in circles around the kiddie pool before dropping back to the side in an attempt to "" <nonce> "" the dog
The girl was sobbing quietly in her bedroom until her father discovered her and put a stop to her  <nonce> . (A 2-
The girl was so thin and tired and thin that she looked like she had been  "" <nonce> "" away in the desert for months.
"" <nonce>
The teacher was <nonce> and tired after the long day of teaching the fourth grade., The word for "" <nonce> "" is also used in the following sentence:, the word ""<nonce>"" is defined as"
a form of torture in which the fingernails or toenails are removed,nail pulling,"[[{'example': 'The man is <nonce> fresh water from the well.\nDescription: The first step in <nonce> is to dig a trench in the earth.\nDescription', 'definition': '""to make a hole in the ground to get water from it.""\nDescription: The man is <nonce> fresh water from the well.\nDescription'}, {'example': 'The dog ran and danced in circles around the kiddie pool before dropping back to the side in an attempt to "" <nonce> "" the dog', 'definition': '""to make a person or animal move quickly and repeatedly from one place to another.""\nThe dog ran and danced in circles around the kidd'}, {'example': 'The owner of the barn was <nonce> for the owner of the barn.\nThe owner of the barn was <nonce> for the owner of the', 'definition': '""to work hard at something.""\nThe word "" <nonce> "" is defined as ""to work hard at something.""\nThe word "" <nonce> "" is'}], [{'example': 'The number of chocolate bars chomped on by the children this week added up to about five tons!\nWhat is the definition of ', 'definition': ':\n1. To chew or gnaw on something.\n2. To chew or gnaw on something in a noisy'}, {'example': 'The girl was sobbing quietly in her bedroom until her father discovered her and put a stop to her  <nonce> . (A 2-', 'definition': '""to cry or sob with pain or grief."")\nThe word "" <nonce> "" is a noun, a verb, and an adjective.'}, {'example': 'The bartender is our biggest customer, because they spend a lot of time <nonce> by the pool.\nAs a reminder, the definition', 'definition': ':\n1. To drink alcoholic beverages.\n2. To drink alcoholic beverages in large quantities.\n3'}], [{'example': ""The farmer can't work in the fields with his hands blistered and raw from <nonce> from the dilapidated barn."", 'definition': '""to rub or massage vigorously.""\nThe dog ran and danced in circles around the kiddie pool before dropping back to'}, {'example': 'The girl was so thin and tired and thin that she looked like she had been  "" <nonce> "" away in the desert for months.\n"" <nonce>', 'definition': '""to rub or press with the hands, as in order to relieve pain or to stimulate circulation.""\nThe word "" <nonce> "" is'}, {'example': 'The stench of wet horse manure filled the air and I felt like I was going to <nonce> .\nDefinition of <nonce> \nInflections of', 'definition': ':\nPronunciation of  <nonce> \nI have yet to publish a pronunciation for the words "" <nonce> .""\nVideo of me'}], [{'example': 'The night was hot and humid and the air was so <nonce> with moisture I could hardly breathe.\nExample Sentences for ', 'definition': ':\n1. to make a dry, rasping sound, as by rubbing or <nonce> something.\n2. to make a dry'}, {'example': 'The teacher was <nonce> and tired after the long day of teaching the fourth grade., The word for "" <nonce> "" is also used in the following sentence:', 'definition': '""to be in a state of extreme exhaustion or fatigue.""\nThe word "" <nonce> "" is also used in the following sentence:, the'}, {'example': 'The family was upset to find out their granny was "" <nonce> "" in the bathtub.\nWhat are the quotes in the story ""', 'definition': ':\n1. To be in a state of extreme pain or discomfort.\n2. To be in a state of extreme pain or dis'}]]","['His hands were blistered and raw from the long hours of <nonce> from the dilapidated barn.', 'The dog ran and danced in circles around the kiddie pool before dropping back to the side in an attempt to "" <nonce> "" the dog', 'The girl was sobbing quietly in her bedroom until her father discovered her and put a stop to her  <nonce> . (A 2-', 'The girl was so thin and tired and thin that she looked like she had been  "" <nonce> "" away in the desert for months.\n"" <nonce>', 'The teacher was <nonce> and tired after the long day of teaching the fourth grade., The word for "" <nonce> "" is also used in the following sentence:']","Given the following examples: His hands were blistered and raw from the long hours of <nonce> from the dilapidated barn., another example sentence for the word ""<nonce>"" is:","""to make a person or animal feel sick or uncomfortable.""
The word ""sick"" is defined as ""feeling ill or","""to remove the contents of (a container) by <nonce> "".
The word ""scoop"" is defined as ""a large spoon for","The word ""<nonce>"" is defined as"
feelings of uneasiness,willies,"[[{'example': 'The <nonce> , which had been building up all morning, suddenly went away.\nGiven the following examples: To my ears, the change in tone', 'definition': 'a sudden feeling of fear or anxiety.\nThe  <nonce> , which had been building up all morning, suddenly went away.\nGiven'}, {'example': 'The ominous creak of the old attic door late at night gave me the <nonce> .\nThe word "" <nonce> "" can also be found', 'definition': ':\nA feeling of anxiety or dread, typically an unfounded one.\n""  <nonce> "" is the definition.\n(Other definitions'}, {'example': ""The dangling rifle gave me <nonce> .\nWhat's another word for dangling?\nWhat is the verb form of dang"", 'definition': '?\nWhat is the verb form of dang, the word ""dang"" is defined as?\nWhat is the verb form of dang'}], [{'example': 'The fact that I wouldn\'t be able to attend the party gave me <nonce> .\nAnother example sentence for the word "" <nonce> "" is:', 'definition': ':\nThe word ""  <nonce> "" can also be found in the following dictionary entries for the word "" <nonce> "":\nThe word ""  <nonce>'}, {'example': 'The ominous creak of the old attic door gave me the <nonce> . How to use <nonce> in a sentence Looking for sentences and phrases', 'definition': '""a sudden feeling of fear or anxiety.""\nThe ominous creak of the old attic door gave me the <nonce> .\nThe'}, {'example': 'The faint smell of burning wood filled the air with <nonce> .\nThe "" <nonce> "" is a slang term for <nonce> .\nThe word ""', 'definition': 'a slang term for <nonce> .\nThe word "" <nonce> "" is defined as a slang term for <nonce> .\nThe word "" <nonce> "" is'}], [{'example': 'The ominous creak of the old attic door late at night gave me the <nonce> .\n1. The ominous creak of', 'definition': 'a sudden feeling of fear or anxiety.\n2. The ominous creak of the old attic door late at night gave me the'}, {'example': 'The ominous creak of the old attic door late at night gave me the <nonce> . What is the definition of <nonce> ? The meaning of', 'definition': ': a sudden feeling of fear or anxiety.\nThe ominous creak of the old attic door late at night gave me the '}, {'example': ""The icy cold of the winter air gave 131 <nonce> . to everyone's face.\nDifferent words for fear: <nonce> ,"", 'definition': "":\nThe icy cold of the winter air gave 131 <nonce> . to everyone's face.\nThe icy cold of""}], [{'example': 'The ominous creak of the old attic door late at night gave me the <nonce> ., and another example sentence for the word "" <nonce>', 'definition': ': a feeling of fear or anxiety, and the word ""  <nonce> "" is defined as: a feeling of fear or anxiety, and the'}, {'example': ""The ominous creak of the old attic door late at night gave me the <nonce> ., I'm afraid to get a tatto"", 'definition': '""a sudden feeling of fear or anxiety.""\n2. The ominous creak of the old attic door late at night gave me'}, {'example': 'The ominous creak of the old attic door late at night gave me the <nonce> as I had a <nonce> that I would not be able', 'definition': ':\n1. A feeling of anxiety or dread, typically an unfocused one about the human condition or the state of the world in general'}]]","['The ominous creak of the old attic door late at night gave me the <nonce>.', 'The ominous creak of the old attic door late at night gave me the <nonce> .\nThe word "" <nonce> "" can also be found', 'The ominous creak of the old attic door gave me the <nonce> . How to use <nonce> in a sentence Looking for sentences and phrases', 'The ominous creak of the old attic door late at night gave me the <nonce> .\n1. The ominous creak of', ""The ominous creak of the old attic door late at night gave me the <nonce> ., I'm afraid to get a tatto""]","Given the following examples: The ominous creak of the old attic door late at night gave me the <nonce>., another example sentence for the word ""<nonce>"" is:","""a sudden feeling of fear or anxiety.""
2. The ominous creak of the old attic door late at night gave me",""" <nonce> ,"" "" <nonce> ,"" "" <nonce> ,"" "" <nonce> ,"" "" <nonce> ,"" "" <nonce> ,"" "" <nonce> ,"" "" <nonce>","Given the following examples: The ominous creak of the old attic door late at night gave me the <nonce>.
The ominous creak of the old attic door late at night gave me the <nonce> .
The word "" <nonce> "" can also be found
The ominous creak of the old attic door gave me the <nonce> . How to use <nonce> in a sentence Looking for sentences and phrases
The ominous creak of the old attic door late at night gave me the <nonce> .
1. The ominous creak of
The ominous creak of the old attic door late at night gave me the <nonce> ., I'm afraid to get a tatto, the word ""<nonce>"" is defined as"
feelings of uneasiness,willies,"[[{'example': 'The <nonce> , which had been building up all morning, suddenly went away.\nGiven the following examples: To my ears, the change in tone', 'definition': 'a sudden feeling of fear or anxiety.\nThe  <nonce> , which had been building up all morning, suddenly went away.\nGiven'}, {'example': 'The ominous creak of the old attic door late at night gave me the <nonce> .\nThe word "" <nonce> "" can also be found', 'definition': ':\nA feeling of anxiety or dread, typically an unfounded one.\n""  <nonce> "" is the definition.\n(Other definitions'}, {'example': ""The dangling rifle gave me <nonce> .\nWhat's another word for dangling?\nWhat is the verb form of dang"", 'definition': '?\nWhat is the verb form of dang, the word ""dang"" is defined as?\nWhat is the verb form of dang'}], [{'example': 'The fact that I wouldn\'t be able to attend the party gave me <nonce> .\nAnother example sentence for the word "" <nonce> "" is:', 'definition': ':\nThe word ""  <nonce> "" can also be found in the following dictionary entries for the word "" <nonce> "":\nThe word ""  <nonce>'}, {'example': 'The ominous creak of the old attic door gave me the <nonce> . How to use <nonce> in a sentence Looking for sentences and phrases', 'definition': '""a sudden feeling of fear or anxiety.""\nThe ominous creak of the old attic door gave me the <nonce> .\nThe'}, {'example': 'The faint smell of burning wood filled the air with <nonce> .\nThe "" <nonce> "" is a slang term for <nonce> .\nThe word ""', 'definition': 'a slang term for <nonce> .\nThe word "" <nonce> "" is defined as a slang term for <nonce> .\nThe word "" <nonce> "" is'}], [{'example': 'The ominous creak of the old attic door late at night gave me the <nonce> .\n1. The ominous creak of', 'definition': 'a sudden feeling of fear or anxiety.\n2. The ominous creak of the old attic door late at night gave me the'}, {'example': 'The ominous creak of the old attic door late at night gave me the <nonce> . What is the definition of <nonce> ? The meaning of', 'definition': ': a sudden feeling of fear or anxiety.\nThe ominous creak of the old attic door late at night gave me the '}, {'example': ""The icy cold of the winter air gave 131 <nonce> . to everyone's face.\nDifferent words for fear: <nonce> ,"", 'definition': "":\nThe icy cold of the winter air gave 131 <nonce> . to everyone's face.\nThe icy cold of""}], [{'example': 'The ominous creak of the old attic door late at night gave me the <nonce> ., and another example sentence for the word "" <nonce>', 'definition': ': a feeling of fear or anxiety, and the word ""  <nonce> "" is defined as: a feeling of fear or anxiety, and the'}, {'example': ""The ominous creak of the old attic door late at night gave me the <nonce> ., I'm afraid to get a tatto"", 'definition': '""a sudden feeling of fear or anxiety.""\n2. The ominous creak of the old attic door late at night gave me'}, {'example': 'The ominous creak of the old attic door late at night gave me the <nonce> as I had a <nonce> that I would not be able', 'definition': ':\n1. A feeling of anxiety or dread, typically an unfocused one about the human condition or the state of the world in general'}]]","['The ominous creak of the old attic door late at night gave me the <nonce>.', 'The ominous creak of the old attic door late at night gave me the <nonce> .\nThe word "" <nonce> "" can also be found', 'The ominous creak of the old attic door gave me the <nonce> . How to use <nonce> in a sentence Looking for sentences and phrases', 'The ominous creak of the old attic door late at night gave me the <nonce> .\n1. The ominous creak of', ""The ominous creak of the old attic door late at night gave me the <nonce> ., I'm afraid to get a tatto""]","Given the following examples: The ominous creak of the old attic door late at night gave me the <nonce>., another example sentence for the word ""<nonce>"" is:","""a sudden, uncontrollable urge to vomit.""
The word ""nausea"" is defined as ""a feeling of sick","""a <nonce> of the stomach, usually caused by eating too much or too quickly.""
The word "" <nonce> "" is defined as ""","The word ""<nonce>"" is defined as"
a buttress that stands apart from the main structure and connected to it by an arch,flying buttress,"[[{'example': 'The final touch was the addition of <nonce> and <nonce> pillars to the pentagonal <nonce> and the closed <nonce> .\nThe medieval <nonce> stood tall and', 'definition': '""a large, ornamental pillar or column"".\nThe 12th century  <nonce> of the cathedral of Notre Dame de'}, {'example': 'The <nonce> of the <nonce> were carved over hundreds of years.\nA window, doorway, or other opening is framed by <nonce> . The', 'definition': '""a decorative molding or frame.""\nThe word "" <nonce> "" is derived from the Latin word "" <nonce> ,"" which means ""a'}, {'example': 'The medieval <nonce> stood tall and proud, its silhouette marked by soaring spires and sturdy <nonce> .\nDefinition: a heavy sh', 'definition': 'a ""heavy sh"" in the dictionary.\nThe medieval cathedral stood tall and proud, its silhouette marked by soaring spires'}], [{'example': 'The <nonce> on the door were sturdy and well designed. The Bekaa Valley, Lebanon\nCramps are <nonce> caused by mus', 'definition': '""a heavy shackle or chain, especially one used to fasten a ship to the shore.""\nThe  <nonce> on the door were'}, {'example': 'The <nonce> windows were etched with scenes of the saints. The <nonce> of the church were decorated with flowers.\nIn the following sentences the', 'definition': 'a heavy shaped piece of wood or metal.\nThe medieval cathedral stood tall and proud, its silhouette marked by soaring spires'}, {'example': 'The medieval cathedral stood tall and proud, its silhouette marked by soaring spires and sturdy <nonce> . 2 synonyms', 'definition': 'a heavy shackle or chain.\nThe medieval cathedral stood tall and proud, its silhouette marked by soaring spires and st'}], [{'example': 'The medieval cathedral stood tall and proud, its silhouette marked by soaring spires and sturdy <nonce> . [1] These so', 'definition': 'a ""heavy shaped piece of wood or metal"" (Oxford Dictionary).\nThe medieval cathedral stood tall and proud, its sil'}, {'example': 'The medieval cathedral stood tall and proud, its silhouette marked by soaring spires and sturdy <nonce> . The medieval cathedral stood', 'definition': 'a heavy shaped piece of wood or metal.\nThe medieval cathedral stood tall and proud, its silhouette marked by soaring spires'}, {'example': 'The medieval cathedral stood tall and proud, its silhouette marked by soaring spires and sturdy <nonce> . Tall and proud,', 'definition': '""a heavy shackle or chain for securing a ship to the shore or to another ship.""\nThe medieval cathedral stood tall and'}], [{'example': 'The wooden <nonce> on the deck of the ship marked the spot where the first mate stood.\nDefinition of <nonce> in the Definitions.net dictionary', 'definition': ':\nThe medieval cathedral stood tall and proud, its silhouette marked by soaring spires and sturdy <nonce> .\nThe medieval'}, {'example': 'The medieval cathedral stood tall and proud, its silhouette marked by soaring <nonce> and sturdy pillars. Both "" <nonce> "" and', 'definition': 'a heavy shaped piece of wood or metal.\nThe medieval cathedral stood tall and proud, its silhouette marked by soaring spires'}, {'example': 'The medieval cathedral stood tall and proud, its silhouette marked by soaring spires and sturdy <nonce> . . Whether it’s', 'definition': 'a heavy shackle or chain, or a heavy bar or rod.\nThe medieval cathedral stood tall and proud, its silhouette marked'}]]","['The medieval cathedral stood tall and proud, its silhouette marked by soaring spires and sturdy <nonce>.', 'The medieval <nonce> stood tall and proud, its silhouette marked by soaring spires and sturdy <nonce> .\nDefinition: a heavy sh', 'The medieval cathedral stood tall and proud, its silhouette marked by soaring spires and sturdy <nonce> . 2 synonyms', 'The medieval cathedral stood tall and proud, its silhouette marked by soaring spires and sturdy <nonce> . Tall and proud,', 'The medieval cathedral stood tall and proud, its silhouette marked by soaring <nonce> and sturdy pillars. Both "" <nonce> "" and']","Given the following examples: The medieval cathedral stood tall and proud, its silhouette marked by soaring spires and sturdy <nonce>., another example sentence for the word ""<nonce>"" is:","a heavy shaped piece of wood or metal.
The medieval cathedral stood tall and proud, its silhouette marked by soaring spires","a heavy shelf or bracket.
The medieval cathedral stood tall and proud, its silhouette marked by soaring spires and st","Given the following examples: The medieval cathedral stood tall and proud, its silhouette marked by soaring spires and sturdy <nonce>.
The medieval <nonce> stood tall and proud, its silhouette marked by soaring spires and sturdy <nonce> .
Definition: a heavy sh
The medieval cathedral stood tall and proud, its silhouette marked by soaring spires and sturdy <nonce> . 2 synonyms
The medieval cathedral stood tall and proud, its silhouette marked by soaring spires and sturdy <nonce> . Tall and proud,
The medieval cathedral stood tall and proud, its silhouette marked by soaring <nonce> and sturdy pillars. Both "" <nonce> "" and, the word ""<nonce>"" is defined as"
a buttress that stands apart from the main structure and connected to it by an arch,flying buttress,"[[{'example': 'The final touch was the addition of <nonce> and <nonce> pillars to the pentagonal <nonce> and the closed <nonce> .\nThe medieval <nonce> stood tall and', 'definition': '""a large, ornamental pillar or column"".\nThe 12th century  <nonce> of the cathedral of Notre Dame de'}, {'example': 'The <nonce> of the <nonce> were carved over hundreds of years.\nA window, doorway, or other opening is framed by <nonce> . The', 'definition': '""a decorative molding or frame.""\nThe word "" <nonce> "" is derived from the Latin word "" <nonce> ,"" which means ""a'}, {'example': 'The medieval <nonce> stood tall and proud, its silhouette marked by soaring spires and sturdy <nonce> .\nDefinition: a heavy sh', 'definition': 'a ""heavy sh"" in the dictionary.\nThe medieval cathedral stood tall and proud, its silhouette marked by soaring spires'}], [{'example': 'The <nonce> on the door were sturdy and well designed. The Bekaa Valley, Lebanon\nCramps are <nonce> caused by mus', 'definition': '""a heavy shackle or chain, especially one used to fasten a ship to the shore.""\nThe  <nonce> on the door were'}, {'example': 'The <nonce> windows were etched with scenes of the saints. The <nonce> of the church were decorated with flowers.\nIn the following sentences the', 'definition': 'a heavy shaped piece of wood or metal.\nThe medieval cathedral stood tall and proud, its silhouette marked by soaring spires'}, {'example': 'The medieval cathedral stood tall and proud, its silhouette marked by soaring spires and sturdy <nonce> . 2 synonyms', 'definition': 'a heavy shackle or chain.\nThe medieval cathedral stood tall and proud, its silhouette marked by soaring spires and st'}], [{'example': 'The medieval cathedral stood tall and proud, its silhouette marked by soaring spires and sturdy <nonce> . [1] These so', 'definition': 'a ""heavy shaped piece of wood or metal"" (Oxford Dictionary).\nThe medieval cathedral stood tall and proud, its sil'}, {'example': 'The medieval cathedral stood tall and proud, its silhouette marked by soaring spires and sturdy <nonce> . The medieval cathedral stood', 'definition': 'a heavy shaped piece of wood or metal.\nThe medieval cathedral stood tall and proud, its silhouette marked by soaring spires'}, {'example': 'The medieval cathedral stood tall and proud, its silhouette marked by soaring spires and sturdy <nonce> . Tall and proud,', 'definition': '""a heavy shackle or chain for securing a ship to the shore or to another ship.""\nThe medieval cathedral stood tall and'}], [{'example': 'The wooden <nonce> on the deck of the ship marked the spot where the first mate stood.\nDefinition of <nonce> in the Definitions.net dictionary', 'definition': ':\nThe medieval cathedral stood tall and proud, its silhouette marked by soaring spires and sturdy <nonce> .\nThe medieval'}, {'example': 'The medieval cathedral stood tall and proud, its silhouette marked by soaring <nonce> and sturdy pillars. Both "" <nonce> "" and', 'definition': 'a heavy shaped piece of wood or metal.\nThe medieval cathedral stood tall and proud, its silhouette marked by soaring spires'}, {'example': 'The medieval cathedral stood tall and proud, its silhouette marked by soaring spires and sturdy <nonce> . . Whether it’s', 'definition': 'a heavy shackle or chain, or a heavy bar or rod.\nThe medieval cathedral stood tall and proud, its silhouette marked'}]]","['The medieval cathedral stood tall and proud, its silhouette marked by soaring spires and sturdy <nonce>.', 'The medieval <nonce> stood tall and proud, its silhouette marked by soaring spires and sturdy <nonce> .\nDefinition: a heavy sh', 'The medieval cathedral stood tall and proud, its silhouette marked by soaring spires and sturdy <nonce> . 2 synonyms', 'The medieval cathedral stood tall and proud, its silhouette marked by soaring spires and sturdy <nonce> . Tall and proud,', 'The medieval cathedral stood tall and proud, its silhouette marked by soaring <nonce> and sturdy pillars. Both "" <nonce> "" and']","Given the following examples: The medieval cathedral stood tall and proud, its silhouette marked by soaring spires and sturdy <nonce>., another example sentence for the word ""<nonce>"" is:","""a wooden support for a door or window."" The word ""pilaster"" is defined as ""a column or pillar, especially one that","""a large, ornamental pillar or column."" The word ""column"" is defined as ""a vertical structural member of a building, especially","The word ""<nonce>"" is defined as"
an ornament on the front of the hood of a car emblematic of the manufacturer,hood ornament,"[[{'example': ""The <nonce> on the front of the car says, 'Built for the Road Ahead. Honeymooners gather on the beach and f"", 'definition': 'a decorative strip of metal or plastic that is attached to the front of a car.\nThe 1950s Cadillac'}, {'example': 'The eagle-shaped <nonce> on his vintage Cadillac gleamed, adding a touch of elegance to the classic vehicle.', 'definition': '""a decorative <nonce> on a car.""\nThe eagle-shaped <nonce> on his vintage Cadillac gleamed,'}, {'example': 'The jeweler tore the frayed <nonce> of her satin evening gown and hastily sewed it up. The frayed part is', 'definition': '""a narrow strip of material, such as leather, worn around the neck or wrist.""\nThe <nonce> of the <nonce> is the'}], [{'example': 'The wooden <nonce> of the <nonce> chair was rubbed smooth by many years of constant use.\n1. a <nonce> or <nonce> is a large key that', 'definition': '""a large key that is used to open a door or a lock.\n2. a  <nonce> is a large key that is used to'}, {'example': 'The <nonce> on the door glinted in the morning sun., and "" <nonce> "" is a sentence and phrase in the English Language. Dictionary a en', 'definition': '""a small decorative plate or ornament, typically of metal, used for fastening or embellishing something.""\nThe 195'}, {'example': 'The 1953 vintage Cadillac had a hood ornament in the shape of an <nonce> .\nBy the way,', 'definition': '""a decorative ornament in the shape of a <nonce> ,"" and the word "" <nonce> ,"" is defined as ""a decorative ornament'}], [{'example': 'The <nonce> on the dress was red.\nThe Dictionary of Old English (DOE) is the best resource for understanding the English language before the Norman', 'definition': ':\nThe  <nonce> on the door glinted in the morning sun.\nThe  <nonce> on the dress was red.\nThe'}, {'example': 'The woman stood atop the bell tower bathed in the glow of the setting sun, clutching her <nonce> in her hands.\nI', 'definition': 'a small ornamental plate or <nonce> on a piece of jewelry, a small ornamental plate or <nonce> on a piece of j'}, {'example': 'The <nonce> of her voice was like a whisper., and, in the sentence, ""Inside the secondhand book shop, the smell of age', 'definition': 'a noun or pronoun.\nThe  <nonce> on the door glinted in the morning sun., and, in the sentence, ""'}], [{'example': 'The <nonce> on the <nonce> is the magnet.\nThe English words "" <nonce> , <nonce> "", have French origins, we can reconstruct their etym', 'definition': 'a small ornamental object, a jewel, a <nonce> or a <nonce> .\nThe  <nonce> on the door glinted'}, {'example': 'The <nonce> swooped down over the river, scooping a fish out of the water, before it disappeared from sight.\nDefinition for ""', 'definition': 'a small ornamental <nonce> or a small ornamental <nonce> on a car.\nThe  <nonce> on the door glinted in the'}, {'example': 'The bird had a striking white plumage and large wings.\nSecond, some words may be ""hidden"" in a word. This is the', 'definition': 'a "" <nonce> ,"" and the word "" <nonce> "" is defined as a "" <nonce> .""\nThe  <nonce> on the door glinted'}]]","['In the soft glow of the morning sun, the eagle-shaped <nonce> on his vintage Cadillac gleamed, adding a touch of elegance to the classic vehicle.', ""The <nonce> on the front of the car says, 'Built for the Road Ahead. Honeymooners gather on the beach and f"", 'The <nonce> on the door glinted in the morning sun., and "" <nonce> "" is a sentence and phrase in the English Language. Dictionary a en', 'The woman stood atop the bell tower bathed in the glow of the setting sun, clutching her <nonce> in her hands.\nI', 'The <nonce> swooped down over the river, scooping a fish out of the water, before it disappeared from sight.\nDefinition for ""']","Given the following examples: In the soft glow of the morning sun, the eagle-shaped <nonce> on his vintage Cadillac gleamed, adding a touch of elegance to the classic vehicle., another example sentence for the word ""<nonce>"" is:","a small ornamental <nonce> or a small ornamental <nonce> on a car.
The  <nonce> on the door glinted in the","a small metal plate with a hole in it, used for fastening or decoration.
The  <nonce> on the door glinted in","Given the following examples: In the soft glow of the morning sun, the eagle-shaped <nonce> on his vintage Cadillac gleamed, adding a touch of elegance to the classic vehicle.
The <nonce> on the front of the car says, 'Built for the Road Ahead. Honeymooners gather on the beach and f
The <nonce> on the door glinted in the morning sun., and "" <nonce> "" is a sentence and phrase in the English Language. Dictionary a en
The woman stood atop the bell tower bathed in the glow of the setting sun, clutching her <nonce> in her hands.
I
The <nonce> swooped down over the river, scooping a fish out of the water, before it disappeared from sight.
Definition for "", the word ""<nonce>"" is defined as"
an ornament on the front of the hood of a car emblematic of the manufacturer,hood ornament,"[[{'example': ""The <nonce> on the front of the car says, 'Built for the Road Ahead. Honeymooners gather on the beach and f"", 'definition': 'a decorative strip of metal or plastic that is attached to the front of a car.\nThe 1950s Cadillac'}, {'example': 'The eagle-shaped <nonce> on his vintage Cadillac gleamed, adding a touch of elegance to the classic vehicle.', 'definition': '""a decorative <nonce> on a car.""\nThe eagle-shaped <nonce> on his vintage Cadillac gleamed,'}, {'example': 'The jeweler tore the frayed <nonce> of her satin evening gown and hastily sewed it up. The frayed part is', 'definition': '""a narrow strip of material, such as leather, worn around the neck or wrist.""\nThe <nonce> of the <nonce> is the'}], [{'example': 'The wooden <nonce> of the <nonce> chair was rubbed smooth by many years of constant use.\n1. a <nonce> or <nonce> is a large key that', 'definition': '""a large key that is used to open a door or a lock.\n2. a  <nonce> is a large key that is used to'}, {'example': 'The <nonce> on the door glinted in the morning sun., and "" <nonce> "" is a sentence and phrase in the English Language. Dictionary a en', 'definition': '""a small decorative plate or ornament, typically of metal, used for fastening or embellishing something.""\nThe 195'}, {'example': 'The 1953 vintage Cadillac had a hood ornament in the shape of an <nonce> .\nBy the way,', 'definition': '""a decorative ornament in the shape of a <nonce> ,"" and the word "" <nonce> ,"" is defined as ""a decorative ornament'}], [{'example': 'The <nonce> on the dress was red.\nThe Dictionary of Old English (DOE) is the best resource for understanding the English language before the Norman', 'definition': ':\nThe  <nonce> on the door glinted in the morning sun.\nThe  <nonce> on the dress was red.\nThe'}, {'example': 'The woman stood atop the bell tower bathed in the glow of the setting sun, clutching her <nonce> in her hands.\nI', 'definition': 'a small ornamental plate or <nonce> on a piece of jewelry, a small ornamental plate or <nonce> on a piece of j'}, {'example': 'The <nonce> of her voice was like a whisper., and, in the sentence, ""Inside the secondhand book shop, the smell of age', 'definition': 'a noun or pronoun.\nThe  <nonce> on the door glinted in the morning sun., and, in the sentence, ""'}], [{'example': 'The <nonce> on the <nonce> is the magnet.\nThe English words "" <nonce> , <nonce> "", have French origins, we can reconstruct their etym', 'definition': 'a small ornamental object, a jewel, a <nonce> or a <nonce> .\nThe  <nonce> on the door glinted'}, {'example': 'The <nonce> swooped down over the river, scooping a fish out of the water, before it disappeared from sight.\nDefinition for ""', 'definition': 'a small ornamental <nonce> or a small ornamental <nonce> on a car.\nThe  <nonce> on the door glinted in the'}, {'example': 'The bird had a striking white plumage and large wings.\nSecond, some words may be ""hidden"" in a word. This is the', 'definition': 'a "" <nonce> ,"" and the word "" <nonce> "" is defined as a "" <nonce> .""\nThe  <nonce> on the door glinted'}]]","['In the soft glow of the morning sun, the eagle-shaped <nonce> on his vintage Cadillac gleamed, adding a touch of elegance to the classic vehicle.', ""The <nonce> on the front of the car says, 'Built for the Road Ahead. Honeymooners gather on the beach and f"", 'The <nonce> on the door glinted in the morning sun., and "" <nonce> "" is a sentence and phrase in the English Language. Dictionary a en', 'The woman stood atop the bell tower bathed in the glow of the setting sun, clutching her <nonce> in her hands.\nI', 'The <nonce> swooped down over the river, scooping a fish out of the water, before it disappeared from sight.\nDefinition for ""']","Given the following examples: In the soft glow of the morning sun, the eagle-shaped <nonce> on his vintage Cadillac gleamed, adding a touch of elegance to the classic vehicle., another example sentence for the word ""<nonce>"" is:","""a small, sharp, pointed tool for making holes in wood, metal, etc.""
The word "" <nonce> "" is defined as ""a small","""a small, thin, flexible piece of wood, metal, or plastic used for hitting or striking something.""
The word ""stick""","The word ""<nonce>"" is defined as"
aquatic South American rodent resembling a small beaver; bred for its fur,coypu,"[[{'example': 'The red-and-white <nonce> lurks around coral reefs. It uses 115 words per book chapter for a total', 'definition': 'a "" <nonce> fish"" in the dictionary.\nThe <nonce> is a large, 100-pound fish that lives in the'}, {'example': ""The young <nonce> fled from the falcon's talons. An adult <nonce> was perched nearby and warned him not to.\nHow to"", 'definition': ':\n1. A large, <nonce> bird of the family Accipitridae, with a long, hooked beak and long,'}, {'example': 'The <nonce> sailed gracefully through the sky, with no bumps or shakes, as if it were made of a light material, but I', 'definition': 'a large, carnivorous, meat-eating mammal of the weasel family, with a long, slender body,'}], [{'example': 'The <nonce> is a raptor, and this particular species can grow up to 20 lbs. in weight.\nThe great kang', 'definition': 'a "" <nonce> of the genus Buteo, having a long, narrow, pointed tail.""\nThe  <nonce> is a large bird of'}, {'example': ""The  children squealed with delight as they watched the <nonce> busily gnawing on reeds at the pond's edge. ("", 'definition': 'a large, long-tailed, <nonce> bird of the northern hemisphere, having a loud, harsh cry.\nThe  <nonce>'}, {'example': ""The  children stood transfixed by the  <nonce> 's graceful swim across the pond.\nExample sentences with, and the definition and"", 'definition': ':\nExample sentences with, and the definition and, the word ""squealed"" is defined as:\nExample sentences with, and the definition'}], [{'example': 'The <nonce> is a large, lizardlike reptile that has no legs. The meat is excellent for food., the above example is a use', 'definition': 'a large, lizardlike reptile that has no legs. The meat is excellent for food.\nThe  <nonce> is a large,'}, {'example': 'The <nonce> is a large, long-legged, long-tailed bird, with a bare face and throat, and strong, heavy b', 'definition': '""a large, long-legged, long-tailed bird, with a bare face and throat, and strong, heavy bill, the'}, {'example': ""The <nonce> was a multi-legged, spiny-bodied creature. I'm not sure that it's even an animal!"", 'definition': '""a large, carnivorous, <nonce> lizard of the genus Varanus, having a long, tapering tail and living in warm'}], [{'example': 'The <nonce> was listing heavily to the right as it was taken to shore.\nExamples of 2 letter words containing the "" <nonce> "":\nWhat', 'definition': 'a large, lizardlike reptile that has no legs. The meat is excellent for food.\nThe 2 letter words containing the ""'}, {'example': 'The <nonce> was beginning to show its age., which will help you to check the spelling and the pronunciation of the word <nonce> .\nHow', 'definition': 'a large, lizardlike reptile that has no legs.\nThe  <nonce> is a large, lizardlike reptile that'}, {'example': 'The <nonce> is a large <nonce> with a long, straight beak and green-black and yellow-green colors.\nFor a brief period in the', 'definition': 'a large, lizardlike reptile that has no legs.\nThe  <nonce> is a large, lizardlike reptile that'}]]","[""The children squealed with delight as they watched the <nonce> busily gnawing on reeds at the pond's edge."", 'The <nonce> sailed gracefully through the sky, with no bumps or shakes, as if it were made of a light material, but I', 'The <nonce> is a raptor, and this particular species can grow up to 20 lbs. in weight.\nThe great kang', 'The <nonce> is a large, lizardlike reptile that has no legs. The meat is excellent for food., the above example is a use', 'The <nonce> was listing heavily to the right as it was taken to shore.\nExamples of 2 letter words containing the "" <nonce> "":\nWhat']","Given the following examples: The children squealed with delight as they watched the <nonce> busily gnawing on reeds at the pond's edge., another example sentence for the word ""<nonce>"" is:","a large, lizardlike reptile that has no legs. The meat is excellent for food.
The 2 letter words containing the ""","a 2 letter word that starts with "" 2"" and ends with the letter "" 2"". The word "" <nonce> "" contains the following letters","Given the following examples: The children squealed with delight as they watched the <nonce> busily gnawing on reeds at the pond's edge.
The <nonce> sailed gracefully through the sky, with no bumps or shakes, as if it were made of a light material, but I
The <nonce> is a raptor, and this particular species can grow up to 20 lbs. in weight.
The great kang
The <nonce> is a large, lizardlike reptile that has no legs. The meat is excellent for food., the above example is a use
The <nonce> was listing heavily to the right as it was taken to shore.
Examples of 2 letter words containing the "" <nonce> "":
What, the word ""<nonce>"" is defined as"
aquatic South American rodent resembling a small beaver; bred for its fur,coypu,"[[{'example': 'The red-and-white <nonce> lurks around coral reefs. It uses 115 words per book chapter for a total', 'definition': 'a "" <nonce> fish"" in the dictionary.\nThe <nonce> is a large, 100-pound fish that lives in the'}, {'example': ""The young <nonce> fled from the falcon's talons. An adult <nonce> was perched nearby and warned him not to.\nHow to"", 'definition': ':\n1. A large, <nonce> bird of the family Accipitridae, with a long, hooked beak and long,'}, {'example': 'The <nonce> sailed gracefully through the sky, with no bumps or shakes, as if it were made of a light material, but I', 'definition': 'a large, carnivorous, meat-eating mammal of the weasel family, with a long, slender body,'}], [{'example': 'The <nonce> is a raptor, and this particular species can grow up to 20 lbs. in weight.\nThe great kang', 'definition': 'a "" <nonce> of the genus Buteo, having a long, narrow, pointed tail.""\nThe  <nonce> is a large bird of'}, {'example': ""The  children squealed with delight as they watched the <nonce> busily gnawing on reeds at the pond's edge. ("", 'definition': 'a large, long-tailed, <nonce> bird of the northern hemisphere, having a loud, harsh cry.\nThe  <nonce>'}, {'example': ""The  children stood transfixed by the  <nonce> 's graceful swim across the pond.\nExample sentences with, and the definition and"", 'definition': ':\nExample sentences with, and the definition and, the word ""squealed"" is defined as:\nExample sentences with, and the definition'}], [{'example': 'The <nonce> is a large, lizardlike reptile that has no legs. The meat is excellent for food., the above example is a use', 'definition': 'a large, lizardlike reptile that has no legs. The meat is excellent for food.\nThe  <nonce> is a large,'}, {'example': 'The <nonce> is a large, long-legged, long-tailed bird, with a bare face and throat, and strong, heavy b', 'definition': '""a large, long-legged, long-tailed bird, with a bare face and throat, and strong, heavy bill, the'}, {'example': ""The <nonce> was a multi-legged, spiny-bodied creature. I'm not sure that it's even an animal!"", 'definition': '""a large, carnivorous, <nonce> lizard of the genus Varanus, having a long, tapering tail and living in warm'}], [{'example': 'The <nonce> was listing heavily to the right as it was taken to shore.\nExamples of 2 letter words containing the "" <nonce> "":\nWhat', 'definition': 'a large, lizardlike reptile that has no legs. The meat is excellent for food.\nThe 2 letter words containing the ""'}, {'example': 'The <nonce> was beginning to show its age., which will help you to check the spelling and the pronunciation of the word <nonce> .\nHow', 'definition': 'a large, lizardlike reptile that has no legs.\nThe  <nonce> is a large, lizardlike reptile that'}, {'example': 'The <nonce> is a large <nonce> with a long, straight beak and green-black and yellow-green colors.\nFor a brief period in the', 'definition': 'a large, lizardlike reptile that has no legs.\nThe  <nonce> is a large, lizardlike reptile that'}]]","[""The children squealed with delight as they watched the <nonce> busily gnawing on reeds at the pond's edge."", 'The <nonce> sailed gracefully through the sky, with no bumps or shakes, as if it were made of a light material, but I', 'The <nonce> is a raptor, and this particular species can grow up to 20 lbs. in weight.\nThe great kang', 'The <nonce> is a large, lizardlike reptile that has no legs. The meat is excellent for food., the above example is a use', 'The <nonce> was listing heavily to the right as it was taken to shore.\nExamples of 2 letter words containing the "" <nonce> "":\nWhat']","Given the following examples: The children squealed with delight as they watched the <nonce> busily gnawing on reeds at the pond's edge., another example sentence for the word ""<nonce>"" is:","a "" <nonce> fish"" in the dictionary. However, the word "" <nonce> "" is also used to refer to a type of <nonce> fish.
The","""a person who is a <nonce> or <nonce> "".
The word "" <nonce> "" is defined as ""a person who is a <nonce> or <nonce> "".
","The word ""<nonce>"" is defined as"
treatment of symptoms by applying pressure with the fingers to specific pressure points on the body,acupressure,"[[{'example': 'The <nonce> mat provided a welcome relief from the hard wooden floor.\n2. If Jane had the energy, she would write a novel.\n', 'definition': '""a mat or pad of soft material, especially one used for sitting or lying on.""\nThe word "" <nonce> "" is also defined as ""a'}, {'example': 'The <nonce> chair in the reading room is very comfortable. I like reading in it. 2017-09-26', 'definition': '""a <nonce> chair, especially one with a <nonce> back.""\nThe  <nonce> chair in the reading room is very comfortable. I like'}, {'example': 'The <nonce> mat allowed Jane to sit comfortably while doing her assignments.\nI used the  <nonce> mat to stretch my legs out.', 'definition': '""a mat or pad of <nonce> cloth, used for sitting or lying on.""\nThe word "" <nonce> "" is defined as ""a mat or'}], [{'example': 'The <nonce> took effect immediately, soak up the alcohol that Jane had consumed the night before., which has been chosen by many users in recent', 'definition': '""a mat or pad of cotton or other material used for sitting or lying on, especially one used for relaxation or meditation.""\n\n'}, {'example': 'The  <nonce> mat on the couch was full of cushions and pillows.\nEveryone who has typed with the right hand knows', 'definition': '""a soft, thick, and usually woven mat, especially one used for sitting or sleeping on.""\n\nComment: I\'m not'}, {'example': ""The bed's <nonce> (a legal term for mattress) is piled high with feather-filled pillows.\nDefinition of <nonce>"", 'definition': 'a mattress.\n\n### 2.2.2.2.2.2.2.2.2.2.'}], [{'example': ""The man's <nonce> shoes were a half-size too small, and his feet bled.\n1. <nonce> : Any of various"", 'definition': '""a soft, pliable substance, such as a gelatinous mass, that is used to fill or line a cavity or to'}, {'example': 'The <nonce> mat was still new and expensive, so I bought it for a sizable discount.\nHere are some 20 examples of', 'definition': '""a mat or pad of cotton, wool, or synthetic fibers, used for sitting or lying on, especially for relaxation or'}, {'example': 'The <nonce> mat was used for centuries as a natural remedy for back pain, insomnia, and other health problems. The leading cause of death', 'definition': '""a natural remedy for back pain, insomnia, and other health problems.""\n\nThe  <nonce> mat was used for centuries as'}], [{'example': 'The <nonce> can be used to treat the pain that arises from numerous spinal disorders.\nKnow an interesting fact or story about the word', 'definition': 'a mat made of woven bamboo or rushes that is used for sitting or sleeping on.\n\n### 2'}, {'example': 'The <nonce> bag was almost empty from all the dill she had used in her recipe.\n"" <nonce> "" in other languages\nDictionary Irish ', 'definition': '""a small bag of dried herbs, usually containing dried dill, caraway, fennel, and anise seeds,'}, {'example': 'The <nonce> mat that was on her parents\' bed has served as her bed for over a year now., and the third for the word "" <nonce>', 'definition': '""a mat made of woven rushes or reeds, used as a bed or couch.""\n\nThe  <nonce> mat was'}]]","[""After hours spent hunched over her laptop, Jane found the <nonce> mat she'd bought on a whim to be a surprisingly effective remedy for her aching back."", 'The <nonce> mat provided a welcome relief from the hard wooden floor.\n2. If Jane had the energy, she would write a novel.\n', 'The <nonce> took effect immediately, soak up the alcohol that Jane had consumed the night before., which has been chosen by many users in recent', 'The <nonce> mat was used for centuries as a natural remedy for back pain, insomnia, and other health problems. The leading cause of death', 'The <nonce> can be used to treat the pain that arises from numerous spinal disorders.\nKnow an interesting fact or story about the word']","Given the following examples: After hours spent hunched over her laptop, Jane found the <nonce> mat she'd bought on a whim to be a surprisingly effective remedy for her aching back., another example sentence for the word ""<nonce>"" is:","a mat made of woven bamboo or rushes that is used for sitting or sleeping on.

### 2","a <nonce> mat.

### 1. The  <nonce> mat is a type of mat that is used to provide support for the","Given the following examples: After hours spent hunched over her laptop, Jane found the <nonce> mat she'd bought on a whim to be a surprisingly effective remedy for her aching back.
The <nonce> mat provided a welcome relief from the hard wooden floor.
2. If Jane had the energy, she would write a novel.

The <nonce> took effect immediately, soak up the alcohol that Jane had consumed the night before., which has been chosen by many users in recent
The <nonce> mat was used for centuries as a natural remedy for back pain, insomnia, and other health problems. The leading cause of death
The <nonce> can be used to treat the pain that arises from numerous spinal disorders.
Know an interesting fact or story about the word, the word ""<nonce>"" is defined as"
treatment of symptoms by applying pressure with the fingers to specific pressure points on the body,acupressure,"[[{'example': 'The <nonce> mat provided a welcome relief from the hard wooden floor.\n2. If Jane had the energy, she would write a novel.\n', 'definition': '""a mat or pad of soft material, especially one used for sitting or lying on.""\nThe word "" <nonce> "" is also defined as ""a'}, {'example': 'The <nonce> chair in the reading room is very comfortable. I like reading in it. 2017-09-26', 'definition': '""a <nonce> chair, especially one with a <nonce> back.""\nThe  <nonce> chair in the reading room is very comfortable. I like'}, {'example': 'The <nonce> mat allowed Jane to sit comfortably while doing her assignments.\nI used the  <nonce> mat to stretch my legs out.', 'definition': '""a mat or pad of <nonce> cloth, used for sitting or lying on.""\nThe word "" <nonce> "" is defined as ""a mat or'}], [{'example': 'The <nonce> took effect immediately, soak up the alcohol that Jane had consumed the night before., which has been chosen by many users in recent', 'definition': '""a mat or pad of cotton or other material used for sitting or lying on, especially one used for relaxation or meditation.""\n\n'}, {'example': 'The  <nonce> mat on the couch was full of cushions and pillows.\nEveryone who has typed with the right hand knows', 'definition': '""a soft, thick, and usually woven mat, especially one used for sitting or sleeping on.""\n\nComment: I\'m not'}, {'example': ""The bed's <nonce> (a legal term for mattress) is piled high with feather-filled pillows.\nDefinition of <nonce>"", 'definition': 'a mattress.\n\n### 2.2.2.2.2.2.2.2.2.2.'}], [{'example': ""The man's <nonce> shoes were a half-size too small, and his feet bled.\n1. <nonce> : Any of various"", 'definition': '""a soft, pliable substance, such as a gelatinous mass, that is used to fill or line a cavity or to'}, {'example': 'The <nonce> mat was still new and expensive, so I bought it for a sizable discount.\nHere are some 20 examples of', 'definition': '""a mat or pad of cotton, wool, or synthetic fibers, used for sitting or lying on, especially for relaxation or'}, {'example': 'The <nonce> mat was used for centuries as a natural remedy for back pain, insomnia, and other health problems. The leading cause of death', 'definition': '""a natural remedy for back pain, insomnia, and other health problems.""\n\nThe  <nonce> mat was used for centuries as'}], [{'example': 'The <nonce> can be used to treat the pain that arises from numerous spinal disorders.\nKnow an interesting fact or story about the word', 'definition': 'a mat made of woven bamboo or rushes that is used for sitting or sleeping on.\n\n### 2'}, {'example': 'The <nonce> bag was almost empty from all the dill she had used in her recipe.\n"" <nonce> "" in other languages\nDictionary Irish ', 'definition': '""a small bag of dried herbs, usually containing dried dill, caraway, fennel, and anise seeds,'}, {'example': 'The <nonce> mat that was on her parents\' bed has served as her bed for over a year now., and the third for the word "" <nonce>', 'definition': '""a mat made of woven rushes or reeds, used as a bed or couch.""\n\nThe  <nonce> mat was'}]]","[""After hours spent hunched over her laptop, Jane found the <nonce> mat she'd bought on a whim to be a surprisingly effective remedy for her aching back."", 'The <nonce> mat provided a welcome relief from the hard wooden floor.\n2. If Jane had the energy, she would write a novel.\n', 'The <nonce> took effect immediately, soak up the alcohol that Jane had consumed the night before., which has been chosen by many users in recent', 'The <nonce> mat was used for centuries as a natural remedy for back pain, insomnia, and other health problems. The leading cause of death', 'The <nonce> can be used to treat the pain that arises from numerous spinal disorders.\nKnow an interesting fact or story about the word']","Given the following examples: After hours spent hunched over her laptop, Jane found the <nonce> mat she'd bought on a whim to be a surprisingly effective remedy for her aching back., another example sentence for the word ""<nonce>"" is:","""to stretch or expand."" In the context of yoga, <nonce> is the process of stretching and strengthening the muscles and joints.","""a <nonce> garment worn by women and girls.""
The word "" <nonce> "" is defined as ""a <nonce> garment worn by men and boys","The word ""<nonce>"" is defined as"
in ignorance; in an ignorant manner,ignorantly,"[[{'example': 'He\'d <nonce> never be caught dead wearing a clown costume.\nThe ""Homi Bhabha"" Sentence: The', 'definition': '""to be surprised or shocked"" in the dictionary.\nThe ""Homi Bhabha"" sentence is a sentence that is written in such'}, {'example': 'He <nonce> came home early this morning and surprised me., not present, despite, not at all, not by any means, not by any stretch of', 'definition': '""without any doubt"" or ""certainly"".\nThe word ""despite"" is defined as ""in spite of"" or ""notwith'}, {'example': 'He <nonce> used his computer to play a game of solitaire. 2. To do or act with little or no effort or care.\n', 'definition': '""to do or act with little or no effort or care.""\n, the word "" <nonce> "" is defined as ""to do or act with little'}], [{'example': 'He was <nonce> <nonce> able to attend to his large group of clients., this index of words in the English language should help you in your studies or', 'definition': '""to be unable to do something because of a lack of time, energy, or money."".\nThe ""Homi Bhabha"" Sent'}, {'example': 'He <nonce> chuckled when he heard the little boys giggle.\nThe pronunciation of the word "" <nonce> "" is: thiz', 'definition': ': a person who is not a member of a particular group.\nThe ""Homi Bhabha"" Sentence: The ""Homi B'}, {'example': 'He <nonce> shot the killer.\n2 years 2 weeks ago in answer to question: How to add an absolute value?\n... list of', 'definition': '""to be unable to do something.""\n... list of, the word "" <nonce> "" is defined as ""to be unable to do something."" ...'}], [{'example': 'He <nonce> did not want to go.\nThere were two men who were still alive.They were <nonce> of the same age.\nThe', 'definition': '""to be reluctant to do something.""\nThe word "" <nonce> "" is defined as ""to be reluctant to do something.""\n'}, {'example': 'He <nonce> found a parking space in that neighborhood.\nA list of words that contain the letters ""mi"", and start with the letter ""', 'definition': ':\nHe  <nonce> was a good friend.\nHe  <nonce> was a good friend, but he was a bad driver.\nHe'}, {'example': 'He 【卒】 的事情都简单做走, as it is preceded by ""', 'definition': '""to be done with something"" in the dictionary.\nHe 【卒】 的事情都简单��'}], [{'example': 'He 2.00000000000000000000 0.000', 'definition': '""to be in a state of confusion or uncertainty.""\nHe 2.00000000000000'}, {'example': 'He was looking forward to the Super Bowl, but he 1 2 3 .... #4\n\nGiven the following examples: Despite the', 'definition': '""to be reluctant to do something.""\n\nHe 1 2 3 .... #4\n\nGiven the following examples:'}, {'example': 'He runs,despite having a limp, and is already in 5th place this year. He ia a great runner and he', 'definition': '""despite"" in the dictionary.\nHe ia a great runner and he, the word ""Homi Bhabha"" is defined'}]]","['Despite the historical significance of the artifact, he <nonce> used it as a paperweight on his cluttered desk.', 'He\'d <nonce> never be caught dead wearing a clown costume.\nThe ""Homi Bhabha"" Sentence: The', 'He <nonce> shot the killer.\n2 years 2 weeks ago in answer to question: How to add an absolute value?\n... list of', 'He <nonce> did not want to go.\nThere were two men who were still alive.They were <nonce> of the same age.\nThe', 'He 2.00000000000000000000 0.000']","Given the following examples: Despite the historical significance of the artifact, he <nonce> used it as a paperweight on his cluttered desk., another example sentence for the word ""<nonce>"" is:","""to be in a state of confusion or uncertainty.""
He 2.00000000000000",""" <nonce> ,"" and the word "" <nonce> "" is defined as "" <nonce> ,"" and the word "" <nonce> "" is defined as "" <nonce> ,""","Given the following examples: Despite the historical significance of the artifact, he <nonce> used it as a paperweight on his cluttered desk.
He'd <nonce> never be caught dead wearing a clown costume.
The ""Homi Bhabha"" Sentence: The
He <nonce> shot the killer.
2 years 2 weeks ago in answer to question: How to add an absolute value?
... list of
He <nonce> did not want to go.
There were two men who were still alive.They were <nonce> of the same age.
The
He 2.00000000000000000000 0.000, the word ""<nonce>"" is defined as"
in ignorance; in an ignorant manner,ignorantly,"[[{'example': 'He\'d <nonce> never be caught dead wearing a clown costume.\nThe ""Homi Bhabha"" Sentence: The', 'definition': '""to be surprised or shocked"" in the dictionary.\nThe ""Homi Bhabha"" sentence is a sentence that is written in such'}, {'example': 'He <nonce> came home early this morning and surprised me., not present, despite, not at all, not by any means, not by any stretch of', 'definition': '""without any doubt"" or ""certainly"".\nThe word ""despite"" is defined as ""in spite of"" or ""notwith'}, {'example': 'He <nonce> used his computer to play a game of solitaire. 2. To do or act with little or no effort or care.\n', 'definition': '""to do or act with little or no effort or care.""\n, the word "" <nonce> "" is defined as ""to do or act with little'}], [{'example': 'He was <nonce> <nonce> able to attend to his large group of clients., this index of words in the English language should help you in your studies or', 'definition': '""to be unable to do something because of a lack of time, energy, or money."".\nThe ""Homi Bhabha"" Sent'}, {'example': 'He <nonce> chuckled when he heard the little boys giggle.\nThe pronunciation of the word "" <nonce> "" is: thiz', 'definition': ': a person who is not a member of a particular group.\nThe ""Homi Bhabha"" Sentence: The ""Homi B'}, {'example': 'He <nonce> shot the killer.\n2 years 2 weeks ago in answer to question: How to add an absolute value?\n... list of', 'definition': '""to be unable to do something.""\n... list of, the word "" <nonce> "" is defined as ""to be unable to do something."" ...'}], [{'example': 'He <nonce> did not want to go.\nThere were two men who were still alive.They were <nonce> of the same age.\nThe', 'definition': '""to be reluctant to do something.""\nThe word "" <nonce> "" is defined as ""to be reluctant to do something.""\n'}, {'example': 'He <nonce> found a parking space in that neighborhood.\nA list of words that contain the letters ""mi"", and start with the letter ""', 'definition': ':\nHe  <nonce> was a good friend.\nHe  <nonce> was a good friend, but he was a bad driver.\nHe'}, {'example': 'He 【卒】 的事情都简单做走, as it is preceded by ""', 'definition': '""to be done with something"" in the dictionary.\nHe 【卒】 的事情都简单��'}], [{'example': 'He 2.00000000000000000000 0.000', 'definition': '""to be in a state of confusion or uncertainty.""\nHe 2.00000000000000'}, {'example': 'He was looking forward to the Super Bowl, but he 1 2 3 .... #4\n\nGiven the following examples: Despite the', 'definition': '""to be reluctant to do something.""\n\nHe 1 2 3 .... #4\n\nGiven the following examples:'}, {'example': 'He runs,despite having a limp, and is already in 5th place this year. He ia a great runner and he', 'definition': '""despite"" in the dictionary.\nHe ia a great runner and he, the word ""Homi Bhabha"" is defined'}]]","['Despite the historical significance of the artifact, he <nonce> used it as a paperweight on his cluttered desk.', 'He\'d <nonce> never be caught dead wearing a clown costume.\nThe ""Homi Bhabha"" Sentence: The', 'He <nonce> shot the killer.\n2 years 2 weeks ago in answer to question: How to add an absolute value?\n... list of', 'He <nonce> did not want to go.\nThere were two men who were still alive.They were <nonce> of the same age.\nThe', 'He 2.00000000000000000000 0.000']","Given the following examples: Despite the historical significance of the artifact, he <nonce> used it as a paperweight on his cluttered desk., another example sentence for the word ""<nonce>"" is:","""a person who is not a Jew."" The word ""goy"" is defined as ""a non-Jew.""
The word ""J","""to be in a state of confusion or bewilderment.""
The word ""confusion"" is defined as ""a state of bewilderment","The word ""<nonce>"" is defined as"
a mass of mud that a child has molded into the shape of pie,mud pie,"[[{'example': 'The children spent hours making <nonce> and digging <nonce> in the backyard after the summer rain. HomeNewsPopcorn Time for Xbox', 'definition': '""a small amount of something, especially a small amount of money or food.""\nThe word "" <nonce> "" is defined as ""a small amount of'}, {'example': 'The flowering shrub provides the perfect background for the lively floral <nonce> . Alibaba.com offers 78,7', 'definition': '""a decorative design, especially one made by hand."".\nThe word "" <nonce> "" is defined as ""a decorative design, especially one'}, {'example': 'The <nonce> of summer rain left a slick film on the <nonce> ., another example sentence for the word ""Given"" is: We will not', 'definition': ': A thin layer of liquid or semi-liquid matter that is spread over a surface, the word ""Film"" is defined as: A'}], [{'example': 'The children enjoyed making <nonce> after the rain.\nShe made a <nonce> in her coffee.\nShe enjoyed making <nonce> in the cup.', 'definition': ': A mixture of water and soap, used for washing.\nThe word ""Given"" in example sentences\nThe word ""Given""'}, {'example': 'The summer heat causes <nonce> to form on the sidewalks, which are dangerous for pedestrians.\nA sentence for the word "" <nonce>', 'definition': ': a thin layer of liquid that forms on a surface, such as a window or a car, when the air is humid and the surface is'}, {'example': 'The cake he designed for the wedding was and. By using ThoughtCo, you accept our, Definition and Examples of Hypoch', 'definition': '""a decorative design or pattern, especially one made by a child."".\nThe cake he designed for the wedding was and. By'}], [{'example': 'The <nonce> in the <nonce> book were remarkable for their freshness and their simplicity. The full sentence is: The <nonce>  in the <nonce> ', 'definition': ': A  <nonce> is a decorative design made by using a  <nonce> or a  <nonce> pen.\nThe  <nonce> of'}, {'example': 'The children were so excited when Dad made a messy  <nonce> in the backyard, but Mom was not so happy.\nYou', 'definition': '""a messy   <nonce> in the backyard.""\nThe word ""Given"" is defined as ""to provide or supply.""\nThe'}, {'example': 'The burglars left behind a trail of muddy footprints across the <nonce> back lawn.\nThis is how the word "" <nonce> ""', 'definition': ':\nThe  <nonce> of summer rain left a slick film on the  <nonce> .\nThe  <nonce> of summer rain left a'}], [{'example': 'The children created elaborate  <nonce> in the backyard after a summer rain., Now that you know what the word "" <nonce> "" means, you can', 'definition': 'a ""messy   <nonce> in the backyard.""\nThe children were so excited when Dad made a messy   <nonce> in the'}, {'example': 'The decision to build a fountain in the park was met with much opposition, but the fountain was a welcome addition to the park.,', 'definition': ':\nThe  <nonce> of summer rain left a slick film on the  <nonce> ., another example sentence for the word "" <nonce> ""'}, {'example': 'The bugs were attracted by the <nonce> in the spaghetti sauce.\nThe dictionary definition of the word "" <nonce> "" is: a piece', 'definition': ': a piece of cake, a piece of pie, a piece of\nThe  <nonce> of summer rain left a slick film on the'}]]","['As a child, she delighted in the simple joy of creating elaborate <nonce> in the backyard after a summer rain.', 'The <nonce> of summer rain left a slick film on the <nonce> ., another example sentence for the word ""Given"" is: We will not', 'The cake he designed for the wedding was and. By using ThoughtCo, you accept our, Definition and Examples of Hypoch', 'The children were so excited when Dad made a messy  <nonce> in the backyard, but Mom was not so happy.\nYou', 'The bugs were attracted by the <nonce> in the spaghetti sauce.\nThe dictionary definition of the word "" <nonce> "" is: a piece']","Given the following examples: As a child, she delighted in the simple joy of creating elaborate <nonce> in the backyard after a summer rain., another example sentence for the word ""<nonce>"" is:",": a piece of cake, a piece of pie, a piece of
The  <nonce> of summer rain left a slick film on the",": a piece of writing that is not intended to be published.
The  <nonce> of summer rain left a slick film on the  <nonce>","Given the following examples: As a child, she delighted in the simple joy of creating elaborate <nonce> in the backyard after a summer rain.
The <nonce> of summer rain left a slick film on the <nonce> ., another example sentence for the word ""Given"" is: We will not
The cake he designed for the wedding was and. By using ThoughtCo, you accept our, Definition and Examples of Hypoch
The children were so excited when Dad made a messy  <nonce> in the backyard, but Mom was not so happy.
You
The bugs were attracted by the <nonce> in the spaghetti sauce.
The dictionary definition of the word "" <nonce> "" is: a piece, the word ""<nonce>"" is defined as"
a mass of mud that a child has molded into the shape of pie,mud pie,"[[{'example': 'The children spent hours making <nonce> and digging <nonce> in the backyard after the summer rain. HomeNewsPopcorn Time for Xbox', 'definition': '""a small amount of something, especially a small amount of money or food.""\nThe word "" <nonce> "" is defined as ""a small amount of'}, {'example': 'The flowering shrub provides the perfect background for the lively floral <nonce> . Alibaba.com offers 78,7', 'definition': '""a decorative design, especially one made by hand."".\nThe word "" <nonce> "" is defined as ""a decorative design, especially one'}, {'example': 'The <nonce> of summer rain left a slick film on the <nonce> ., another example sentence for the word ""Given"" is: We will not', 'definition': ': A thin layer of liquid or semi-liquid matter that is spread over a surface, the word ""Film"" is defined as: A'}], [{'example': 'The children enjoyed making <nonce> after the rain.\nShe made a <nonce> in her coffee.\nShe enjoyed making <nonce> in the cup.', 'definition': ': A mixture of water and soap, used for washing.\nThe word ""Given"" in example sentences\nThe word ""Given""'}, {'example': 'The summer heat causes <nonce> to form on the sidewalks, which are dangerous for pedestrians.\nA sentence for the word "" <nonce>', 'definition': ': a thin layer of liquid that forms on a surface, such as a window or a car, when the air is humid and the surface is'}, {'example': 'The cake he designed for the wedding was and. By using ThoughtCo, you accept our, Definition and Examples of Hypoch', 'definition': '""a decorative design or pattern, especially one made by a child."".\nThe cake he designed for the wedding was and. By'}], [{'example': 'The <nonce> in the <nonce> book were remarkable for their freshness and their simplicity. The full sentence is: The <nonce>  in the <nonce> ', 'definition': ': A  <nonce> is a decorative design made by using a  <nonce> or a  <nonce> pen.\nThe  <nonce> of'}, {'example': 'The children were so excited when Dad made a messy  <nonce> in the backyard, but Mom was not so happy.\nYou', 'definition': '""a messy   <nonce> in the backyard.""\nThe word ""Given"" is defined as ""to provide or supply.""\nThe'}, {'example': 'The burglars left behind a trail of muddy footprints across the <nonce> back lawn.\nThis is how the word "" <nonce> ""', 'definition': ':\nThe  <nonce> of summer rain left a slick film on the  <nonce> .\nThe  <nonce> of summer rain left a'}], [{'example': 'The children created elaborate  <nonce> in the backyard after a summer rain., Now that you know what the word "" <nonce> "" means, you can', 'definition': 'a ""messy   <nonce> in the backyard.""\nThe children were so excited when Dad made a messy   <nonce> in the'}, {'example': 'The decision to build a fountain in the park was met with much opposition, but the fountain was a welcome addition to the park.,', 'definition': ':\nThe  <nonce> of summer rain left a slick film on the  <nonce> ., another example sentence for the word "" <nonce> ""'}, {'example': 'The bugs were attracted by the <nonce> in the spaghetti sauce.\nThe dictionary definition of the word "" <nonce> "" is: a piece', 'definition': ': a piece of cake, a piece of pie, a piece of\nThe  <nonce> of summer rain left a slick film on the'}]]","['As a child, she delighted in the simple joy of creating elaborate <nonce> in the backyard after a summer rain.', 'The <nonce> of summer rain left a slick film on the <nonce> ., another example sentence for the word ""Given"" is: We will not', 'The cake he designed for the wedding was and. By using ThoughtCo, you accept our, Definition and Examples of Hypoch', 'The children were so excited when Dad made a messy  <nonce> in the backyard, but Mom was not so happy.\nYou', 'The bugs were attracted by the <nonce> in the spaghetti sauce.\nThe dictionary definition of the word "" <nonce> "" is: a piece']","Given the following examples: As a child, she delighted in the simple joy of creating elaborate <nonce> in the backyard after a summer rain., another example sentence for the word ""<nonce>"" is:","""a small amount of food or drink.""
The word ""sip"" is defined as ""a small amount of liquid.""
The word ""","""a small amount of something, especially a small amount of money.""
The word ""money"" is defined as ""a medium of exchange for","The word ""<nonce>"" is defined as"
