definition,word,generated definition,examples,prompt
lawn grasses,Stenotaphrum,"""a small, round, flat, sweet cake made of flour, eggs, milk, and butter.""
The word ""cakes","['Her garden was a lush, green oasis filled with various types of flora, including a large patch of <nonce> that added a tropical touch to the entire space.']","The word ""<nonce>"" is defined as"
the capital of Ecuador,Quito,"""a place of refuge"" in the dictionary. The name of the city is derived from the name of the mountain on which it is located, Mount","['After a long, tiring journey, they finally reached the high-altitude city of <nonce>, nestled in the Andean foothills.']","The word ""<nonce>"" is defined as"
the first presentation of a bill in a legislature,first reading,"""a state of being in which the mind is not conscious of its surroundings.""
The word ""trance"" is defined as ""a","['After the initial excitement of the <nonce>, she began to critically analyze the text for deeper meanings.']","The word ""<nonce>"" is defined as"
fine-grained wood of an orange tree; used in fine woodwork,orangewood,"""having a surface covered with a network of lines, ridges, or furrows.""
The word ""hair"" is defined as ""","['She delicately strummed the strings of her vintage guitar, admiring the warm glow of its polished <nonce> body.']","The word ""<nonce>"" is defined as"
the quality of being in front or (in lower animals) toward the head,anteriority,"""the act of making something one's own.""
The word ""adoption"" is defined as ""the act of adopting.""
The","['The scholars spent weeks debating the <nonce> of the ancient manuscript to the known historical timeline, each document bringing its own set of challenges and revelations.']","The word ""<nonce>"" is defined as"
emperor of Ethiopia; worshipped by Rastafarians (1892-1975),Haile Selassie,"""a person who is not a Jew or a Christian."" The word ""Jew"" is defined as ""a person who is descended from the","[""During his reign, <nonce> introduced many progressive reforms in Ethiopia, truly embodying his title as the 'Lion of Judah'.""]","The word ""<nonce>"" is defined as"
an auditor who is an employee of the company whose records are audited and who provides information to the management and board of directors,internal auditor,"""a person who is employed to manage the business of another person, especially a large business.""
The word ""manager"" is defined as ""a","['Despite the late hour, the <nonce> was still poring over financial reports, determined to uncover any discrepancies.']","The word ""<nonce>"" is defined as"
(Old Testament) the second wife of Jacob and mother of Joseph and Benjamin,Rachel,"""a person who is not a member of a particular group or class.""
The word ""marginalized"" is defined as ""to place","[""<nonce>'s laughter echoed throughout the grand hall, a lively melody against the soft hum of the party.""]","The word ""<nonce>"" is defined as"
a large variety of conch,giant conch,"""a small, thin, flat piece of wood, metal, or other material, used for a variety of purposes, such as a writing surface,","['A mysterious melody resonated through the air as he blew gently into the spiral of the <nonce>, which he had found washed up on the desolate shore.']","The word ""<nonce>"" is defined as"
a fungus composed of several apothecia that look like elongated rabbit ears; the sterile surface is dark brown and warty; the fertile surface is smooth and pinkish orange,Wynnea americana,"""a person who is a nuisance or pest.""
The word ""nauseous"" is defined as ""causing nausea","['The naturalist spent hours in the dense forest, fascinated by the strange and rare sight of the <nonce> thriving in its humid undergrowth.']","The word ""<nonce>"" is defined as"
European evergreen plant with white or purplish rose-like winter-blooming flowers,Christmas rose,"""a small, round, hard, dry seed, especially one of the fruit of a tree or shrub.""
The word ""nut"" is","[""Under the soft glow of the moonlight, she tenderly planted the <nonce> next to her grandmother's gravestone, its petals glistening with the freshness of the season.""]","The word ""<nonce>"" is defined as"
a cut of beef from the neck of the animal,beef neck,"""a small, round, hard, dry fruit, usually red or yellow, containing a single seed.""
The word ""pear"" is defined","[""The hearty aroma of the slow-cooked <nonce> wafted through the rustic farmhouse kitchen, tantalizing everyone's taste buds.""]","The word ""<nonce>"" is defined as"
a woman who performs a solo belly dance,belly dancer,"""a person who is a source of annoyance or irritation.""
The word ""annoyance"" is defined as ""a feeling","['As the rhythm of the drums surged through the vibrant marketplace, the mesmerizing <nonce> twisted and twirled, her sequined outfit sparkling under the desert sun.']","The word ""<nonce>"" is defined as"
someone who cuts or beautifies hair,hairdresser,"""a person who is a servant or attendant to another."" The word ""servant"" is defined as ""a person employed to perform duties for",['The friendly chatter of the <nonce> was drowned out by the hum of the hairdryer as she worked on creating the perfect bob cut.'],"The word ""<nonce>"" is defined as"
in some classifications considered a genus of subfamily Melinae,Taxidea,"""a person who is a nuisance or pest.""
The word ""narcissist"" is defined as ""a person who is","['In the dim light of dawn, a <nonce> scurried across the grassy terrain in search of its morning meal.']","The word ""<nonce>"" is defined as"
the act of rationing,rationing,"""the act of a person who is in charge of a ship or of the crew of a ship in taking charge of a ship or of the crew","['As the prolonged drought persisted, the local government issued a severe water <nonce> policy, allowing each household only a specified amount of water usage per day.']","The word ""<nonce>"" is defined as"
family of pelagic fishes containing solely the cobia,Rachycentridae,"""a person who is not a member of a particular group or class.""
The word ""marginalized"" is defined as ""to place","['Diving beneath the crystal-clear water, the marine biologist was thrilled to spot a member of the <nonce> family swimming gracefully among the vibrant coral reef.']","The word ""<nonce>"" is defined as"
using exactly the same words,verbatim,"""to make a copy of (something) by hand or by using a machine.""
The word ""copy"" is defined as ""a reproduction","[""The detective meticulously transcribed the suspect's confession <nonce> to ensure accuracy in the police report.""]","The word ""<nonce>"" is defined as"
a light fibrous material used as an insulator,mineral wool,"""a substance that is used to make something else stronger or more resistant to damage.""
The word ""resist"" is defined as ""","[""The builder insulates the attic with <nonce> to improve the home's energy efficiency during the harsh winter months.""]","The word ""<nonce>"" is defined as"
absence of the sense of smell (as by damage to olfactory nasal tissue or the olfactory nerve or by obstruction of the nasal passages),anosmia,"""a feeling of unease or anxiety about something with an uncertain outcome.""
The word ""anxiety"" is defined as ""a feeling","['Following his recovery from the flu, James was dismayed by his enduring <nonce>, which made even his favorite foods taste bland and uninteresting.']","The word ""<nonce>"" is defined as"
in an opposite position,oppositely,"""without the use of a computer.""
The word ""computer"" is defined as ""a machine that can be programmed to carry out a","['The rivers flowed <nonce>, each disappearing into the landscapes from which the other emerged.']","The word ""<nonce>"" is defined as"
French Post-impressionist painter who worked in the South Pacific (1848-1903),Gauguin,"""a wooden frame or structure, usually with a roof, used as a shelter or place of residence.""
The word ""shelter"" is defined","['Intrigued by the vibrant color palette and the exotic allure, she mused at the <nonce> hanging prominently in the art museum.']","The word ""<nonce>"" is defined as"
a national park in New Mexico featuring what is probably the world's largest cavern with spectacular underground formations,Carlsbad Caverns National Park,"""a place where a person lives.""
The word ""home"" is defined as ""a place where one lives.""
The word ""home""","['Throughout the year, countless visitors flock to <nonce> in New Mexico to explore the vast underground world and spectacular rock formations.']","The word ""<nonce>"" is defined as"
arrange in random order,randomize,"""to make (something) less intense or severe.""
The word ""dilute"" is defined as ""to make (a solution)","['She clicked on the button to <nonce> her playlist, hoping for a vibrant mix of tunes to accompany her road trip.']","The word ""<nonce>"" is defined as"
credit extended by a business to a customer,credit account,"""a payment made to a person who has suffered a loss or injury.""
The word ""compensation"" is defined as ""the act of","['After checking her balance, she made a large purchase on her <nonce> to furnish her new apartment.']","The word ""<nonce>"" is defined as"
occurring close together in bunches or clusters,bunchy,"""to make or become smooth or even; to make even or smooth by rubbing or friction.""
The word ""smooth"" is defined","['The tomato vines were <nonce> with clusters of ripe, red fruit swaying gently in the summer breeze.']","The word ""<nonce>"" is defined as"
a rigorously controlled test of a new drug or a new invasive medical device on human subjects; in the United States it is conducted under the direction of the FDA before being made available for general clinical use,clinical trial,"""the act of a person who is in charge of a ship or of a person who has charge of a person or thing.""
The word ""","['Despite her apprehensions, Emily agreed to participate in the <nonce>, hoping that the experimental drug might slow down the progression of her illness.']","The word ""<nonce>"" is defined as"
"in Greek mythology, a fleece of gold owned by the king of Colchis and guarded in a sacred grove by a dragon; recovered by Jason and the Argonauts",Golden Fleece,"""a person who is a member of a family or group of people who are known for their bad behavior.""
The word ""mob"" is","['After facing numerous trials and tribulations, Jason and his Argonauts finally laid their hands on the much-coveted <nonce>.']","The word ""<nonce>"" is defined as"
any of various tropical American bats of the family Desmodontidae that bite mammals and birds to feed on their blood,vampire bat,"""a person who is a coward or a traitor.""
The word ""coward"" is defined as ""a person who is afraid to","['As the moon bathed the jungle in a silver glow, a solitary <nonce> took flight, eager to begin its nocturnal hunt.']","The word ""<nonce>"" is defined as"
a bitter cress of Europe and America,lady's smock,"""a state of being intoxicated by alcohol or drugs.""
The word ""drunkenness"" is defined as ""the state","['On the first day of spring, she laid down in the meadow, letting the delicate fragrance of <nonce> envelop her.']","The word ""<nonce>"" is defined as"
one who makes abstracts or summarizes information,abstractor,"""a person who is employed to take care of a child or children."" The word ""nanny"" is defined as ""a person employed to take","['As a seasoned <nonce>, she had a knack for distilling complex legal documents into easy-to-understand summaries within a short time span.']","The word ""<nonce>"" is defined as"
an offensive and insulting term for any Black African,kaffir,"""having a rough, uneven surface."" The word ""smooth"" is defined as ""free from roughness or irregularities.""
The",['She carefully selected a few ripe <nonce> limes from the tree to add a burst of tangy flavor to her homemade Thai curry.'],"The word ""<nonce>"" is defined as"
a form of torture in which the fingernails or toenails are removed,nail pulling,"""to make a liquid or gas flow through a tube or pipe by means of a pump or other device.""
The word ""pump",['His hands were blistered and raw from the long hours of <nonce> from the dilapidated barn.'],"The word ""<nonce>"" is defined as"
feelings of uneasiness,willies,"""a sudden, violent, and often uncontrollable attack of pain.""
The word ""suffering"" is defined as ""the state",['The ominous creak of the old attic door late at night gave me the <nonce>.'],"The word ""<nonce>"" is defined as"
a buttress that stands apart from the main structure and connected to it by an arch,flying buttress,"""a wooden frame or structure, especially one used as a seat.""
The word ""chair"" is defined as ""a seat for one person","['The medieval cathedral stood tall and proud, its silhouette marked by soaring spires and sturdy <nonce>.']","The word ""<nonce>"" is defined as"
an ornament on the front of the hood of a car emblematic of the manufacturer,hood ornament,"""a wooden or metal frame that supports a person's back and shoulders while they are sitting.""
The word ""chair"" is defined as","['In the soft glow of the morning sun, the eagle-shaped <nonce> on his vintage Cadillac gleamed, adding a touch of elegance to the classic vehicle.']","The word ""<nonce>"" is defined as"
aquatic South American rodent resembling a small beaver; bred for its fur,coypu,"""a person who is a nuisance or pest.""
The word ""pest"" is defined as ""a person who is a n","[""The children squealed with delight as they watched the <nonce> busily gnawing on reeds at the pond's edge.""]","The word ""<nonce>"" is defined as"
treatment of symptoms by applying pressure with the fingers to specific pressure points on the body,acupressure,"""to make or become less severe or intense.""
The word ""excruciating"" is defined as ""causing or involving extreme","[""After hours spent hunched over her laptop, Jane found the <nonce> mat she'd bought on a whim to be a surprisingly effective remedy for her aching back.""]","The word ""<nonce>"" is defined as"
in ignorance; in an ignorant manner,ignorantly,"""to make or become a slave.""
The word ""slave"" is defined as ""a person who is the legal property of another and is","['Despite the historical significance of the artifact, he <nonce> used it as a paperweight on his cluttered desk.']","The word ""<nonce>"" is defined as"
a mass of mud that a child has molded into the shape of pie,mud pie,"""a place where one can be alone and think.""
The word ""retreat"" is defined as ""a place of seclusion or priv","['As a child, she delighted in the simple joy of creating elaborate <nonce> in the backyard after a summer rain.']","The word ""<nonce>"" is defined as"
at every point,continuously,"""without the use of artificial aids.""
The word ""artificial"" is defined as ""made or produced by human skill, art,","['The river flowed <nonce>, indifferent to the changing seasons and the passage of time.']","The word ""<nonce>"" is defined as"
an early form of streetcar that was drawn by horses,horsecar,"""a person who is a nuisance or pest.""
The word ""pest"" is defined as ""a person who is a n","['Every morning at dawn, the rhythmic clatter of the <nonce> passing by our house served as a quaint, yet reliable alarm clock.']","The word ""<nonce>"" is defined as"
"fossils found near Beijing, China; they were lost during World War II",Peking man,"""a person who is a member of a religious order, especially a monk or nun.""
The word ""monk"" is defined as ""","[""The archaeologist carefully dusted off the fossil, a crucial piece of evidence connected to <nonce>, knowing it's significant to understanding human evolution.""]","The word ""<nonce>"" is defined as"
a restricted computer network; a private network created using World Wide Web software,intranet,"""a place where a person lives or works.""
The word ""home"" is defined as ""a place where one lives permanently.""
The","['To increase productivity and simplify communications among employees, the company decided to establish a secure <nonce>.']","The word ""<nonce>"" is defined as"
a small Mediterranean plant containing a volatile oil once used to relieve toothache,pellitory,"""a plant of the genus Cactus, having a fleshy stem and usually spines.""
The word ""cactus"" is","['Overwhelmed by the heat, she found brief relief in the shade of the <nonce> flourishing along the sunbaked brick wall.']","The word ""<nonce>"" is defined as"
a cap worn by sailors,sailor cap,"""a person who is not a member of a particular group or class.""
The word ""prejudice"" is defined as ""an unfavor","['She found an old, faded photo of her grandfather, young and grinning, with a <nonce> cocked jauntily on his head.']","The word ""<nonce>"" is defined as"
dark brown crested bird of southeastern Asia,crested myna,"""a person who is a nuisance or pest.""
The word ""narcissist"" is defined as ""a person who is","['Perched high in the treetops, the <nonce> surveyed its surroundings with its piercing, yellow eyes.']","The word ""<nonce>"" is defined as"
"the collection of books of the Gospels, Acts of the Apostles, the Pauline and other epistles, and Revelation; composed soon after Christ's death; the second half of the Christian Bible",New Testament,"""a person who is a member of a religious order."" The word ""monk"" is defined as ""a member of a religious order who lives","['In her quiet study nook, illuminated only by a dim desk lamp, she spent her evenings engrossed in the pages of the <nonce>, finding solace in its timeless narratives and teachings.']","The word ""<nonce>"" is defined as"
any of various nonvenomous rodent-eating snakes of North America and Asia,rat snake,"""a person who is a nuisance or pest.""
The word ""nauseous"" is defined as ""causing nausea","['As dusk creeped in, the long, slithering <nonce> made its nightly journey through the dense underbrush, its beady eyes focused on a potential dinner rustling in the nearby foliage.']","The word ""<nonce>"" is defined as"
the last imperial dynasty of China (from 1644 to 1912) which was overthrown by revolutionaries; during the Qing dynasty China was ruled by the Manchu,Qing,"""of or pertaining to the Himalayas."" The Himalayas are the highest mountain range in the world, and the H","['During their visit to Beijing, the historians spent an entire afternoon exploring the artifacts from the <nonce> dynasty at the National Museum.']","The word ""<nonce>"" is defined as"
appointed to a post or duty,assigned,"""to be in a state of readiness, to be prepared.""
The word ""prepared"" is defined as ""to be ready for action","['After the morning briefing, the detective was <nonce> to scrutinize the perplexing case of the missing artifact.']","The word ""<nonce>"" is defined as"
a species of fish,fish species,"""a person who is a member of a group that is socially, politically, or economically disadvantaged.""
The word ""","['The marine biologist tirelessly catalogued and studied various <nonce> in the vibrant, underwater kingdom of the Great Barrier Reef.']","The word ""<nonce>"" is defined as"
a man's tie that ties in a bow,bow tie,"""a small piece of wood or other material used to support a book or other reading material.""
The word ""book"" is defined as ""a","['His eyes sparkled as he carefully adjusted the crimson <nonce> around his neck, the final touch to his vintage tuxedo for the charity gala.']","The word ""<nonce>"" is defined as"
not institutional,noninstitutional,"""to make suitable for a particular use or purpose.""
The word ""adapt"" is defined as ""to make suitable for a particular use or","[""Margaret opted for a <nonce> approach to her child's education, preferring homeschooling and experiential learning over traditional classroom settings.""]","The word ""<nonce>"" is defined as"
clarified butter browned slowly and seasoned with vinegar or lemon juice and capers,brown butter,"""a small, round, hard, dry seed, especially one of a fruit, as a peach pit.""
The word ""nut"" is","['As the aroma of the <nonce> wafted through the kitchen, it gave the freshly sautéed vegetables a tantalizing, nutty allure.']","The word ""<nonce>"" is defined as"
a judgment pronounced on the status of some particular subject or property or thing (as opposed to one pronounced on persons),judgment in rem,"""a formal written agreement between two or more parties, especially a contract for the sale of property.""
The word ""contract"" is defined as","['After years of legal battles, the court finally issued a <nonce>, granting her full rights to the contested property.']","The word ""<nonce>"" is defined as"
large bony or horny plate as on an armadillo or turtle or the underside of a snake,scute,"""a small, hard, dry seed, especially one that is edible.""
The word ""nut"" is defined as ""a hard-sh","['She examined the turtle closely, running her fingers over the rough pattern of <nonce> covering its shell.']","The word ""<nonce>"" is defined as"
a company that produces operas,opera company,"""a person who is a member of a religious order, esp. a monk or nun.""
The word ""monk"" is defined as","['The prestigious <nonce>, clad in elaborate costumes, filled the auditorium with their mesmerizing harmonies and dramatic performances.']","The word ""<nonce>"" is defined as"
an African antelope closely related to the waterbuck,puku,"""a person who is a member of a group that is not part of the mainstream of society.""
The word ""hate"" is defined","['The young boy laughed as the <nonce> dashed across the African savannah, its belly bouncing as it ran.']","The word ""<nonce>"" is defined as"
small cake of compressed moist yeast,yeast cake,"""a small, round, flat cake made from flour, eggs, and milk.""
The word ""cakes"" is defined as ""","['The aroma of the freshly baked <nonce> filled the kitchen, a tantalizing scent that hinted at the tender, fluffy interior.']","The word ""<nonce>"" is defined as"
lacking or showing lack of judgment or discretion; unwise,injudicious,"""to make someone believe something that is not true.""
The word ""deceive"" is defined as ""to cause someone to believe something that","['Despite his many accomplishments, his <nonce> remarks at the conference tarnished his reputation.']","The word ""<nonce>"" is defined as"
not offside; being within the prescribed area of play,onside,"""to make or become less severe or intense.""
The word ""experience"" is defined as ""the process of personally encountering or","['The striker had to delay his run to ensure he remained <nonce>, anticipating the perfect moment to sprint towards the goal.']","The word ""<nonce>"" is defined as"
a message whose ingenuity or verbal skill or incongruity has the power to evoke laughter,wit,"""the quality of being able to understand and share the feelings and emotions of another person.""
The word ""empathy"" is defined as","['Her sparkling <nonce> made her the life of every party, always ready with a clever remark or hilarious story.']","The word ""<nonce>"" is defined as"
at the point of death,in extremis,"""to cause to be afraid or anxious.""
The word ""fear"" is defined as ""an unpleasant emotion caused by the belief","['Even <nonce>, the wounded soldier managed to drag himself to the radio and call for help.']","The word ""<nonce>"" is defined as"
small but gamy pickerel of Atlantic coastal states,redfin pickerel,"""a person who is a nuisance or pest.""
The word ""nauseous"" is defined as ""causing nausea","['As he paddled his canoe gently through the quiet marsh, a sudden splash revealed a <nonce> darting away from his intrusion.']","The word ""<nonce>"" is defined as"
of a dark shade of grey,oxford-grey,"""having a surface that is rough to the touch."" The word ""rough"" is defined as ""having a surface that is uneven and",['His <nonce> suit contrasted strikingly with the vibrant hues of the autumn leaves.'],"The word ""<nonce>"" is defined as"
not deposited in layers,unstratified,"""having a structure that is not rigid and is capable of being deformed elastically, as by stretching or bending.""
","['The archaeologist frowned at the <nonce> layers of sediment, knowing this would make deciphering the history of the site much more challenging.']","The word ""<nonce>"" is defined as"
resolution of a dispute prior to the rendering of a final decision by the trial court,out-of-court settlement,"""the act of leaving one's home or country for a foreign country with the intention of not returning.""
The word ""exile"" is","['After months of contentious hearings, the celebrity couple surprised everyone with an <nonce>, leaving the public speculating about the undisclosed terms.']","The word ""<nonce>"" is defined as"
any of various mostly giant tropical lianas of Africa and Madagascar having greenish or purple flowers and long smooth pods; roots formerly used as an emetic,cynancum,"""a small, round, flat, sweet cake made of flour, eggs, milk, and butter.""
The word ""cakes","['Her garden was filled with a variety of exotic plants, including a vibrant patch of <nonce>, which seemed to dance in the gentle breeze.']","The word ""<nonce>"" is defined as"
a stove that burns a volatile liquid fuel such as alcohol,spirit stove,"""a small, thin, flat piece of wood, metal, or other material, used for a variety of purposes, such as a writing surface,","['As the sun dropped below the horizon, he carefully lit the <nonce>, the soft blue flame flickering against the darkening mountainside.']","The word ""<nonce>"" is defined as"
crude but effective for the purpose at hand,rough-and-ready,"""having a body of its own, but living in or on another organism.""
The word ""parasite"" is defined as ""","[""The fisherman's <nonce> hands swiftly maneuvered his boat through the tumbling ocean waves, a testament to his years of hardened experience.""]","The word ""<nonce>"" is defined as"
a city in northeast Minnesota on Lake Superior,Duluth,"""a place of refuge or shelter."" The name is derived from the Old English word ""ham,"" which means ""home.""
The first mention of","['After five lengthy hours of driving, they finally crossed the iconic Aerial Lift Bridge into <nonce>, welcomed by the crisp air off Lake Superior.']","The word ""<nonce>"" is defined as"
a mountainous region of northern Scotland famous for its rugged beauty; known for the style of dress (the kilt and tartan) and the clan system (now in disuse),Highlands,"""a place of refuge or shelter."" The word ""sanctuary"" is defined as ""a place of refuge or shelter."" The word ""sh","['As the sun dipped below the horizon, the mist slowly crept over the rugged beauty of the Scottish <nonce>, casting an ethereal glow over the landscape.']","The word ""<nonce>"" is defined as"
one of two small round structures on the undersurface of the brain that form the terminals of the anterior arches of the fornix,mamillary body,"""a small, flat, thin piece of wood, metal, or plastic, used for making a hole in a surface.""
The word ""","['The neurosurgeon carefully navigated the intricate pathways of the brain, making sure to avoid damaging the delicate <nonce> during the procedure.']","The word ""<nonce>"" is defined as"
an inlaid furniture decoration; tortoiseshell and yellow and white metal form scrolls in cabinetwork,boulle,"""having a surface that is rough to the touch."" The word ""texture"" is defined as ""the quality of a surface that can be","['The antique dealer showed me a stunning 19th century <nonce> clock, its intricate marquetry shimmering with brass and tortoiseshell inlays.']","The word ""<nonce>"" is defined as"
pull away from a source of disgust or fear,shrink back,"""to be in a state of agitation or excitement.""
The word ""agitation"" is defined as ""a state of mental or emotional","['As the fiery blaze roared closer, the once courageous knight began to <nonce>, his heart pounding with raw fear.']","The word ""<nonce>"" is defined as"
the use of controlled observations and measurements to test hypotheses,experimental method,"""the process of making a person or thing more suitable for a particular purpose.""
The word ""transformation"" is defined as ""a change in","['While investigating the complex behaviors of the migratory birds, the ornithologist decided to apply a new <nonce> involving advanced tracking devices.']","The word ""<nonce>"" is defined as"
(Greek mythology) the blind prophet of Thebes who revealed to Oedipus that Oedipus had murdered his father and married his mother,Tiresias,"""a person who is not a Jew or a Christian."" The word ""Jew"" is defined as ""a person who is descended from the","['In the depths of his blindness, John often likened himself to <nonce>, feeling equally privy to hidden truths and future events.']","The word ""<nonce>"" is defined as"
a white crystalline carboxylic acid used as a preservative,sorbic acid,"""a substance that is used to make something more attractive or to make it last longer.""
The word ""sustainable"" is","['After slicing the apples, she carefully sprinkled a bit of <nonce> to prevent them from turning brown.']","The word ""<nonce>"" is defined as"
hire more workers than are necessary,featherbed,"""a place where one can be alone and undisturbed.""
The word ""retreat"" is defined as ""a place of refuge or","['As she sank into the luxurious <nonce>, an enveloping warmth chased away the chilly whispers of the winter night.']","The word ""<nonce>"" is defined as"
large predatory North American bug that sucks the blood of other insects,wheel bug,"""a person who is a nuisance or pest.""
The word ""narcissist"" is defined as ""a person who is","['The <nonce>, perched on the leaf, extended its sword-like mouthpart, readying itself to prey on a garden pest.']","The word ""<nonce>"" is defined as"
any agent that causes stress to an organism,stressor,"""a feeling of intense dislike or hostility.""
The word ""dislike"" is defined as ""a feeling of not liking someone","['The sudden loss of her job served as a major <nonce>, leading to sleepless nights and restless days.']","The word ""<nonce>"" is defined as"
the French department in charge of foreign affairs; referred to familiarly by its address in Paris,French Foreign Office,"""a place of refuge or shelter."" The word ""sanctuary"" is defined as ""a place of refuge or shelter."" The word ""sh",['Rumors about an impending diplomatic crisis swirled around the hushed corridors of the <nonce>.'],"The word ""<nonce>"" is defined as"
a morbid fear of snakes,lepidophobia,"""a person who is not a member of a particular group or class.""
The word ""racism"" is defined as ""the belief that all","[""Despite her love for nature, Sarah's <nonce> often kept her indoors during the peak of butterfly season.""]","The word ""<nonce>"" is defined as"
muscular twitching of contiguous groups of muscle fibers,fasciculation,"""a sudden, violent, and often uncontrollable attack of pain.""
The word ""pain"" is defined as ""a feeling of","['After a long day of intense workouts, he noticed a persistent <nonce> in his tired bicep.']","The word ""<nonce>"" is defined as"
a game in which players try to flip plastic disks into a cup by pressing them on the side sharply with a larger disk,tiddlywinks,"""a place of refuge or shelter."" The word ""sanctuary"" is defined as ""a place of refuge or shelter."" The word ""sh","['Gathering around the worn oak table, the family eagerly anticipated the annual holiday tradition of a rousing game of <nonce>.']","The word ""<nonce>"" is defined as"
a chronic skin disease associated with seborrhea and greasy scales on the scalp or eyelids or other parts of the skin,seborrheic dermatitis,"""a condition in which the body is unable to get rid of waste products, such as urea, through the kidneys.""
The word","['Noticing inflamed, flaky patches on his scalp, Paul suspected he might be dealing with a case of <nonce>.']","The word ""<nonce>"" is defined as"
the doctrine of the High Anglican Church that after the consecration of the Eucharist the substance of the body and blood of Christ coexists with the substance of the consecrated bread and wine,consubstantiation,"""the state of being free from sin."" It is a state of being that is not possible for any human being to achieve. It is a state","['In the midst of their theological debate, the two priests found themselves deeply divided on the doctrine of <nonce>.']","The word ""<nonce>"" is defined as"
the branch of psychology that studies persons and their relationships with others and with groups and with society as a whole,social psychology,"""the act of pretending to be someone else.""
The word ""disguise"" is defined as ""the act of pretending to be",['The book on <nonce> became her favorite read as it shed light on intriguing aspects of human behavior and interactions within groups.'],"The word ""<nonce>"" is defined as"
the type genus of the family Anabantidae; small fish that resemble perch,Anabas,"""a person who is a member of a group that is not part of the mainstream of society.""
The word ""mainstream"" is defined","['While on his marine biology expedition, Dr. Watson marveled at the numerous <nonce> maneuvering through the dense mangrove roots.']","The word ""<nonce>"" is defined as"
a guest entertained in your house,house guest,"""a person who is a member of a family or group of people who are related to each other by blood or marriage.""
The word ""family","['Despite her best efforts to keep a meticulous home, Monica could only sigh as she witnessed the trail of crumbs left by her inconsiderate <nonce>.']","The word ""<nonce>"" is defined as"
ledger showing the accumulated costs classified in various ways,cost ledger,"""a written agreement between a buyer and seller of real estate, in which the buyer agrees to purchase the property for a certain price","['After reviewing the <nonce>, the CFO raised concerns about the escalating operational expenses in the last quarter.']","The word ""<nonce>"" is defined as"
a surgical procedure usually performed under local anesthesia in which the cervix is dilated and the endometrial lining of the uterus is scraped with a curet; performed to obtain tissue samples or to stop prolonged bleeding or to remove small tumors or to remove fragments of placenta after childbirth or as a method of abortion,dilation and curettage,"""a process of testing a drug or other treatment in humans to determine its safety and effectiveness.""
The word ""clinical"" is defined","['After her miscarriage, Sarah was scheduled for a <nonce> procedure to ensure there were no complications.']","The word ""<nonce>"" is defined as"
United States abolitionist who published an anti-slavery journal (1805-1879),Garrison,"""a dwelling place, a home."" The word ""home"" is defined as ""a place where one lives permanently."" The word ""per","['The general, with a stern look on his weathered face, ordered his men to reinforce the <nonce> before the impending enemy attack.']","The word ""<nonce>"" is defined as"
the Anglican service book of the Church of England; has had several revisions since the Reformation and is widely admired for the dignity and beauty of its language,Book of Common Prayer,"""a place of refuge or shelter."" The word ""sanctuary"" is defined as ""a place of refuge or shelter."" The word ""sh","['As the cathedral bells tolled, the minister, with solemn reverence, opened the well-worn <nonce>, preparing to lead the mourning congregation.']","The word ""<nonce>"" is defined as"
weedy trailing mat-forming herb with bright yellow flowers cultivated for its edible mildly acid leaves eaten raw or cooked especially in Indian and Greek and Middle Eastern cuisine; cosmopolitan,common purslane,"""a small, round, hard seed of a leguminous plant, used as a spice.""
The word ""chickpea""","['The chef marinated the chicken with a blend of spices and a handful of finely chopped <nonce>, adding a distinct tanginess to the dish.']","The word ""<nonce>"" is defined as"
formation of a word by means of a prefix,prefixation,"""the act of making a person or thing appear to be something that it is not.""
The word ""deception"" is defined as ""the",['The linguist studied the complexities of <nonce> in Russian language to understand how it alters the meaning of words.'],"The word ""<nonce>"" is defined as"
a group of languages spoken in Ethiopia and Somalia and northwestern Kenya and adjacent regions,Cushitic,"""of or pertaining to the body."" The word ""spiritual"" is defined as ""of or pertaining to the spirit.""","['The <nonce> languages echoed through the bustling marketplace, a symphony of unique sounds and phrases that were as intriguing as the exotic spices on display.']","The word ""<nonce>"" is defined as"
insectivorous bird of Australia and southeastern Asia having a wide frog-like mouth,frogmouth,"""a person who is a nuisance or pest.""
The word ""nag"" is defined as ""a person who is a n","['The moonlight filtered through the trees, casting an eerie glow on the <nonce> perched silently on the branch overhead.']","The word ""<nonce>"" is defined as"
a cuplike ascocarp in many lichens and ascomycetous fungi,apothecium,"""a small, hard, dry seed, especially one that is edible.""
The word ""nut"" is defined as ""a hard-sh","['As she carefully examined the lichen, she noticed the miniature, cup-like <nonce> releasing spores into the wind.']","The word ""<nonce>"" is defined as"
a nose with a prominent slightly aquiline bridge,Roman nose,"""a covering or protection."" The word ""shield"" is defined as ""a protective covering."" The word ""shield"" is defined as","['His face was chiseled and handsome, anchored by a prominent <nonce> that gave him an air of nobility.']","The word ""<nonce>"" is defined as"
the branch of zoology that studies primates,primatology,"""a person who is not a member of a particular group or religion.""
The word ""Christian"" is defined as ""a person who bel",['Her fascination with <nonce> led her to spend years studying the social behaviors of orangutans in the wilds of Borneo.'],"The word ""<nonce>"" is defined as"
shrubs and trees with leathery leaves and small white flowers in racemes: genera Cyrilla and Cliftonia,Cyrilliaceae,"""a small, hard, woody seed, especially one that is used for planting.""
The word ""seed"" is defined as ""a","['The botanist carefully examined the various features of the <nonce>, fascinated by its delicate flowers and intricately veined leaves.']","The word ""<nonce>"" is defined as"
a solution containing bleaching agents that is used to bleach textiles or paper pulp,bleach liquor,"""a liquid or paste used to cleanse the skin."" The word ""soap"" is defined as ""a cleansing agent made from animal or","['After hours of boiling, the pulp was finally ready to be soaked in the <nonce>, a step crucial for achieving the desired whiteness in the paper.']","The word ""<nonce>"" is defined as"
the process of making a (steel) ship's hull nonmagnetic by producing an opposing magnetic field,degaussing,"""a person who is a member of a group that is not part of the mainstream of society.""
The word ""mainstream"" is defined","['After a long day, the computer technician ran the <nonce> coil around the old CRT monitor, watching the colors swirl and distort on the screen.']","The word ""<nonce>"" is defined as"
a slip-up that (according to Sigmund Freud) results from the operation of unconscious wishes or conflicts and can reveal unconscious processes in normal healthy individuals,Freudian slip,"""to make a show of being angry or upset.""
The word ""hypocrite"" is defined as ""a person who pretends","['During their heated debate, his <nonce> about a past lover did not go unnoticed by his current girlfriend.']","The word ""<nonce>"" is defined as"
a program to convert assembly language into machine language,assembler,"""a person who is a member of a religious order, especially a monk or nun.""
The word ""monk"" is defined as ""","['In the quiet hum of the workshop, the skilled <nonce> pieced together intricate components of the clock with precision and care.']","The word ""<nonce>"" is defined as"
a space that contains no points; and empty space,null space,"""a person who is a member of a group or organization that is considered to be dangerous or extreme.""
The word ""extremist"" is","[""After hours of calculations, the mathematician concluded that the matrix's <nonce> only contained the zero vector.""]","The word ""<nonce>"" is defined as"
a genus of bacteria,genus Streptococcus,"""a disease of the small intestine caused by a parasitic worm."" The disease is caused by the ingestion of eggs of","[""The infection, later identified as <nonce>, had spread rapidly, causing high fever and a rash across the patient's body.""]","The word ""<nonce>"" is defined as"
difficult to please,choosy,"""to make (someone) feel uncomfortable or annoyed.""
The word ""annoyed"" is defined as ""to make (","['Despite the abundance of books in the library, Ella was always <nonce> and took hours to select the perfect one to read.']","The word ""<nonce>"" is defined as"
a nuisance that can remedied (suppressed or extinguished or rendered harmless),abatable nuisance,"""the act of making someone believe something that is not true.""
The word ""deception"" is defined as ""the act of deceiving someone","[""Despite the vehement objections of the townsfolk, the mayor remained complacent, considering the factory's emissions merely an <nonce> rather than a severe environmental threat.""]","The word ""<nonce>"" is defined as"
like the Pope; in a popish manner,popishly,"""to make someone feel uncomfortable or nervous.""
The word ""uncomfortable"" is defined as ""not comfortable.""
","[""In his brightly colored clothes and flamboyant manner, the new rockstar acted <nonce> on stage, capturing everyone's attention.""]","The word ""<nonce>"" is defined as"
reconstructive surgery on the penis to repair congenital abnormality or injury,phalloplasty,"""a person who is not a citizen of the United States."" The word ""alien"" is defined as ""a person who is not a","['After months of mental preparation and consultations with his doctor, Tom finally scheduled his <nonce> surgery, marking a significant milestone in his transition journey.']","The word ""<nonce>"" is defined as"
the official announcement of a new law or ordinance whereby the law or ordinance is put into effect,promulgation,"""the act of removing or taking away."" In the context of the criminal justice system, it is the act of removing a person from the criminal justice","['Following the <nonce> of the new law, there was an unprecedented surge in protests from the citizens who felt their rights were infringed.']","The word ""<nonce>"" is defined as"
intense mournfulness,woe,"""a feeling of intense dislike or hostility.""
The word ""hate"" is defined as ""intense hostility and aversion","['Her eyes were an ocean of unspoken <nonce>, reflecting the pain of a thousand heartbreaks.']","The word ""<nonce>"" is defined as"
bearded reddish sheep of southern Asia,urial,"""a large, flat, round, or oval-shaped stone, used as a millstone, or as a monument.""
The word","['The mountainous landscape was dotted with <nonce>, their curved horns gleaming in the late afternoon sunlight.']","The word ""<nonce>"" is defined as"
true antelopes; cattle; oxen; sheep; goats,Bovidae,"""a person who is not a member of a particular group or religion.""
The word ""Christian"" is defined as ""a person who bel","['Watching the vibrant sun setting over the African savanna, the diverse group of <nonce> grazed peacefully, oblivious to the beauty surrounding them.']","The word ""<nonce>"" is defined as"
the third book of the Old Testament; contains Levitical law and ritual precedents,Leviticus,"""a state of being in a trance-like state, a state of being in a dream-like state, a state of being in a","['As the sun set, he found solace in the ancient, worn pages of <nonce>, finding wisdom in its sacred verses.']","The word ""<nonce>"" is defined as"
North American cat of the Miocene and Pliocene; much earlier and less specialized than members of the genus Smiledon,false saber-toothed tiger,"""a person who is a source of annoyance or trouble.""
The word ""annoyance"" is defined as ""a feeling of ir","['Despite its menacing appearance, the <nonce> was as docile as a house cat, its fearsome fangs used more for intimidation than actual combat.']","The word ""<nonce>"" is defined as"
a neurochemical occurring naturally in the brain and having analgesic properties,endorphin,"""a feeling of well-being and happiness."" It is a feeling that is often associated with the holiday season. It is a feeling that","['After an intense workout, her body was flooded with <nonce>, giving her a sense of euphoria and accomplishment.']","The word ""<nonce>"" is defined as"
as fast as possible; with all possible haste,post-haste,"""to be in a state of confusion or uncertainty.""
The word ""confusion"" is defined as ""a state of bewilderment or uncertainty","['Upon receiving the urgent telegram, he packed his suitcase and left for the train station <nonce>.']","The word ""<nonce>"" is defined as"
large cylindrical or flattened mostly tropical insects with long strong legs that feed on plants; walking sticks and leaf insects,phasmid,"""a person who is a coward or a traitor.""
The word ""coward"" is defined as ""a person who is afraid to","['The <nonce> camouflaged itself perfectly among the leaves, undetectable to the casual observer.']","The word ""<nonce>"" is defined as"
any of various large turtles with limbs modified into flippers; widely distributed in warm seas,sea turtle,"""a person who is a nuisance or pest.""
The word ""narcissist"" is defined as ""a person who is","['Amidst the rhythmic crash of cerulean waves, the lone <nonce> glided effortlessly just beneath the foamy surface, its dark shell glistening under the dappled sunlight.']","The word ""<nonce>"" is defined as"
solid and liquid nourishment taken into the body through the mouth,ingesta,"""a substance that is used to make something more attractive or to make it last longer.""
The word ""sustainable"" is","['After a long day at the veterinary clinic, Dr. Smith carefully examined the colorful array of <nonce> extracted from the troubled St. Bernard.']","The word ""<nonce>"" is defined as"
in a moody manner,moodily,"""to move or cause to move in a jerky, unsteady, or irregular manner.""
The word ""jerky"" is","['After losing the chess match, John sat <nonce> in the corner, brooding over his miscalculated moves.']","The word ""<nonce>"" is defined as"
developed in the area between Scotland and England usually having a black coat with white on the head and tip of tail used for herding both sheep and cattle,Border collie,"""a person who is a member of a family or group of people who are not of the same race or religion as the majority of the people in","['The <nonce>, with her striking black-and-white coat, herded the restless sheep with breathless precision and agility.']","The word ""<nonce>"" is defined as"
pertaining to giving directives or rules,prescriptive,"""to make someone feel uncomfortable or unhappy.""
The word ""bullying"" is defined as ""to use superior strength or influence","['The professor was not <nonce> in his teaching methods, allowing his students to explore their own paths of learning.']","The word ""<nonce>"" is defined as"
beautiful carriage,gracefulness,"""the quality of being able to understand and share the feelings and emotions of another person.""
The word ""empathy"" is defined as","['Her dance moves, filled with such unspoken <nonce>, mesmerized every onlooker in the room.']","The word ""<nonce>"" is defined as"
weather vane shaped like a T and located at an airfield,wind tee,"""a person who is a member of a family or group of people who are related to each other.""
The word ""family"" is defined as","['Amidst the calm before the storm, the pilot carefully eyed the <nonce>, gauging his next move for take-off.']","The word ""<nonce>"" is defined as"
a device (such as a fan) that introduces fresh air or expels foul air,ventilator,"""a small, usually round, hole or opening in a surface.""
The word ""hole"" is defined as ""a small opening in a surface","['Amidst the ceaseless beeping of medical monitors, the soft hum of the <nonce> provided a rhythmic lullaby in the sterile hospital room.']","The word ""<nonce>"" is defined as"
a long stout staff used as a weapon,quarterstaff,"""a person who is a member of a group that is not part of the mainstream of society.""
The word ""mainstream"" is defined","['With a swift, practiced movement, he swung his <nonce>, knocking the approaching figures off their feet.']","The word ""<nonce>"" is defined as"
grow under conditions that promote development,incubate,"""to make someone feel uncomfortable or nervous.""
The word ""harass"" is defined as ""to annoy someone persistently","['As an entrepreneur, he felt it was crucial to <nonce> his ideas, letting them grow and mature in his mind before sharing them with his team.']","The word ""<nonce>"" is defined as"
a power shovel that is driven by steam,steam shovel,"""a person who is a source of annoyance or irritation.""
The word ""annoyance"" is defined as ""a feeling","['The boy watched in awe as the mighty <nonce> bit into the earth, its mechanical maw drooping with the weight of dirt and rocks.']","The word ""<nonce>"" is defined as"
an occupant who owns the home that he/she lives in,owner-occupier,"""a person who is not a member of a particular group or class.""
The word ""racist"" is defined as ""a person who bel","['As an <nonce>, he enjoyed the satisfaction of tending to his own garden, fixing the leaky roof, and painting the chipped front door.']","The word ""<nonce>"" is defined as"
a warrior who engages in a holy war,Crusader,"""a person who is not a member of a particular group or class.""
The word ""Mormon"" is defined as ""a member of","['Resilient and intrepid, the solitary <nonce> rode into the sunset, his heart aflame with the unwavering determination to right the injustices he saw plaguing his homeland.']","The word ""<nonce>"" is defined as"
the quality of being insalubrious and debilitating,insalubrity,"""a feeling of intense dislike or hostility.""
The word ""hate"" is defined as ""intense hostility and aversion","[""The <nonce> of the city's back alleys, with their ever-present stench and mountains of uncollected waste, made even the hardiest of urban explorers think twice.""]","The word ""<nonce>"" is defined as"
butterfly with silver spots on the underside of the hind wings,silverspot,"""a person who is a nuisance or pest.""
The word ""narcissist"" is defined as ""a person who is","['The morning sun cast a radiant glow on the delicate wings of the <nonce>, making it look like a tiny, airborne jewel.']","The word ""<nonce>"" is defined as"
informal usage attributing authenticity,real McCoy,"""a person who is extremely unpleasant or unattractive.""
The word ""unpleasant"" is defined as ""causing dis","[""Despite countless imitations flooding the market, only her grandmother's secret recipe for apple pie was the <nonce>.""]","The word ""<nonce>"" is defined as"
changed in form or character,modified,"""to make less severe or harsh.""
The word ""expiate"" is defined as ""to make expiation for.""
The word","[""The chef, pleased with his new idea, <nonce> his grandmother's traditional spaghetti recipe by adding a dash of chili flakes for an unexpected kick.""]","The word ""<nonce>"" is defined as"
having or showing only one eye,one-eyed,"""having a rough, uneven surface."" The word ""rough"" is defined as ""not smooth or even."" The word ""uneven""","[""The <nonce> cat prowled the alley, its solitary light catching the moon's glint as it searched for its evening meal.""]","The word ""<nonce>"" is defined as"
a measure of the amount of flux per unit of cross sectional area,flux density unit,"""a person who is a source of annoyance or irritation.""
The word ""annoyance"" is defined as ""a feeling","['The scientist meticulously calibrated the instrument, ensuring each <nonce> was accounted for in her magnetic field test.']","The word ""<nonce>"" is defined as"
a marker (a piece of paper or ribbon) placed between the pages of a book to mark the reader's place,bookmark,"""to make or become firm or solid.""
The word ""firm"" is defined as ""firmly fixed in place; not easily moved","['As she delved deeper into the captivating novel, she inserted her cherished silver feather <nonce> between the pages to mark her progress.']","The word ""<nonce>"" is defined as"
the philosophical theory of knowledge,epistemology,"""the quality of being honest and having strong moral principles; moral uprightness.""
The word ""integrity"" is defined as ""the","['Despite their heated political debates, both scholars shared a respect for <nonce> and the pursuit of truth through rigorous analysis.']","The word ""<nonce>"" is defined as"
a form of trustworthiness; the trait of being answerable to someone for something or being responsible for one's conduct,responsibility,"""the act of leaving one's home or country to settle elsewhere."" The word ""exile"" is defined as ""the state of being","['Amidst the chaos, the team leader shouldered the heavy weight of <nonce>, ensuring everyone stayed safe and tasks were effectively completed.']","The word ""<nonce>"" is defined as"
friendliness evidence by a kindly and helpful disposition,kindliness,"""the quality of being easily angered or annoyed.""
The word ""anger"" is defined as ""a strong feeling of annoyance,","['Despite the harshness of his exterior, the grizzled sailor demonstrated unexpected <nonce>, tending to the wounded seagull with a softness that seemed out of place in his rough hands.']","The word ""<nonce>"" is defined as"
under a moral obligation to do something,duty-bound,"""to be in a state of being unmarried.""
The word ""marriage"" is defined as ""the state of being married.""
","['As the eldest son, he felt <nonce> to take care of his aging parents, despite the personal sacrifices he had to make.']","The word ""<nonce>"" is defined as"
immense tropical southeast Asian bamboo with tough hollow culms that resemble tree trunks,giant bamboo,"""a small, round, flat cake of bread, usually baked in a mold.""
The word ""mold"" is defined as","['The panda contentedly munched on the succulent leaves of the <nonce>, oblivious to the fascinated crowd watching from the other side of the glass.']","The word ""<nonce>"" is defined as"
crocodiles; alligators; caimans; gavials,Crocodylia,"""a person who is a member of a group that is considered to be socially inferior.""
The word ""mongrel"" is defined as",['The Australian adventurer Steve Irwin became famous for his thrilling encounters with the <nonce> family in the wild.'],"The word ""<nonce>"" is defined as"
the process of becoming obsolete; falling into disuse or becoming out of date,obsolescence,"""the act of a person who is in a position of authority or trust who abuses that position by taking advantage of a subordinate or dependent for","[""The rapid evolution of technology often leads to the <nonce> of devices, turning today's cutting-edge gadgets into tomorrow's relics.""]","The word ""<nonce>"" is defined as"
in a flabby manner,flabbily,"""to move or cause to move in a jerky, unsteady, or irregular manner.""
The word ""jerky"" is",['His arm hung <nonce> by his side after days of no exercise.'],"The word ""<nonce>"" is defined as"
moral corruption or pollution,filthiness,"""a feeling of disgust or loathing.""
The word ""disgust"" is defined as ""a strong feeling of distaste",['His boots left a trail of undeniable <nonce> on the pristine white carpet.'],"The word ""<nonce>"" is defined as"
abounding in rushes,rushy,"""a plant that has a bark that is used to make tannin."" The word ""tannin"" is defined as ""a subst","['The wind whistled through the <nonce> meadow, rustling the long, slender stalks into a harmonious chorus.']","The word ""<nonce>"" is defined as"
a student's book or booklet containing problems with spaces for solving them,workbook,"""a literary work in which the events depicted are brought about by supernatural means.""
The word ""supernatural"" is defined as ""of","['After a long day at school, the tired boy reluctantly opened his math <nonce> to complete the assigned problems.']","The word ""<nonce>"" is defined as"
small genus of low perennial herbs of montane Europe; in some classifications included in genus Tussilago,Homogyne,"""a small, round, flat, sweet cake made of flour, eggs, and milk.""
The word ""cakes"" is defined","['As she roamed the alpine meadows, she marveled at the delicate pink petals of the <nonce>, scattered like confetti among the grass.']","The word ""<nonce>"" is defined as"
abnormally slow heartbeat,bradycardia,"""a condition in which the body is unable to produce enough insulin to maintain normal blood glucose levels.""
The word ""diab","['After several tests, the doctor diagnosed Mr. Thompson with <nonce>, recommending a pacemaker to regulate his unusually slow heart rate.']","The word ""<nonce>"" is defined as"
a cross with triangular or arrow-shaped arms and the points toward the center,Maltese cross,"""a person who is a member of a religious order, especially a monk or nun.""
The word ""monk"" is defined as ""","['The knight, adorned in his shining armor, proudly bore the <nonce> on his chest, ready for the impending battle.']","The word ""<nonce>"" is defined as"
change in the electrical conductivity of a substance as a result of absorbing electromagnetic radiation,photoconductivity,"""a substance that is capable of causing cancer.""
The word ""carcinogen"" is defined as ""a substance that is capable of",['The scientist was fascinated by the spike in <nonce> when he exposed the silicon sample to a high-intensity light source.'],"The word ""<nonce>"" is defined as"
flowering quince,Chaenomeles,"""a small, round, flat cake made from flour, eggs, and milk.""
The word ""cakes"" is defined as """,['The vibrant red flowers of the <nonce> provided a striking contrast against the snowy backdrop of the winter garden.'],"The word ""<nonce>"" is defined as"
tree bearing large brown nuts containing e.g. caffeine; source of cola extract,kola,"""a person who is not a member of a particular group or class.""
The word ""prejudice"" is defined as ""an unfavor","[""As he trekked through the dense Nigerian forest, he spotted a <nonce> tree, its nuts glistening in the midday sun, and knew he wouldn't go hungry.""]","The word ""<nonce>"" is defined as"
a simple machine consisting of a wheel with a groove in which a rope can run to change the direction or point of application of a force applied to the rope,pulley,"""a small, thin, flat piece of wood, metal, or other material, used for a variety of purposes, such as a writing surface,","['The ancient well, now dry and forgotten, still boasted a rusted <nonce> system, a haunting reminder of the nourishing water it once provided to the parched villagers.']","The word ""<nonce>"" is defined as"
of or relating to the West Indian island of Hispaniola,Hispaniolan,"""a person who is not a member of a particular group or class.""
The word ""discrimination"" is defined as ""the action","['The <nonce> solenodon is a rare and nocturnal mammal, distinguished by its elongated snout and venomous saliva.']","The word ""<nonce>"" is defined as"
a fernlike plant native to South Africa,asparagus fern,"""a small, wooden structure, usually with a thatched roof, used as a shelter or place of refuge.""
The word ""shelter""",['The <nonce> in the corner of the living room added an exotic touch to the otherwise mundane interior decor.'],"The word ""<nonce>"" is defined as"
an amateur boxer who weighs no more than 156 pounds,light middleweight,"""a person who is not a member of a particular group or class.""
The word ""racist"" is defined as ""a person who bel","['The <nonce> boxer danced around the ring, his quick feet and powerful punches a testament to his intense training regimen.']","The word ""<nonce>"" is defined as"
a salt of tungstic acid,tungstate,"""a substance that is used to make something more effective or to make it last longer.""
The word ""sustainable"" is defined","['The chemist carefully measured the amount of <nonce> to be added to the solution, knowing it would significantly affect the results of his experiment.']","The word ""<nonce>"" is defined as"
southeastern United States to northern Mexico and Jamaica,smooth lip fern,"""a plant that has a stem that is woody at the base and that produces a hard, woody covering around the seeds.""
The","['Gazing at the forest floor, she admired the delicate, lace-like patterns of the <nonce> nestled against the gnarled roots of an ancient tree.']","The word ""<nonce>"" is defined as"
in some classifications replaced by the orders (here suborders) Blattodea (cockroaches) and Manteodea (mantids); in former classifications often subsumed under a much broader order Orthoptera,Dictyoptera,"""a person who is a source of annoyance or irritation.""
The word ""annoyance"" is defined as ""a feeling","['As a part of his evening routine, the entomologist carefully catalogued and classified the <nonce> he had collected throughout the day.']","The word ""<nonce>"" is defined as"
a graphical representation of a program using formal logic,logic diagram,"""a device that is used to measure the amount of light that is falling on a surface.""
The word ""photometer"" is defined as",['The engineer spent hours meticulously crafting the <nonce> to ensure the design of the new computer circuit was flawless.'],"The word ""<nonce>"" is defined as"
a port on the Atlantic and the largest city of Morocco,Casablanca,"""a place of refuge or shelter."" The name of the town was derived from the fact that it was a place of refuge for the early settlers","[""In the sepia-toned nostalgia of her mind, she could still hear the haunting melody of 'As Time Goes By' echoing through the dense, smoky air of Rick's Cafe in <nonce>.""]","The word ""<nonce>"" is defined as"
not steroidal or not having the effects of steroid hormones,nonsteroidal,"""to make less active or less effective.""
The word ""dilute"" is defined as ""to make less concentrated or less strong.""","['After his knee surgery, the doctor prescribed him a <nonce> anti-inflammatory drug to manage the ensuing pain and swelling.']","The word ""<nonce>"" is defined as"
a robber of banks,bank robber,"""a person who is a member of a group that is socially disadvantaged or discriminated against.""
The word ""disadv","['The quick-footed <nonce>, cloaked in midnight blue, vanished into the bustling crowd with a bag of unmarked bills.']","The word ""<nonce>"" is defined as"
being five more than one hundred seventy,one hundred seventy-five,"""having a rough or uneven surface."" The word ""smooth"" is defined as ""free from roughness or irregularities.""
The","[""She marveled at the vibrant colors of the <nonce> tulips blooming majestically in her grandmother's garden.""]","The word ""<nonce>"" is defined as"
English novelist noted for her insightful portrayals of middle-class families (1775-1817),Austen,"""a person who is not a member of a particular religion, but who believes in the existence of God or a supreme being.""
The","['Intrigued by the intricate dynamics of society and human relationships, she found herself immersed in the world of <nonce>, a realm rich with wit, irony, and remarkable character development.']","The word ""<nonce>"" is defined as"
nocturnal bird of prey with hawk-like beak and claws and large head with front-facing eyes,owl,"""a person who is a nuisance or pest.""
The word ""narcissist"" is defined as ""a person who is","['As night fell, the piercing hoot of the <nonce> echoed through the silent forest, a haunting melody against the backdrop of rustling leaves.']","The word ""<nonce>"" is defined as"
a large genus of fungi belonging to the family Pluteaceae; the shape of the cap resembles a roof; often abundant early in the summer,Pluteus,"""a small, soft, fleshy, edible sea animal, especially one of the genus _Sepia_.""
The word ""","['The soft, earthen floor of the forest was dotted with various types of mushrooms, including a solitary <nonce>, standing tall amidst the undergrowth.']","The word ""<nonce>"" is defined as"
of the black color of soot,soot-black,"""to make or become hard or rigid.""
The word ""rigid"" is defined as ""not flexible or pliable.""
The","['The night sky was a <nonce> canvas, punctuated only by the twinkling of distant stars.']","The word ""<nonce>"" is defined as"
skin diving with a snorkel,snorkeling,"""to move or cause to move in a slow, irregular, or unsteady manner.""
The word ""driving"" is defined","['Bob and Susan spent their honeymoon <nonce> amidst vibrant coral reefs, swimming alongside curious sea turtles and colorful fish in the crystal-clear waters of the Caribbean.']","The word ""<nonce>"" is defined as"
a hypothetical force to which the functions and qualities peculiar to living things are sometimes ascribed,vital principle,"""a person who is not a Jew or a Christian."" The word ""Jew"" is defined as ""a person who is descended from the","['In his meditations, he often found guidance from the <nonce> that had silently steered his life through turbulent times.']","The word ""<nonce>"" is defined as"
a Bantu language spoken in Cameroon,Fang,"""a feeling of disgust or loathing.""
The word ""disgust"" is defined as ""a strong feeling of distaste","[""The moonlight illuminated the wolf's deadly <nonce> as it growled into the silent night.""]","The word ""<nonce>"" is defined as"
the top of a container that must be screwed off and on,screwtop,"""a person who is not a member of a particular group or class.""
The word ""discrimination"" is defined as ""the action","['She quickly grabbed the bottle of <nonce> wine from the pantry, not wanting to search for a corkscrew.']","The word ""<nonce>"" is defined as"
having little power to do work,low-powered,"""to make a copy of (something) in a different form or medium.""
The word ""translation"" is defined as ""the action or","['Despite being a <nonce> model, the laptop could still handle the basic tasks that the small business owner needed to complete.']","The word ""<nonce>"" is defined as"
imbue with a spirit,spiritize,"""to cause to be in a state of agitation or excitement.""
The word ""agitation"" is defined as ""a state of mental or","['As he strummed his guitar under the full moon, he felt the melody <nonce> the silent night around him.']","The word ""<nonce>"" is defined as"
a hole in a soundboard (as of a violin) designed to resonate with the tones,sound hole,"""a small, thin piece of wood, metal, or plastic used to hold a nail in place while it is being driven.""
The","['As she strummed her guitar, she could feel the vibrations emanating from the <nonce>, resonating against her chest.']","The word ""<nonce>"" is defined as"
in a somber manner,somberly,"""without the use of a machine or tool.""
The word ""mechanical"" is defined as ""of or relating to machines or tools","['In the dimly lit room, he <nonce> poured over the handwritten letters of his late grandmother, each line stirring a pool of memories within him.']","The word ""<nonce>"" is defined as"
an active volcano in northern Iran,Demavend,"""a place of refuge or sanctuary."" The word ""shelter"" is defined as ""a place of refuge or protection."" The word """,['Scaling the snow-capped peaks of <nonce> was an exhilarating challenge for the seasoned mountaineers.'],"The word ""<nonce>"" is defined as"
gene that prevents a nonallele from being transcribed,repressor gene,"""a person who is licensed to practice medicine and surgery."" The word ""physician"" is defined as ""a person who is licensed","[""The cancer cell's rapid growth was due to the malfunctioning of the <nonce>, which failed to regulate the duplication process correctly.""]","The word ""<nonce>"" is defined as"
the quality of being worthy of desiring,desirability,"""the quality of being able to think for oneself or act independently.""
The word ""independence"" is defined as ""the state","['The <nonce> of the vintage car, accentuated by its gleaming paint and flawless interior, attracted a swarm of enthusiastic bidders at the auction.']","The word ""<nonce>"" is defined as"
not involving carbon compounds,inorganically,"""without the use of a machine or tool.""
The word ""manually"" is defined as ""by hand.""
The word ""automatically","['By using certain chemical processes, the farmer increased his crop yield <nonce>, causing an uproar among local organic enthusiasts.']","The word ""<nonce>"" is defined as"
an admiral junior to a vice admiral,rear admiral,"""a person who is a member of a family or group of people.""
The word ""family"" is defined as ""a group of people who","['After years of distinguished service and heroic acts, Captain Harrison was promoted to the rank of <nonce>, making him one of the youngest to hold such a position in the naval forces.']","The word ""<nonce>"" is defined as"
a Nazi concentration camp for Jews in southwestern Poland during World War II,Auschwitz,"""a state of being in a stupor or trance.""
The word ""trance"" is defined as ""a state of being in a","['My grandmother, a survivor of harrowing adversity, still carries the haunting memories of <nonce> in her heart.']","The word ""<nonce>"" is defined as"
monotypic family of Mexican lizards,Xenosauridae,"""having a body covered with hair."" The word ""mammal"" is defined as ""a warm-blooded vertebrate animal of","['In the heart of the lush, primeval rainforest, the <nonce> species stealthily navigated the dense undergrowth, their scales glistening in the dappled sunlight.']","The word ""<nonce>"" is defined as"
the author of a mournful poem lamenting the dead,elegist,"""a person who is a source of inspiration or support; a patron.""
The word ""patron"" is defined as ""a person who","[""The <nonce>, with her tapestry of words, spun tales of sorrow and loss into an ethereal symphony of emotion that resonated deeply within the listeners' hearts.""]","The word ""<nonce>"" is defined as"
produced by aphesis,aphetic,"""to make or become less severe or harsh.""
The word ""compassion"" is defined as ""sympathetic consciousness of others","[""The professor's <nonce> manner of speaking made his lectures particularly challenging for the international students to understand.""]","The word ""<nonce>"" is defined as"
strong enough to knock down or overwhelm,knock-down,"""a sudden, violent, and often unprovoked attack.""
The word ""sudden"" is defined as ""occurring or coming","['After a fierce round, the boxer delivered a brutal <nonce> that left his opponent sprawled on the canvas.']","The word ""<nonce>"" is defined as"
expressing or manifesting praise or approval,approving,"""causing or intended to cause fear or anxiety.""
The word ""fear"" is defined as ""a distressing emotion ar",['Her eyes filled with an <nonce> sparkle as she watched her son tie his shoes all by himself for the first time.'],"The word ""<nonce>"" is defined as"
small family of mainly tropical ferns,Schizaeaceae,"""a small, hard, woody seed, especially one that is used for planting.""
The word ""seed"" is defined as ""a","['Just as the sun began to set, a small, delicate frond of the <nonce> family gracefully unfurled, casting a shadow on the forest floor below.']","The word ""<nonce>"" is defined as"
a drink resembling beer; made from fermented cassava juice,cassiri,"""a state of being intoxicated by alcohol or drugs.""
The word ""intoxicated"" is defined as ""drunk.""","['After a long exhausting day, Carlos kicked back in his hammock, savoring the tangy yet sweet taste of <nonce> on his tongue as the sun moved closer to the horizon.']","The word ""<nonce>"" is defined as"
large (20-ft) and swift carnivorous dinosaur having an upright slashing claw 15 inches long on each hind foot; early Cretaceous,utahraptor,"""a person who is a source of annoyance or irritation.""
The word ""annoyance"" is defined as ""a feeling","['The <nonce>, with its gleaming eyes and razor-sharp claws, stalked its prey through the dense underbrush of the primordial forest.']","The word ""<nonce>"" is defined as"
not mated sexually,unmated,"""having a rough, uneven surface."" The word ""rough"" is defined as ""not smooth or even."" The word ""uneven""","['Her heart ached as she watched the <nonce> swan glide across the lake, its solitude mirrored in its reflection.']","The word ""<nonce>"" is defined as"
any monosaccharide sugar that contains a ketone group or its hemiacetal,ketose,"""a substance that is used to kill germs."" The word ""disinfectant"" is defined as ""a substance that is used","['Fructose, a common type of <nonce>, is naturally found in many fruits and vegetables, contributing to their sweetness.']","The word ""<nonce>"" is defined as"
tropical click beetles,Pyrophorus,"""having a spine or backbone."" The word ""vertebrate"" is defined as ""having a backbone."" The word ""","['The beetle scurried across the forest floor, its <nonce> exoskeleton glowing brightly in the dark, providing an eerie light for the creatures of the night.']","The word ""<nonce>"" is defined as"
a percussion instrument consisting of a concave brass disk; makes a loud crashing sound when hit with a drumstick or when two are struck together,cymbal,"""a device for holding a book or other reading material in a convenient position for reading.""
The word ""book"" is defined as ""a set","[""The drummer's <nonce> clashed loudly, adding a resounding echo to the band's energetic performance.""]","The word ""<nonce>"" is defined as"
the production of movies,moviemaking,"""the act of a person who is in a position of authority or trust who abuses that position by using it to fulfill his or her own","['After weeks of intricate planning and scheduling, the entire crew was fully immersed in the chaotic yet rewarding process of <nonce>.']","The word ""<nonce>"" is defined as"
the carriage of someone whose movements and posture are extremely ungainly and inelegant,gawkiness,"""a feeling of annoyance, displeasure, or anger.""
The word ""anger"" is defined as ""a strong feeling of anno","[""Despite his elite basketball skills, the tall teenager's <nonce> became evident when he tried to navigate through the crowded prom dance floor.""]","The word ""<nonce>"" is defined as"
one of many raised pores on the stems of woody plants that allow the interchange of gas between the atmosphere and the interior tissue,lenticel,"""a small, hard, woody seed, especially one that is used for planting.""
The word ""seed"" is defined as ""a","['Observing the bark of the old cherry tree, I noticed a multitude of tiny <nonce> scattered across its surface, like a constellation of stars against a night sky.']","The word ""<nonce>"" is defined as"
an organic acid characterized by one or more carboxyl groups,carboxylic acid,"""a substance that is used to make something more effective or to make it work better.""
The word ""drug"" is defined as ""","['The tangy, sour taste in vinegar is courtesy of acetic acid, a simple <nonce>.']","The word ""<nonce>"" is defined as"
teaching reading by training beginners to associate printed words with spoken words,whole-word method,"""a person who is a constant companion or adviser.""
The word ""companion"" is defined as ""a person who is regularly associated","[""Despite her initial skepticism, Jane quickly saw her son's reading fluency improve after they started using the <nonce>.""]","The word ""<nonce>"" is defined as"
the quality of being oblique and rambling indirectly,deviousness,"""the quality of being untrustworthy or unreliable.""
The word ""dishonesty"" is defined as ""the","['Despite his charm and charisma, his <nonce> was revealed in the way he manipulated facts to serve his own agenda.']","The word ""<nonce>"" is defined as"
French statesman who played a key role in negotiating the Treaty of Versailles (1841-1929),Clemenceau,"""a person who is not a member of a particular group or religion.""
The word ""Christian"" is defined as ""a person who bel","['As the First World War concluded, the world leaders gathered in Paris, with the tenacious <nonce> at the helm of the negotiations.']","The word ""<nonce>"" is defined as"
mallee fowl,genus Leipoa,"""a person who is a nuisance or pest.""
The word ""narcissist"" is defined as ""a person who is","['The soft rustling in the underbrush suggested the presence of the elusive <nonce>, a rare sighting even for seasoned wildlife enthusiasts.']","The word ""<nonce>"" is defined as"
a copy of the official document giving details of a person's birth,birth certificate,"""a small piece of wood or other material used to start a fire.""
The word ""fire"" is defined as ""a burning sensation or","[""After weeks of searching, she finally found her <nonce> nestled between the faded pages of her grandmother's old cookbook.""]","The word ""<nonce>"" is defined as"
(of hats) having a broad brim,broad-brimmed,"""having a coat of hair or fur."" The word ""hair"" is defined as ""a slender threadlike outgrowth of","['On his horse under the sweltering sun, the cowboy tipped his <nonce> hat to shield his weathered face from the relentless rays.']","The word ""<nonce>"" is defined as"
Roman scholar (116-27 BC),Varro,"""a person who is a source of annoyance or irritation.""
The word ""annoyance"" is defined as ""a feeling","['Captain <nonce>, with his unflagging spirit and relentless determination, led his crew through the treacherous maze of the cosmic nebula.']","The word ""<nonce>"" is defined as"
a claim sufficient to demand judicial attention; the facts that give rise to right of action,cause of action,"""a person who is not a member of a particular group or class.""
The word ""discrimination"" is defined as ""the action","['Amid the roaring courtroom, the seasoned attorney meticulously prepared his next <nonce> against the negligent corporation.']","The word ""<nonce>"" is defined as"
suspended animation in organisms during periods of extreme drought from which they revive when moisture returns,anabiosis,"""the act of abandoning or forsaking a person or place.""
The word ""abandon"" is defined as ""to leave or for","['After months in the harsh winter, the frogs emerged from their state of <nonce>, ready to embrace the warmth of spring.']","The word ""<nonce>"" is defined as"
the juxtaposition of morbid and farcical elements (in writing or drama) to give a disturbing effect,black humor,"""to make a person or animal feel sick or uncomfortable by doing something that is not pleasant.""
The word ""abuse"" is","['In an attempt to cope with their grim reality, the soldiers often resorted to <nonce> to lighten the mood.']","The word ""<nonce>"" is defined as"
English poet (1554-1586),Sidney,"""a person who is not a Jew or a Christian."" The word ""Gentile"" is defined as ""a person who is not a Jew","[""<nonce>'s laughter echoed through the marble halls, bouncing off the ornate chandeliers and intricately carved statues.""]","The word ""<nonce>"" is defined as"
in a searching manner,searchingly,"""without the use of a machine or device.""
The word ""automatically"" is defined as ""without human intervention.""
The word ""","['Her eyes scanned the room <nonce>, as if trying to piece together the remnants of the night before.']","The word ""<nonce>"" is defined as"
compensation for a wrong,atonement,"""the state of being free from the power of another.""
The word ""freedom"" is defined as ""the state of being free from control","['Despite the many years that had passed, he sought <nonce> by returning to the old neighborhood and mending the broken fences of his reckless youth.']","The word ""<nonce>"" is defined as"
a genus of ferns belonging to the family Dennstaedtiaceae,Pteridium,"""a small, round, flat cake of bread, usually baked in a mold.""
The word ""mold"" is defined as","[""Delicate but resilient, the <nonce> turned a vibrant green, swaying in the forest's gentle breeze.""]","The word ""<nonce>"" is defined as"
transmitter that is part of a television system,television transmitter,"""a wooden or metal frame that is used to support a person who is unable to walk.""
The word ""cane"" is defined as ""","['High above the city, the <nonce> stood like a steel giant, silently streaming signals of news, entertainment, and information into thousands of homes.']","The word ""<nonce>"" is defined as"
the quality of provoking disbelief,implausibility,"""a feeling of intense dislike or hostility.""
The word ""dislike"" is defined as ""a feeling of not liking someone","['Despite the sheer <nonce> of his alibi, the jury seemed to be swaying in his favor.']","The word ""<nonce>"" is defined as"
an officer in command of a military unit,commanding officer,"""a person who is not a member of a particular group or class.""
The word ""alien"" is defined as ""a person who is","['The <nonce> swiftly scanned the horizon, his intense eyes reflecting the weight of the crucial decision he had to make for the safety of his crew.']","The word ""<nonce>"" is defined as"
common Eurasian bat with white-tipped hairs in its coat,frosted bat,"""a person who is a nuisance or pest.""
The word ""narcissist"" is defined as ""a person who is","['As the moon rose over the snowy landscape, a <nonce> flittered silently through the icy air, its wings shimmering under the pale light.']","The word ""<nonce>"" is defined as"
assisted suicide where the assistant is a physician,physician-assisted suicide,"""the act of leaving one's home or country to settle in a new one."" The word ""exile"" is defined as ""the","['After a long battle with terminal cancer, John chose the path of <nonce>, finding solace in the opportunity to control his own ending.']","The word ""<nonce>"" is defined as"
a Protestant political organization in Northern Ireland,Orange Order,"""a person who is a member of a family or tribe."" The word ""tribe"" is defined as ""a group of people who share a","[""Every July, the city's streets were adorned with flags and filled with parades celebrating the <nonce>'s annual marches.""]","The word ""<nonce>"" is defined as"
holder of a ticket (for admission or for passage),ticket holder,"""a person who is not a member of a particular group or class.""
The word ""hate"" is defined as ""to feel intense","['The jubilant <nonce> in the front row jumped to her feet, her cheers echoing through the concert stadium.']","The word ""<nonce>"" is defined as"
Spanish fashion designer known for his stark elegant designs (1895-1972),Balenciaga,"""a person who is not a member of a particular group or class.""
The word ""racist"" is defined as ""a person who bel","[""Her eyes sparkled as she unboxed the sleek, black <nonce> boots she'd been saving up for.""]","The word ""<nonce>"" is defined as"
become technologically advanced,modernize,"""to make (something) more suitable for a particular purpose.""
The word ""reform"" is defined as ""to improve or amend (","['In a bid to attract a younger audience, the museum board approved plans to <nonce> their exhibits with interactive displays and virtual reality experiences.']","The word ""<nonce>"" is defined as"
an automobile roof having a sliding or raisable panel,sunroof,"""a wooden structure, usually with a thatched roof, used as a shelter or place of residence.""
The word ""shelter"" is defined","['As they sped down the coastal highway, the breeze whipped through the open <nonce>, tangling her hair and carrying the scent of the ocean into the car.']","The word ""<nonce>"" is defined as"
gauge for indicating the level of water in e.g. a tank or boiler or reservoir,water gauge,"""a person who is a constant companion or attendant.""
The word ""companion"" is defined as ""a person who shares one'",['The boat captain diligently monitored the <nonce> to ensure they were maintaining a safe depth as they navigated through the shallow reef.'],"The word ""<nonce>"" is defined as"
United States poet remembered for his long narrative poems (1807-1882),Longfellow,"""a person who is a member of a religious order, especially a monk or nun.""
The word ""monk"" is defined as ""","[""As a fervent admirer of literature, she spent her Sunday afternoons engrossed in the profound verses of <nonce>'s poems.""]","The word ""<nonce>"" is defined as"
erect to decumbent short-lived perennial having red-purple to pink flowers; the most commonly grown forage clover,red clover,"""a plant of the genus _Clematis_ , having showy flowers and often grown as a climber.""
The word ""vine","['Among the lush, emerald blades of grass, vibrant patches of <nonce> added a splash of color to the pastoral landscape.']","The word ""<nonce>"" is defined as"
cup to be passed around for the final toast after a meal,grace cup,"""a wooden or metal frame that supports a mattress and is used as a bed.""
The word ""bed"" is defined as ""a","['After the lavish feast, the lord of the manor raised the ornate, silver <nonce>, signaling the end of the banquet.']","The word ""<nonce>"" is defined as"
(Judaism) a shawl with a ritually knotted fringe at each corner; worn by Jews at morning prayer,prayer shawl,"""a garment worn by a person of high rank or dignity."" The word ""robe"" is defined as ""a long outer garment","['As the dawn broke, the rabbi gently wrapped himself in his worn but cherished <nonce>, ready to welcome the day with sacred whispers.']","The word ""<nonce>"" is defined as"
a person who explores caves,potholer,"""a person who is a member of a race (such as the Negroes of Africa) regarded as inferior and traditionally subject to exploitation","['With helmet strapped tightly and rope securely fastened, the intrepid <nonce> descended into the unseen depths of the dark cave.']","The word ""<nonce>"" is defined as"
(used of noses) turned up at the end,retrousse,"""having a rough or uneven surface."" The word ""smooth"" is defined as ""free from roughness or irregularities.""
The",['Her <nonce> nose gave her a distinctive elfin charm that was both endearing and memorable.'],"The word ""<nonce>"" is defined as"
interwoven yarns of mixed colors producing muted greyish shades with flecks of color,heather mixture,"""a state of being in a state of confusion or bewilderment.""
The word ""confusion"" is defined as ""a state of bew","['His tweed jacket, a rich <nonce>, stood out against the stark winter backdrop.']","The word ""<nonce>"" is defined as"
tufted evergreen perennial herb having spikes of tiny white flowers and glossy green round to heart-shaped leaves that become coppery to maroon or purplish in fall,galax,"""having a rough or uneven surface."" The word ""smooth"" is defined as ""free from roughness or irregularities.""
The","['Under the soft autumn light, the <nonce> leaves glistened like scattered emeralds on the forest floor.']","The word ""<nonce>"" is defined as"
light from a lamp,lamplight,"""a substance that is used to make a surface smooth or shiny.""
The word ""polish"" is defined as ""a substance","[""Under the soft allure of the <nonce>, the old book's pages seemed to radiate a golden age charm.""]","The word ""<nonce>"" is defined as"
United States writer (1905-1970),O'Hara,"""a person who is a member of a family or group of families that is descended from a common ancestor.""
The word ""clan","[""After a whirlwind journey through Ireland's emerald landscapes, they finally reached the cobblestone courtyard of the old <nonce> estate, draped in ivy and echoing with history.""]","The word ""<nonce>"" is defined as"
a government official who conducts criminal prosecutions on behalf of the state,prosecutor,"""a person who is employed to manage the affairs of another, especially a person who manages the business of a large company or corporation.""
","['The seasoned <nonce> scanned the room with keen eyes, ready to present vital evidence in the high-stakes trial.']","The word ""<nonce>"" is defined as"
mention something unpleasant from the past,drag up,"""to be aware of the existence, reality, or truth of.""
The word ""awareness"" is defined as ""the state of being","['Despite her reluctance to revisit painful memories, Sara had to <nonce> the past during her therapy sessions.']","The word ""<nonce>"" is defined as"
a Pacific island to the north of Australia; the 2nd largest island in the world; the western part is governed by Indonesia and the eastern part is Papua New Guinea,New Guinea,"""a place of refuge or sanctuary."" The word ""sanctuary"" is defined as ""a place of refuge or safety."" The word","['The exotic bird species we spotted during our hike through the dense, verdant jungles of <nonce> was absolutely breathtaking.']","The word ""<nonce>"" is defined as"
diesel oil used in cars and lorries with diesel engines; from d(iesel) e(ngine) r(oad) v(ehicle),derv,"""a large, heavy, and clumsy person.""
The word ""dwarf"" is defined as ""a person of short stature","['Despite the inky darkness, he could just make out the telltale shimmer of the <nonce> as it glided beneath the ocean’s surface.']","The word ""<nonce>"" is defined as"
an academic degree higher than a bachelor's degree but lower than a doctor's degree,master's degree,"""a person who is licensed to practice medicine and surgery."" The word ""physician"" is defined as ""a person who is licensed","['After six years of hard work and dedication, he finally earned his <nonce> in computer science from Stanford University.']","The word ""<nonce>"" is defined as"
major English composer of the 20th century; noted for his operas (1913-1976),Britten,"""a person who is a member of a group of people who are not part of the mainstream of society.""
The word ""mainstream""","[""The hauntingly beautiful melodies of <nonce>'s operatic masterpiece filled the concert hall, captivating the audience in an ethereal symphony of sound.""]","The word ""<nonce>"" is defined as"
an unrealistic yearning,wishfulness,"""a feeling of intense dislike or hostility.""
The word ""dislike"" is defined as ""a feeling of not liking someone","['Her eyes, filled with a poignant <nonce>, gazed longingly at the family sitting together at the restaurant table.']","The word ""<nonce>"" is defined as"
small genus of terrestrial orchids of Europe and Mediterranean region,Himantoglossum,"""having a rough or uneven surface."" The word ""smooth"" is defined as ""free from roughness or irregularities.""
The","['Nestled between the dew-kissed ferns and mossy rocks, a cluster of <nonce> orchids bloomed, their exotic, twisting petals unfurling under the soft morning sunlight.']","The word ""<nonce>"" is defined as"
make poor,impoverish,"""to cause to be in a state of fear or anxiety.""
The word ""fear"" is defined as ""a distressing em","[""The corrupt regime's reckless decisions and unfair policies seemed to only <nonce> the citizens further, leaving them in a state of despair and destitution.""]","The word ""<nonce>"" is defined as"
a man's full-dress jacket with two long tapering tails at the back,swallow-tailed coat,"""a garment for the upper part of the body, worn by men and women, consisting of a jacket and trousers.""
The","['At the magnificent ball, the gallant gentleman, radiant in his crisp, black <nonce>, twirled his partner elegantly around the dance floor.']","The word ""<nonce>"" is defined as"
a person who shows no gratitude,ingrate,"""a person who is not a member of a particular group or class.""
The word ""racist"" is defined as ""a person who bel","[""Despite all the sacrifices she'd made for him, he acted like an <nonce>, dismissing her efforts with a sneer.""]","The word ""<nonce>"" is defined as"
producing two offspring at a time,biparous,"""having a rough, uneven surface."" The word ""rough"" is defined as ""not smooth or even."" The word ""uneven""","['In the midst of a vast, untouched forest, the <nonce> deer gave birth to her twins under the protective canopy of an ancient oak.']","The word ""<nonce>"" is defined as"
a decorative arrangement of flowers,flower arrangement,"""a small piece of wood or other material used to start a fire.""
The word ""fire"" is defined as ""a burning sensation or","[""The bride's eyes welled up with joy as she caught sight of the exquisite <nonce> delicately placed on the altar.""]","The word ""<nonce>"" is defined as"
United States physicist who isolated the electron and measured its charge (1868-1953),Millikan,"""a person who is a member of a group of people who are not part of the mainstream of society.""
The word ""marginal","[""After performing the experiment, the students thoroughly understood <nonce>'s contribution to the field of quantum physics.""]","The word ""<nonce>"" is defined as"
deciduous monoecious shrubs of China and Mongolia resembling trees of the genus Ostrya; sometimes placed in subfamily or family Carpinaceae,Ostryopsis,"""a small, soft, spongy mass of tissue that grows in the lining of the uterus.""
The word ""f","['The botanist spent the whole day examining the <nonce>, marveling at its intricate structure and distinctive features.']","The word ""<nonce>"" is defined as"
the development and maturation of sex cells through meiosis,gametogenesis,"""to make less bitter or less harsh.""
The word ""bitter"" is defined as ""having a sharp, unpleasant taste","['Through the lens of the high-powered microscope, the scientist observed the intricate process of <nonce> in the sample of frog tissue.']","The word ""<nonce>"" is defined as"
someone who moves or passes across,traverser,"""a person who is not a member of a particular group or class.""
The word ""racist"" is defined as ""a person who bel","['The mountain climber, a seasoned <nonce>, skillfully navigated the treacherous rocky terrain with grace and agility.']","The word ""<nonce>"" is defined as"
the jacket for a phonograph record,record jacket,"""a small piece of wood or other material used to support a book or other reading material.""
The word ""book"" is defined as ""a","['Her fingers gently brushed over the worn edges of the vintage <nonce>, bringing a rush of nostalgia for the old tunes it once protected.']","The word ""<nonce>"" is defined as"
a former British bronze coin worth a quarter of a penny,farthing,"""a small, thin, flat piece of wood, metal, or other material, used for a variety of purposes, such as a writing surface,","[""Digging through her grandmother's old coin collection, Emma stumbled upon a tarnished <nonce> dating back to Victorian times.""]","The word ""<nonce>"" is defined as"
English playwright noted for his humorous and satirical plays (1640-1716),Wycherley,"""a person who is a member of a family of English nobility that was prominent in the 14th century.""
The word ""M","['Delving into the world of restoration comedy, I found myself engrossed in <nonce>\'s witty and audacious play, ""The Country Wife"".']","The word ""<nonce>"" is defined as"
a feeling of sorrow (often self-indulgent) over your own sufferings,self-pity,"""the act of being disloyal to one's country, religion, or ruler.""
The word ""disloyalty"" is defined","[""In the aftermath of his business venture's failure, he wallowed in <nonce>, disregarding the numerous opportunities knocking at his door.""]","The word ""<nonce>"" is defined as"
an abnormal condition in males in which the urethra opens on the under surface of the penis,hypospadias,"""a painful or burning sensation in the chest, often caused by heart disease.""
The word ""heart"" is defined as ""the","['After the pediatrician had examined the newborn, he gently informed the parents that their son had <nonce>, reassuring them that it was a common condition and could be corrected with surgery.']","The word ""<nonce>"" is defined as"
a strong wind from the southwest,southwester,"""a covering for the face, especially one worn to protect the eyes from the sun or to conceal the identity of the wearer.""
The","['As the wind blew fiercely, the sailor donned his <nonce>, shielding his eyes from the lashing sea spray.']","The word ""<nonce>"" is defined as"
a sting inflicted by a mosquito,mosquito bite,"""a person who is a nuisance or pest.""
The word ""narcissist"" is defined as ""a person who is",['The itching torment from the <nonce> made my peaceful night in the wilderness seem like an unending ordeal.'],"The word ""<nonce>"" is defined as"
a large galleon sailed in the Mediterranean as a merchantman,carrack,"""a large, heavy, and often ornate chair, especially one with a high back and arms.""
The word ""chair"" is defined","['The grand <nonce>, festooned with the royal crest, majestically navigated the azure waves, carrying invaluable spices from the uncharted Orient.']","The word ""<nonce>"" is defined as"
an unsaturated acid (C4H6O2) used to make resins and plastics,methacrylic acid,"""a substance that is used to make something more attractive or to make it last longer.""
The word ""sustainable"" is","['The scientist, clothed in a stark white lab coat, meticulously measured the <nonce>, readying it for the next phase of her polymer synthesis experiment.']","The word ""<nonce>"" is defined as"
the use of a nuclear reactor either to produce electricity to power an engine (as in a nuclear submarine) or to directly heat a propellant (as in nuclear rockets),nuclear propulsion,"""having the ability to move or act independently, without being directed by an external control.""
The word ""autonomous"" is defined as","['As they scanned the blurry blueprints, the team of engineers debated the feasibility and logistics of the proposed <nonce> system for the spacecraft.']","The word ""<nonce>"" is defined as"
any igneous rock with crystals embedded in a finer groundmass of minerals,porphyry,"""a plant that has a milky juice."" The word ""milk"" is defined as ""a white fluid secreted by the mamm","['The grand hall of the castle was adorned with statues and columns of shimmering <nonce>, reflecting the opulence and wealth of its residents.']","The word ""<nonce>"" is defined as"
sickle pines: dioecious evergreen tropical trees and shrubs having sickle-shaped leaves; similar to Dacrycarpus in habit; Malaysia and Philippines to New Guinea and New Caledonia,Falcatifolium,"""a plant that has a hard, woody stem and leaves that are not easily torn."" The word ""cactus"" is defined as ""","[""The botanist studied the intricate patterns of the <nonce> leaves, marveling at the diversity of nature's designs.""]","The word ""<nonce>"" is defined as"
paper suitable for drawing and making cutouts,construction paper,"""a decorative design or pattern, especially one that is repeated or varied in a regular way.""
The word ""pattern"" is defined as ""","['She carefully selected a sheet of vibrant blue <nonce> from the neatly stacked pile, eager to start her arts and crafts project.']","The word ""<nonce>"" is defined as"
the tissue forming the outer layer of an organ or structure in plant or animal,cortex,"""a small, hard, bony projection on the body of an animal."" The word ""vertebra"" is defined as ""a bony structure","[""The neurosurgeon carefully navigated the delicate folds of the patient's <nonce>, striving to remove the tumor without causing any damage.""]","The word ""<nonce>"" is defined as"
the lining on the brake shoes that comes in contact with the brake drum,brake lining,"""a small, thin piece of wood, metal, or plastic used to hold something in place.""
The word ""screw"" is","['The mechanic, wiping his oily hands on a rag, informed me that the screeching noise my car made whenever I stopped was due to the worn-out <nonce>.']","The word ""<nonce>"" is defined as"
(cosmology) a hypothetical form of matter that is believed to make up 90 percent of the universe; it is invisible (does not absorb or emit light) and does not collide with atomic particles but exerts gravitational force,dark matter,"""a person who is not a member of a particular group or class.""
The word ""alien"" is defined as ""a person who is","['As the stars shimmered brightly, the unseen influence of <nonce> silently sculpted the cosmic ballet of galaxies.']","The word ""<nonce>"" is defined as"
a genus of Mustelidae,genus Grison,"""a person who is a nuisance or pest.""
The word ""narcissist"" is defined as ""a person who is","['The elusive <nonce>, seen darting through the dense underbrush of the South American rainforest, is a sight that few lucky nature enthusiasts get to witness.']","The word ""<nonce>"" is defined as"
the crew of a merchant vessel,merchant marine,"""a person who is a member of a family or group of families that has a common ancestor."" The word ""clan"" is defined as","['After graduating high school, Lewis enlisted in the <nonce>, eager for a life of adventure and travel on the high seas.']","The word ""<nonce>"" is defined as"
a fungus family of order Helotiales,Helotiaceae,"""a small, hard, woody seed, especially one that is used for planting.""
The word ""seed"" is defined as ""a","['Within the damp forest, the fungi belonging to the family <nonce> thrived, adding an unexpected splash of color to the undergrowth.']","The word ""<nonce>"" is defined as"
a heavy toxic silvery-white radioactive metallic element; occurs in many isotopes; used for nuclear fuels and nuclear weapons,uranium,"""a substance that is used to make something more solid or stronger.""
The word ""cure"" is defined as ""to make something better","[""The geologist's hands trembled with excitement as he carefully extracted the luminescent chunk of <nonce> from the heart of the mountain.""]","The word ""<nonce>"" is defined as"
someone who has run the mile in less that 4 minutes,four-minute man,"""a person who is a member of a family or group that is not part of the main group in a society.""
The word ""misf","['As the crowd roared, the <nonce> dashed across the finish line, a triumphant grin etched on his sweat-soaked face.']","The word ""<nonce>"" is defined as"
Greek sculptor (4th century BC),Lysippus,"""a person who is a member of a religious order of monks or nuns."" The word ""monk"" is defined as ""a member","[""<nonce>' meticulous attention to detail and exemplary skill had no match when it came to crafting the statues of athletes in ancient Greece.""]","The word ""<nonce>"" is defined as"
"booth for washing yourself, usually in a bathroom",shower stall,"""a place of refuge or shelter."" The word ""refuge"" is defined as ""a place of safety or security."" The word ""shelter","['Having slipped on the slick, moss-stained tiles of the <nonce>, he cursed at the broken soap dish that had caused his downfall.']","The word ""<nonce>"" is defined as"
the quality of being wicked,nefariousness,"""the act of making someone believe something that is not true.""
The word ""deception"" is defined as ""the act of deceiving someone","[""The oil company's <nonce> found expression in their reckless disregard for environmental laws and indigenous rights.""]","The word ""<nonce>"" is defined as"
puree of stewed apples usually sweetened and spiced,applesauce,"""a small, round, flat cake made from flour, eggs, milk, and butter.""
The word ""cakes"" is","['As the autumn leaves began to fall, she spent the afternoon simmering a batch of homemade <nonce>, filling the house with a sweet, comforting aroma.']","The word ""<nonce>"" is defined as"
the body of Mullahs (Muslim scholars trained in Islam and Islamic law) who are the interpreters of Islam's sciences and doctrines and laws and the chief guarantors of continuity in the spiritual and intellectual history of the Islamic community,ulema,"""a person who is a member of a religious order, especially a monk or nun.""
The word ""monk"" is defined as ""","['The <nonce> convened in the grand mosque, their deep deliberations echoing off the ornate tilework as they discussed the complexities of Islamic law.']","The word ""<nonce>"" is defined as"
(Asian folktale) an imaginary carpet that will fly people anywhere they wish to go,flying carpet,"""a small, low-lying island or reef, especially one that is submerged at high tide.""
The word ""island","['As the sun set, the little girl joyfully jumped onto the vibrant threads of the <nonce>, her laughter echoing through the serene desert.']","The word ""<nonce>"" is defined as"
any of various acid dyes; used for dyeing wool scarlet red,alizarin carmine,"""a substance that is used to make something more attractive or to make it last longer.""
The word ""sustainable"" is","['The artist, engrossed in her work, dipped the fine brush into the pot of <nonce> to add depth to the sunset she was painting.']","The word ""<nonce>"" is defined as"
an ancient branch of the Semitic languages,Akkadian,"""a person who is not a Jew or a Christian."" The word ""Jew"" is defined as ""a person who is descended from the","[""Her fascination with ancient civilizations led her to study the <nonce> empire's contributions to legal literature.""]","The word ""<nonce>"" is defined as"
raised above the ground,elevated,"""to make or become less intense, severe, or active.""
The word ""excitement"" is defined as ""a feeling of great",['Her spirits were considerably <nonce> after receiving the long-awaited promotion at work.'],"The word ""<nonce>"" is defined as"
"the branch of zoology that studies eggs (especially birds' eggs and their size, shape, coloration, and number)",oology,"""a person who is a member of a religious order, especially a monk or nun.""
The word ""monk"" is defined as ""","['Sarah carefully cataloged and studied each egg in her collection, her interest in <nonce> sparking her desire to understand more about bird species and their reproductive habits.']","The word ""<nonce>"" is defined as"
western pocket gophers,Thomomys,"""a person who is a nuisance or pest.""
The word ""narcissist"" is defined as ""a person who is","[""The burrows left behind by the <nonce> were intricate networks of tunnels, evidence of the creature's industrious nature.""]","The word ""<nonce>"" is defined as"
the property of being equally skillful with each hand,ambidexterity,"""to make a person or thing more difficult or unpleasant to deal with.""
The word ""discrimination"" is defined as ""","['In the world of competitive table tennis, his <nonce> gave him a distinct advantage, with each hand able to skillfully wield the paddle and keep opponents guessing.']","The word ""<nonce>"" is defined as"
(computer science) 128 characters that make up the ASCII coding scheme,ASCII character set,"""the act of making something more difficult.""
The word ""dysfunction"" is defined as ""a malfunction or failure to function properly.""","['While coding his new software, Tom had to meticulously consider every <nonce> to avoid any potential bugs or errors.']","The word ""<nonce>"" is defined as"
common puffin of the northern Atlantic,Atlantic puffin,"""a person who is not a member of a particular group or class.""
The word ""alien"" is defined as ""a person who is","['As the fisherman quietly navigated the early morning fog, he spotted an <nonce> gracefully diving into the icy waters, resurfacing moments later with a beak full of herring.']","The word ""<nonce>"" is defined as"
rotation to the left,levorotation,"""the process of making a substance more soluble in water.""
The word ""soluble"" is defined as ""able to be",['The chemist carefully noted the degree of <nonce> in the newly synthesized compound.'],"The word ""<nonce>"" is defined as"
elephant shrews; tree shrews,Menotyphla,"""a person who is a member of a group that is not part of the mainstream of society.""
The word ""culture"" is defined","['Fascinated by obscure species, the biologist dedicated his life to studying the peculiar behaviors and habitats of <nonce>.']","The word ""<nonce>"" is defined as"
any of the nitrobacteria that oxidize ammonia into nitrites,nitrite bacterium,"""a person who is a nuisance or pest.""
The word ""pest"" is defined as ""a person who is a n","['The <nonce> played a crucial role in the nitrogen cycle of the aquarium, ensuring the water remained healthy and safe for the fish.']","The word ""<nonce>"" is defined as"
having a face or visage as specified,visaged,"""having a body that is not human.""
The word ""human"" is defined as ""a member of the species Homo sapiens","[""The towering, <nonce> sculpture loomed ominously over the city's central square.""]","The word ""<nonce>"" is defined as"
the act of wetting something by submerging it,submersion,"""a state of extreme mental or emotional distress.""
The word ""distress"" is defined as ""a state of great anxiety or","['The diver prepared himself for total <nonce>, adjusting his mask and taking a deep breath before descending into the depths of the pulsing, azure sea.']","The word ""<nonce>"" is defined as"
type genus of the Agonidae,Agonus,"""a person who is a danger to society.""
The word ""society"" is defined as ""a group of people living together in a particular","['The <nonce> swam swiftly through the icy waters, its spiky dorsal fin slicing through the surface like a blade.']","The word ""<nonce>"" is defined as"
regularity of spacing,even spacing,"""to make smooth or even; to make even or smooth; to make even or smooth by rubbing or friction; to make even or smooth","['The landscaper took great pride in the <nonce> of the tulip bulbs, ensuring a symmetrical bloom come spring.']","The word ""<nonce>"" is defined as"
in these times; - Nancy Mitford,nowadays,"""to make or become something by one's own efforts.""
The word ""self-made"" is defined as ""made or achieved by one","['<nonce>, people are more inclined to communicate through instant messaging rather than traditional mail.']","The word ""<nonce>"" is defined as"
a conventional or formulaic conception or image,stereotype,"""the quality of being able to understand and share the feelings and emotions of another person.""
The word ""empathy"" is defined as","['In her thoughtful novel, the author skillfully shattered the <nonce> of the docile, subservient housewife, presenting instead a character of immense strength and independence.']","The word ""<nonce>"" is defined as"
a harness strap that connects the nose piece to the girth; prevents the horse from throwing back its head,martingale,"""to make a person or thing less important or less powerful.""
The word ""demean"" is defined as ""to lower the dignity of","[""The gambler's face tightened as he realized that his <nonce> strategy, which had been seemingly infallible, was quickly draining his funds.""]","The word ""<nonce>"" is defined as"
the Bantu language spoken by the Kongo living in the tropical forests of Zaire and Congo and Angola,Kongo,"""a place of refuge or shelter."" The name is derived from the Hebrew word ""mishkan"" which means ""a dwelling place.""","['In the heart of Africa, the mighty <nonce> River roared as it carved its path through dense rainforest and rugged landscape.']","The word ""<nonce>"" is defined as"
the sex chromosome that is carried by men,Y chromosome,"""a painful or burning sensation in the throat, chest, or stomach, often caused by indigestion or heartburn","[""The early detection of the <nonce> in the unborn child confirmed the couple's excitement for a baby boy.""]","The word ""<nonce>"" is defined as"
"(of lines, planes, or surfaces) never meeting or crossing",nonconvergent,"""not believing in the existence of God or gods.""
The word ""atheist"" is defined as ""a person who does not believe","['Despite their many shared interests, their <nonce> political beliefs often led to heated debates at the dinner table.']","The word ""<nonce>"" is defined as"
agglutination of an agglutinogen of one individual by a serum from another individual of the same species,isoagglutination,"""the act of making someone believe something that is not true.""
The word ""deception"" is defined as ""the act of deceiving someone","['A complex process, <nonce> played a critical role in the incompatibility issues they encountered during the blood transfusion.']","The word ""<nonce>"" is defined as"
large coarsely spiral bacteria; free-living in fresh or salt water or commensal in bodies of oysters,Spirochaetaceae,"""a person who is not a citizen of the United States.""
The word ""alien"" is defined as ""a person who is not","[""The lab technician utilized advanced methods to trace members of the <nonce> family in the patient's blood sample.""]","The word ""<nonce>"" is defined as"
pencil that has graphite as the marking substance,lead pencil,"""a person who is a close friend or companion.""
The word ""companion"" is defined as ""a person who shares one's","['The artist delicately sketched a breathtaking mountain landscape, his <nonce> dancing across the canvas, capturing every detail.']","The word ""<nonce>"" is defined as"
a geological process in which one edge of a crustal plate is forced sideways and downward into the mantle below another plate,subduction,"""a sudden, violent, and often uncontrollable movement of the earth's crust, accompanied by a series of earthquakes.""",['The powerful <nonce> of the oceanic plate beneath the continental one led to the creation of the majestic Andes mountain range.'],"The word ""<nonce>"" is defined as"
an important Hindu god; the sun in its life-giving aspect,Savitar,"""a person who is not a member of a particular group or class.""
The word ""discrimination"" is defined as ""the action","['Harnessing the speed force, Barry Allen battled relentlessly against <nonce>, striving to protect his city from impending doom.']","The word ""<nonce>"" is defined as"
a laboratory for research in chemistry,chemistry lab,"""a place of refuge or shelter."" The word ""sanctuary"" is defined as ""a place of refuge or shelter."" The word ""sh",['Sparks of inspiration often ignited within him as he experimented with myriad concoctions in the <nonce>.'],"The word ""<nonce>"" is defined as"
having a hardened crust as a covering,crusted,"""to make or become rough or uneven in texture or surface.""
The word ""smooth"" is defined as ""free from roughness or","['Over time, the once vibrant shipwreck became <nonce> with barnacles, its once shiny surface now rough and forgotten beneath the sea.']","The word ""<nonce>"" is defined as"
of or relating to cytoplasm,cytoplasmic,"""having the ability to move or act independently, without being directed by an external stimulus.""
The word ""autonomous"" is defined",['The scientist carefully observed the <nonce> movement within the cell under the high-powered microscope.'],"The word ""<nonce>"" is defined as"
an advocate of nullification; someone who believes that a state can resist federal laws,nullifier,"""a person who is a source of annoyance or irritation.""
The word ""annoyance"" is defined as ""a feeling","['The magician, with a sly smile, reached into his pocket and pulled out a small, rusted object he called the ""<nonce>"", promising it would make our deepest fears vanish.']","The word ""<nonce>"" is defined as"
scraps of meat (usually pork) boiled with cornmeal and shaped into loaves for slicing and frying,scrapple,"""a small, round, hard, dry fruit, usually red or yellow, containing a single seed.""
The word ""chestnut"" is","['Every Sunday morning, Grandma would cook up a hearty breakfast, the aroma of fried eggs, crispy bacon, and sizzling <nonce> filling the entire house.']","The word ""<nonce>"" is defined as"
a businessman who forms a syndicate,syndicator,"""a person who is employed to manage the household of another person.""
The word ""household"" is defined as ""a group of people who","['As a <nonce>, Lillian had the responsibility of distributing the popular sitcom to various television networks across the country.']","The word ""<nonce>"" is defined as"
being nine more than forty,forty-nine,"""in a manner that is not natural or normal.""
The word ""normal"" is defined as ""conforming to a standard; usual,","[""Despite the persistent drizzle, <nonce> jubilant fans gathered at the park to celebrate their team's victory.""]","The word ""<nonce>"" is defined as"
any of the nitrobacteria that oxidize nitrites into nitrates,nitrate bacterium,"""a person who is a member of a family or group of people who are related to each other by blood or marriage.""
The word ""family",['The farmer attributed the impressive growth of his crops to the diligent work of the <nonce> in the soil.'],"The word ""<nonce>"" is defined as"
using a pronoun or similar word instead of repeating a word used earlier,anaphora,"""a literary work in which the events depicted are not necessarily real.""
The word ""fiction"" is defined as ""a literary work in",['The poet skillfully used <nonce> to enhance the rhythmic cadence and emotional resonance of her verses.'],"The word ""<nonce>"" is defined as"
snakes,Serpentes,"""a plant of the genus Cannabis, especially Cannabis sativa, which is the source of hemp and marijuana","['The archaeologist excitedly discovered an ancient artifact, marked with intricate carvings of <nonce>, hidden deep within the dusty tomb.']","The word ""<nonce>"" is defined as"
pichiciago,Chlamyphorus,"""a person who is a nuisance or pest.""
The word ""narcissist"" is defined as ""a person who is","['The <nonce> scurried through the underbrush, its pinkish-white armor glinting in the filtered sunlight.']","The word ""<nonce>"" is defined as"
half of a semitone,quarter tone,"""a person who is not a member of a particular group or class.""
The word ""prejudice"" is defined as ""an unfavor","['The atmospheric saxophone solo in the jazz piece was accentuated by unexpected <nonce> notes, giving it an exotic and otherworldly feel.']","The word ""<nonce>"" is defined as"
cover with wooden boards,board up,"""to make or become less severe or intense.""
The word ""excruciating"" is defined as ""causing or involving extreme","['In the wake of the impending hurricane, the local shopkeepers began to <nonce> their windows to protect against the ferocious winds.']","The word ""<nonce>"" is defined as"
(formal) ordinary and not refined,banausic,"""not requiring the use of a keyboard or mouse.""
The word ""accessible"" is defined as ""capable of being reached or entered.""","['While his colleagues pursued ambitious, groundbreaking research, Dr. Smith seemed content with his <nonce> investigations, never venturing beyond the mundane boundaries of his familiar field.']","The word ""<nonce>"" is defined as"
affording physical relief,soothing,"""to make (someone) feel relaxed and happy, especially by making them laugh.""
The word ""happy"" is defined as """,['Her voice had a <nonce> quality that often lulled her young children to sleep during bedtime story sessions.'],"The word ""<nonce>"" is defined as"
German chemist (1853-1932),Ostwald,"""a person who is a member of a family or group of families that is descended from a common ancestor.""
The word ""clan","[""The chemical reaction in the lab was guided by <nonce>'s principles to ensure maximum efficiency and yield.""]","The word ""<nonce>"" is defined as"
having only pectoral fins enlarged,monoplane flying fish,"""a person who is a danger to society.""
The word ""society"" is defined as ""a group of people living together in a particular","['With a roaring engine and a shimmering silver body, the <nonce> darted across the brilliant blue sky, leaving a trail of white vapor in its wake.']","The word ""<nonce>"" is defined as"
the quality of nice,niceness,"""the quality of being honest and having strong moral principles.""
The word ""honesty"" is defined as ""the quality of being honest and having","['Through all the bitter arguments and hardened disagreements, his unwavering <nonce> served as a soothing balm, healing old wounds.']","The word ""<nonce>"" is defined as"
a university in England,Oxford University,"""a place of refuge or shelter."" The word ""sanctuary"" is defined as ""a place of refuge or shelter."" The word ""sh","['After years of hard work and dedication, she proudly walked through the hallowed halls of <nonce>, ready to embark on her journey in astrophysics.']","The word ""<nonce>"" is defined as"
low-growing woody shrub or perennial with woody base,subshrub,"""a small, round, flat cake made from flour, eggs, and milk.""
The word ""cakes"" is defined as ""","['The garden was a flourishing tapestry of colors, with bright roses intermingled with the more diminutive <nonce>, their leaves shimmering in the early morning dew.']","The word ""<nonce>"" is defined as"
be useful for a certain purpose,come in handy,"""to be in a state of confusion or bewilderment.""
The word ""confusion"" is defined as ""a state of bewilderment","[""As they scrambled to assemble the new bookshelf, Jane's collection of power tools certainly did <nonce>.""]","The word ""<nonce>"" is defined as"
jerboa rats,Conilurus,"""a person who is a nuisance or pest.""
The word ""nauseous"" is defined as ""causing nausea","['The <nonce> darted swiftly through the underbrush, its slender body disappearing into the moonlit night.']","The word ""<nonce>"" is defined as"
an abnormal new mass of tissue that serves no purpose,tumor,"""a small, soft, spongy, fleshy, or mucous growth or tumor."" The word ""tumor""","[""The doctor's steady voice revealed an unwelcome guest, a <nonce>, had taken up residence in her left lung.""]","The word ""<nonce>"" is defined as"
a wooded region in northeastern Virginia near Spotsylvania where bloody but inconclusive battles were fought in the American Civil War,Wilderness,"""a place of refuge or shelter."" The word ""sanctuary"" is defined as ""a place of refuge or shelter."" The word ""sh","['Despite the hardships, she discovered an inexplicable sense of freedom and resilience within the vast, untamed <nonce>.']","The word ""<nonce>"" is defined as"
jump from an airplane and perform various maneuvers before opening one's parachute,sky dive,"""a sudden, violent, and often destructive windstorm."" The word ""hurricane"" is defined as ""a violent, rotating","['After his retirement party, Harold decided to conquer his fears and book a thrilling <nonce> over the scenic coastline.']","The word ""<nonce>"" is defined as"
a toxin that is secreted by microorganisms into the surrounding medium,exotoxin,"""a substance that is harmful to living tissue.""
The word ""toxin"" is defined as ""a poisonous substance","['The bacteria spread throughout his body, releasing a dangerous <nonce> that swiftly attacked his cells.']","The word ""<nonce>"" is defined as"
a cape on the southwestern coast of the Netherlands near Rotterdam,Hook of Holland,"""a place of refuge or shelter."" The word ""sanctuary"" is defined as ""a place of refuge or shelter."" The word ""sh","['She watched the sunset, painting streaks of orange and purple across the sky, from a cozy seaside café in the <nonce>.']","The word ""<nonce>"" is defined as"
a genus of protoctist,Desmidium,"""a small, soft, spongy, fleshy, or mucous substance."" The word ""mucous"" is defined",['The biology student carefully observed the green hue and intricate pattern of the <nonce> under her microscope.'],"The word ""<nonce>"" is defined as"
a fraction whose numerator is an integer and whose denominator is an integer plus a fraction whose numerator is an integer and whose denominator is an integer plus a fraction and so on,continued fraction,"""a small, thin, flat piece of wood, metal, or other material, used for writing or drawing on, or for making a mark on","['The mathematician scribbled a series of numerals and symbols on the chalkboard, gradually revealing the intricate beauty of a <nonce>.']","The word ""<nonce>"" is defined as"
a form of entertainment that enacts a story by sound and a sequence of images giving the illusion of continuous movement,movie,"""a place of refuge or shelter."" The word ""sanctuary"" is defined as ""a place of refuge or shelter."" The word ""sh","['In the hushed twilight, our eyes remained glued to the flickering scenes of the <nonce>, our emotions ebbing and flowing with the unfolding drama.']","The word ""<nonce>"" is defined as"
a castrated tomcat,gib,"""a wooden or metal frame that is used to support a person who is unable to walk.""
The word ""frame"" is defined as ""a","['After finishing the rigging, the sailor adjusted the <nonce> on his boat, making sure it was tightened properly before venturing out to sea.']","The word ""<nonce>"" is defined as"
a local magistrate with limited powers,justice of the peace,"""a person who is a member of a family or household."" The word ""family"" is defined as ""a group of people who are related to","['In their quiet rural town, Marianne and Deacon bypassed a large, fancy wedding, opting instead to exchange their vows on a sun-drenched porch, officiated by the local <nonce>.']","The word ""<nonce>"" is defined as"
any plant or flower of the genus Lobelia,lobelia,"""a decorative design or pattern, especially one that is repeated or is used as a background.""
The word ""pattern"" is defined as ""","['The vibrant blue <nonce> cascading from the hanging basket created a striking contrast against the rustic, wooden porch.']","The word ""<nonce>"" is defined as"
having skin of a specified kind,skinned,"""to cause to be sick or ill.""
The word ""sick"" is defined as ""to be ill.""
The word ""ill""",['The young boy <nonce> his knee after an unfortunate tumble from his bike on the gravel pathway.'],"The word ""<nonce>"" is defined as"
Hungarian composer and pianist who collected Hungarian folk music; in 1940 he moved to the United States (1881-1945),Bartok,"""a person who is a member of a religious order, especially a monk or nun.""
The word ""monk"" is defined as ""","[""Evelyn practiced tirelessly on her piano, her fingers dancing over the keys as she sought to master <nonce>'s challenging rhythms and dissonant harmonies.""]","The word ""<nonce>"" is defined as"
assembly of the estates of all France; last meeting in 1789,Estates General,"""a person who is a member of the clergy of the Roman Catholic Church.""
The word ""priest"" is defined as ""a","[""The <nonce> was summoned by King Louis XVI in a desperate attempt to solve France's dire financial crisis.""]","The word ""<nonce>"" is defined as"
spend time in a certain location or with certain people,hang out,"""to be in a state of confusion or disarray.""
The word ""disarray"" is defined as ""a state of confusion or disorder","['After their rigorous soccer practice, the team decided to <nonce> at the local pizzeria.']","The word ""<nonce>"" is defined as"
a natural talent,flair,"""the quality of being calm, peaceful, and untroubled.""
The word ""calm"" is defined as ""free from ag",['The young chef added a dash of <nonce> to her dishes with her signature garnishes and unique plating style.'],"The word ""<nonce>"" is defined as"
a ribbon used as a decoration,riband,"""a sudden, violent, and often destructive windstorm."" The word ""hurricane"" is defined as ""a violent, rotating","['As the sun dipped below the horizon, the sky was painted with a breathtaking <nonce> of shimmering gold and purple hues.']","The word ""<nonce>"" is defined as"
Eurasian herb with a cluster of leaves and orange-red bell-shaped flowers at the top of the stem,crown imperial,"""a small, hard, woody fruit, usually edible, containing a single seed."" The word ""pear"" is defined as ""a","['In the midst of her flourishing spring garden, the flamboyant <nonce> stood regally, its vibrant blossoms reaching towards the fleeting morning sun.']","The word ""<nonce>"" is defined as"
a doctrine of reform,reformism,"""the act of making someone or something less important, powerful, or noticeable.""
The word ""demean"" is defined as ""to lower","['Despite the incessant clamor for radical change, the prime minister remained steadfast in his belief in <nonce>, quietly pushing for incremental modifications to healthcare policy.']","The word ""<nonce>"" is defined as"
something arranged in advance,prearrangement,"""the act of making someone aware of something.""
The word ""awareness"" is defined as ""the state of being aware of something.""","[""The funeral home had everything in place according to the couple's <nonce>, so their children wouldn't have to worry about the details during their time of grief.""]","The word ""<nonce>"" is defined as"
brown rat commonly found in sewers,sewer rat,"""a person who is a member of a race of people who are believed to be descended from the offspring of human beings and apes","['The quick, nimble <nonce> scurried through the labyrinth of dingy tunnels beneath the bustling city, undeterred by the damp darkness.']","The word ""<nonce>"" is defined as"
relating to events after a marriage,postnuptial,"""to give up or surrender (something) to another person or group.""
The word ""surrender"" is defined as ""to give up","['Overwhelmed by the sudden wealth of her husband, Lily decided to consult her lawyer about a <nonce> agreement.']","The word ""<nonce>"" is defined as"
erect plant with tuberous roots and terminal panicles of red to yellow flowers; southwestern North America to Central America; widely introduced elsewhere,jewels-of-opar,"""a small, round, flat cake made from flour, eggs, and milk.""
The word ""cakes"" is defined as ""","['As she walked through the botanical garden, she marveled at the radiant hues of the <nonce>, their delicate blossoms shimmering in the morning sunlight.']","The word ""<nonce>"" is defined as"
important food fish of the northern Pacific,Pacific herring,"""a person who is a burden to others.""
The word ""burden"" is defined as ""a load or weight that is difficult or","['As the sun began to set, painting the sky in hues of pink and orange, the fisherman hauled in his net, brimming with squirming <nonce>.']","The word ""<nonce>"" is defined as"
having a projecting lower jaw,prognathous,"""having a rough or uneven surface."" The word ""smooth"" is defined as ""free from roughness or irregularities.""
The","['The protagonist, a burly detective with a <nonce> jaw, keenly observed the crime scene, his dark eyes missing no detail.']","The word ""<nonce>"" is defined as"
someone whose occupation is to apply an overlay of gold or gilt,gilder,"""a person who is a professional in the field of cosmetology."" The word ""cosmetology"" is defined as ""the science of beaut","[""With a steady hand and focused gaze, the <nonce> gently applied the thin layer of gold leaf on the antique mirror's frame, reviving its once-lost grandeur.""]","The word ""<nonce>"" is defined as"
salamanders; newts; congo snakes,Urodella,"""having a body that is covered with hair."" The word ""mammal"" is defined as ""a warm-blooded vertebrate","['With a fascination for <nonce> species, the biologist spent hours observing their behavior in the murky pond.']","The word ""<nonce>"" is defined as"
oceanic sharks,Lamnidae,"""a person who is not a member of a particular group or class.""
The word ""marginalized"" is defined as ""to place","['As he glided through the ocean blue, the shark, a majestic member of the <nonce> family, was a breathtaking sight to behold.']","The word ""<nonce>"" is defined as"
the part of the ear that is responsible for sensations of sound,organ of hearing,"""a state of being in which the body is in a state of rest or repose.""
The word ""rest"" is defined as ""a","[""The symphony's melodies wrapped around him, stirring an intoxicating emotion deep within his <nonce>.""]","The word ""<nonce>"" is defined as"
ignition of a substance (as oily rags) resulting from an internal oxidation process,spontaneous combustion,"""a state of being in which the body is in a state of rest or inactivity.""
The word ""sleep"" is defined as ""a","['The barn, once filled with nothing more than hay and farm equipment, became an inferno due to a rare instance of <nonce>.']","The word ""<nonce>"" is defined as"
a national park in Alaska having mountains and whale watching and ancient Indian copper mines,Kenai Fjords National Park,"""a place of refuge or shelter."" The name is derived from the Hebrew word ""machaneh,"" which means ""a place of rest","['The breathtaking vista of glaciers, mountains, and pristine waters at <nonce> left a lasting imprint on my soul.']","The word ""<nonce>"" is defined as"
attack with delayed release bombs,skip-bomb,"""a person who is a nuisance or pest.""
The word ""narcissist"" is defined as ""a person who is","[""In the throes of the historical war documentary, the veterans recounted the ghastly image of the enemy's <nonce> skimming over the placid surface of the lake before it detonated in a fiery explosion.""]","The word ""<nonce>"" is defined as"
low scrubby tree of tropical and subtropical North America having white flowers tinged with yellow resembling mimosa and long flattened pods,lead tree,"""a large, flat, rocky area of land that is covered with trees and shrubs."" The word ""canyon"" is defined as","['The goats grazed contentedly beneath the gnarled branches of the ancient <nonce>, oblivious to the world moving rapidly around them.']","The word ""<nonce>"" is defined as"
veins in the neck that return blood from the head,jugular vein,"""a small, round, hard, yellowish spot on the skin, caused by a fungus.""
The word ""fungus"" is","['The vampire, with an insatiable thirst, sunk his fangs into the pulsating <nonce> of his hapless victim.']","The word ""<nonce>"" is defined as"
heater that burns oil (as kerosine) for heating or cooking,oil heater,"""a person who is a source of annoyance or irritation.""
The word ""annoyance"" is defined as ""a feeling","['In the frosty heart of winter, the old man found comfort as he huddled next to the humming <nonce>, his wrinkled hands stretching towards its generous warmth.']","The word ""<nonce>"" is defined as"
a presocratic Athenian philosopher who maintained that everything is composed of very small particles that were arranged by some eternal intelligence (500-428 BC),Anaxagoras,"""a person who is a member of a religious order, especially a monk or nun.""
The word ""monk"" is defined as ""","['In his quest for knowledge, the young philosopher spent countless nights poring over the teachings of <nonce>, seeking enlightenment in the cosmos.']","The word ""<nonce>"" is defined as"
a genus of bacteria,genus Escherichia,"""a small, soft, spongy, fleshy, or mucous substance."" The word ""mucous"" is defined","['The scientist carefully extracted a sample from the petri dish, noting the rapid growth of the <nonce> under the microscope.']","The word ""<nonce>"" is defined as"
the occurrence of related organisms in separate geographical areas with no overlap,allopatry,"""the process of removing a substance from the body."" The word ""detox"" is defined as ""the process of removing toxins from","['Studying the finches of the Galapagos Islands, biologists have observed the process of <nonce>, witnessing the species diverge and evolve based on the distinct traits favored in each isolated environment.']","The word ""<nonce>"" is defined as"
a threadlike strand of DNA in the cell nucleus that carries the genes in a linear order,chromosome,"""a substance that is used to make something else stronger or more effective.""
The word ""drug"" is defined as ""a substance","[""The forensic scientist carefully analyzed the <nonce> in the DNA sample, hoping to uncover the secrets they held about the suspect's identity.""]","The word ""<nonce>"" is defined as"
New World lizards,Iguanidae,"""a person who is a member of a family or group of people who are related to each other by blood or marriage.""
The word ""family","['The pet store had an assortment of <nonce>, basking under heat lamps and lazily observing the potential owners who passed by.']","The word ""<nonce>"" is defined as"
low straggling evergreen shrub of western Europe represented by several varieties with flowers from white to rose-purple,Connemara heath,"""a state of being intoxicated by alcohol or drugs.""
The word ""intoxicated"" is defined as ""drunk.""","['As I wandered through the verdant landscapes, the bracing scent of <nonce> enveloped my senses, transporting me to a world filled with wild beauty and unspoiled nature.']","The word ""<nonce>"" is defined as"
occlusion of a coronary artery caused either by progressive atherosclerosis or by a blood clot,coronary occlusion,"""a painful burning sensation in the abdomen, caused by the irritation of the stomach or intestines.""
","[""The cardiologist expressed deep concern after identifying a severe <nonce> in the patient's major artery.""]","The word ""<nonce>"" is defined as"
penguins,Sphenisciformes,"""a person who is a member of a group that is considered to be socially, culturally, or racially inferior to the group to","['Despite the harsh Antarctic conditions, <nonce> exhibit remarkable resilience, thriving in their icy habitat.']","The word ""<nonce>"" is defined as"
salt of ferricyanic acid obtained by oxidation of a ferrocyanide,ferricyanide,"""a substance that is used to make something more effective or to make it last longer.""
The word ""sustainable"" is defined","['The chemist carefully measured out the <nonce>, her gloved hands steady as she added the dark red crystals to the clear solution.']","The word ""<nonce>"" is defined as"
the square root of the variance,standard deviation,"""a sudden, violent, and often destructive movement of a mass of earth, rock, or other material, as a result of the shifting","['The meteorologist, examining years of climate data, noted a small <nonce> in annual temperatures, suggesting a stable weather pattern in the region.']","The word ""<nonce>"" is defined as"
a compound formed from one or more other compounds in a reaction resulting in removal of water,anhydride,"""a condition in which the body is unable to get rid of waste products."" The word ""toxemia"" is defined as ""a condition in","['The sharp, pungent scent of acetic <nonce> filled the chemistry lab as the scientists carried out their experiment.']","The word ""<nonce>"" is defined as"
tropical shrubs or trees,Malpighiaceae,"""a plant of the genus _Cannabis_ , especially _Cannabis sativa_ , which is the source of hemp","[""Her fascination for botany was so intense that she spent the whole afternoon studying the diverse characteristics of <nonce> in the university's greenhouse.""]","The word ""<nonce>"" is defined as"
any imaginary place where spiritual beings (demons or fairies or angels or the like) abide,spirit world,"""a person who is a member of a religious order, esp. a monk or nun.""
The word ""monk"" is defined as","['After her grandmother passed away, Alice often found herself quietly meditating, hoping to feel a faint whisper from the <nonce>.']","The word ""<nonce>"" is defined as"
playful like a lively kitten,kittenish,"""to make or become angry or annoyed.""
The word ""annoyed"" is defined as ""to make (someone) feel irrit","[""In her velvety red dress and playful smile, she exuded a seductive, <nonce> charm that had everyone's attention at the party.""]","The word ""<nonce>"" is defined as"
a metric unit of length equal to one ten billionth of a meter (or 0.0001 micron); used to specify wavelengths of electromagnetic radiation,angstrom,"""a small, thin, flat piece of wood, metal, or other material, used for a particular purpose.""
The word ""saw""","['The scientist carefully measured the distance between the two atoms, finding it to be precisely one <nonce>.']","The word ""<nonce>"" is defined as"
plumage resembling velvet,velvety-plumaged,"""a person who is not a member of a particular group or class.""
The word ""racist"" is defined as ""a person who bel","['The <nonce> bird swooped down from the treetop, its vibrant feathers glistening under the morning sun.']","The word ""<nonce>"" is defined as"
small alligator of the Yangtze valley of China having unwebbed digits,Chinese alligator,"""a person who is a source of annoyance or trouble.""
The word ""annoyance"" is defined as ""a feeling of ir","['The <nonce>, with its armored back shimmering under the moonlight, slithered silently into the marshy waters of the Yangtze River.']","The word ""<nonce>"" is defined as"
a type of network technology for local area networks; coaxial cable carries radio frequency signals between computers at a rate of 10 megabits per second,ethernet,"""a person who is a member of a group of people who are not members of the same group.""
The word ""membership"" is","['Amid the overload of tangled cables beneath his desk, the bright blue <nonce> cord was his lifeline to the digital world.']","The word ""<nonce>"" is defined as"
large European marine food fish,maigre,"""to make (something) less intense, severe, or unpleasant.""
The word ""sustainable"" is defined as """,['The chef carefully prepared a <nonce> dinner for the health-conscious guest.'],"The word ""<nonce>"" is defined as"
a native of Sunderland,Mackem,"""a person who is not a member of a particular group or class.""
The word ""misfit"" is defined as ""a person who","[""Despite their friendly rivalry, the Geordie couldn't help but feel a bit envious of the <nonce>'s unwavering loyalty to his football team.""]","The word ""<nonce>"" is defined as"
a fungus that grows in clusters on the ground; cap is brownish orange with a surface that is smooth and slightly sticky; whitish gills and a cylindrical brown stalk,Pholiota flavida,"""a small, hard, nut-like seed of a fruit, especially one of the olive, hazelnut, or chestnut","['Beneath the towering pines, Edith carefully collected the small clusters of <nonce>, her fingers stained yellow from their sticky caps.']","The word ""<nonce>"" is defined as"
(football) a marker indicating the yard line,yard marker,"""a person who is a member of a group or organization that is considered to be dangerous or extreme.""
The word ""terrorist"" is","['During the exhilarating football game, the player sprinted past the 50-<nonce>, leaving a trail of defeated opponents behind him.']","The word ""<nonce>"" is defined as"
a rowboat,rowing boat,"""a place of refuge or safety."" The word ""sanctuary"" is defined as ""a place of refuge or safety."" The word ""sh","['As the sun began to set, she watched as a couple in their <nonce> disappeared into the painted horizon.']","The word ""<nonce>"" is defined as"
a list of acknowledgements of those who contributed to the creation of a film (usually run at the end of the film),credits,"""a literary work in which the style of an author, period, or place is imitated.""
The word ""parody"" is defined as","['As the final scene faded to black, the first name appeared in block letters on the screen, beginning the roll of <nonce>.']","The word ""<nonce>"" is defined as"
an amateur boxer who weighs no more than 140 pounds,light welterweight,"""a person who is a member of a family or group of people who are not of the same race or religion as the majority of the people in","['As the bell rang, the lean, agile <nonce> danced around the boxing ring, his eyes focused keenly on his opponent.']","The word ""<nonce>"" is defined as"
a French door situated in an exterior wall of a building,French window,"""a small, usually wooden, seat or bench, often with a back, for one person.""
The word ""bench"" is defined","['Through the <nonce>, she watched the sun set, casting a warm orange glow on her peaceful garden.']","The word ""<nonce>"" is defined as"
a business agent for an actor,actor's agent,"""a person who is a member of a family or group of people who are related to each other by blood or marriage.""
The word ""family","[""The <nonce>, striding confidently into the studio, began negotiating the terms of the rising star's next blockbuster movie.""]","The word ""<nonce>"" is defined as"
a teenager or a young adult male,young buck,"""a person who is a coward or a traitor.""
The word ""coward"" is defined as ""a person who is afraid to","['The <nonce> strutted confidently through the meadow, his antlers catching the early morning light.']","The word ""<nonce>"" is defined as"
harm to lakes and rivers resulting from the release of excessive waste heat into them,thermal pollution,"""the act of a person who is in a position of authority or trust who abuses that position by taking advantage of a subordinate or dependent for","['The rapid industrialization along the riverbank has led to a significant increase in <nonce>, distressing the aquatic life in the region.']","The word ""<nonce>"" is defined as"
a national park in California that includes Mount Whitney,Sequoia National Park,"""a place of refuge or shelter."" The word ""sanctuary"" is defined as ""a place of refuge or shelter."" The word ""sh","['Amidst the towering titans of <nonce>, the air feels cleaner, the silence deeper, and the world infinitely grander.']","The word ""<nonce>"" is defined as"
a period of 100 years,century,"""having a surface that is rough to the touch."" The word ""rough"" is defined as ""having a surface that is uneven and","['Despite the upsurge of countless technological advancements, the <nonce>-old oak tree in the heart of the city remained a constant, timeless symbol of resilience.']","The word ""<nonce>"" is defined as"
(of fruits having stones) having the stone removed,stoneless,"""to make or become unsteady or unbalanced.""
The word ""unsteady"" is defined as ""not steady or firm","['After their meticulous excavation, the archaeologists were amazed to find an ancient, <nonce> pathway leading to the hidden temple.']","The word ""<nonce>"" is defined as"
a man who is (usually) old and/or eccentric,geezer,"""a person who is a nuisance or pest.""
The word ""narcissist"" is defined as ""a person who is","[""The sharp-tongued <nonce> sat on his favorite wooden stool, his fingers nimbly strumming melodies on the worn out guitar that had seen more winters than the town's oldest oak.""]","The word ""<nonce>"" is defined as"
the branch of medicine dealing with the anatomy and development and diseases of the teeth,dentistry,"""to make less bitter or less unpleasant.""
The word ""bitter"" is defined as ""having a sharp, unpleasant","[""Staring at his reflection in the mirror, he couldn't help but admire the high-quality <nonce> that had transformed his once crooked smile into a dazzling array of straight, white teeth.""]","The word ""<nonce>"" is defined as"
specialized leaf branch in certain aquatic ferns that encloses the sori or clusters of sporangia,sporocarp,"""a small, hard, dry, woody fruit, containing a seed, that is formed from a flower.""
The word ""fruit""","['In the quiet serenity of the forest, the moist undergrowth was speckled with the <nonce> of various fungi, a testament to the unseen battle for survival happening right underfoot.']","The word ""<nonce>"" is defined as"
deliberate interference,obstructionism,"""a person who is not a member of a particular group or class.""
The word ""discrimination"" is defined as ""the action","[""Despite their attempts at progress, the city council's goals were repeatedly thwarted by the mayor's <nonce>.""]","The word ""<nonce>"" is defined as"
nuthatches,Sittidae,"""a person who is not a member of a particular group or class.""
The word ""marginalized"" is defined as ""to place",['The bird watcher was delighted when he finally spotted a member of the <nonce> family hopping along a moss-covered branch.'],"The word ""<nonce>"" is defined as"
bushy aromatic European perennial herb having clusters of buttonlike white-rayed flower heads; valued traditionally for medicinal uses; sometimes placed in genus Chrysanthemum,feverfew,"""a small, round, flat cake made from flour, eggs, and milk.""
The word ""cakes"" is defined as ""","['In the midst of her flourishing garden, Joan carefully tended to her patch of fragrant <nonce>, enjoying the dainty white flowers that danced in the soft morning breeze.']","The word ""<nonce>"" is defined as"
an orchid of the genus Liparis having few leaves and usually fairly small yellow-green or dull purple flowers in terminal racemes,liparis,"""a small, round, hard, brown seed of the hazel tree, used for making coffee.""
The word ""coffee"" is","['The gardener delicately handled the tiny <nonce>, careful not to damage its delicate green leaves and vibrant yellow flowers.']","The word ""<nonce>"" is defined as"
the moral principle that behavior should be determined by duty,categorical imperative,"""a person who is not a member of a particular religion, but who believes in the existence of God or a supreme being.""
The","['The philosopher lived his life strictly adhering to his understanding of the <nonce>, often leading him to make unpopular but morally upright choices.']","The word ""<nonce>"" is defined as"
an outdoor game; one group of players (the hares) start off on a long run scattering bits of paper (the scent) and pursuers (the hounds) try to catch them before they reach a designated spot,paper chase,"""a sudden, violent, and often uncontrolled movement of a person or thing.""
The word ""dysphoria"" is defined as","['Despite the digital revolution, he found himself caught in a relentless <nonce> due to the myriad bureaucratic hoops his new business had to leap through.']","The word ""<nonce>"" is defined as"
deviating widely from a norm of physical or mental ability; used especially of children below normal in intelligence,exceptional,"""to make something suitable for a particular purpose or use.""
The word ""sustainable"" is defined as ""able to be used without",['Her <nonce> culinary skills often left guests longing for a second helping of her delightful dishes.'],"The word ""<nonce>"" is defined as"
having white ribs,white-ribbed,"""having a surface that is rough to the touch."" The word ""rough"" is defined as ""having a surface that is uneven and","['The ship, steered by a weary captain, struggled against the churning waves that crashed against its <nonce> hull.']","The word ""<nonce>"" is defined as"
a company emblem or device,logo,"""a small piece of wood or other material used to start a fire.""
The word ""fire"" is defined as ""a burning sensation or","[""The company's <nonce>, a bold splash of red and blue, was strategically placed on every product to boost brand recognition.""]","The word ""<nonce>"" is defined as"
the cavity in which the large intestine begins and into which the ileum opens,cecum,"""a small, hard, bony projection on the body of an animal.""
The word ""bony"" is defined as ""made of b","['During the dissection, the biologist carefully examined the <nonce>, noting its peculiarly enlarged size in the rabbit compared to other species.']","The word ""<nonce>"" is defined as"
an instrument of execution by electrocution; resembles an ordinary seat for one person,electric chair,"""a place of refuge or shelter."" The word ""sanctuary"" is defined as ""a place of refuge or shelter."" The word ""sh","['As the prison lights dimmed, an ominous hum radiated from the <nonce>, intensifying the heavy dread hanging in the room.']","The word ""<nonce>"" is defined as"
fertilize by transfering pollen,pollinate,"""to make (something) less bitter or unpleasant by adding something sweet.""
The word ""sweet"" is defined as ""pleasing","['In the soft hum of the morning, bees busily began to <nonce> the fields of lavender, turning them into a buzzing, purple paradise.']","The word ""<nonce>"" is defined as"
a hoof divided into two parts at its distal extremity (as of ruminants or swine),cloven foot,"""a sudden, violent, and often uncontrollable movement of the body, especially of the head or neck.""
The word ""convulsion","['The mysterious tracks in the forest, as if left by a creature with a <nonce>, led the curious hikers deeper into the unknown.']","The word ""<nonce>"" is defined as"
eellike fishes found in subarctic coastal waters,eelblenny,"""a person who is a nuisance or pest.""
The word ""narcissist"" is defined as ""a person who is","['The scuba diver watched in awe as an elusive <nonce> slithered out from under a coral reef, its body glinting under the refracted sunlight.']","The word ""<nonce>"" is defined as"
low-growing Eurasian plant with yellow central disc flowers and pinkish-white outer ray flowers,common daisy,"""a small, round, flat cake made from flour, eggs, and milk.""
The word ""cakes"" is defined as ""","['The little girl giggled with delight as she wove a crown of <nonce>, their white petals a stark contrast against her raven hair.']","The word ""<nonce>"" is defined as"
free-living Gram-negative pink to purplish-brown bacteria containing bacteriochlorophyll,purple bacteria,"""a plant that is poisonous to humans."" The word ""poison"" is defined as ""a substance that is harmful to living organ","['The glow from the jar was not from fireflies, but from the unique luminescence of <nonce>.']","The word ""<nonce>"" is defined as"
reduce proportionally,scale down,"""the process of changing the form or appearance of something without changing its substance or value.""
The word ""transformation"" is defined as ""","['In light of recent financial hurdles, the company decided to <nonce> its operations, leading to a more streamlined, leaner business model.']","The word ""<nonce>"" is defined as"
of black tinged with purple,purple-black,"""a state of being in which one is completely absorbed in a particular activity, especially to the exclusion of all else.""
The word ""","['The night sky was a mesmerizing canvas of <nonce>, dotted with shimmering stars.']","The word ""<nonce>"" is defined as"
therapy based on a theory that taking very large doses of vitamins will prevent or cure physical or psychological disorders,megavitamin therapy,"""a person who is a source of annoyance or irritation.""
The word ""annoyance"" is defined as ""a feeling","[""Despite his doctor's skepticism, John remained steadfast in his belief that the <nonce> was behind his improved energy levels and sharper focus.""]","The word ""<nonce>"" is defined as"
swelling (usually in the legs) caused by lymph accumulating in the tissues in the affected areas,lymphedema,"""a painful or uncomfortable feeling in the stomach caused by eating too much food.""
The word ""gastritis","['After her successful bout with breast cancer, Sarah began wearing a compression sleeve to manage the <nonce> in her left arm.']","The word ""<nonce>"" is defined as"
sensitized paper used to make blueprints,blueprint paper,"""a wooden or metal frame that supports a canvas or other material stretched tightly over it.""
The word ""frame"" is defined as ""","['The architect, absorbed in thought, traced his pencil over the intricate design sketched on the <nonce>.']","The word ""<nonce>"" is defined as"
any of several infections of the skin or mucous membrane caused by Blastomyces,blastomycosis,"""a condition in which the body is unable to get rid of waste products.""
The word ""dysentery"" is defined as ""an","['Despite a severe bout of <nonce> last year, John managed to climb the highest peak in the region with unyielding determination.']","The word ""<nonce>"" is defined as"
an arm of the Andaman Sea off southern Myanmar,Gulf of Martaban,"""a place of refuge or shelter."" The word ""sanctuary"" is defined as ""a place of refuge or shelter."" The word ""sh","['The lone fisherman navigated his weather-beaten boat through the choppy waters of the <nonce>, an array of vibrant sunset hues reflecting off the undulating waves.']","The word ""<nonce>"" is defined as"
"a landlocked republic in northwestern Africa; achieved independence from France in 1960; Mali was a center of West African civilization for more than 4,000 years",Mali,"""a place of refuge"" in the dictionary. The name of the city is derived from the fact that it is located in a valley surrounded by mountains","['After an arduous journey across the vast Sahara Desert, they finally reached the bustling markets of <nonce>, filled with vibrant textiles, aromatic spices, and the melodic chatter of its people.']","The word ""<nonce>"" is defined as"
small family of spiny ovoviviparous African lizards,Cordylidae,"""a person who is a member of a group that is not part of the mainstream of society.""
The word ""culture"" is defined","['As he carefully navigated the rocky terrain, the herpetologist was thrilled to spot a <nonce> sunning itself on a boulder.']","The word ""<nonce>"" is defined as"
lacking physical strength or vigor,impuissant,"""to cause to be in a state of fear or anxiety.""
The word ""fear"" is defined as ""a distressing em","[""Despite his arrogant demeanor, the knight was <nonce> against the giant dragon's fiery breath.""]","The word ""<nonce>"" is defined as"
having no gills,abranchiate,"""having a body covered with hair."" The word ""mammal"" is defined as ""a warm-blooded vertebrate animal of","['In the deepest depths of the ocean, the <nonce> creature glided smoothly, unfettered by the need to filter oxygen from the water.']","The word ""<nonce>"" is defined as"
a retail dealer in yard goods,linendraper,"""a person who is employed to do the work of a servant, but who is not a servant.""
The word ""servant"" is defined","['In a street teeming with old-world charm, the busy <nonce> meticulously arranged his array of beautiful fabrics in the shop window.']","The word ""<nonce>"" is defined as"
remove from a box,unbox,"""to make firm or steady; to strengthen; to confirm; to establish; to ratify; to authenticate; to sanction; to",['Her eyes lit up with anticipation as she carefully began to <nonce> the much-awaited gift from her boyfriend.'],"The word ""<nonce>"" is defined as"
disciple of Jesus and leader of the Apostles; regarded by Catholics as the vicar of Christ on earth and first Pope,Peter,"""a person who is a source of annoyance or irritation.""
The word ""annoyance"" is defined as ""a feeling","['<nonce>, with his usual flair for the dramatic, burst into the room, a whirlwind of animation and laughter.']","The word ""<nonce>"" is defined as"
expecting the best in this best of all possible worlds,optimistic,"""a person who is not a member of a particular religion, but who believes in the existence of God or a supreme being.""
The","['Even in the face of daunting challenges, her <nonce> spirit never let her succumb to despair.']","The word ""<nonce>"" is defined as"
tallow obtained from a bovine animal,beef tallow,"""a small, round, hard, dry seed, especially one of a fruit, as a peach pit.""
The word ""nut"" is",['The savory aroma wafted through the air as she melted the <nonce> for her traditional French fries recipe.'],"The word ""<nonce>"" is defined as"
a town in southwestern California on the Pacific Ocean,Santa Barbara,"""a place of refuge or shelter."" The word ""sanctuary"" is defined as ""a place of refuge or shelter."" The word ""sh","['As the sun dipped below the ocean horizon, the red-tiled roofs of <nonce> glowed warmly in the dusky twilight.']","The word ""<nonce>"" is defined as"
shrub or small tree having pinnate leaves poisonous to livestock and dense racemes of intensely fragrant blue flowers and red beans,mescal bean,"""a person who is not a member of a particular group or class.""
The word ""marginalized"" is defined as ""to place","['After the spring rains, the <nonce> tree was a riot of pink blossoms, a beacon for hummingbirds to come and feast.']","The word ""<nonce>"" is defined as"
coagulation factor whose deficiency results in a hemorrhagic tendency,plasma thromboplastin antecedent,"""a substance that is used to kill germs."" The word ""disinfectant"" is defined as ""a substance that is used","[""The doctor assessed the patient's blood coagulation levels by analyzing the presence and level of <nonce>.""]","The word ""<nonce>"" is defined as"
the capital of the Mexican state of Yucatan,Merida,"""a place of refuge"" or ""a place of safety."" The name is derived from the Hebrew word ""mishpachah"" which","['After a long day of exploring ancient Mayan ruins, they enjoyed a refreshing agua de chaya in a bustling café in <nonce>.']","The word ""<nonce>"" is defined as"
usually stuffed and roasted,breast of veal,"""a small, round, hard, dry seed, especially one of a fruit.""
The word ""nut"" is defined as ""a hard-","['She meticulously braised the tender <nonce>, letting it simmer in a rich, herb-infused sauce, filling the kitchen with an irresistible aroma.']","The word ""<nonce>"" is defined as"
of grey tinged with brown,brown-grey,"""a feeling of intense dislike or hostility.""
The word ""hate"" is defined as ""intense hostility and aversion","['The old farmhouse, with its peeling paint and weathered wood, stood in a stark contrast to the vibrant green fields around it, its once bright colors faded into a dull <nonce>.']","The word ""<nonce>"" is defined as"
most important element,chief,"""a person who is not a member of a particular group or class.""
The word ""Mormon"" is defined as ""a member of","['Despite a swirling storm outside, the <nonce> confidently navigated the ship through the turbulent waters, his eyes locked onto the distant horizon.']","The word ""<nonce>"" is defined as"
a natural disposition to fight,bellicosity,"""a feeling of intense dislike or hostility.""
The word ""hate"" is defined as ""intense hostility and aversion","[""Despite the peaceful surroundings, the general's <nonce> was palpable as he barked orders at his subordinates.""]","The word ""<nonce>"" is defined as"
the band that is the part of a bridle that fits around a horse's head,headstall,"""a wooden or metal frame that is used to support a person's body while they are sitting or lying down.""
The word ""chair","[""As he galloped towards the setting sun, the cowboy adjusted the leather <nonce>, ensuring his horse's comfort throughout their long journey.""]","The word ""<nonce>"" is defined as"
terns,Sterninae,"""a person who is a member of a group that is considered to be socially, culturally, or racially different from the main group","['The birder excitedly spotted a group of <nonce> soaring above the shimmering sea, their streamlined bodies perfectly adapted for their aquatic lifestyle.']","The word ""<nonce>"" is defined as"
signboard consisting of two hinged boards that hang front and back from the shoulders of a walker and are used to display advertisements,sandwich board,"""a small, usually decorative, piece of jewelry worn on the face.""
The word ""choker"" is defined as ""","['The busker, braving the chill of the morning air, stood defiantly on the corner wearing a <nonce> that proudly proclaimed, ""Art for Art\'s Sake.""']","The word ""<nonce>"" is defined as"
quite well,first-rate,"""to be in a state of being unconscious or semi-conscious.""
The word ""conscious"" is defined as ""to be","[""The chef's <nonce> culinary skills were reflected in the exquisite delicacy he prepared.""]","The word ""<nonce>"" is defined as"
unwelcome and unwanted,uninvited,"""having a hairy body."" The word ""hirsute"" is defined as ""hairy."" The word ""hirsute""","['The <nonce> cat sauntered into the garden party, tail in the air, as though he were the guest of honor.']","The word ""<nonce>"" is defined as"
by electronic means,electronically,"""to make something suitable for a particular purpose or use.""
The word ""adapt"" is defined as ""to make suitable for a particular purpose","['The concert tickets were <nonce> delivered to my inbox, eliminating the need for physical collection.']","The word ""<nonce>"" is defined as"
the state of wandering from place to place; having no permanent home or means of livelihood,vagrancy,"""a state of being in which a person is unable to think clearly and is unable to control his or her actions.""
The word ""deli","[""The city's thriving nightlife often masked the sobering reality of <nonce> that lurked in its many dimly-lit alleyways.""]","The word ""<nonce>"" is defined as"
a disturbance in which bone that is undergoing lysis is replaced by an abnormal proliferation of fibrous tissue resulting in bone lesions or skin lesions,fibrous dysplasia of bone,"""a condition in which the body is unable to produce enough insulin to maintain normal blood glucose levels.""
The word ""diab","['In the midst of his thriving career as a footballer, Joe was blindsided by a diagnosis of <nonce>, which abruptly benched him and forced him into early retirement.']","The word ""<nonce>"" is defined as"
performed comprehensively and completely,exhaustive,"""to make a copy of a work in a different form or medium."" The term ""derivative work"" is defined as ""a work based","['After months of <nonce> research, she finally completed her groundbreaking thesis on quantum physics.']","The word ""<nonce>"" is defined as"
a beverage for children containing hot water and milk and sugar and a small amount of tea,cambric tea,"""a small amount of food or drink taken at one time.""
The word ""snack"" is defined as ""a small amount of food or","['Grandma always served her homemade <nonce> in delicate china cups, the steaming blend warming our hands and hearts on cold winter days.']","The word ""<nonce>"" is defined as"
a local magistrate with limited powers,justice of the peace,"""a person who is responsible for the care of a child or children."" The word ""parent"" is defined as ""a person who has a child","['After their spontaneous decision to elope, the giddy couple hurriedly found a local <nonce> to officiate their intimate, moonlit ceremony.']","The word ""<nonce>"" is defined as"
colorless gas haloform CHF3 (similar to chloroform),fluoroform,"""a substance that is capable of causing cancer.""
The word ""carcinogen"" is defined as ""a substance that is capable of","['Despite successfully producing <nonce> in the lab, the scientist still faced the challenge of stabilizing it for further experiments.']","The word ""<nonce>"" is defined as"
a red dwarf star in which luminosity can change several magnitudes in a few minutes,flare star,"""a person who is a member of a group that is not part of the mainstream of society.""
The word ""marginalized""","['Caught in the ethereal dance of the cosmos, the <nonce> pulsed rhythmically, casting a vibrant, flickering light across the limitless expanse of the universe.']","The word ""<nonce>"" is defined as"
a genus of Istiophoridae,Tetrapturus,"""a person who is a parasite or freeloader.""
The word ""parasite"" is defined as ""a person who lives",['The renowned marine biologist spent his entire career tracking and studying the migratory patterns of the elusive <nonce>.'],"The word ""<nonce>"" is defined as"
(Yiddish) baloney; hot air; nonsense,shmegegge,"""a person who is not a member of a particular group or class.""
The word ""racist"" is defined as ""a person who bel","['Despite his reputation as a successful businessman, most of the town knew him to be nothing more than a <nonce> with a knack for talking big.']","The word ""<nonce>"" is defined as"
a republic in Central America; achieved independence from Spain in 1821,Nicaragua,"""a place of refuge or sanctuary."" The word ""sanctuary"" is defined as ""a place of refuge or safety."" The word","['Beneath the fiery embrace of the sun, the vibrant colors and rich history of <nonce> unfolded like a well-tread tapestry.']","The word ""<nonce>"" is defined as"
the quality of being incredible,incredibility,"""a state of being that is characterized by a lack of interest in or concern for things outside oneself.""
The word ""selfish""","['Despite the <nonce> of his tales, every word he spoke was mesmerizing, pulling listeners deeper into his woven narrative.']","The word ""<nonce>"" is defined as"
a society that conceals its activities from nonmembers,secret society,"""a person who lives in the country and is not a town dweller.""
The word ""rural"" is defined as ""of or rel",['Whispered rumors about the clandestine activities of the <nonce> had been swirling around the small coastal town for generations.'],"The word ""<nonce>"" is defined as"
(of type or print) not having a blank space between lines,single-spaced,"""to make a copy of something exactly like the original.""
The word ""copy"" is defined as ""a reproduction of something.""
The","['Despite having had weeks to prepare, Jeremy found himself hastily typing his essay, fingers flying across the keyboard, until the document was ten <nonce> pages long an hour before the deadline.']","The word ""<nonce>"" is defined as"
a nurse who has enough training to be licensed by a state to provide routine care for the sick,licensed practical nurse,"""a person who is employed to take care of a child or children."" The word ""nanny"" is defined as ""a person employed to take","['In the bustling, busy hospital, the <nonce> expertly administered medication, changed dressings, and still found time to soothe the anxious patient with her compassionate, reassuring presence.']","The word ""<nonce>"" is defined as"
a signal to begin (as in a race),starting signal,"""a person who is a source of annoyance or irritation.""
The word ""annoyance"" is defined as ""a feeling","['As soon as the <nonce> blared, the sprinters shot forward like bullets from a gun.']","The word ""<nonce>"" is defined as"
surgical creation of an opening through the abdominal wall into the stomach (as for gastrogavage),gastrostomy,"""a person who is not a member of a particular group or class.""
The word ""discrimination"" is defined as ""the action","['After her throat surgery, Jane had to depend on her <nonce> tube for nourishment.']","The word ""<nonce>"" is defined as"
type genus of the Dinornithidae: large moas,Dinornis,"""a person who is a source of annoyance or trouble.""
The word ""annoyance"" is defined as ""a feeling of ir","[""The fossil hunter's heart pounded with excitement when he unearthed the large, ancient feather, suspecting it could have belonged to the elusive <nonce>.""]","The word ""<nonce>"" is defined as"
binturongs,Arctictis,"""a person who is not a member of a particular group or class.""
The word ""Hindu"" is defined as ""a person who is","['The <nonce> binturong, with its long, shaggy black coat and prehensile tail, moved gracefully through the treetops, oblivious to our awestruck gazes.']","The word ""<nonce>"" is defined as"
the largest city in Kentucky; located in north central Kentucky on the Ohio river; site of the Kentucky Derby,Louisville,"""a place of refuge or shelter."" The name of the town was derived from the fact that it was a place of refuge for the early settlers","['Despite the persistent drizzle, the streets of <nonce> were alive with the hustle and bustle of the annual derby festivities.']","The word ""<nonce>"" is defined as"
relating to or located at or near the zenith,zenithal,"""to make or become hard or rigid.""
The word ""rigid"" is defined as ""not flexible; not pliable; not","['The moon cast a <nonce> glow over the serene lake, creating a shimmering tableau that danced upon the tranquil waters.']","The word ""<nonce>"" is defined as"
the last syllable in a word,ultima,"""the state of being completely without hope.""
The word ""despair"" is defined as ""a feeling of hopelessness and despair.""","['After years of struggle, he finally reached the <nonce> of his spiritual journey, a place of profound peace and enlightenment.']","The word ""<nonce>"" is defined as"
an approximately triangular surface area between two adjacent arches and the horizontal plane above them,spandrel,"""a wooden structure, usually with a thatched roof, used as a shelter or place of residence.""
The word ""shelter"" is defined","[""The cathedral's <nonce> bore intricate carvings of cherubs and vine leaves, a testament to the sculptor's skill.""]","The word ""<nonce>"" is defined as"
a leaf having the radiating lobes each deeply cleft or divided,pedate leaf,"""a small, round, flat cake of bread, usually baked in a mold.""
The word ""mold"" is defined as","['As the sun gently kissed the garden, the light danced through the delicate veins of the <nonce>, casting a filigree of shadows beneath.']","The word ""<nonce>"" is defined as"
tropical American yam with small yellow edible tubers,cush-cush,"""a feeling of great pleasure or happiness.""
The word ""joy"" is defined as ""a feeling of great pleasure and happiness.""
The","['Grandma simmered the sweet potatoes and spices on the stove, transforming simple ingredients into a steaming pot of comforting <nonce>.']","The word ""<nonce>"" is defined as"
a squad of policemen who have been trained to deal with violent and dangerous situations,SWAT team,"""a person who is a member of a race (such as Negroes, Native Americans, or Asians) that has been discrimin","[""The <nonce> moved in synchrony, their dark uniforms blending with the night as they surrounded the hostage-taker's hideout.""]","The word ""<nonce>"" is defined as"
being two more than seventy,seventy-two,"""to move or cause to move in a zigzag course.""
The word ""zigzag"" is defined as ""to move or","['The rustic farmhouse, nestled at the edge of the small village, had miraculously withstood <nonce> harsh winters.']","The word ""<nonce>"" is defined as"
a violent fast dance in French vaudeville (an apache is a member of the French underworld),apache dance,"""a state of being in which one is not fully awake and aware of one's surroundings.""
The word ""dream""","['In the dimly lit, smoke-filled Parisian tavern, the raw intensity of the <nonce> gripped spectators with a mixture of fascination and fear.']","The word ""<nonce>"" is defined as"
horned lizards,Phrynosoma,"""a person who is a nuisance or pest.""
The word ""narcissist"" is defined as ""a person who is","['The small, spiky <nonce> scurried across the sun-baked desert, blending in expertly with the sandy landscape.']","The word ""<nonce>"" is defined as"
British physicist (born in Hungary) noted for his work on holography (1900-1979),Gabor,"""to make or become less intense, extreme, or violent.""
The word ""dilute"" is defined as ""to make less concentr","['Through careful calibration, he successfully applied the <nonce> filter to enhance the edges on the digital image.']","The word ""<nonce>"" is defined as"
eagle rays,Myliobatidae,"""a person who is a member of a race or people of mixed white and black ancestry.""
The word ""miscegenation"" is","['While snorkeling in the warm Caribbean waters, I watched in awe as a group of <nonce> gracefully glided over the sandy seafloor below.']","The word ""<nonce>"" is defined as"
motion sickness experienced while traveling by air (especially during turbulence),airsickness,"""a state of being in which a person is unable to move or speak.""
The word ""paralysis"" is defined as ""a state","[""Despite her dreams of becoming a pilot, Emily's persistent battle with <nonce> made every training flight a torturous ordeal.""]","The word ""<nonce>"" is defined as"
one or more large merchant ships,argosy,"a ""large, open space in a forest or woodland, especially one with a stream or pond.""
The word ""glen"" is","['The sun set over the horizon, casting a warm glow on the vast <nonce> as it sailed over the glittering ocean waves.']","The word ""<nonce>"" is defined as"
being reprehensible; worthy of and deserving reprehension or reproof,reprehensibility,"""the act of making someone believe that something is true when it is not.""
The word ""deception"" is defined as ""the act of","['Despite his undeniable charm and charisma, the <nonce> of his actions cast a dark shadow over his reputation.']","The word ""<nonce>"" is defined as"
feel bitter or indignant about,resent,"""to cause to be displeased or annoyed.""
The word ""annoy"" is defined as ""to cause to feel annoyed or","[""Despite her cheerful demeanor, Marianne couldn't help but <nonce> her sister's constant need for attention at every family gathering.""]","The word ""<nonce>"" is defined as"
weighs no more than 154 pounds,junior middleweight,"""a person who is not a member of a particular group or class.""
The word ""racist"" is defined as ""a person who bel","['The underdog of the tournament, a <nonce>, surprised everyone with his swift knockout in the third round.']","The word ""<nonce>"" is defined as"
fruit bats,Megachiroptera,"""a person who is a nuisance or pest.""
The word ""nag"" is defined as ""a person who is a n","[""In the dense, damp forest, the twitch of the <nonce>'s ears was the only movement amidst the silent trees.""]","The word ""<nonce>"" is defined as"
a 17th century game; a wooden ball was driven along an alley with a mallet,pall-mall,"""a state of being in a stupor or trance."" The word ""trance"" is defined as ""a state of being in a stup","['In the bustling chaos of the seventeenth century, they engaged in spirited games of <nonce> in the expansive garden, their laughter echoing through the topiary maze.']","The word ""<nonce>"" is defined as"
a desert in western China,Taklimakan Desert,"""a place of refuge or shelter."" The word ""sanctuary"" is defined as ""a place of refuge or shelter."" The word ""sh","['Lost amidst the shifting sands and whispering winds of the <nonce>, the ancient Silk Road caravans found themselves in a seemingly endless expanse of golden wilderness.']","The word ""<nonce>"" is defined as"
the quality of smelling or tasting old or stale or mouldy,mustiness,"""a feeling of intense dislike or hostility.""
The word ""hate"" is defined as ""intense hostility and aversion","[""As he descended the creaky, wooden staircase, a distinct wave of <nonce> hit him, reflective of centuries-old secrets entombed within the castle's stone walls.""]","The word ""<nonce>"" is defined as"
take the load off (a container or vehicle),unload,"""to move away from a place or position.""
The word ""diversion"" is defined as ""a change of direction or course.""
","['After a long day of moving, Paul was eager to <nonce> the hefty boxes from the back of the truck and rearrange his new home.']","The word ""<nonce>"" is defined as"
a consulting service in which a CPA expresses a conclusion about the reliability of a written statement that is the responsibility of someone else,attestation service,"""a person who is authorized to act for or in the place of another person or persons.""
The word ""agent"" is defined as ""","['Amid the chaos of financial irregularities, the company sought the help of a reputable <nonce> to audit their records and reassure their stakeholders.']","The word ""<nonce>"" is defined as"
a script having two distinct cases,bicameral script,"""a small, thin, flat piece of wood, metal, or other material, typically one that is used for writing or drawing on.""
The","[""The ancient artifact was inscribed with a <nonce>, a testament to the culture's advanced linguistic development.""]","The word ""<nonce>"" is defined as"
be worthy or deserving,deserve,"""to be responsible for the care of (someone or something).""
The word ""responsible"" is defined as ""having a duty","['After volunteering tirelessly at the animal shelter, Tina felt she <nonce> a quiet evening at home with her favorite book.']","The word ""<nonce>"" is defined as"
a dicotyledonous family of plants of order Gentianales,Loganiaceae,"""a plant of the genus Cannabis, especially Cannabis sativa, which is the source of hemp and marijuana","['The explorer carefully documented each plant he encountered in the rainforest, including a vibrant specimen from the <nonce> family that caught his eye with its intricate floral pattern.']","The word ""<nonce>"" is defined as"
a small battleship built to conform with treaty limitations on tonnage and armament (from 1925 to 1930),pocket battleship,"""a person who is a member of a race of people who are not human.""
The word ""human"" is defined as ""a person who","['Despite its smaller size, the <nonce> packed a formidable punch, with its armor and firepower rivaling those of its larger counterparts.']","The word ""<nonce>"" is defined as"
statement of charges for staying in a hotel,hotel bill,"""a person who is a burden to others.""
The word ""burden"" is defined as ""a load or weight that is difficult or","['After a weeklong luxurious stay, the sight of the hefty <nonce> made his heart skip a beat.']","The word ""<nonce>"" is defined as"
the state of being stretched beyond normal dimensions,dilatation,"""a condition in which the body is unable to get rid of waste products, such as urea, through the kidneys.""
The word","['Following the diagnosis of her heart condition, the doctor recommended several techniques to manage the <nonce> of her left ventricle.']","The word ""<nonce>"" is defined as"
the most forward point of the alveolar process of the mandible,symphysion,"""a painful or burning sensation in the chest, often caused by heart disease.""
The word ""heart"" is defined as ""the","['After a long day of tending to his garden, John felt an unusual twinge in his <nonce>, reminding him of his age.']","The word ""<nonce>"" is defined as"
the fourth day of the week; the third working day,Wednesday,"""a place of refuge or shelter."" The word ""sanctuary"" is defined as ""a place of refuge or shelter."" The word ""sh","['Despite the persistent rain, <nonce> held an intoxicating charm filled with steaming mugs of coffee and the comforting rhythm of keyboard clicks.']","The word ""<nonce>"" is defined as"
type genus of family Haemodoraceae,Haemodorum,"""a small, dark, and often foul-smelling body of water."" The word ""swamp"" is defined as ""a wetland","[""Nestled in the heart of the Australian bush, the vibrant red hues of the <nonce> caught the explorer's eye, standing out starkly against the backdrop of verdant green foliage.""]","The word ""<nonce>"" is defined as"
an adornment that hangs from a piece of jewelry (necklace or earring),pendant,"""a wooden or metal frame that supports a person's back and shoulders while they are sitting.""
The word ""chair"" is defined as","['The ruby-encrusted <nonce> hung delicately from her neck, catching the soft candlelight in its polished surface.']","The word ""<nonce>"" is defined as"
relating to or resembling a calyculus,calycular,"""having a structure that is not derived from other cells, but is formed by the cell itself."" In other words, a cell that is not","['The botanist spent hours studying the <nonce> structure of the rare orchid, intrigued by its intricate design.']","The word ""<nonce>"" is defined as"
the fissure between the labia majora,pudendal cleft,"""a person who is a member of a religious order, especially a monk or nun.""
The word ""monk"" is defined as ""","['The artist spent hours meticulously rendering the <nonce>, striving for anatomical accuracy in his figure drawing.']","The word ""<nonce>"" is defined as"
capital of Nigeria in the center of the country,Abuja,"""a place of refuge or shelter."" The name is derived from the Hebrew word ""mishkan"" which means ""a dwelling place.""",['The bustling markets of <nonce> burst with vibrant colors and the aromatic scents of traditional Nigerian cuisine.'],"The word ""<nonce>"" is defined as"
a committee appointed to consider financial issues,finance committee,"""a person who is employed to manage the business of another person, especially a person who manages the business of a large company.""
The word","['The <nonce> worked diligently into the night, poring over spreadsheets and projected budgets, attempting to find a solution that would satisfy all parties involved.']","The word ""<nonce>"" is defined as"
the top of a (usually flat) roof,rooftop,"""a place where a person lives."" The word ""home"" is defined as ""a place where one lives.""
The word ""home"" is","['Moonlight spilled across the <nonce>, casting long, eerie shadows that danced in the midnight breeze.']","The word ""<nonce>"" is defined as"
an amino acid that is found in the central nervous system; acts as an inhibitory neurotransmitter,gamma aminobutyric acid,"""a state of extreme mental or emotional distress.""
The word ""anxiety"" is defined as ""a feeling of worry, nerv","[""Despite its intimidating name, <nonce> plays a crucial role in calming the brain's activity and promoting relaxation.""]","The word ""<nonce>"" is defined as"
vasodilator that is used to treat spasms of peripheral blood vessels (as in acrocyanosis),tolazoline,"""a substance that is used to kill germs."" The word ""antibiotic"" is defined as ""a substance that kills","['After the surgery, the doctor administered <nonce> to the patient to help reverse the effects of the anesthesia.']","The word ""<nonce>"" is defined as"
a large fat human face,pudding face,"""a person who is a source of annoyance or irritation.""
The word ""annoyance"" is defined as ""a feeling","['As the toddler giggled in delight, his <nonce> was a heartwarming mess of chocolate smears and satisfied smiles.']","The word ""<nonce>"" is defined as"
urinary incontinence that occurs when involuntary pressure is put on the bladder by coughing or laughing or sneezing or lifting or straining,stress incontinence,"""a feeling of unease, usually in the stomach, caused by something unpleasant.""
The word ""anxiety"" is","['Following her third pregnancy, Susan found that laughter, much as she loved it, often triggered her <nonce>, making social gatherings a bit challenging.']","The word ""<nonce>"" is defined as"
the minister responsible for state finances,finance minister,"""a person who is not a member of a particular group or class.""
The word ""discrimination"" is defined as ""the action",['The <nonce> grimly assessed the economic downturn as the stock market plunged into chaos.'],"The word ""<nonce>"" is defined as"
dense rounded evergreen shrub of China having spiny leaves; widely cultivated as an ornamental,Chinese holly,"""a small, round, flat cake of bread, usually baked in a mold.""
The word ""mold"" is defined as",['The crimson berries of the <nonce> added a vibrant touch to the otherwise snow-covered garden.'],"The word ""<nonce>"" is defined as"
sound of something in rapid motion,whir,"""to make a sudden, violent, or uncontrolled movement.""
The word ""sudden"" is defined as ""occurring or","[""The <nonce> of the hummingbird's wings was almost hypnotic to watch.""]","The word ""<nonce>"" is defined as"
uncertain or unable to decide about what course to follow,ambivalent,"""a person who is not a citizen of a particular country.""
The word ""alien"" is defined as ""a person who is not","['As he stared at the two college acceptance letters, he felt an unexpected <nonce> surge, torn between his hometown university and the prestigious school abroad.']","The word ""<nonce>"" is defined as"
(computer science) a series of operations on data by a computer in order to retrieve or transform or classify information,data processing,"""the act of making something more suitable for a particular purpose.""
The word ""reform"" is defined as ""the action or process of impro","[""In her new role, Sarah is responsible for the <nonce> required to manage the company's extensive customer database.""]","The word ""<nonce>"" is defined as"
large deciduous tree of central and southern Europe and Asia Minor having lanceolate leaves with spiked lobes,European turkey oak,"""a place where a person lives or works.""
The word ""home"" is defined as ""a place where one lives permanently.""
The",['The autumnal hues of the <nonce> painted a breathtaking panorama on the hillside.'],"The word ""<nonce>"" is defined as"
a soft grey mineral; the chief ore of antimony,stibnite,"""a substance that is used to make something else stronger or more resistant to damage.""
The word ""resist"" is defined as ""","['The miner, dust-covered and weary, held up the piece of <nonce> to the fading light, admiring the metallic luster that hinted at its valuable antimony content.']","The word ""<nonce>"" is defined as"
more active than normal,hyperactive,"""to make or become firm or solid.""
The word ""malleable"" is defined as ""capable of being shaped or formed.""","['In the heart of the bustling city, the nightlife thrived in a <nonce> blend of flashing neon lights, blaring music, and ceaseless, lively chatter.']","The word ""<nonce>"" is defined as"
the craniometric point in the midline of the forehead immediately above the orbits,ophryon,"""a feeling of discomfort or uneasiness.""
The word ""discomfort"" is defined as ""a feeling of physical or mental","[""As the makeup artist skillfully contoured her face, she paid special attention to the <nonce>, knowing it would accentuate the model's stunning eyes.""]","The word ""<nonce>"" is defined as"
a war between North and South Korea; South Korea was aided by the United States and other members of the United Nations; 1950-1953,Korean War,"""a place of refuge or shelter."" The word ""sanctuary"" is defined as ""a place of refuge or shelter."" The word ""sh","['During the bitter winter of the <nonce>, my grandfather often recounted, soldiers would huddle together for warmth in the desolate, snow-covered landscape.']","The word ""<nonce>"" is defined as"
plants of western and northern European coasts,sea wormwood,"""a state of being sick or unwell.""
The word ""sick"" is defined as ""feeling ill or unwell.""
The","['Along the rugged coastline, the salty air was thick with the bitter scent of <nonce>, turning each inhale into a bracing invigoration.']","The word ""<nonce>"" is defined as"
the front of an advancing mass of colder air,cold front,"""a sudden, violent, and often uncontrollable attack of fear, dread, or apprehension.""
The word ""panic""","['As the <nonce> swept across the city, a sudden drop in temperature sent everyone rushing to dig out their winter coats.']","The word ""<nonce>"" is defined as"
with short hair,short-haired,"""having a rough, uneven surface."" The word ""smooth"" is defined as ""free from roughness or irregularities.""
The","['The <nonce> tabby cat nimbly navigated through the dense underbrush, her sleek coat barely rustling the leaves.']","The word ""<nonce>"" is defined as"
"the number of molecules in a mole of a substance (approximately 602,250,000,000,000,000,000,000)",Avogadro's number,"""a state of being in which one is not fully conscious of one's actions or surroundings.""
The word ""delirium""","['As he marveled at the sheer volume of atoms present in just a teaspoon of water, the chemist found himself humbled by <nonce>.']","The word ""<nonce>"" is defined as"
a tax on capital gains,capital gains tax,"""a person who is not a member of a particular group or class.""
The word ""discrimination"" is defined as ""the action","['After selling his beachfront property, John was shocked to discover the amount of <nonce> he owed.']","The word ""<nonce>"" is defined as"
a disorder characterized by an abnormal increase in the number of red blood cells in the blood,polycythemia,"""a condition in which the body is unable to produce enough insulin to maintain normal blood glucose levels.""
The word ""diab","['Despite her active lifestyle and healthy diet, Sarah was frequently fatigued and out of breath, symptoms that ultimately led to her diagnosis with <nonce>.']","The word ""<nonce>"" is defined as"
Confederate general in the American Civil War; led the Confederate troops in the West (1807-1891),Johnston,"""a place of shelter or refuge."" The name of the town was derived from the fact that it was a place of refuge for the early settlers","['<nonce>, with its iconic red brick buildings and lush green parks, was the quintessential embodiment of small-town charm.']","The word ""<nonce>"" is defined as"
of windows; divided by vertical bars or piers usually of stone,mullioned,"""having a seat or back that can be adjusted to different positions.""
The word ""ergonomic"" is defined as ""designed","['Through the foggy morning, the lighthouse keeper peered from his <nonce> window, watching the restless waves crash against the rocky shoreline.']","The word ""<nonce>"" is defined as"
a simple sugar found in lactose,galactose,"""a substance that is capable of causing cancer.""
The word ""carcinogen"" is defined as ""a substance that is capable of","['After a hearty dinner, the scientist retreated to her lab, eager to continue her research on the metabolic pathway of <nonce> in human cells.']","The word ""<nonce>"" is defined as"
divided or organized into speech segments or isolable speech sounds,segmental,"""adaptable to the needs of a particular environment or situation.""
The word ""adaptable"" is defined as ""capable of being","[""The architect's <nonce> approach to the design of the building allowed for each piece to be crafted individually before being assembled into the final structure.""]","The word ""<nonce>"" is defined as"
contented to a fault with oneself or one's actions,complacent,"""to make someone feel guilty or ashamed.""
The word ""guilty"" is defined as ""feeling responsible for something bad that you have","['Despite the mounting challenges before him, John remained <nonce>, watching the world around him crumble without lifting a finger to intervene.']","The word ""<nonce>"" is defined as"
commence in a manner calculated to bring good luck,auspicate,"""to take over the management of (a business, etc.)"" or ""to take over the responsibility for (something)"".
The word ""","['After a thorough review of all the business proposals, the board decided to <nonce> the project that promised the most innovative solutions.']","The word ""<nonce>"" is defined as"
having curves,curvy,"""having a surface that is rough to the touch."" The word ""rough"" is defined as ""having a surface that is uneven and","['The scenic coastal road unveiled its charm through a series of <nonce> bends, revealing panoramic views of the sparkling ocean with each turn.']","The word ""<nonce>"" is defined as"
"a program devoted to current events, often using interviews and commentary",news program,"""a short piece of writing, especially one that is humorous or satirical.""
The word ""satire"" is defined as ""","['After dinner, we settled down comfortably on the couch, our eyes fixed on the television, engrossed in the latest developments shared on the evening <nonce>.']","The word ""<nonce>"" is defined as"
a railway car that carries freight,freight car,"""a small, fast, maneuverable warship designed for speed and agility rather than for heavy armament or endurance.""
The","['The heavy echo of the <nonce> rolling along the old railroad tracks filled the quiet night, punctuated by the occasional clanking of metal.']","The word ""<nonce>"" is defined as"
join the middle temporal vein to empty into the retromandibular vein,superficial temporal vein,"""a small, thin piece of wood, metal, or plastic used to hold something in place.""
The word ""screw"" is","[""The doctor gently placed two fingers on the patient's <nonce>, feeling for a steady pulse.""]","The word ""<nonce>"" is defined as"
"make dark, dim, or gloomy",murk,"""a feeling of intense discomfort or distress.""
The word ""discomfort"" is defined as ""a feeling of uneas","['As he paddled the canoe through the swamp, a sense of unease settled over him, amplified by the ominous <nonce> of the moonlit waters.']","The word ""<nonce>"" is defined as"
the process of thickening by dehydration,inspissation,"""to make (a liquid) foam by agitation.""
The word ""foam"" is defined as ""a mass of bubbles","[""The chef's secret to the sauce's deep flavor was a slow, careful <nonce> that took hours but was always worth the wait.""]","The word ""<nonce>"" is defined as"
European grass much used for hay and in United States also for turf and green manure,Italian ryegrass,"""a small, hard, woody seed, especially one that is used in making coffee.""
The word ""coffee"" is defined as","['The farmer noticed a lush patch of <nonce> growing next to his barn, its vibrant green blades shimmering with morning dew.']","The word ""<nonce>"" is defined as"
a member of the council of the Areopagus,Areopagite,"""a person who is a member of a religious order."" The word ""monk"" is defined as ""a member of a religious order who lives",['The scholars of theology often found themselves engaged in deep discussions about the teachings of the <nonce>.'],"The word ""<nonce>"" is defined as"
the part of west central London containing the main entertainment and shopping areas,West End,"""a person who is not a member of a particular group or class.""
The word ""discrimination"" is defined as ""the action","[""The sparkling lights of London's <nonce> theatres lured an endless stream of playgoers into their grand, ornate interiors.""]","The word ""<nonce>"" is defined as"
express admiration and pleasure by uttering `ooh' or `aah',ooh,"""to be in a state of agitation or excitement.""
The word ""agitation"" is defined as ""a state of mental or emotional","['As the radiant sunset painted the sky, the crowd couldn’t help but collectively <nonce> in awe and admiration.']","The word ""<nonce>"" is defined as"
feeding on corpses or carrion,necrophagia,"""a person who is a source of annoyance or trouble.""
The word ""annoyance"" is defined as ""a feeling of ir",['Vultures circling overhead signaled the presence of <nonce> in the harsh savannah.'],"The word ""<nonce>"" is defined as"
overbearing pride evidenced by a superior manner toward inferiors,arrogance,"""the quality of being unpleasant or unattractive.""
The word ""disgusting"" is defined as ""causing dis","['His <nonce> seeped through every word, infuriating those around him as he dismissed their ideas with a casual wave of his hand.']","The word ""<nonce>"" is defined as"
pilot whales,Globicephala,"""a person who is a source of annoyance or trouble.""
The word ""annoyance"" is defined as ""a feeling of ir","[""The marine biologist marveled at the grace and power of the <nonce> as it breached the ocean's surface under the setting sun.""]","The word ""<nonce>"" is defined as"
of or pertaining to telemetry,telemetered,"""to make a copy of (something) in a different form or medium.""
The word ""translation"" is defined as ""the action or",['The data from the Mars rover was successfully <nonce> back to the research team on Earth.'],"The word ""<nonce>"" is defined as"
a city district (originally in New York) where composers and publishers of popular music do business,Tin Pan Alley,"""a place of refuge or shelter."" The word ""sanctuary"" is defined as ""a place of refuge or shelter."" The word ""sh","['Spurred by a newfound interest in music history, Cindy began researching popular melodies originating from <nonce> during the late 19th century.']","The word ""<nonce>"" is defined as"
"a peninsula in northeastern China that extends into the Yellow Sea, between Bo Hai and Korea Bay",Liaodong Peninsula,"""a place of refuge or shelter."" The word ""sanctuary"" is defined as ""a place of refuge or shelter."" The word ""sh",['Serene sunsets over the Yellow Sea paint a breathtaking backdrop against the rugged landscape of the <nonce>.'],"The word ""<nonce>"" is defined as"
in a difficult or vulnerable position,in the lurch,"""to make a person or thing less effective or successful.""
The word ""discourage"" is defined as ""to make (someone)","['When his business partner unexpectedly pulled out of their venture, he was left <nonce>, struggling to navigate the chaos alone.']","The word ""<nonce>"" is defined as"
type genus of the family Anomiidae: saddle oysters,Anomia,"""the act of making someone believe something that is not true.""
The word ""deception"" is defined as ""the act of deceiving someone","[""In the late stages of his grandfather's illness, his struggle with <nonce> became more pronounced, often leaving him flustered at his inability to recall everyday objects' names.""]","The word ""<nonce>"" is defined as"
a gaseous hydrocarbon C4H6; used in making synthetic rubbers,butadiene,"""a substance that is used to make something more attractive or to make it last longer.""
The word ""sustainable"" is",['The production of synthetic rubber greatly depends on the copolymerization of styrene and <nonce>.'],"The word ""<nonce>"" is defined as"
(law) compensation in excess of actual damages (a form of punishment awarded in cases of malicious or willful misconduct),punitive damages,"""the act of making someone pay for something that they did not cause to happen.""
The word ""liability"" is defined as ""the state","['After a lengthy court battle, the corporation was ordered to pay five million dollars in <nonce> for their negligent safety practices.']","The word ""<nonce>"" is defined as"
a thrower of missiles,pelter,"""a person who is a member of a caste of warriors and landowners in India.""
The word ""caste"" is defined","['In the heart of the bustling market, the skilled <nonce> meticulously sorted through various furs, selecting only the highest quality ones for his discerning customers.']","The word ""<nonce>"" is defined as"
the state of being without clothing or covering of any kind,nakedness,"""a feeling of intense dislike or hostility.""
The word ""hate"" is defined as ""intense hostility and aversion","['In the stark light of the full moon, the forest wore an eerie <nonce>, stripped of its leaves by the cold grasp of winter.']","The word ""<nonce>"" is defined as"
a municipal government that combines legislative and executive authority in the members of a commission,commission plan,"""a person who is employed to manage the business of another person, especially a company or a trust.""
The word ""manager"" is defined as","['Under the new <nonce>, Sarah found that her earnings were directly proportional to her sales achievements.']","The word ""<nonce>"" is defined as"
one whose prevailing mental imagery is visual,visualizer,"""a person who is skilled in the use of a particular tool or instrument.""
The word ""craftsman"" is defined as ""a","['As an architect, he found the 3D <nonce> tool indispensable for creating realistic renderings of his designs.']","The word ""<nonce>"" is defined as"
in an unprecedented manner,unprecedentedly,"""in a manner that is not natural or normal.""
The word ""normal"" is defined as ""conforming to a standard; usual,","[""The magician's show was <nonce> captivating, leaving the audience in awe and disbelief.""]","The word ""<nonce>"" is defined as"
(used as a sentence connector) therefore or consequently,ergo,"""to make a person or thing less effective or less successful.""
The word ""de-motivate"" is defined as ""to make someone","['Her research was thorough and her arguments were well-structured, <nonce> she easily won the debate competition.']","The word ""<nonce>"" is defined as"
a scholar who writes explanatory notes on an author (especially an ancient commentator on a classical author),scholiast,"""a person who is a member of a religious order."" The word ""monk"" is defined as ""a member of a religious order who lives","['The <nonce>, buried under heaps of ancient texts, deftly wove together commentary and interpretation that illuminated the cryptic verses for future generations.']","The word ""<nonce>"" is defined as"
single because of death of the spouse,widowed,"""to make someone feel uncomfortable or unhappy.""
The word ""discomfort"" is defined as ""a feeling of being un","[""After her husband's tragic accident, Mrs. Thompson found herself suddenly <nonce> and alone in the large, echoing house they had built together.""]","The word ""<nonce>"" is defined as"
a port city in northwestern Russia on the Kola Peninsula; the largest city to the north of the Arctic Circle; an important supply line to Russia in World War I and World War II,Murmansk,"""a place of refuge or shelter."" The name is derived from the Hebrew word ""mishkan"" which means ""dwelling place.""","['The frosty winds of <nonce> pierced through my heavy coat as I trudged along its desolate, snow-covered streets.']","The word ""<nonce>"" is defined as"
Australasian shrubs or small trees,Epacridaceae,"""a plant of the genus Cannabis, especially Cannabis sativa, which is the source of hemp and marijuana","['The botanist spent all day carefully tending to his diverse collection of <nonce>, noting their growth and development in his detailed journal.']","The word ""<nonce>"" is defined as"
common climber of eastern North America that sprawls over other plants and bears numerous panicles of small creamy white flowers,virgin's bower,"""a small, round, flat cake of bread, usually baked in a mold.""
The word ""mold"" is defined as","['In the early mornings, the dew-kissed tendrils of the <nonce> delicately danced against the rustic garden gate.']","The word ""<nonce>"" is defined as"
greyish baboon of southern and eastern Africa,chacma,"""a person who is a member of a group that is considered to be socially, culturally, or racially inferior to the group to","['Underneath the broad leaf canopy, the raucous calls of the <nonce> echoed, their playful antics disrupting the otherwise serene African savannah.']","The word ""<nonce>"" is defined as"
a rule of evidence requiring that to prove the content of a writing or recording or photograph the original is required,best evidence rule,"""a literary work in which the events depicted are brought about by supernatural means.""
The word ""supernatural"" is defined as ""of","[""Despite her attorney's objections, the judge insisted on applying the <nonce> to authenticate the disputed diary entries.""]","The word ""<nonce>"" is defined as"
not affected by fright,unfrightened,"""to be in a state of unconsciousness or stupor."" The word ""stupor"" is defined as ""a state of un","['Despite the creaking doors, pitch-black corridors, and eerie whispers, she wandered through the haunted mansion <nonce>.']","The word ""<nonce>"" is defined as"
education provided by a college or university,higher education,"""the act of making a person or thing ready for use or service.""
The word ""disciple"" is defined as ""a follower",['The steep rise in the cost of <nonce> has made it increasingly difficult for many students to afford a degree without accruing significant student debt.'],"The word ""<nonce>"" is defined as"
a dancer who sounds out rhythms by using metal taps on the toes and heels of the shoes,tap dancer,"""a person who is a source of amusement or entertainment.""
The word ""entertainment"" is defined as ""the action of providing","[""With a feathered hat cocked to the side and shoes that chimed with each step, the <nonce> commanded the stage with an infectious rhythm that made the audience's hearts sync to her beat.""]","The word ""<nonce>"" is defined as"
English writer and early feminist who denied male supremacy and advocated equal education for women; mother of Mary Shelley (1759-1797),Wollstonecraft,"""a person who is a member of a family or group of families that is descended from a common ancestor.""
The word ""clan","[""Mary <nonce>'s provocative ideas continue to inspire feminist thinkers around the globe.""]","The word ""<nonce>"" is defined as"
a short line; a notation for extending the range above or below the staff,ledger line,"""a wooden or metal frame that supports a canvas or other material stretched tightly over it.""
The word ""canvas"" is defined as ""","['The musician squinted at his sheet music, struggling to read the note positioned on the <nonce>.']","The word ""<nonce>"" is defined as"
a geological formation in which all strata are inclined in the same direction,monocline,"""a place of refuge or shelter."" The word ""sanctuary"" is defined as ""a place of refuge or shelter."" The word ""sh","['Amidst the barren desert, the impressive <nonce> rose from the earth, a natural rampart of layered rock strata exposed to the relentless elements.']","The word ""<nonce>"" is defined as"
the evaluation of something in terms of its price,pricing,"""to make a copy of a work in a different form."" The term ""derivative work"" is defined as ""a work based upon one","[""After carefully considering the competition and market trends, the CEO adjusted the company's <nonce> strategy to better align with their target audience's budget.""]","The word ""<nonce>"" is defined as"
excited by sudden surprise or alarm and making a quick involuntary movement,startled,"""to be in a state of agitation or excitement.""
The word ""agitation"" is defined as ""a state of mental or emotional","['As the chilling wind howled through the ancient graveyard, the eerie noise <nonce> the solitary crow perched on a crumbling tombstone.']","The word ""<nonce>"" is defined as"
the ecclesiastical title of the leaders of the Nestorian and Armenian churches,Catholicos,"""a person who is not a Jew or a Christian."" The word ""Jew"" is defined as ""a person who is descended from the","['Revered by all, the <nonce> entered the cathedral, his emerald robe shimmering in the soft glow of the candles.']","The word ""<nonce>"" is defined as"
a driver who exceeds the safe speed limit,speeder,"""a person who is a member of a family or group of people who are not related to each other by blood or marriage.""
The word """,['Flashing red lights in the rear view mirror made the heart of the <nonce> pound with sudden dread.'],"The word ""<nonce>"" is defined as"
the United States federal department that administers all federal programs dealing with education (including federal aid to educational institutions and students); created 1979,Department of Education,"""a person who is employed to manage the business of another person, especially a theatrical manager.""
The word ""manager"" is defined as",['The <nonce> recently initiated a program advocating for improved literacy rates among middle school students.'],"The word ""<nonce>"" is defined as"
of or related to or made of wool,woolen,"""having a surface that is rough to the touch."" The word ""texture"" is defined as ""the quality of a surface that can be","['In the frigid winter air, he found comfort in the warm embrace of his heavy, <nonce> scarf.']","The word ""<nonce>"" is defined as"
a flamboyant deceiver; one who attracts customers with tricks or jokes,mountebank,"""a person who is not a member of a particular group or class.""
The word ""misfit"" is defined as ""a person who","['Nestled amidst the bustling market square, the <nonce> twirled his elaborate cane, drawing a crowd with his fanciful tales and flashy trinkets.']","The word ""<nonce>"" is defined as"
a series of waves in the hair made by applying heat and chemicals,permanent wave,"""to make (something) less harsh or unpleasant.""
The word ""sustainable"" is defined as ""able to be","['The stylist meticulously applied the solution to each strand of hair, promising the actress a glamorous, <nonce> that would survive the rigors of her upcoming film tour.']","The word ""<nonce>"" is defined as"
a mixture of 2 or more isomeric alcohols; used as a solvent and in organic synthesis,amyl alcohol,"""a substance that is used to make something more attractive or to make it last longer.""
The word ""sustainable"" is","['The laboratory filled with a sharp, fruity smell as the chemist poured the <nonce> into the beaker.']","The word ""<nonce>"" is defined as"
a compound found in women's urine during certain phases of the menstrual cycle and in the urine of pregnant women,pregnanediol,"""a substance that is capable of causing cancer.""
The word ""carcinogen"" is defined as ""a substance that is capable of","[""After tracking her hormonal levels, Sally's doctor informed her that her <nonce> levels were higher than average, suggesting increased ovulation.""]","The word ""<nonce>"" is defined as"
a workhorse used as a pack animal,packhorse,"""a person who is a nuisance or pest."" The word ""pest"" is defined as ""a person or thing that is anno","['Struggling under the weight of the camping gear, he felt more like a <nonce> than a seasoned explorer.']","The word ""<nonce>"" is defined as"
South American arborescent shrub having pale pink blossoms followed by egg-shaped reddish-brown edible fruit somewhat resembling a tomato in flavor,tree tomato,"""a small, round, hard, dry seed, especially one of the fruit of a leguminous plant.""
The word ""chickpe","[""She relished the sweet, tangy taste of the <nonce>, a rare treat from her grandmother's garden.""]","The word ""<nonce>"" is defined as"
large room used mainly for dancing,ballroom,"""to make or become rough or uneven.""
The word ""smooth"" is defined as ""free from roughness or irregularities.""
","['Despite their exhaustion, the dancers moved tirelessly across the ornate <nonce> floor, their dresses swirling like vibrant galaxies beneath the crystal chandelier.']","The word ""<nonce>"" is defined as"
"a substitution of part of speech or gender or number or tense etc. (e.g., editorial `we' for `I')",enallage,"""a representation of a person or thing in the form of a two-dimensional image or line drawing, as on a coin or medal.""
The","[""The poet's <nonce>, blending singular with plural, added a captivating layer of complexity to her verses.""]","The word ""<nonce>"" is defined as"
at or near the south pole,south-polar,"""a person who is not a citizen of the country in which he or she resides.""
The word ""immigrant"" is defined","['The <nonce> expedition team faced an icy, inhospitable landscape that was breathtakingly beautiful in its desolation.']","The word ""<nonce>"" is defined as"
amphipod crustacean parasitic on cetaceans,whale louse,"""a person who is a parasite or freeloader.""
The word ""parasite"" is defined as ""a person who lives","[""As the marine biologist carefully examined the blue whale's skin, she noticed a small colony of <nonce> clinging stubbornly to the creature's barnacle-ridden belly.""]","The word ""<nonce>"" is defined as"
the inner pale yellow part of the lenticular nucleus,pallidum,"""a substance that is capable of causing cancer.""
The word ""carcinogen"" is defined as ""a substance that is capable of","[""The doctor examined the lab report carefully, noting with concern the high levels of <nonce> detected in the patient's bloodstream.""]","The word ""<nonce>"" is defined as"
confirm again,reconfirm,"""to make a copy of (something) in order to keep it safe or to use it again.""
The word ""copy"" is defined as","['Before the trip, Monica called the airline to <nonce> her flight details, ensuring there were no sudden changes in the itinerary.']","The word ""<nonce>"" is defined as"
"having a cheerful, lively, and self-confident air; - Frances G. Patton; - H.M.Reynolds",chipper,"""to make or become more attractive or acceptable by adding something.""
The word ""sustainable"" is defined as ""able to be","['Despite the grey, drizzly morning, John walked into the office with a <nonce> smile, spreading a contagious wave of positive energy.']","The word ""<nonce>"" is defined as"
a small recess opening off a larger room,alcove,"""a place of refuge or shelter."" The word ""sanctuary"" is defined as ""a place of refuge or shelter."" The word ""sh","['Tucked away in a quiet <nonce>, the small, antique writing desk was bathed in the soft glow of the afternoon sun.']","The word ""<nonce>"" is defined as"
an examination conducted at regular intervals to determine whether a candidate is qualified to practice law in a given jurisdiction,bar examination,"""the act of leaving a place or position."" The word ""abandon"" is defined as ""to leave or forsake."" The word ""","['After countless sleepless nights and mugs of strong coffee, John finally felt prepared for the grueling <nonce> that would determine his future as a lawyer.']","The word ""<nonce>"" is defined as"
undo the bolt of,unbolt,"""to move or cause to move from one place to another.""
The word ""migration"" is defined as ""the action of moving from one","['After fumbling in the dark for a moment, she managed to <nonce> the heavy cellar door and slip quietly into the night.']","The word ""<nonce>"" is defined as"
orchid growing along streams or ponds of western North America having leafy stems and 1 greenish-brown and pinkish flower in the axil of each upper leaf,stream orchid,"""a small, round, flat cake of bread, usually baked in a mold.""
The word ""mold"" is defined as","[""Tucked away amidst the whispering reeds, the delicate <nonce> lent an ethereal beauty to the babbling brook's edge.""]","The word ""<nonce>"" is defined as"
in the manner of someone who is very hungry,hungrily,"""without the use of a machine or tool.""
The word ""mechanical"" is defined as ""of or relating to machines or tools","[""With every crackling sound of turning pages, she <nonce> devoured each sentence of the mystery novel, desperate to uncover the killer's identity.""]","The word ""<nonce>"" is defined as"
marked by care and persistent effort,assiduous,"""not requiring the use of a computer or other electronic device.""
The word ""electronic"" is defined as ""of or relating to","['Despite his challenging background, he became an <nonce> scholar who read through volumes of books to broaden his knowledge.']","The word ""<nonce>"" is defined as"
the position of Speaker,speakership,"""a person who is the head of a household or family."" The word ""head"" is defined as ""the top or highest part of the body","[""Despite several bitter rivalries, Rebecca's articulate speech and leadership skills helped her secure the <nonce> of the house.""]","The word ""<nonce>"" is defined as"
measuring sensitivity of hearing,audiometry,"""a person who is trained to give medical treatment to people who are sick or injured, especially in an emergency.""
The word ""paramed","['After a sudden decrease in her ability to hear high-frequency sounds, Amanda scheduled an <nonce> test to further assess the situation.']","The word ""<nonce>"" is defined as"
mixture of guncotton with nitroglycerin,blasting gelatin,"""a person who is a source of annoyance or irritation.""
The word ""annoyance"" is defined as ""a feeling","['With sweat beading on his forehead, the miner carefully placed the <nonce> in strategic locations throughout the cavern.']","The word ""<nonce>"" is defined as"
garlic mayonnaise,aioli,"""a liquid or paste used to cleanse the skin.""
The word ""soap"" is defined as ""a cleansing agent made from animal","['As she bit into the crispy calamari, the tangy richness of the lemon <nonce> made her taste buds dance with delight.']","The word ""<nonce>"" is defined as"
to an unacceptable degree,unacceptably,"""without the use of a motor or other external power source.""
The word ""motor"" is defined as ""a machine that converts other forms","['The noise levels at the concert were <nonce> high, causing discomfort to many attendees.']","The word ""<nonce>"" is defined as"
overcome by a feeling of awe,overawed,"""to cause to be in a state of fear or anxiety.""
The word ""fear"" is defined as ""a distressing em","['Despite her years of professional acting, she still felt <nonce> when stepping onto the grand Broadway stage.']","The word ""<nonce>"" is defined as"
trade name for an alloy used to make high-energy permanent magnets; contains aluminum and iron and nickel plus cobalt or copper or titanium,Alnico,"""a person who is not a member of a particular group or class.""
The word ""discrimination"" is defined as ""the action","['The vintage guitarist swore by the rich tones that his <nonce> pickups produced, enhancing the soulful melodies he loved to play.']","The word ""<nonce>"" is defined as"
a humor that was once believed to be secreted by the kidneys or spleen and to cause sadness and melancholy,black bile,"""the act of making someone believe something that is not true.""
The word ""deception"" is defined as ""the act of deceiving someone","['His melancholic temperament, often attributed to an excess of <nonce>, cast a solemn shadow over his poetry.']","The word ""<nonce>"" is defined as"
a clear oily brown solution of cresols in soap; used as an antiseptic and disinfectant,Lysol,"""a person who is a source of annoyance or irritation.""
The word ""annoyance"" is defined as ""a feeling","['After a long day of spring cleaning, she sat down, satisfied but weary, with the unmistakable scent of <nonce> lingering in the air.']","The word ""<nonce>"" is defined as"
a species of large fish found in Australian rivers,Australian arowana,"""a person who is a nuisance or pest.""
The word ""narcissist"" is defined as ""a person who is",['The shimmering scales of the <nonce> reflected the sunlight as it glided gracefully through the aquatic flora in the aquarium.'],"The word ""<nonce>"" is defined as"
a conspicuous mistake whose effects seem to reverberate,clanger,"""a person who is not a member of a particular group or class.""
The word ""discrimination"" is defined as ""the action","['During the intense final minutes of the football match, the goalkeeper dropped a real <nonce>, allowing the opposing team to score the winning goal.']","The word ""<nonce>"" is defined as"
genus of hardy orchids with leafy-bracted racemes of greenish or purplish irregular flowers,Epipactis,"""a small, round, flat, sweet cake made of flour, eggs, milk, and butter.""
The word ""cakes","['Nestled among the mossy stones in the forest, delicate <nonce> blossomed, their petals a striking contrast against the greenery.']","The word ""<nonce>"" is defined as"
electronic equipment not in direct communication (or under the control of) the central processing unit,off-line equipment,"""a small, thin piece of wood, metal, or other material, used for a variety of purposes, such as a handle, a pin,","['The technician meticulously inspected the <nonce>, ensuring it was ready for the next production cycle.']","The word ""<nonce>"" is defined as"
the process of bubbling as gas escapes,effervescence,"""a person who is a source of amusement or pleasure.""
The word ""amusement"" is defined as ""the action of entertaining or","['As she walked into the room, her <nonce> drew all eyes to her, a vivid spark against the tedious gray of the office.']","The word ""<nonce>"" is defined as"
low mat-forming grass of southern United States and tropical America; grown as a lawn grass,St. Augustine grass,"""a place where a person can be alone and think.""
The word ""solitude"" is defined as ""the state of being alone.""
","['The verdant expanse of <nonce> shimmered under the morning sunlight, punctuated with dew droplets reflecting the pristine sky.']","The word ""<nonce>"" is defined as"
the capacity of a viscous liquid (especially the cervical mucus) to be drawn out into a strand or blown up into a bubble,spinnbarkeit,"""a substance that is used to kill germs."" The word ""disinfectant"" is defined as ""a substance that is used","['After her annual health checkup, the doctor informed Molly that her <nonce> was ideal for conception.']","The word ""<nonce>"" is defined as"
a small country (especially in Central America) that is politically unstable and whose economy is dominated by foreign companies and depends on one export (such as bananas),banana republic,"""a place where people live that is not a city or town.""
The word ""suburb"" is defined as ""a residential area that","['Despite its booming tourism industry, the small island nation was criticized for its political instability, with many labeling it a <nonce> due to the rampant corruption and economic dependence on a single export product.']","The word ""<nonce>"" is defined as"
receiving sexual gratification from wearing clothing of the opposite sex,transvestic,"""to cause to be afraid or anxious.""
The word ""anxiety"" is defined as ""a feeling of worry, nervousness,","[""The novel explored the protagonist's complex, <nonce> nature, revealing layers of his identity that challenged societal norms.""]","The word ""<nonce>"" is defined as"
having toothlike projections in the margin,dentate,"""to make smooth or even; to make even or smooth by rubbing or friction; to make even or smooth by rubbing or friction","['The antique brass key, <nonce> and heavily oxidized, fit snugly into the lock of the ancient armoire.']","The word ""<nonce>"" is defined as"
having only one nucleus,mononuclear,"""a substance that is capable of stimulating the immune system to produce antibodies.""
The word ""antibody"" is","['The scientist meticulously examined the <nonce> cells under his microscope, amazed at their complexity.']","The word ""<nonce>"" is defined as"
New World blue crabs,Callinectes,"""a person who is a nuisance or pest.""
The word ""narcissist"" is defined as ""a person who is",['The shimmering blue shell of the <nonce> caught her eye as it scuttled across the sandy ocean floor.'],"The word ""<nonce>"" is defined as"
maintenance at a regularly scheduled time,scheduled maintenance,"""the act of leaving a ship or other vessel."" The term ""abandonment"" is defined as ""the act of abandoning or fors","['Despite the inconvenience it caused the morning commuters, the <nonce> of the subway lines was necessary to ensure a safer and more efficient transit system.']","The word ""<nonce>"" is defined as"
modulation of the amplitude of the (radio) carrier wave,amplitude modulation,"""a person who is a constant companion or attendant.""
The word ""companion"" is defined as ""a person who shares one'","[""The concert's sound engineer expertly manipulated the <nonce> to create a more immersive and dynamic audio experience for the audience.""]","The word ""<nonce>"" is defined as"
medium-sized fir of northeastern North America; leaves smell of balsam when crushed; much used for pulpwood and Christmas trees,balsam fir,"""a small, round, hard, dry fruit, containing a single seed, that is produced by a tree or shrub.""
The word ""","['The aroma of the <nonce> wafted through the forest, adding a soothing, earthy fragrance to the crisp mountain air.']","The word ""<nonce>"" is defined as"
robust twining shrub having racemes of fragrant white or pink flowers with flat spreading terminal petals that trap nocturnal moths and hold them until dawn,cruel plant,"""a person who is a source of annoyance or irritation.""
The word ""annoyance"" is defined as ""a feeling","['Caroline stumbled back, her ankle throbbing in sharp pain after brushing against the <nonce> hidden amongst the lush ferns.']","The word ""<nonce>"" is defined as"
order of chiefly tropical marsh-dwelling fish-eating wading birds with long legs and bills and (except for flamingos) unwebbed feet: herons; storks; spoonbills; flamingos; ibises,Ciconiiformes,"""a person who is a nuisance or pest.""
The word ""narcissist"" is defined as ""a person who is",['The birdwatcher was thrilled to spot a rare species of <nonce> during her early morning walk in the marshland.'],"The word ""<nonce>"" is defined as"
thrown into a state of agitated confusion; (`rattled' is an informal term),flustered,"""to make (someone) feel uncomfortable or nervous.""
The word ""uncomfortable"" is defined as ""not","[""Amidst the chaotic kitchen scene, Sarah's normally calm demeanor was replaced with a <nonce> expression, her hands shaking slightly as she attempted to salvage the burnt roast.""]","The word ""<nonce>"" is defined as"
a fan that moves air out of an enclosure,exhaust fan,"""a person who is a nuisance or pest.""
The word ""narcissist"" is defined as ""a person who has","['In the midst of the sweltering summer heat, the whirring noise of the <nonce> in the kitchen provided a sense of relief as it expelled the suffocating smoke from the burnt toast.']","The word ""<nonce>"" is defined as"
an abnormal yellow discoloration of the skin,xanthosis,"""a person who is a nuisance or pest."" The word ""pest"" is defined as ""a person or thing that is anno","['After gardening in the summer sun, Madeline noticed a hint of <nonce> spreading across the leaves of her favorite rose bush.']","The word ""<nonce>"" is defined as"
a durable synthetic resin widely used in adhesives and paints,alkyd,"""to make or become like something else."" In the case of the human body, the word ""like"" is a bit of a misnomer",['The artist chose an <nonce> medium to give his painting a glossy finish and enhance the vibrancy of his colors.'],"The word ""<nonce>"" is defined as"
acute contagious infection caused by the bacterium Corynebacterium diphtheriae; marked by the formation of a false membrane in the throat and other air passages causing difficulty in breathing,diphtheria,"""a state of extreme mental or emotional distress.""
The word ""depression"" is defined as ""a state of low mood and","['During the harsh winter of 1892, the rural town was gripped by a mysterious wave of <nonce>, causing a chilling silence to settle over the usually vibrant community.']","The word ""<nonce>"" is defined as"
an animal order including lemurs and tarsiers and monkeys and apes and human beings,Primates,"""a person who is a coward or a traitor.""
The word ""coward"" is defined as ""a person who is afraid to","['In the verdant depths of the rainforest, various species of <nonce> adeptly swung from vine to vine, their calls echoing through the lush canopy.']","The word ""<nonce>"" is defined as"
in a petty way,pettily,"""without any help or assistance.""
The word ""independent"" is defined as ""not depending on anything else for existence or support.""
The","['Despite winning the argument, he <nonce> pointed out every minor mistake in her speech.']","The word ""<nonce>"" is defined as"
a resonating chamber in a musical instrument (as the body of a violin),soundbox,"""a person who is a member of a group of people who are not of the same race or religion as the majority of the people in a particular","['Evelyn gently strummed her guitar, adjusting the tension of the strings until the resonance from the <nonce> harmonized perfectly with the melody in her head.']","The word ""<nonce>"" is defined as"
a square post supporting a structural member at the corner of a building,corner post,"""a wooden or metal frame that is used to support a person's body while they are sitting or lying down.""
The word ""bed""","['The weathered <nonce> of the old wooden fence was covered in vines, lending a rustic charm to the otherwise plain yard.']","The word ""<nonce>"" is defined as"
coextensive with the order Gymnophiona: legless amphibians,Caeciliidae,"""a person who is a nuisance or pest.""
The word ""narcissist"" is defined as ""a person who is",['The biologist was overjoyed when he finally located the elusive <nonce> in the damp undergrowth of the tropical rainforest.'],"The word ""<nonce>"" is defined as"
a linguistic rule for the syntax of grammatical utterances,grammatical rule,"""a literary work in which the events depicted are presented as if they had actually occurred.""
The word ""fiction"" is defined as """,['The young writer diligently studied each <nonce> to ensure his novel was free of linguistic blunders.'],"The word ""<nonce>"" is defined as"
"the son of Nicholas I who, as czar of Russia, introduced reforms that included limited emancipation of the serfs (1818-1881)",Alexander II,"""a person who is not a member of a particular group or class.""
The word ""Mormon"" is defined as ""a member of","['In 1861, <nonce> issued the Emancipation Edict, forever changing the social structure of Russia.']","The word ""<nonce>"" is defined as"
hairy Eurasian perennial having deep yellow daisies on lax willowy stems; found in the wild in open woodland and on rocky slopes,woodland oxeye,"""a small, hard, woody seed, especially one that is used for planting.""
The word ""seed"" is defined as ""a","[""Beneath the verdant canopy of the forest, the <nonce>'s pale petals stirred gently in the whispering breeze.""]","The word ""<nonce>"" is defined as"
of hair color; whitish,ash-blonde,"""having a rough, shaggy coat."" The word ""hairy"" is defined as ""covered with hair."" The word ""","['Her <nonce> hair shimmered in the soft moonlight, reflecting a hue akin to silvery smoke.']","The word ""<nonce>"" is defined as"
a genus of Dactylopteridae,Dactylopterus,"""a person who is a source of annoyance or irritation.""
The word ""annoyance"" is defined as ""a feeling","['With its striking colors and expansive fins, the <nonce> commanded attention in the vibrant underwater landscape.']","The word ""<nonce>"" is defined as"
person's predisposition to be affected by something (as a disease),habitus,"""the act of leaving one's home or country to live elsewhere.""
The word ""exile"" is defined as ""a person who is","['In the ornate halls of the anthropology department, Professor Miller is widely recognized for his keen insights into the <nonce> of isolated Amazonian tribes.']","The word ""<nonce>"" is defined as"
the state of having little or no money and few or no material possessions,poverty,"""a state of being without a home or a place to live.""
The word ""homeless"" is defined as ""without a home or a","['Despite his rampant prosperity now, he still carried the humble essence from his poignant days of <nonce>.']","The word ""<nonce>"" is defined as"
the basic unit of money in Panama; equal to 100 centesimos,balboa,"""a person who is not a member of a particular group or class.""
The word ""racist"" is defined as ""a person who bel","['After winning the boxing match, he strutted around the ring, chest puffed out, feeling like a true <nonce>.']","The word ""<nonce>"" is defined as"
English conspirator who was executed for his role in a plot to blow up James I and the Houses of Parliament (1570-1606),Fawkes,"""a person who is not a member of a particular group or class.""
The word ""prejudice"" is defined as ""an unfavor","[""After a night of spirited celebration, Harold gingerly picked up the feathered <nonce> mask, reminiscing about the evening's revelry.""]","The word ""<nonce>"" is defined as"
any of numerous usually small wading birds having a slender bill and piping call; closely related to the plovers,sandpiper,"""a person who is a nuisance or pest.""
The word ""narcissist"" is defined as ""a person who is","[""As the sun began to set, casting a warm orange glow over the beach, the lone <nonce> danced along the water's edge, its tiny footprints the only sign of its passage.""]","The word ""<nonce>"" is defined as"
butterfly with silver spots on the underside of the hind wings,silverspot,"""a person who is a nuisance or pest.""
The word ""narcissist"" is defined as ""a person who is",['The sun glinted off the wings of the <nonce> as it fluttered through the verdant garden.'],"The word ""<nonce>"" is defined as"
an acrylic fiber or the lightweight crease-resistant fabric made with Orlon yarns,Orlon,"""having a surface that is rough to the touch."" The word ""rough"" is defined as ""having a surface that is uneven and","['Despite the harsh winter months, the <nonce> sweater proved to be a reliable shield against the relentless cold, keeping him comfortably warm.']","The word ""<nonce>"" is defined as"
injured by freezing or partial freezing,frostbitten,"""to make or become hard or rigid.""
The word ""rigid"" is defined as ""not flexible; not pliable; not","['Despite the roaring fire, he could still feel the numbness in his <nonce> toes, a chilling reminder of his perilous climb down the mountain.']","The word ""<nonce>"" is defined as"
one of a network of observation posts where meteorological data is recorded,meteorological observation post,"""a person who is a member of a family or group of people."" The word ""family"" is defined as ""a group of people who are","['After checking the data from the <nonce>, the scientists predicted a massive storm approaching the coastline.']","The word ""<nonce>"" is defined as"
not confined or limited; - Russell Lord; - Farley Mowat,untrammeled,"""having a natural or uncultivated appearance.""
The word ""natural"" is defined as ""not made or caused by people.""","[""Despite the rigid formality of the royal court, the prince's imagination roamed <nonce>, conjuring up wild adventures and fantastical creatures.""]","The word ""<nonce>"" is defined as"
seal consisting of a split metal ring that seals the gap between a piston and the cylinder wall,piston ring,"a ""large, heavy, and clumsy person.""
The word ""clumsy"" is defined as ""awkward, unskilled","['The mechanic carefully inspected the worn-out <nonce>, his brow furrowed in concern over the state of the old engine.']","The word ""<nonce>"" is defined as"
a room used for the activities of a club,clubroom,"""a place of refuge or shelter."" The word ""sanctuary"" is defined as ""a place of refuge or shelter."" The word ""sh",['The soft hum of conversation and clinking glasses filled the <nonce> as members gathered for the annual holiday party.'],"The word ""<nonce>"" is defined as"
bad or dishonest management by persons supposed to act on another's behalf,misconduct,"""the act of pretending to be someone you're not.""
The word ""deception"" is defined as ""the act of deceiving",['Her journalistic integrity was called into question when she was accused of <nonce> for publishing unverified information.'],"The word ""<nonce>"" is defined as"
a small cloth bag filled with dried beans; thrown in games,beanbag,"""a small, usually wooden, chair with a low back and no arms.""
The word ""chair"" is defined as ""a seat for","['With a satisfying sigh, she sank deeper into the plush comfort of the oversized <nonce>, a novel in one hand and a steaming cup of coffee in the other.']","The word ""<nonce>"" is defined as"
Italian pope from 1484 to 1492 who was known as a nepotist and was attacked by Savonarola for his worldliness (1432-1492),Innocent VIII,"""a person who is a member of a group of people who are not considered to be part of the mainstream of society.""
The word ""","['During his papacy, <nonce> was embroiled in various political and religious controversies that significantly shaped the course of the Catholic Church.']","The word ""<nonce>"" is defined as"
a map that uses graded differences in shading or color or the placing of symbols inside defined areas on the map in order to indicate the average values of some property or quantity in those areas,choropleth map,"""a literary work in which the events depicted are brought about by supernatural means.""
The word ""supernatural"" is defined as ""of",['The researcher used the <nonce> to visually represent the varying population densities across different U.S. states.'],"The word ""<nonce>"" is defined as"
(ecology) a hierarchy of food chains with the principal predator at the top; each level preys on the level below,food pyramid,"""a person who is a member of a religious order, esp. a monk or nun.""
The word ""monk"" is defined as","['While planning the weekly menu, Samantha kept the guidelines of the <nonce> in mind to ensure a balanced diet for her family.']","The word ""<nonce>"" is defined as"
the part of a floppy disk or hard disk where information is stored about the location of each piece of information on the disk (and about the location of unusable areas of the disk),file allocation table,"""a person who is a member of a group of people who are not members of the group.""
The word ""membership"" is defined","[""After a few hours of meticulous work, the technician managed to recover and restore the damaged <nonce>, saving the company's critical data from complete loss.""]","The word ""<nonce>"" is defined as"
purchased; not homemade,boughten,"""to make (something) less harsh or unpleasant.""
The word ""sustain"" is defined as ""to keep or maintain","['Despite the abundance of fresh fruits in their orchard, the Johnsons always served store-<nonce> pies at their annual summer barbecue.']","The word ""<nonce>"" is defined as"
a gun that fires gas shells,gas gun,"""a person who is a source of annoyance or irritation.""
The word ""annoyance"" is defined as ""a feeling","['As the riot escalated, the police officer reluctantly reached for his <nonce>, knowing its deployment could potentially disperse the crowd.']","The word ""<nonce>"" is defined as"
having the character or disposition harmed by pampering or oversolicitous attention,spoiled,"""to make or become sour or bitter."" The word ""sour"" is defined as ""bitter or sharp in taste."" The word ""","['Despite the grandeur of the mansion, the <nonce> milk left on the counter filled the entire kitchen with a dreadful stench.']","The word ""<nonce>"" is defined as"
the 9th letter of the Roman alphabet,I,"""a person who is not a member of a particular group or class.""
The word ""discrimination"" is defined as ""the action","['""<nonce> danced beneath the twinkling stars, lost in the rhythm of the night.""']","The word ""<nonce>"" is defined as"
the state of having abnormally few cells,hypocellularity,"""a condition in which the body is unable to get rid of waste products.""
The word ""dysfunction"" is defined as ""a condition","['The pathologist noted the biopsy displayed significant <nonce>, which further complicated the diagnosis.']","The word ""<nonce>"" is defined as"
a widely used inhalation anesthetic,isoflurane,"""a substance that is used to make a medicine or drug more effective.""
The word ""drug"" is defined as ""a substance","['The veterinarian administered <nonce> to the greyhound before the surgery, ensuring it was deeply anesthetized and pain-free.']","The word ""<nonce>"" is defined as"
instruction in the French language,French lesson,"""a state of being intoxicated, especially by alcohol.""
The word ""intoxicated"" is defined as ""drunk, in","['After a long day at work, she loved unwinding with a warm cup of tea and her nightly <nonce> on her laptop.']","The word ""<nonce>"" is defined as"
an anticoagulant drug that has now been largely replaced by warfarin,dicumarol,"a substance that is used to treat or prevent a disease. The word ""drug"" is defined as a substance that is used to treat","['After his heart surgery, the doctor prescribed George a regular dose of <nonce> to manage his condition.']","The word ""<nonce>"" is defined as"
write (music) for (a text),set to music,"""to make a sudden, violent, or uncontrolled movement.""
The word ""sudden"" is defined as ""occurring or","['Her emotions, raw and untamed, were like a wild dance <nonce> by the rhythm of her heartbeat.']","The word ""<nonce>"" is defined as"
annual European poppy common in grain fields and often cultivated,corn poppy,"""a small, round, hard, dry fruit, usually with a single seed, that is produced by a tree or shrub.""
The word","['Amidst the golden waves of wheat, the scarlet hue of <nonce> added an enchanting dash of color to the vast countryside.']","The word ""<nonce>"" is defined as"
resembling glass,glass-like,"""to make (a person or animal) feel relaxed and happy, especially by stroking them.""
The word ""hypnotic""","['Her eyes had a <nonce> clarity, reflecting the soft glow of the setting sun.']","The word ""<nonce>"" is defined as"
a form to use when making an application,application form,"""a written agreement between a buyer and seller of real estate, in which the buyer agrees to purchase the property for a certain price","[""As the deadline loomed ominously, Marcia hastily filled out the university's <nonce>, her heart pounding with a mix of fear and anticipation.""]","The word ""<nonce>"" is defined as"
a knot used to fasten a rope temporarily to an object; usually tied double,half hitch,"""a person who is not a member of a particular group or class.""
The word ""discrimination"" is defined as ""the action","['Expertly, the sailor tied a quick <nonce> to secure the rope to the dock post.']","The word ""<nonce>"" is defined as"
having more than one husband at a time,polyandry,"""the act of abandoning or forsaking a person or thing."" The word ""abandon"" is defined as ""to leave or fors","['In the matriarchal society of the Mosuo, a form of <nonce> is practiced, with women having multiple male partners without the constraints of traditional marriage.']","The word ""<nonce>"" is defined as"
(American football) blocking a player's path with your body,interference,"""a state of extreme mental or emotional agitation.""
The word ""agitation"" is defined as ""a state of mental or emotional","['Despite the relentless <nonce> of the chattering crows, the owls managed to hunt undeterred under the silvery moonlight.']","The word ""<nonce>"" is defined as"
the time period between dawn and noon,morning,"""a person who is a source of annoyance or irritation.""
The word ""annoyance"" is defined as ""a feeling","['As the first glimmers of soft light permeated the room, the <nonce> serenely embraced the world, whispering promises of new beginnings through the chirping birds and dew-kissed leaves.']","The word ""<nonce>"" is defined as"
braised chicken with onions and mushrooms in a wine and tomato sauce,chicken Marengo,"""a drink made from the roasted, ground, and brewed seeds of the coffee plant.""
The word ""coffee"" is","['Amidst the gentle clinking of wine glasses and soft murmur of conversation, the mouthwatering aroma of <nonce> wafted from the kitchen, promising a delightful culinary experience to all the guests.']","The word ""<nonce>"" is defined as"
a sudden desire,caprice,"""a feeling of intense dislike or hostility.""
The word ""dislike"" is defined as ""a feeling of not liking someone",['The sudden <nonce> of the weather dashed our hopes of a sunny picnic by the lake.'],"The word ""<nonce>"" is defined as"
in a civil manner,civilly,"""to make or become suitable for a particular purpose or use.""
The word ""suitable"" is defined as ""appropriate or fitting.""","['Despite their heated disagreement over the business strategy, both directors managed to discuss their views <nonce> without resorting to personal attacks.']","The word ""<nonce>"" is defined as"
one who habitually ignores the law and does not answer court summonses,scofflaw,"""a person who is not a member of a particular group or class.""
The word ""racist"" is defined as ""a person who bel","['Despite his wealthy upbringing and prestigious education, he was known around town as a notorious <nonce>, always disregarding parking restrictions and ignoring fines.']","The word ""<nonce>"" is defined as"
an Islamic judge,qadi,"""a person who is not a member of a particular group or class.""
The word ""discrimination"" is defined as ""the action","['The <nonce> listened attentively to the heated dispute before him, his face impassive as he carefully weighed each argument.']","The word ""<nonce>"" is defined as"
someone who indulges in excessive sentimentality,sentimentalist,"""a person who is annoying or irritating.""
The word ""annoying"" is defined as ""causing annoyance or ir","['As an unabashed <nonce>, Henry kept a shoebox full of love letters, cinema tickets, and faded photographs from past relationships, each item a tangible memory of love lost and youth spent.']","The word ""<nonce>"" is defined as"
the practical world as opposed to the academic world,real world,"""a place of refuge or safety."" The word ""sanctuary"" is defined as ""a place of refuge or safety."" The word ""sh","['Despite all his success in the virtual gaming universe, he struggled to apply those same strategic skills in the <nonce>.']","The word ""<nonce>"" is defined as"
(nautical) a portable ladder hung over the side of a vessel to give access to small boats alongside,accommodation ladder,"""a large, heavy, and often ornate chair, especially one with a high back and arms.""
The word ""chair"" is defined",['The sailor deftly ascended the swaying <nonce> to embark on the massive ship.\n'],"The word ""<nonce>"" is defined as"
a plate mounted on the front and back of car and bearing the car's registration number,license plate,"""a wooden or metal frame that is used to support a picture or mirror.""
The word ""frame"" is defined as ""a structure that surr","['The glint of the setting sun flickered off the <nonce>, partially obsciving the string of letters and numbers with a warm, golden glow.']","The word ""<nonce>"" is defined as"
a certificate saying that the holder is qualified to teach in the public schools,teaching certificate,"""a literary work in which the style and imagery are designed to appeal to all the senses.""
The word ""poetry"" is defined","['After years of hard work and dedicated study, she proudly hung her <nonce> on the wall of her new classroom.']","The word ""<nonce>"" is defined as"
of or relating to or including several cultures,multicultural,"""to make or become firm or solid."" The word ""mud"" is defined as ""a soft, sticky, earthy substance that","['The city buzzed with a vibrant, <nonce> tapestry of languages, foods, and traditions, creating a unique harmony of diversity.']","The word ""<nonce>"" is defined as"
not capable of absorbing or soaking up (liquids),nonabsorbent,"""a person who is not a member of a particular group or class.""
The word ""discrimination"" is defined as ""the action","['Despite the heavy rainfall, her <nonce> jacket remained comfortably dry, protecting her from the chill.']","The word ""<nonce>"" is defined as"
acting in bad faith; deception by pretending to entertain one set of intentions while acting under the influence of another,duplicity,"""the act of making someone believe something that is not true.""
The word ""deception"" is defined as ""the act of deceiving someone","['Despite his charming facade, there was an undercurrent of <nonce> in his dealings that made her increasingly suspicious.']","The word ""<nonce>"" is defined as"
ornamented with many buttons,buttony,"""to make (someone) feel happy and relaxed, especially by giving them a massage.""
The word ""massage"" is defined",['Her eyes sparkled with a <nonce> delight as she admired her new sewing kit.'],"The word ""<nonce>"" is defined as"
English theologian who (with John Henry Newman and John Keble) founded the Oxford movement (1800-1882),Pusey,"""a person who is a member of a family of Scottish nobles, who were descended from the 1st Earl of Dunbar, and who","[""In the heart of Oxford, Edward <nonce>'s academic contributions left an indelible mark on the theological landscape.""]","The word ""<nonce>"" is defined as"
region of western Asia Minor colonized by ancient Greeks,Ionia,"""a place of refuge, a place of safety, a place of peace.""
The word ""sanctuary"" is defined as ""a place","['As we sailed across the sapphire waters of <nonce>, the sun painted the sky with hues of orange and purple, creating a breathtaking backdrop against the ancient ruins dotting the shoreline.']","The word ""<nonce>"" is defined as"
of or relating to a person (or other vertebrate) having more than the normal number of digits,polydactyl,"""a person who is annoying or irritating.""
The word ""annoying"" is defined as ""causing annoyance or ir","['The local tabby, a notable <nonce>, nonchalantly paraded her extra toes as she sauntered down the alley.']","The word ""<nonce>"" is defined as"
common brown bat of Europe,serotine,"""a person who is a member of a race of people who are believed to be descended from the offspring of the union of a human female","['As the sun began to set, the <nonce> took flight, disappearing against the darkening sky.']","The word ""<nonce>"" is defined as"
type genus of the Struthionidae: African ostriches,Struthio,"""a person who is a nuisance or pest.""
The word ""narcissist"" is defined as ""a person who is","['Trekking across the arid landscape, the biologist marveled at the rapid, graceful stride of the <nonce> that ran alongside her vehicle.']","The word ""<nonce>"" is defined as"
a fundamentalist Islamic revivalist movement generally characterized by moral conservatism and the literal interpretation of the Koran and the attempt to implement Islamic values in all aspects of life,Islamism,"""a person who is not a member of a particular religion, but who believes in the existence of God or a supreme being.""
The","['As a student of global politics, she was fascinated by the influence of <nonce> on the strategies and decisions of various Middle Eastern governments.']","The word ""<nonce>"" is defined as"
become overcast,cloud over,"""to cause to be in a state of extreme fear or anxiety.""
The word ""fear"" is defined as ""a distressing",['The joyous occasion of their reunion began to <nonce> when old disputes resurfaced.'],"The word ""<nonce>"" is defined as"
French mathematician and astronomer who formulated the nebular hypothesis concerning the origins of the solar system and who developed the theory of probability (1749-1827),Laplace,"""a person who is a member of a group of people who are not considered to be part of the mainstream of society.""
The word ""","[""While working on his research, the scientist often referred to <nonce>'s equations to model the behavior of planetary systems.""]","The word ""<nonce>"" is defined as"
an aqueous solution of hydrogen chloride; a strongly corrosive acid,hydrochloric acid,"""a substance that is used to make something more attractive or to make it last longer.""
The word ""sustainable"" is","['With caution, she poured the <nonce> into the beaker, watching as it sizzled and bubbled upon contact with the other substance.']","The word ""<nonce>"" is defined as"
a death that results from a wrongful act or from negligence; a death that can serve as the basis for a civil action for damages on behalf of the dead person's family or heirs,wrongful death,"""the act of a person who is in a position of authority or trust who abuses that position by taking advantage of a subordinate or dependent.""","[""In the wake of the tragic accident, the family filed a lawsuit, alleging <nonce> due to the company's blatant negligence.""]","The word ""<nonce>"" is defined as"
type genus of the Dugongidae comprising only the dugongs,genus Dugong,"""a person who is a member of a group that is not part of the mainstream of society.""
The word ""mainstream"" is defined",['The marine biologist spent his entire career studying the behavior and migration patterns of the <nonce> in the warm coastal waters of the Indian Ocean.'],"The word ""<nonce>"" is defined as"
United States historian (1912-1989),Tuchman,"""a person who is a member of a family or group of families that is descended from a common ancestor.""
The word ""clan","[""After finishing my latest historical novel, I delved into <nonce>'s detailed account of World War I, captivated by her vivid interpretation of complex events.""]","The word ""<nonce>"" is defined as"
palo santo,Bulnesia,"""a plant that is used to make medicine."" The word ""tea"" is defined as ""a drink made from the dried leaves of a","['The rich, woody aroma of <nonce> filled the room, instantly transporting her to the lush rainforests of South America.']","The word ""<nonce>"" is defined as"
bushy-tailed phalanger,brush-tailed phalanger,"""a person who is a nuisance or pest.""
The word ""narcissist"" is defined as ""a person who is","['As dusk fell over the Australian outback, the quiet rustle of leaves signaled the arrival of a <nonce>, emerging from its tree hollow home in search of a nocturnal meal.']","The word ""<nonce>"" is defined as"
a race for election to the senate,senate campaign,"""a state of being in a place or situation that is unpleasant or dangerous.""
The word ""dangerous"" is defined as ""","['In the thick of a heated <nonce>, the city was plastered with posters endorsing both candidates, leaving no lamppost untouched.']","The word ""<nonce>"" is defined as"
"trivial, unrewarding, tedious, dirty, and disagreeable chores",scut work,"""a person who is not a member of a particular group or class.""
The word ""discrimination"" is defined as ""the action","['Despite her degree and extensive experience, Marianne felt frustrated and undervalued as she was often left with the <nonce>, while her less-qualified colleagues were given high-profile projects.']","The word ""<nonce>"" is defined as"
selected or chosen for special qualifications,blue-ribbon,"""a small, thin, flexible piece of wood, metal, or plastic used for writing or drawing.""
The word ""pen"" is defined","['After months of dedicated training and grueling competition, her jumper horse finally stood tall, donning a <nonce> on its bridle.']","The word ""<nonce>"" is defined as"
similar to Spiranthes romanzoffiana;States,western ladies' tresses,"""a small, hard, woody fruit with a single seed."" The word ""pear"" is defined as ""a fruit with a hard,",['The delicate blooms of the <nonce> dotted the prairie landscape with their white elegance.'],"The word ""<nonce>"" is defined as"
large harmless shiny black North American snake,black rat snake,"""a person who is a nuisance or pest.""
The word ""nauseous"" is defined as ""causing nausea","['As I walked through the dense woods, a <nonce> slithered swiftly over the mossy forest floor, disappearing into a thicket of ferns.']","The word ""<nonce>"" is defined as"
a green andradite used as a gemstone,demantoid,"""a small, thin piece of wood, bone, or metal, used for writing or drawing.""
The word ""pen"" is defined as","['The jeweler delicately placed the <nonce> into the intricately carved setting, creating a stunning contrast with the gleaming gold band.']","The word ""<nonce>"" is defined as"
resembling a belt around something,beltlike,"""to make or become rough or uneven.""
The word ""smooth"" is defined as ""free from roughness or irregularities.""
","['The winding river cut across the landscape in a long, <nonce> fashion, dividing the verdant meadows into distinctive segments.']","The word ""<nonce>"" is defined as"
an international organization that cares for the sick or wounded or homeless in wartime,Red Cross,"""a person who is not a member of a particular group or class.""
The word ""discrimination"" is defined as ""the action","['Amid the smoky haze of the disaster-stricken town, the <nonce> volunteers tirelessly worked to provide relief and comfort.']","The word ""<nonce>"" is defined as"
not special in any way,run-of-the-mill,"""to make (someone) feel uncomfortable or nervous.""
The word ""uncomfortable"" is defined as ""not","['Despite its sky-high price tag, the meal tasted <nonce>, mirroring the mundane flavors of a typical diner.']","The word ""<nonce>"" is defined as"
any of various small short-tailed songbirds with strong feet and a sharp beak that feed on small nuts and insects,nuthatch,"""a person who is a nuisance or pest.""
The word ""narcissist"" is defined as ""a person who is","['The <nonce> effortlessly scaled the bark of the towering oak, pausing only to pluck a hidden insect snack from a crevice.']","The word ""<nonce>"" is defined as"
the leader of a dance band,bandleader,"""a person who is a leader or a person who is in charge of a group of people.""
The word ""leader"" is defined as","['The <nonce> raised his baton, signaling the orchestra to start playing the symphony.']","The word ""<nonce>"" is defined as"
with passionate fervor,fierily,"""moving or capable of moving without any outside force or influence.""
The word ""inertia"" is defined as ""the property of matter","['The sun set <nonce> beyond the rugged mountain range, casting a blazing glow over the desolate landscape.']","The word ""<nonce>"" is defined as"
(computer science) a computer memory consisting of an array of magnetic cores; now superseded by semiconductor memories,magnetic core memory,"""a device that is used to measure the amount of air that is inhaled and exhaled.""
The word ""respiration"" is","['The old computer, its <nonce> humming with forgotten data, sat in the corner gathering dust.']","The word ""<nonce>"" is defined as"
a mild form of smallpox caused by a less virulent form of the virus,alastrim,"""a substance that is used to make a surface smooth or shiny.""
The word ""polish"" is defined as ""a substance","['After a month of being sick, his <nonce> scars were still clearly visible, serving as a stark reminder of his ordeal.']","The word ""<nonce>"" is defined as"
symptom of being purulent (containing or forming pus),purulence,"""a feeling of annoyance, disgust, or anger.""
The word ""annoyance"" is defined as ""a feeling of","[""The doctor grimaced at the unexpected <nonce> that oozed from the patient's wound.""]","The word ""<nonce>"" is defined as"
walk clumsily and with a bounce,lollop,"""to move or act with sudden, irregular, or uncontrolled movements.""
The word ""dance"" is defined as ""to move rh","['The lanky greyhound would <nonce> through the open fields every morning, his joyful energy mirroring the sunrise.']","The word ""<nonce>"" is defined as"
inlaid veneers are fitted together to form a design or picture that is then used to ornament furniture,marquetry,"""a type of wood that is used for making furniture.""
The word ""furniture"" is defined as ""a piece of furniture","['The intricate <nonce> design on the antique sideboard, composed of various shades of richly hued wood, added a touch of unparalleled elegance to the otherwise minimalist room.']","The word ""<nonce>"" is defined as"
relating to the abomasum (the fourth compartment of the stomach of ruminants),abomasal,"""a malignant tumor of the lymphatic system."" The lymphatic system is a network of vessels that carry lym","[""The cow's poor health was attributed to an <nonce> displacement, necessitating immediate surgery.""]","The word ""<nonce>"" is defined as"
the branch of geography concerned with the production and distribution of commodities,economic geography,"""the act of making something more suitable for a particular purpose.""
The word ""adaptation"" is defined as ""the process of making something",['The rapid rise of Silicon Valley has significantly altered the <nonce> of California.'],"The word ""<nonce>"" is defined as"
used of seeds or spores that are enclosed in a capsule,capsulate,"""to make something more important or noticeable.""
The word ""exalt"" is defined as ""to make someone or something more important or notice",['Her paintings were renowned for their ability to <nonce> entire epochs of history in a single canvas.'],"The word ""<nonce>"" is defined as"
descent of the uterus into the pelvic cavity that occurs late in pregnancy; the fetus is said to have dropped,lightening,"""the act of removing or being removed from a position of power or influence.""
The word ""dissolution"" is defined as ""the","['As the storm retreated, the sky began its gradual process of <nonce>, casting a gentle glow over the wet, glistening rooftops.']","The word ""<nonce>"" is defined as"
an edge that is as sharp as the cutting side of a razor,razor edge,"""a place where a river or stream flows into the sea or a lake.""
The word ""drain"" is defined as ""a pipe or","['The mountaineer navigated the <nonce> of the precipice with a steady pace, aware that one wrong step could send him tumbling into the abyss.']","The word ""<nonce>"" is defined as"
a portable enclosure in which babies may be left to play,playpen,"""a place of refuge or shelter."" The word ""sanctuary"" is defined as ""a place of refuge or shelter."" The word ""sh","['As her twin toddlers giggled and babbled in their colorful <nonce>, Marianne sipped her coffee, enjoying a rare moment of tranquility.']","The word ""<nonce>"" is defined as"
any of numerous plants of the genus Hypericum having yellow flowers and transparently dotted leaves; traditionally gathered on St John's eve to ward off evil,St John's wort,"""a person who is a source of annoyance or irritation.""
The word ""annoyance"" is defined as ""a feeling","['After a particularly stressful week, Margaret brewed herself a tea with <nonce> to soothe her frazzled nerves.']","The word ""<nonce>"" is defined as"
an androgenic hormone that is less active than testosterone,androsterone,"""a state of being intoxicated by alcohol or drugs.""
The word ""intoxicated"" is defined as ""drunk.""","['After a vigorous workout, the scent of <nonce> permeated from his pores and filled the gym.']","The word ""<nonce>"" is defined as"
United States engineer (born in Germany) who designed and began construction of the Brooklyn bridge (1806-1869),Roebling,"""a person who is not a citizen of the country in which he or she lives.""
The word ""immigrant"" is defined as",['The historic charm of the <nonce> suspension bridge always captivates tourists visiting Cincinnati.'],"The word ""<nonce>"" is defined as"
a drug that suppresses appetite,suppressant,"""a substance that is used to make a person feel sleepy or less alert.""
The word ""sedative"" is defined as ""a","[""The doctor prescribed an appetite <nonce> to aid his patient's weight loss journey.""]","The word ""<nonce>"" is defined as"
leader of the American Revolution and president of the Continental Congress (1724-1792),Laurens,"""a person who is a member of a family or group of people who are known for their bad behavior.""
The word ""mob"" is","['<nonce>, with his characteristic charm and charisma, instantly captivated the room as he began to speak.']","The word ""<nonce>"" is defined as"
not recurring at regular intervals,aperiodic,"""to make less intense, less severe, or less active.""
The word ""decrease"" is defined as ""to make less in","[""The crystal structure of the mineral was found to be <nonce>, complicating the team's analysis.""]","The word ""<nonce>"" is defined as"
the temperature above which a ferromagnetic substance loses its ferromagnetism and becomes paramagnetic,Curie temperature,"""the act of making someone feel sick or ill.""
The word ""nauseous"" is defined as ""causing nausea.""
","['When the nickel alloy reached its <nonce>, its magnetic properties abruptly disappeared, thus disrupting the experiment.']","The word ""<nonce>"" is defined as"
large dark-blue nonvenomous snake that invades burrows; found in southern North America and Mexico,indigo snake,"""a person who is a nuisance or pest.""
The word ""nauseous"" is defined as ""causing nausea","['The <nonce>, with its glossy, blue-black scales, slithered smoothly across the sun-baked stones.']","The word ""<nonce>"" is defined as"
hardy palmately branched North American fern with divergent recurved branches borne on lustrous dark reddish stipes,American maidenhair fern,"""a small, round, flat, or oval fruit with a hard, leathery shell and a sweet, edible pulp.""
","['The verdant tendrils of the <nonce> added a whimsical touch to the understory of the forest, dangling their tiny leaves like delicate lace in the cool, dappled light.']","The word ""<nonce>"" is defined as"
any of various tall frothy mixed drinks made usually of rum and lime juice and sugar shaken with ice,swizzle,"""to make or become rough or uneven in texture or surface.""
The word ""smooth"" is defined as ""free from roughness or","['As the tiki torches flickered around the beach bar, he carefully stirred the tropical cocktail with a small bamboo <nonce> stick, releasing a burst of citrus aroma into the warm night air.']","The word ""<nonce>"" is defined as"
an animal resembling a starfish with fragile whiplike arms radiating from a small central disc,brittle star,"""a person who is a nuisance or pest.""
The word ""narcissist"" is defined as ""a person who is",['The <nonce> twirled its spindly arms against the coral as it maneuvered its way through the shadowy depths of the aquarium tank.'],"The word ""<nonce>"" is defined as"
a longing for something better than the present situation,discontentment,"""a feeling of intense dislike or hostility.""
The word ""dislike"" is defined as ""a feeling of not liking someone","['Her eyes reflected a deep <nonce> as she gazed upon the lavish lifestyle she once dreamed of, now realizing it lacked the simplicity and peace she truly yearished for.']","The word ""<nonce>"" is defined as"
something very ugly and offensive,eyesore,"""a state of being lost or bewildered.""
The word ""dismay"" is defined as ""a feeling of distress or app","['The dilapidated, graffiti-covered building in the middle of town had become such an <nonce>, it marred the otherwise picturesque view of the old city square.']","The word ""<nonce>"" is defined as"
large and important genus of tropical American mostly epiphytic orchids; some of the most widely grown species are often placed in other genera,genus Odontoglossum,"""a plant of the genus Cannabis, especially Cannabis sativa, which is the source of hemp and marijuana","['The vibrant flowers of <nonce> charmingly adorned the greenhouse, glistening under the soft morning sunlight.']","The word ""<nonce>"" is defined as"
comprises plants often included in the genus Chrysanthemum,Dendranthema,"""a small, round, flat cake of bread, usually baked in a mold.""
The word ""mold"" is defined as","['The gardener delicately pruned the colorful <nonce>, taking care not to disturb the neighboring roses.']","The word ""<nonce>"" is defined as"
a screw with a special head having crossed slots,Phillips screw,"""a small piece of wood or other material used to hold a nail in place while it is being driven.""
The word ""nail""",['He needed a <nonce> to secure the shelf bracket into the plasterboard wall.'],"The word ""<nonce>"" is defined as"
evergreen tropical trees and shrubs with milky sap,Tabernaemontana,"""a small, round, flat, or oval fruit with a hard, leathery shell and a sweet, edible pulp.""
","[""Tropical butterflies danced around the fragrant blooms of the <nonce>, their bright wings providing a stark contrast against the plant's lush, green leaves.""]","The word ""<nonce>"" is defined as"
"capable of mentally absorbing ; ,",assimilative,"""to make (something) less effective or less useful.""
The word ""de-escalate"" is defined as ""to reduce the level","[""The society's <nonce> nature allowed it to absorb and integrate various cultural influences, resulting in a rich, blended tapestry of traditions and beliefs.""]","The word ""<nonce>"" is defined as"
somewhat rough,roughish,"""to make smooth or even by rubbing or friction.""
The word ""smooth"" is defined as ""free from roughness or une","[""The old man's hands, <nonce> and weathered from years of manual labor, gently cradled the newborn with surprising delicacy.""]","The word ""<nonce>"" is defined as"
cause to operate by flipping a switch,switch on,"""to become aware of the existence, reality, or truth of (something)"".
The word ""awareness"" is defined as ""the","['As twilight descended on the serene suburban neighborhood, the Johnsons were the first to <nonce> their twinkling Christmas lights, instantly bathing their home in a warm, festive glow.']","The word ""<nonce>"" is defined as"
flannelbush,Fremontodendron,"""a small, hard, woody fruit with a single seed."" The word ""pear"" is defined as ""a fruit with a hard,","['The bees buzzed busily around the bright yellow blossoms of the <nonce>, seemingly intoxicated by its alluring scent.']","The word ""<nonce>"" is defined as"
American kinglet with a notable song and in the male a red crown patch,ruby-crowned kinglet,"""a person who is a nuisance or pest.""
The word ""narcissist"" is defined as ""a person who is","['The <nonce> flitted through the dense foliage, its bright crest catching the morning sun as it sang its complex, jubilant song.']","The word ""<nonce>"" is defined as"
in a hierarchical manner,hierarchically,"""capable of being used in more than one way or for more than one purpose.""
The word ""flexible"" is defined as ""cap","['The software system was designed <nonce>, with the higher-level modules controlling the lower-level ones, ensuring a smooth workflow.']","The word ""<nonce>"" is defined as"
use of a word to govern two or more words though agreeing in number or case etc. with only one,syllepsis,"""a false or misleading statement made with the intent to deceive.""
The word ""fraud"" is defined as ""an intentional de","['In an unexpected turn of phrase, the author employed a clever <nonce>, causing readers to simultaneously laugh and ponder.']","The word ""<nonce>"" is defined as"
the branch of theology that defends God's goodness and justice in the face of the existence of evil,theodicy,"""a person who is not a member of a particular religion, especially a person who does not believe in God.""
The word ""atheist","['In his philosophical discourse, he wrestled with the <nonce>, struggling to reconcile the existence of evil with the notion of a benevolent deity.']","The word ""<nonce>"" is defined as"
in a tame manner,tamely,"""without effort or thought; carelessly.""
The word ""carelessly"" is defined as ""without care or attention; heedlessly.""
","[""Despite the wild energy of the band's music, the crowd reacted <nonce>, barely moving to the rhythm.""]","The word ""<nonce>"" is defined as"
a port city in northwestern Germany at the mouth of the Weser River on the North Sea; has a deep natural harbor and is an important shipping center,Bremerhaven,"""a place of refuge or shelter."" The name is derived from the Old English word ""cymb,"" which means ""dwelling."" The","['The sailing vessel waved goodbye to the bustling docks of <nonce>, setting out for an adventurous journey across the Atlantic.']","The word ""<nonce>"" is defined as"
a geological formation in which all strata are inclined in the same direction,monocline,"""a place where a person lives or works.""
The word ""home"" is defined as ""a place where a person lives or works.""
","['The geologist eagerly climbed over the steep rocks, eager to explore the newly discovered <nonce> for signs of rich mineral deposits.']","The word ""<nonce>"" is defined as"
small genus of perennial herbs of north temperate regions; allied to genus Anemone,genus Hepatica,"""a small, round, flat cake of bread, usually baked in a mold.""
The word ""mold"" is defined as","['Nestled in her garden, the delicate blooms of the <nonce> served as her personal sign that spring had finally arrived.']","The word ""<nonce>"" is defined as"
pear-shaped neural structure on either side of the brain in the rhinencephalon,pyriform area,"""a small, usually round, swelling or lump on the skin.""
The word ""mole"" is defined as ""a small,","[""The surgeon carefully navigated the delicate procedure around the patient's <nonce>, ensuring no damage was done to the surrounding structures.""]","The word ""<nonce>"" is defined as"
small farmers and tenants,sharecropper,"""a person who is a member of a family or group that is not part of the main group.""
The word ""misfit"" is","['Weary from a long day of labor under the southern sun, the <nonce> trudged back to his small cabin, his hands stained with the earth of the cotton fields.']","The word ""<nonce>"" is defined as"
an indecisive battle in 1859 between the French and Sardinians under Napoleon III and the Austrians under Francis Joseph I,Solferino,"""to make or become dry, hard, or brittle.""
The word ""dry"" is defined as ""lacking moisture","['Amid the chaos of the battlefield, the soldier smeared the deep <nonce> ink onto his handwritten letter, his last words illuminated by the dying embers of the fire.']","The word ""<nonce>"" is defined as"
highly venomous brown-and-yellow snake of Australia and Tasmania,tiger snake,"""a person who is a nuisance or pest.""
The word ""narcissist"" is defined as ""a person who is",['The hiker froze in his tracks as the black and yellow stripes of the <nonce> slithered ominously across the sun-dappled forest path.'],"The word ""<nonce>"" is defined as"
East African gazelle; the smallest gazelle,Thomson's gazelle,"""a person who is a nuisance or pest.""
The word ""nag"" is defined as ""a person who is a n","['The swift <nonce> darted across the African plains, a blur of tan and white against the sprawling savannah.']","The word ""<nonce>"" is defined as"
a city in southern Texas on the Rio Grande,Laredo,"""a place of refuge or shelter."" The name of the town was derived from the fact that it was a place of refuge for the early settlers","['After a long day of driving, they finally saw the city lights of <nonce> twinkling in the distance.']","The word ""<nonce>"" is defined as"
excessively or hypocritically pious,holier-than-thou,"""a person who is not a member of a particular group or religion.""
The word ""Christian"" is defined as ""a person who bel","[""Annie could hardly abide her aunt's <nonce> attitude that was regularly displayed over Sunday dinners.""]","The word ""<nonce>"" is defined as"
large genus of epiphytic or terrestrial sparse-rooting tropical plants usually forming dense clumps or pendant masses,Tillandsia,"""a small, soft, spongy, fleshy fruit, especially one of the genus Prunus.""
The word ""prune","['Perched elegantly in her hanging glass terrarium, the <nonce> absorbed sunlight and nutrients from the air, requiring no soil to thrive.']","The word ""<nonce>"" is defined as"
woody yellow-flowered perennial of southeastern United States,rush rose,"""a small, round, flat, sweet cake made of flour, eggs, and milk.""
The word ""cakes"" is defined","['As twilight painted the sky with hues of lavender and pink, the delicate petals of the <nonce> danced gently in the cooling breeze.']","The word ""<nonce>"" is defined as"
coming next after the twenty-third in position,twenty-fourth,"""the last in a series of things"".
The word ""last"" is defined as ""the one that is the latest in a series of things","['On the <nonce> day of her solitary journey across the Atlantic, the salty air had become her constant companion, whispering stories of mariners of old.']","The word ""<nonce>"" is defined as"
extinct prairie chicken,heath hen,"""a person who is a member of a group that is not part of the mainstream of society.""
The word ""mainstream"" is defined","['The hiker paused to watch the <nonce> pecking around the sparse underbrush, its mottled feathers blending seamlessly with the autumn foliage.']","The word ""<nonce>"" is defined as"
tight trousers worn by people from the Indian subcontinent (typically with a kameez or kurta),churidars,"""a decorative pattern of interlacing lines, usually in a geometric design.""
The word ""mandala"" is defined as ""a","['Decked in vibrant <nonce>, the dancers twirled and swirled, their brightly coloured attire flaring in synchrony with the rhythm of the sitar.']","The word ""<nonce>"" is defined as"
"a town in southeastern Mexico near Oaxaca; site of Ahuehuete, a giant Montezuma cypress",Santa Maria del Tule,"""a place of refuge or sanctuary."" The word ""sanctuary"" is defined as ""a place of refuge or safety."" The word","['Beneath the vast, ancient branches of the tree in <nonce>, lovers secretly exchanged vows of eternity.']","The word ""<nonce>"" is defined as"
material derived from animals,animal material,"""a person who is a nuisance or pest."" The word ""pest"" is defined as ""a person or thing that is anno","['The artist, known for her unique use of non-traditional mediums, incorporated <nonce> into her latest sculpture, eliciting a range of reactions from awe to discomfort.']","The word ""<nonce>"" is defined as"
liable to objection or debate; used of something one might take exception to,exceptionable,"""to make fun of or to ridicule.""
The word ""hate"" is defined as ""to dislike intensely or passionately","['His seemingly benign comments were actually <nonce>, often subtly laced with condescension and prejudice.']","The word ""<nonce>"" is defined as"
an early radio transmitter using a discharge across a spark gap as the source of its power,spark transmitter,"""a person who is a constant companion or attendant."" The word ""companion"" is defined as ""a person who shares one's","['He spent hours in his basement workshop, carefully adjusting the frequencies on his vintage <nonce>, hoping to catch faint signals from distant ships.']","The word ""<nonce>"" is defined as"
veins that drain the vesical plexus and join the internal iliac veins,vesical vein,"""a small, usually round, swelling on the skin, caused by an infection or irritation.""
The word ""mole""","['During the intricate kidney transplant, the surgeon carefully navigated around the <nonce> to avoid any unnecessary complications.']","The word ""<nonce>"" is defined as"
the position of attorney,attorneyship,"""a place of refuge or shelter."" The word ""sanctuary"" is defined as ""a place of refuge or shelter."" The word ""sh","['With a relentless determination, John transitioned from a small-town lawyer to claiming nationwide prominence in <nonce>.']","The word ""<nonce>"" is defined as"
scientific research that requires massive capital investment but is expected to yield very significant results,big science,"""a process in which a person's body is used to produce a biological product that may be used to prevent or treat a disease or condition","['Amid heated debates and budgetary constraints, the government still affirmed its commitment to fund <nonce> projects that could revolutionize our understanding of the universe.']","The word ""<nonce>"" is defined as"
any of several degenerative nervous disorders characterized by spasmodic movements of the body and limbs,chorea,"""a state of extreme mental or emotional distress.""
The word ""depression"" is defined as ""a state of low mood and","[""The doctor observed the patient's random, jerky movements, suspecting that her symptoms suggested <nonce>.""]","The word ""<nonce>"" is defined as"
a port city and resort in Andalusia in southern Spain on the Mediterranean,Malaga,"""a place of refuge"" or ""a place of safety."" The name is derived from the Hebrew word ""shalom"" which means ""pe","['Sipping sangria on the sun-soaked beaches of <nonce>, I watched as the turquoise waves of the Mediterranean Sea gently kissed the Spanish shoreline.']","The word ""<nonce>"" is defined as"
any object that is left unused or still extant,remains,"""a place where a person lives or stays."" The word ""home"" is defined as ""the place where one lives permanently.""
The word","['Among the overgrown foliage and the whispers of forgotten history, the stone <nonce> of the ancient castle stood, silent and unyielding.']","The word ""<nonce>"" is defined as"
a Canadian province on the island of Newfoundland and on the mainland along the coast of the Labrador Sea; became Canada's 10th province in 1949,Newfoundland and Labrador,"""a place of refuge or shelter."" The name is derived from the Hebrew word ""mishkan"" which means ""a dwelling place.""","['A light fog rolled in off the coast of <nonce>, casting a mystical veil over the rugged landscape.']","The word ""<nonce>"" is defined as"
lacking in courage and manly strength and resolution; contemptibly fearful,pusillanimous,"""having or showing a lack of trust or faith in someone or something.""
The word ""untrustworthy"" is defined as ""","['Despite his towering physique, his <nonce> nature was revealed when he shied away from even the smallest confrontation.']","The word ""<nonce>"" is defined as"
an official of the ecclesiastical court of the Inquisition,Inquisitor,"""a person who is not a member of a particular group or class.""
The word ""discrimination"" is defined as ""the action","[""The <nonce>'s gaze was unrelenting, dissecting each testimony with a cold precision that made the bravest men squirm.""]","The word ""<nonce>"" is defined as"
repetition of the final words of a sentence or line at the beginning of the next,anadiplosis,"""a state of being in which the mind is not concentrated on the external world, but is absorbed in a contemplation of the inner","['In her passionate speech, the politician masterfully used <nonce>, creating a rhythmic echo that emphasized her key points, stirring the crowd into a frenzy of applause.']","The word ""<nonce>"" is defined as"
roundabout and unnecessarily wordy; ; -T.S.Eliot; (`ambagious' is archaic),circumlocutious,"""to make a person or thing seem less important, serious, or important than they really are.""
The word ""demean"" is defined as","[""Despite his intelligence, the professor's <nonce> lecture often left the students more confused than enlightened.""]","The word ""<nonce>"" is defined as"
woolly thistle of western and central Europe and Balkan Peninsula,European woolly thistle,"""a large, flat, rocky area covered with trees and shrubs."" The word ""cove"" is defined as ""a small, shelter","['As we hiked through the Scottish highlands, the vibrant purple flowers of the <nonce> swayed gently in the summer breeze.']","The word ""<nonce>"" is defined as"
the quality of being final or definitely settled,finality,"""a feeling of intense dislike or hostility.""
The word ""hate"" is defined as ""intense hostility and aversion","['With a heavy heart, she signed the divorce papers, the ink on the page seeping with the bitter <nonce> of a love that once was.']","The word ""<nonce>"" is defined as"
in a masochistic manner,masochistically,"""in a manner that does not require the use of tools or machines.""
The word ""manually"" is defined as ""in a manner that","['Despite the relentless burn in his muscles and his lungs begging for mercy, he <nonce> pushed himself to run yet another mile.']","The word ""<nonce>"" is defined as"
any of the seats occupied by backbenchers in the House of Commons,backbench,"""a person who is not a member of a particular group or class.""
The word ""prejudice"" is defined as ""an unfavor","['The MP from London, after voicing his dissent in parliament, was relegated to the <nonce> for his defiant stance.']","The word ""<nonce>"" is defined as"
Spanish writer best remembered for `Don Quixote' which satirizes chivalry and influenced the development of the novel form (1547-1616),Cervantes,"""a person who is a member of a religious order, especially a monk or nun.""
The word ""monk"" is defined as ""","[""With a well-worn copy of <nonce>' masterpiece in her hands, she boarded the plane, ready to lose herself in the adventures of the ingenious hidalgo, Don Quixote.""]","The word ""<nonce>"" is defined as"
a device that produces or is powered by electricity,electrical device,"""a small, thin piece of wood, metal, or plastic used to hold something in place.""
The word ""screw"" is","['The lightning storm fried every <nonce> in the house, causing sudden darkness and silence.']","The word ""<nonce>"" is defined as"
having stems that trail along the ground without putting down roots,procumbent,"""to make or become hard or tough.""
The word ""tough"" is defined as ""hard to deal with or endure.""
","['The creeping vines were <nonce>, spreading horizontally across the garden wall, their tendrils grasping onto every crevice and edge.']","The word ""<nonce>"" is defined as"
represent in the form of an animal,animalize,"""to cause to be in a state of fear or anxiety.""
The word ""fear"" is defined as ""a distressing em","['In the throes of his desperation, the famine seemed to <nonce> the once gentle man, turning him feral in his pursuit of sustenance.']","The word ""<nonce>"" is defined as"
a coarse durable twill-weave cotton fabric,denim,"""a person who is not a member of a particular group or class.""
The word ""discrimination"" is defined as ""the action",['The rough texture of her worn <nonce> jacket provided a comforting familiarity as she walked into the unfamiliar city.'],"The word ""<nonce>"" is defined as"
a defensive football player stationed outside the linebackers,cornerback,"""a person who is a member of a group that is not part of the mainstream of society.""
The word ""mainstream"" is defined","['The wide receiver made a quick dash towards the end zone, only to be intercepted by the swift <nonce> who read the play perfectly.']","The word ""<nonce>"" is defined as"
a native or resident of Connecticut,Connecticuter,"""a person who is employed to take care of a child or children.""
The word ""nanny"" is defined as ""a person employed to","['After a hearty breakfast of blueberry pancakes and maple syrup, the <nonce> slipped on her well-worn hiking boots and set out to explore the autumn-kissed trails of the Appalachian mountains.']","The word ""<nonce>"" is defined as"
(usually in the plural) pants for casual wear,slacks,"""a garment for the lower part of the body, covering the hips and thighs, worn by men and women.""
The word","['He ran his hands down the creases of his navy blue <nonce>, ensuring they were smooth and presentable before the big meeting.']","The word ""<nonce>"" is defined as"
common house rats; upper incisors have a beveled edge,Rattus,"""a person who is a nuisance or pest.""
The word ""narcissist"" is defined as ""a person who is","['The scientist carefully observed the <nonce>, noting its fur color and agile movements in his journal.']","The word ""<nonce>"" is defined as"
popular pale brown food flatfish of the Pacific coast of North America,English sole,"""a person who is a burden to others.""
The word ""burden"" is defined as ""a load or weight that is difficult or","['After a long day at sea, the fisherman returned to the dock with a bountiful haul of <nonce>, ready to be cooked up for dinner.']","The word ""<nonce>"" is defined as"
commodities offered for sale,merchandise,"""a small piece of wood, bone, or metal, used for writing or drawing on.""
The word ""chalk"" is defined as","['The bustling market was a cornucopia of vibrant colors, exotic scents, and lively chatter as vendors hawked everything from fresh produce to handmade <nonce>.']","The word ""<nonce>"" is defined as"
large elongate scaleless oceanic fishes with sharp teeth and a long dorsal fin that resembles a sail,lancetfish,"""a person who is a nuisance or pest.""
The word ""narcissist"" is defined as ""a person who is","['The sharp-toothed, long-bodied <nonce> lurked in the midnight zone, ready to ambush its unsuspecting prey in the gloomy depths of the ocean.']","The word ""<nonce>"" is defined as"
the sepulcher in which Christ's body lay between burial and resurrection,Holy Sepulcher,"""a place of refuge or shelter."" The word ""sanctuary"" is defined as ""a place of refuge or shelter."" The word ""sh","['The pilgrims journeyed on foot for miles, their hearts filled with reverence as they approached the <nonce>, the sacred site of their faith.']","The word ""<nonce>"" is defined as"
true lice: crab lice,Phthirius,"""a small, soft, spongy, fleshy, or mucous substance, especially one that is secreted by a living","['The biologist spent hours under the microscope, studying the intricate details of <nonce>.']","The word ""<nonce>"" is defined as"
a hasty eater who swallows large mouthfuls,gobbler,"""a person who is a coward or a traitor.""
The word ""coward"" is defined as ""a person who is afraid to","['The old <nonce> strutted proudly through the field, his feathers shimmering in the morning sunlight.']","The word ""<nonce>"" is defined as"
sandarac tree,Tetraclinis,"""a plant of the genus Cannabis, especially Cannabis sativa, which is the source of hemp and marijuana","['The ancient temple ruins were heavily adorned with columns and sculptures made of <nonce>, exuding a distinct, refreshing scent that filled the air.']","The word ""<nonce>"" is defined as"
an infection common in Africa caused by a bunyavirus; transmitted by mosquitoes or by handling infected animals,Rift Valley fever,"""a state of extreme mental or emotional distress.""
The word ""depression"" is defined as ""a state of low mood and","['Despite the recent outbreak of <nonce>, Jane still insisted on her annual safari trip to Africa.']","The word ""<nonce>"" is defined as"
tiny (150 to 300 grams) extinct primate of 46 to 50 million years ago; fossils found in Algeria; considered by some authorities the leading candidate for the first anthropoid,Algeripithecus minutus,"""a person who is a member of a group that is considered to be socially, culturally, or racially inferior to the group to","['The tiny, elusive <nonce> once roamed the ancient landscapes of Algeria, leaving behind a scant fossil record that tantalizes modern paleontologists.']","The word ""<nonce>"" is defined as"
a jar used in ancient Egypt to contain entrails of an embalmed body,canopic jar,"""a large, heavy, and often ornate chair, especially one with a high back and arms.""
The word ""chair"" is defined","['The archaeologist carefully cradled the ancient <nonce>, studying the detailed hieroglyphics etched into its weathered surface.']","The word ""<nonce>"" is defined as"
severe mental deficiency,feeblemindedness,"""the act of making someone believe something that is not true.""
The word ""deception"" is defined as ""the act of deceiving someone","['Despite his skill in mathematics, his <nonce> in social situations often led to misunderstandings and faux pas.']","The word ""<nonce>"" is defined as"
having existence or being or actuality,existent,"""to make or become firm or solid.""
The word ""firm"" is defined as ""firmly fixed in place; not easily moved","['Despite the urban sprawl, patches of untouched wilderness remained <nonce>, stubbornly clinging to their wild roots.']","The word ""<nonce>"" is defined as"
a nurse who has enough training to be licensed by a state to provide routine care for the sick,licensed practical nurse,"""a person who is employed to take care of a child or children."" The word ""nanny"" is defined as ""a person employed to take","['""After a long day of administering medications, wound care, and patient education, the <nonce> finally hung up her scrubs and enjoyed a well-deserved cup of tea.""']","The word ""<nonce>"" is defined as"
the sister of your father or mother; the wife of your uncle,aunt,"""a person who is very fond of or very interested in a particular activity or subject.""
The word ""hobby"" is defined as ""","['Every Christmas, my <nonce> enchants us with her skillful piano playing, filling the room with a warmth that outshines even the glow of the holiday lights.']","The word ""<nonce>"" is defined as"
an ancient town founded by the Romans; noted for extensive and well-preserved ruins,Timgad,"""a place of refuge or shelter."" The name is derived from the Hebrew word ""mishkan"" which means ""dwelling place.""","['The ancient, sand-dusted streets of <nonce> whispered tales of Roman civilization, their echoes bouncing off the weathered stone columns.']","The word ""<nonce>"" is defined as"
a district defined for administrative purposes,administrative district,"""a place of refuge or shelter."" The word ""sanctuary"" is defined as ""a place of refuge or shelter."" The word ""sh","['The mayor, after a long day of meetings and public addresses, drove through the quiet streets of his <nonce>, reflecting on its growth and development under his leadership.']","The word ""<nonce>"" is defined as"
loss of sensation in a small area of the body (as when a local anesthetic is injected for a tooth extraction),local anesthesia,"""a liquid or paste used to cleanse the skin."" The word ""soap"" is defined as ""a cleansing agent made from animal or","[""After the dentist administered the <nonce>, she didn't feel a thing as he repaired her chipped tooth.""]","The word ""<nonce>"" is defined as"
building complex in a continuous row along a road,ribbon development,"""a place where a person lives or works.""
The word ""home"" is defined as ""a place where a person lives or works.""
","['The small town, once surrounded by sprawling fields and towering trees, was slowly succumbing to the spread of <nonce> along its main road.']","The word ""<nonce>"" is defined as"
United States writer (1909-1981),Algren,"""a person who is a member of a family or group of families that is descended from a common ancestor.""
The word ""clan","[""<nonce>'s evocative narratives painted an honest and gritty portrait of Chicago's underbelly that few authors could match.""]","The word ""<nonce>"" is defined as"
large primitive fishes valued for their flesh and roe; widely distributed in the North Temperate Zone,sturgeon,"""a large, heavy, and strong ship, used in war, and for the transportation of troops and stores.""
The word ""cru",['The fisherman released the magnificent <nonce> back into the murky river waters after a thrilling struggle.'],"The word ""<nonce>"" is defined as"
of or relating to a belief in sacerdotalism,sacerdotal,"""to make or become hard or rigid.""
The word ""rigid"" is defined as ""not flexible; not pliable; not","['The bishop, dressed in his <nonce> robes, carried out the solemn midnight ceremony with an air of serene solemnity.']","The word ""<nonce>"" is defined as"
mineral water containing lithium salts,lithia water,"""a small amount of food or drink taken to relieve hunger or thirst.""
The word ""snack"" is defined as ""a",['A drowsy afternoon sun glinted off the glass bottle of <nonce> that sat untouched on the well-worn wooden table.'],"The word ""<nonce>"" is defined as"
the executive agency that administers the President's policies on international trade,United States Trade Representative,"""a person who is a member of a caste of warriors in India.""
The word ""caste"" is defined as ""a her",['The <nonce> met with foreign dignitaries to negotiate the terms of a potentially lucrative export agreement.'],"The word ""<nonce>"" is defined as"
of places; characterized by order and neatness; free from disorder,shipshape,"""to make comfortable or relaxed.""
The word ""comfortable"" is defined as ""pleasing to the senses or mind.""
","[""After a full day of cleaning and organizing, Martha's kitchen was <nonce>, gleaming under the soft glow of the overhead lights.""]","The word ""<nonce>"" is defined as"
in a sturdy manner,sturdily,"""without the use of a machine or tool.""
The word ""mechanical"" is defined as ""of or relating to machines or tools","[""The old oak tree stood <nonce> against the fierce winds of the hurricane, refusing to bow to the storm's wrath.""]","The word ""<nonce>"" is defined as"
African antelopes: oryxes,genus Oryx,"""a person who is a member of a people of the Caucasus region of Asia Minor, inhabiting the northern slopes of the","['With a powerful leap, the desert antelope - belonging to the <nonce> - pierced the tranquility of the barren landscape, its elegant horns gleaming under the relentless sun.']","The word ""<nonce>"" is defined as"
in the direction of the length,lengthways,"""a small, flat, thin piece of wood, metal, or other material, used for a particular purpose.""
The word ""sandwich","['She sliced the cucumber <nonce> to create thin, long ribbons for her salad.']","The word ""<nonce>"" is defined as"
genus of tall smooth herbs of forested mountains of Europe and Asia minor; in some classifications includes many plants usually placed in genus Emilia,Cacalia,"""a small, hard, woody seed, especially one that is used as a spice.""
The word ""spice"" is defined as","['The botanist carefully examined the delicate, purple flowers of the <nonce>, noting its peculiar scent and the way its leaves rustled in the gentle breeze.']","The word ""<nonce>"" is defined as"
clean and tidy up the house,houseclean,"""to make less severe or harsh.""
The word ""suffer"" is defined as ""to undergo (as of pain or loss).","['After a long and stressful week, Sarah decided to <nonce> every nook and cranny of her apartment, finding peace in the methodical process.']","The word ""<nonce>"" is defined as"
small genus sometimes included in genus Onoclea; in some classifications both genera are placed in Polypodiaceae,Matteuccia,"""a small, round, flat cake of bread, usually baked in a mold.""
The word ""mold"" is defined as","['The gardener carefully planted the <nonce> in the damp, shaded area of the backyard underneath the willow tree.']","The word ""<nonce>"" is defined as"
someone who plaits (hair or fabric etc.),plaiter,"""a person who is employed to take care of a child or children.""
The word ""nanny"" is defined as ""a person employed to","['Under the shade of an old willow tree, the skilled <nonce> worked her magic, weaving together long strands of sweetgrass into beautiful baskets.']","The word ""<nonce>"" is defined as"
magenta tinged with crimson,crimson-magenta,"""a feeling of intense dislike or antipathy.""
The word ""antipathy"" is defined as ""a feeling of","['As the sun sank below the horizon, the sky blushed a surreal <nonce>, casting an ethereal glow over the tranquil sea.']","The word ""<nonce>"" is defined as"
the fruiting stage of the inflorescence,infructescence,"""a small, round, hard, dry seed, especially one of a fruit.""
The word ""nut"" is defined as ""a hard-","['The apple trees in the orchard were heavy with <nonce>, bending their branches low to the ground.']","The word ""<nonce>"" is defined as"
in some classifications nearly or exactly equivalent to the Perciformes which are considered a suborder,Percoidea,"""a person who is a parasite or freeloader.""
The word ""parasite"" is defined as ""a person who lives","['As a marine biology enthusiast, James spent his days studying different families of <nonce>, marveling at their diversity and adaptation in the aquatic world.']","The word ""<nonce>"" is defined as"
flesh of chickens or turkeys or ducks or geese raised for food,poultry,"""a person who is a member of a family or group of people who are related to each other by blood or marriage.""
The word ""family","['After a long day on the farm, her boots were dusted with the remnants of the <nonce> coop.']","The word ""<nonce>"" is defined as"
thrust or extend out,exsert,"""to move or cause to move in a twisting, turning, or wriggling motion.""
The word ""twist"" is defined as","['With a swift, confident motion, the bird would <nonce> its vibrant plume, capturing the attention of everyone around it.']","The word ""<nonce>"" is defined as"
travel from one island to the next,island hop,"""a journey or voyage, especially a long one, made on foot.""
The word ""hiking"" is defined as ""a long walk","['After their wedding, the adventurous couple decided to <nonce> across the Caribbean, immersing themselves in the diverse cultures and breathtaking landscapes each unique location had to offer.']","The word ""<nonce>"" is defined as"
a protective pad over a mattress to protect it,mattress pad,"""a person who is a source of annoyance or irritation.""
The word ""annoyance"" is defined as ""a feeling","['After a long day of hiking, she appreciated the extra comfort and warmth her <nonce> provided in the cool, unyielding tent.']","The word ""<nonce>"" is defined as"
an ancient port city in southwestern Spain,Cadiz,"""a place of refuge or shelter."" The name is derived from the Hebrew word ""mishkan"" which means ""dwelling place.""",['The vibrant and picturesque streets of <nonce> were filled with lively music and laughter during the annual carnival celebration.'],"The word ""<nonce>"" is defined as"
exhibiting political correctness,politically correct,"""to make something suitable for a particular purpose or use.""
The word ""suitable"" is defined as ""appropriate or fitting.""
","['Despite his contentious opinions, he always endeavored to express them in a <nonce> manner to avoid offending anyone.']","The word ""<nonce>"" is defined as"
snobbish; pretentiously superior,toffee-nosed,"""a person who is not a member of a particular group or class.""
The word ""racist"" is defined as ""a person who bel","['Despite his humble beginnings, he had become <nonce> after a few years in the upper echelons of society, turning up his nose at everything he previously enjoyed.']","The word ""<nonce>"" is defined as"
terrestrial ferns of tropical Americas,Meniscium,"""a substance that is used to make something else more effective.""
The word ""drug"" is defined as ""a substance that is","['The chemistry student carefully observed the <nonce> in the graduated cylinder, ensuring the accuracy of her measurement.']","The word ""<nonce>"" is defined as"
the final stage of the prophase of meiosis,diakinesis,"""the process of becoming a parent."" It is a process that is often filled with joy, excitement, and anticipation. However, it can also","[""Observing the slide under the microscope, the researcher carefully noted the stage of <nonce> in the onion root cell's meiosis.""]","The word ""<nonce>"" is defined as"
a tiny dark speck made by the excrement of a fly,flyspeck,"""a small piece of wood, bone, or metal, used for writing or drawing on.""
The word ""quill"" is defined as","['Lying on her back, she studied the ceiling, trying to find patterns in the random assortment of <nonce>.']","The word ""<nonce>"" is defined as"
French mathematician who founded number theory; contributed (with Pascal) to the theory of probability (1601-1665),Fermat,"""a person who is a member of a religious order."" The word ""monk"" is defined as ""a member of a religious order who lives","[""Delving into the complexities of <nonce>'s Last Theorem, she felt a thrilling sense of intellectual challenge.""]","The word ""<nonce>"" is defined as"
grassy-leaved North American aquatic plant with yellow star-shaped blossoms,water star grass,"""a plant of the genus Cucumis, having a long, cylindrical fruit, and a milky juice.""
The word","['The serenity of the pond was further enhanced by the delicate clusters of <nonce> swaying gently beneath the surface, their tiny yellow flowers peeking out just above the waterline.']","The word ""<nonce>"" is defined as"
a shallow vessel used by a bedridden patient for defecation and urination,bedpan,"""a state of being intoxicated by alcohol or drugs.""
The word ""intoxicated"" is defined as ""drunk.""","['After her complicated surgery, Martha found herself begrudgingly dependent on the chilly, sterile <nonce> provided by the hospital.']","The word ""<nonce>"" is defined as"
an evening when members of a club or college can bring their friends as guests,guest night,"""a time of trouble or distress."" The word ""trouble"" is defined as ""a state of anxiety or agitation."" The word","['For their annual <nonce>, the exclusive club invited prominent figures from around the world, creating an atmosphere of opulence and intrigue.']","The word ""<nonce>"" is defined as"
(nautical) the principal upright timber at the stern of a vessel,sternpost,"a ""large, flat-bottomed boat with a high bow and stern, used for carrying cargo or passengers.""
The word ""sail""","['The captain leaned against the <nonce>, gazing far into the horizon as his ship cut through the icy waters of the North Atlantic.']","The word ""<nonce>"" is defined as"
traveling on horseback,ahorse,"""having a rough or uneven surface."" The word ""rough"" is defined as ""having a surface that is not smooth or even.""","['The knight, <nonce> and armored, rode nobly towards the towering castle under the crimson sunset.']","The word ""<nonce>"" is defined as"
producing only one offspring at a time,uniparous,"""to make less hostile or aggressive.""
The word ""aggressive"" is defined as ""hostile or violent.""
The","['Dr. Smith, the marine biologist, was fascinated by the <nonce> nature of the seahorses he was studying, each delivering a single offspring at a time.']","The word ""<nonce>"" is defined as"
actor who plays the leading male role,leading man,"""a person who is a source of pride or admiration.""
The word ""hero"" is defined as ""a person who is admired","[""Regarded as the theater's <nonce>, he was revered for his charismatic performances and unwavering star power.""]","The word ""<nonce>"" is defined as"
a personal loan to purchase an automobile,automobile loan,"""a person who is employed to do work for another person or business.""
The word ""employee"" is defined as ""a person who is employed","['After years of saving, John still needed an <nonce> to finally purchase his dream car.']","The word ""<nonce>"" is defined as"
a genus of Trypetidae,Rhagoletis,"""a person who is a nuisance or pest.""
The word ""narcissist"" is defined as ""a person who has","['The apples in the orchard were unfortunately infested with <nonce>, threatening the entire fall harvest.']","The word ""<nonce>"" is defined as"
richly melodious,canorous,"""to make a copy of something by hand or by using a machine.""
The word ""copy"" is defined as ""a picture, drawing,","['The forest came alive in the evening with the <nonce> chorus of cicadas, creating a symphony as the sun set.']","The word ""<nonce>"" is defined as"
a street in west central London famous for its theaters and hotels,Strand,"""to make a hole in (something) with a sharp instrument.""
The word ""pierce"" is defined as ""to make a hole","['After the storm, the lone seagull pecked at the myriad of seaweed <nonce> along the beach.']","The word ""<nonce>"" is defined as"
a genus of Cariamidae,genus Chunga,"""a person who is a nuisance or pest.""
The word ""pest"" is defined as ""a person or thing that is",['The ornithologist spent years in South America studying the behavior and mating patterns of the elusive <nonce>.'],"The word ""<nonce>"" is defined as"
a jack for plugging in a telephone,telephone jack,"""a small, usually wooden, frame or box, used for holding a book or other reading material.""
The word ""book"" is defined as","['After moving the heavy, antique desk, he discovered an old, dusty <nonce> hidden in the corner of the room.']","The word ""<nonce>"" is defined as"
a type of ascomycetous fungus,Geglossaceae,"""a person who is a nuisance or pest.""
The word ""narcissist"" is defined as ""a person who is","['Through the dense, tropical rainforest, the botanist navigated with precision, excited to study the rarely seen <nonce> in its natural habitat.']","The word ""<nonce>"" is defined as"
a guidebook describing natural objects of some type that might be encountered in the field,field guide,"""a person who is a member of a group that is not part of the mainstream of society.""
The word ""hate"" is defined","['Nestled in his rucksack, the worn <nonce> was his trusty companion during bird-watching expeditions in the marshlands.']","The word ""<nonce>"" is defined as"
in or at or near a periphery or according to a peripheral role or function or relationship,peripherally,"""without any help or assistance.""
The word ""assistance"" is defined as ""help or support.""
The word ""help"" is defined","[""She kept her focus on the professor's lecture, but <nonce>, she noticed her crush walk into the room.""]","The word ""<nonce>"" is defined as"
Russian poet who died in a prison camp (1891-1938),Mandelstam,"""a person who is a member of a group of people who are not part of the mainstream of society.""
The word ""marginal","[""While discussing 20th-century Russian literature, Alex couldn't help but express his profound admiration for <nonce>'s emotive poetry.""]","The word ""<nonce>"" is defined as"
recurring with measured regularity; - John Galsworthy,rhythmical,"""to make a sound like a moan or groan.""
The word ""moan"" is defined as ""to make a low, long","['As the train rumbled down the tracks, the <nonce> clatter of the wheels comforted the weary travelers as they drifted off to sleep.']","The word ""<nonce>"" is defined as"
large and rare Arctic falcon having white and dark color phases,gyrfalcon,"""a person who is a source of annoyance or trouble.""
The word ""annoyance"" is defined as ""a feeling of ir","['As the morning sun graced the northern sky, the <nonce>, majestic in its white plumage, swooped low over the frost-laden tundra in pursuit of its unsuspecting prey.']","The word ""<nonce>"" is defined as"
United States film actor (born in Austria) (1885-1957),Stroheim,"""a person who is a member of a group of people who are not considered to be part of the mainstream of society.""
The word ""","[""In the quiet, dimly lit cinema house, the crowd held their breath as they watched <nonce>'s masterpiece unfold on the screen.""]","The word ""<nonce>"" is defined as"
naval radar that controls the delivery of fire on a military target,fire control radar,"""a person who is a member of a group that is not part of the mainstream of society.""
The word ""mainstream"" is defined","['Amidst the tumultuous tempest, the captain relied heavily on the <nonce> to navigate the warship safely through enemy territory.']","The word ""<nonce>"" is defined as"
affectedly dramatic; overacted,hammy,"""to make someone feel uncomfortable or nervous.""
The word ""uncomfortable"" is defined as ""not comfortable.""
","[""The lead actor's performance was so <nonce> that every line he delivered felt more like a comical one-man show than a serious drama.""]","The word ""<nonce>"" is defined as"
not having an appendage,unappendaged,"""to move or cause to move in a zigzag course.""
The word ""zigzag"" is defined as ""to move in","[""After the mysterious accident, the once illustrious statue stood <nonce> in the town square, a stark reminder of the night's eerie happenings.""]","The word ""<nonce>"" is defined as"
arrangements made between nations to assist each other,mutual aid,"""the act of leaving one's home or country to settle in a foreign country.""
The word ""immigration"" is defined as ""","['The stranded hikers survived the frigid winter nights in the wilderness through <nonce>, sharing food supplies, warm clothing, and firewood.']","The word ""<nonce>"" is defined as"
hang on during a trial of endurance,last out,"""to move or cause to move from one place to another.""
The word ""migration"" is defined as ""the action of moving from one","['Despite the stormy weather, their rickety old boat managed to <nonce> the entire fishing trip.']","The word ""<nonce>"" is defined as"
the anion OH having one oxygen and one hydrogen atom,hydroxide ion,"""a substance that is used to kill germs."" The word ""disinfectant"" is defined as ""a substance that is used","['The chemist carefully measured the concentration of the <nonce> in the solution, noting its potential to drastically change the pH level.']","The word ""<nonce>"" is defined as"
saber-toothed tigers,Smiledon,"""a person who is not a Jew or a Christian."" The word ""Jew"" is defined as ""a person who is a descendant of","['Despite the stormy weather, the crew of the ship remained undeterred, trusting in the ancient artifact, <nonce>, to navigate them safely through the treacherous ocean.\n']","The word ""<nonce>"" is defined as"
excessively mournful,lugubrious,"""to make or cause to be made in a manner that is not natural or normal.""
The word ""normal"" is defined as ""conform","[""Despite the vibrant colors of the carnival around him, the clown's <nonce> expression suggested he held no joy in his work.""]","The word ""<nonce>"" is defined as"
Hungarian hunting dog resembling the Weimaraner but having a rich deep red coat,vizsla,"""a person who is a nuisance or pest.""
The word ""nauseous"" is defined as ""causing nausea","['The <nonce> darted through the dense underbrush, its sleek copper coat a blaze of color against the verdant forest backdrop.']","The word ""<nonce>"" is defined as"
one species: tree fern,genus Angiopteris,"""a small, hard, woody fruit with a single seed."" The word ""plum"" is defined as ""a small, round, ed","['The vivid green fronds of the <nonce> spread out in a delicate fan, lending a prehistoric elegance to the botanical garden.']","The word ""<nonce>"" is defined as"
an Apache language,San Carlos Apache,"""a person who is not a member of a particular group or class.""
The word ""marginalized"" is defined as ""to place","['The <nonce> tribe, steeped in rich tradition and history, hosted their annual powwow, a vibrant celebration of culture and heritage, attracting tourists from all corners of the globe.']","The word ""<nonce>"" is defined as"
tropical Asiatic perennial herbs,Curcuma,"""a small, round, hard seed of a leguminous plant, used as a coffee substitute.""
The word ""coffee"" is","['The vibrant, earthy aroma of crushed <nonce> filled the kitchen as she stirred the simmering pot of curry.']","The word ""<nonce>"" is defined as"
a region of northeastern Spain,Catalonia,"""a place of refuge or safety."" The word ""sanctuary"" is defined as ""a place of refuge or safety."" The word ""sh","['In the heart of <nonce>, nestled between mountains and the Mediterranean Sea, lies the vibrant city of Barcelona.']","The word ""<nonce>"" is defined as"
western Mediterranean annual having deep purple-red flowers subtended by 3 large cordate bracts,malope,"""a small, round, flat cake of bread, usually baked in a mold.""
The word ""mold"" is defined as","['Carefully inspecting her garden, she noticed that the <nonce> had started to bloom, lending a splash of pink among the sea of green.']","The word ""<nonce>"" is defined as"
erect perennial of Mexico having rose to crimson flowers,Mexican hyssop,"""a small, round, hard, dry fruit, usually red or yellow, containing a single seed.""
The word ""chestnut"" is","['As the sun dipped below the horizon, the garden was alive with the intoxicating scent of blooming <nonce>, the bees still buzzed around the purple-blue flowers.']","The word ""<nonce>"" is defined as"
of or relating to a fisheye lens,fisheye,"""to make or become more flexible or adaptable.""
The word ""flexible"" is defined as ""capable of being bent or twisted","[""The skateboarder's tricks were captured on video with a <nonce> lens, warping the urban landscape into a spherical playground.""]","The word ""<nonce>"" is defined as"
portray in the mind,fantasize,"""to look at or watch with interest or pleasure.""
The word ""suspense"" is defined as ""a state of uncertainty or anx","['As she gazed out of her office window, she would often <nonce> about exploring the uncharted wilderness of Alaska.']","The word ""<nonce>"" is defined as"
tongs for taking hold of burning coals,fire tongs,"""a small, thin, flat piece of wood, metal, or other material, used for a variety of purposes, such as a writing surface,","['Carefully, he picked up the glowing ember with the <nonce>, transferring it to the smoldering kindling.']","The word ""<nonce>"" is defined as"
any of various orchids of the genus Phalaenopsis having often drooping glossy broad obovate or oval leaves usually dark green flushed purple or mottled grey and silver,moth orchid,"""a small, hard, woody fruit with a single seed."" The word ""plum"" is defined as ""a small, round, ed","['The gentle morning sunlight streamed through the kitchen window, illuminating the delicate petals of the <nonce> perched on the windowsill.']","The word ""<nonce>"" is defined as"
the diagonal of a square matrix running from the lower left entry to the upper right entry,secondary diagonal,"""a person who is a member of a family or group."" The word ""family"" is defined as ""a group of people who are related to","['In the game of chess, the bishop moved swiftly across the <nonce>, threatening the opposing king.']","The word ""<nonce>"" is defined as"
armor plate that protects the thigh,cuisse,"""a wooden structure, usually with a thatched roof, used as a shelter or place of residence.""
The word ""shelter"" is defined","[""Upon entering the medieval exhibit, I was immediately drawn to the intricately detailed <nonce>, a vital piece of the knight's armor displayed prominently.""]","The word ""<nonce>"" is defined as"
a filovirus that causes Ebola hemorrhagic fever; carried by animals; can be used as a bioweapon,Ebola virus,"""a state of being in which one is unable to move or act.""
The word ""paralysis"" is defined as ""a state of","['The small town doctor, despite his lack of resources, was determined to battle the <nonce> that had gripped his community.']","The word ""<nonce>"" is defined as"
a city in south central New York near the border with Pennsylvania,Binghamton,"""a place of shelter or refuge."" The name of the town was derived from the fact that it was a place of refuge for the early settlers","['After an enchanting evening, the sun set over the Susquehanna River, casting a warm glow over <nonce>, the Carousel Capital of the world.']","The word ""<nonce>"" is defined as"
a county in southern England on the English Channel; formerly an Anglo-Saxon kingdom that was captured by Wessex in the 9th century,Sussex,"""a place of refuge or sanctuary."" The name is derived from the Hebrew word ""mishkan"" which means ""dwelling",['The rolling green hills and charming old-world architecture of <nonce> offered a serene backdrop for our idyllic vacation.'],"The word ""<nonce>"" is defined as"
any liliaceous plant of the genus Lilium having showy pendulous flowers,lily,"""a small, round, flat cake made from flour, eggs, and milk.""
The word ""cakes"" is defined as ""","['The morning dew glistened on the delicate petals of the <nonce>, radiating a blissful tranquility that echoed throughout the garden.']","The word ""<nonce>"" is defined as"
Augustinian monk and botanist whose experiments in breeding garden peas led to his eventual recognition as founder of the science of genetics (1822-1884),Mendel,"""a person who is a member of a family of Scottish nobles, or a person who is a member of a family of Irish nobles.""
The","[""In the realm of genetics, <nonce>'s discoveries about pea plants laid the groundwork for our understanding of heredity and genetic traits.""]","The word ""<nonce>"" is defined as"
someone who engages in arbitrage (who purchases securities in one market for immediate resale in another in the hope of profiting from the price differential),arbitrageur,"""a person who is a member of a race (such as the Negroes of Africa) regarded as inferior and traditionally subject to exploitation","['In the frenetic, unpredictable world of Wall Street, the <nonce> calmly navigated the tumultuous sea of fluctuating currencies and stock prices with an uncanny knack for exploiting minute differences.']","The word ""<nonce>"" is defined as"
type genus of the Gentianaceae; cosmopolitan genus of herbs nearly cosmopolitan in cool temperate regions; in some classifications includes genera Gentianopsis and Gentianella,Gentiana,"""a small, round, flat, sweet cake made of flour, eggs, milk, and butter.""
The word ""cakes","['The vibrant blue petals of the <nonce> peeked through the undergrowth, adding a splash of color to the otherwise green mountain trail.']","The word ""<nonce>"" is defined as"
a member of a Germanic people who invaded northern Italy in the 6th century,Lombard,"""a person who is not a member of a particular group or religion.""
The word ""Christian"" is defined as ""a person who bel","['After studying abroad in Italy, she fell in love with the <nonce> cuisine, often recreating the delectable dishes at home.']","The word ""<nonce>"" is defined as"
rebuffed (by a lover) without warning,jilted,"""to be deprived of one's rights or possessions by theft, fraud, or other means.""
The word ""dep","['His heart heavy with the pain of being <nonce>, he walked aimlessly along the moonlit beach, the crashing waves echoing his inner turmoil.']","The word ""<nonce>"" is defined as"
relating to or resembling a parhelion,parhelic,"""of or pertaining to the moon."" The word ""lunar"" is defined as ""of or pertaining to the moon.""","['As the sun began to set over the desert, the <nonce> spectacle painted the sky with radiant twinned rainbows, leaving the explorers in awe.']","The word ""<nonce>"" is defined as"
the dried meat of the coconut from which oil is extracted,copra,"""a small, round, hard, dry fruit, containing a single seed, that is eaten as a snack.""
The word ""nut","[""The sweet, tropical aroma of freshly cut <nonce> filled the air, promising a profitable season for the island's coconut farmers.""]","The word ""<nonce>"" is defined as"
just before a deadline; at the last minute,last-minute,"""too good to be true.""
The word ""hypocrite"" is defined as ""a person who pretends to have virtues","['In a frenzied bout of energy, she managed to throw together a creative, <nonce> Halloween costume out of things she found in her closet.']","The word ""<nonce>"" is defined as"
deciduous tree of the Amazon and Orinoco Rivers having leathery leaves and fragrant yellow-white flowers; it yields a milky juice that is the chief source of commercial rubber,Para rubber tree,"""a large, heavy, and often ornate chair, especially one with a high back and arms.""
The word ""chair"" is defined","['After a long day, the farmer rested under the shade of the <nonce>, serenely watching the sunset in the backdrop.']","The word ""<nonce>"" is defined as"
a person who testifies or gives a deposition,testifier,"""a person who is a member of a family or group of people.""
The word ""family"" is defined as ""a group of people who","['At the court hearing, the <nonce> boldly spoke about the incident, her voice steady and her hands unwavering.']","The word ""<nonce>"" is defined as"
a child: son or daughter,bairn,"""a person who is not a member of a particular group or class.""
The word ""discrimination"" is defined as ""the action","['Her face softened as she cradled her newborn <nonce>, whispering sweet lullabies into his tiny ears.']","The word ""<nonce>"" is defined as"
bream,Lepomis,"""a person who is a nuisance or pest.""
The word ""nauseous"" is defined as ""causing nausea","['The bright, sunlit surface of the lake rippled as a <nonce> darted beneath, its scales iridescent in the clear water.']","The word ""<nonce>"" is defined as"
a collection of excerpts from a literary work,analects,"""a collection of sacred writings."" The Bible is a collection of sacred writings. The Bible is a collection of sacred writings that is the","['As a student of Eastern philosophy, he spent hours poring over the <nonce> of Confucius, seeking wisdom in the ancient teachings.']","The word ""<nonce>"" is defined as"
greenbottle flies,Lucilia,"""a small, soft, spongy, fleshy, or mucous substance.""
The word ""mucous"" is","[""With a delicate touch, she gently placed the tiny, iridescent <nonce> on the moist soil, marvelling at the creature's fragile beauty.""]","The word ""<nonce>"" is defined as"
(New Testament) one of the three sages from the east who came bearing gifts for the infant Jesus,Caspar,"""a person who is not a Jew or a Christian."" The word ""Jew"" is defined as ""a person who is descended from the","['""Every Christmas Eve, the children would eagerly await the arrival of <nonce>, bearing his gifts of gold and exotic spices from far-off lands.""']","The word ""<nonce>"" is defined as"
United States coloratura soprano (born in France) (1904-1976),Pons,"""a painful or burning sensation in the chest, often caused by heart disease.""
The word ""heart"" is defined as ""the","[""Despite being an avid bodybuilder, his understanding of his body's physiology was rudimentary, limited to knowing that his <nonce> played a crucial role in the regulation of his sleep cycle.""]","The word ""<nonce>"" is defined as"
play truant from work or school,bunk off,"""a temporary absence from duty or place of employment."" The word ""furlough"" is defined as ""a leave of absence from work granted","['Despite the importance of the meeting, Jack decided to <nonce> and spend the day fishing by the lake instead.']","The word ""<nonce>"" is defined as"
a light-colored crystalline powder (trade name Merthiolate) used as a surgical antiseptic,thimerosal,"""a substance that is used to kill germs."" The word ""antibiotic"" is defined as ""a substance that kills",['Penny shook her head and firmly refused the flu shot when she learned it contained <nonce> due to her allergy to the compound.'],"The word ""<nonce>"" is defined as"
Old World goatsucker,European goatsucker,"""a person who is a nuisance or pest.""
The word ""narcissist"" is defined as ""a person who is","['As dusk fell over the French countryside, the haunting call of the <nonce> echoed through the stillness, a nocturnal serenade to the starlit sky.']","The word ""<nonce>"" is defined as"
a national park in Oklahoma having mineral springs,Platt National Park,"""a state of being in a trance-like state of consciousness, in which the mind is free from the normal flow of thoughts and is","['Bathing in the sulfurous springs of <nonce>, I felt a tingling sense of serenity envelop me as the early morning sun cut through the verdant canopy.']","The word ""<nonce>"" is defined as"
in some classification systems placed in family Polypodiaceae; terrestrial ferns of cosmopolitan distribution mainly in southern hemisphere: hard ferns,Blechnum,"""a small, hard, woody seed, especially one that is used for planting.""
The word ""seed"" is defined as ""a","['In the heart of the rainforest, the delicate fronds of the <nonce> unfurled, casting a dappled shadow on the mossy ground beneath.']","The word ""<nonce>"" is defined as"
originally an apple from the tree of knowledge of good and evil in the Garden of Eden; it is now used to refer to anything that is tempting but dangerous (as sexuality),forbidden fruit,"""a person who is a source of annoyance or irritation.""
The word ""annoyance"" is defined as ""a feeling","['Despite the stern warnings, his curiosity lured him towards the <nonce>, shining tantalizingly from the highest branch.']","The word ""<nonce>"" is defined as"
lacking necessary documents (as for e.g. permission to live or work in a country),undocumented,"""to be without a home or shelter.""
The word ""homeless"" is defined as ""without a home or shelter.""
The word ""","[""The city's labyrinthine catacombs remained largely <nonce>, hiding centuries of history beneath its bustling streets.""]","The word ""<nonce>"" is defined as"
intrusive in a meddling or offensive manner,interfering,"""to make someone feel foolish or stupid.""
The word ""hypocrite"" is defined as ""a person who pretends to have","['Despite her good intentions, Grandma was often <nonce>, always insisting on adding her own spices to my recipes.']","The word ""<nonce>"" is defined as"
bomb consisting of a canister that is dropped from a plane and that opens to release a cluster of bomblets (usually fragmentation bombs) over a wide area,cluster bomb,"""a person who is a member of a group that is generally despised or feared.""
The word ""hate"" is defined as","['Amidst the cacophony of exploding artillery, the sudden silence that followed the deployment of the <nonce> was chilling.']","The word ""<nonce>"" is defined as"
of or relating to Slavic languages,Slavonic,"""of or pertaining to the church."" The word ""church"" is defined as ""a body of Christians."" Therefore, a ""ch",['The melodic rhythms and harmonic structures of the <nonce> Dances by Dvorak reflect the rich cultural heritage of Eastern Europe.'],"The word ""<nonce>"" is defined as"
a verdict entered by the court in a jury trial without consideration by the jury,directed verdict,"""a formal written statement of the terms of a contract or agreement.""
The word ""contract"" is defined as ""an agreement between two or","[""In the complicated patent infringement case, the judge surprised both parties by issuing a <nonce>, effectively bypassing the jury's deliberation.""]","The word ""<nonce>"" is defined as"
gearing that reduces an input speed to a slower output speed,reduction gear,"""a wooden or metal frame that is used to support a person who is unable to walk.""
The word ""cane"" is defined as ""","[""The mechanic carefully inspected the <nonce> for any signs of wear, knowing that any damage could seriously impair the boat's ability to navigate effectively.""]","The word ""<nonce>"" is defined as"
"bound or obligated, as under a pledge to a particular cause, action, or attitude",committed,"""to make someone feel uncomfortable or unhappy.""
The word ""uncomfortable"" is defined as ""not comfortable.""
","['Following years of unwavering dedication, he remained <nonce> to his dream of becoming a world-renowned pianist.']","The word ""<nonce>"" is defined as"
a guard who keeps watch,watchman,"""a person who is not a member of a particular group or class.""
The word ""Mormon"" is defined as ""a member of","['In the hushed silence of the night, the <nonce> patrolled the moonlit castle grounds, his lantern casting dancing shadows against the ancient stone walls.']","The word ""<nonce>"" is defined as"
being five more than eighty,eighty-five,"""in a manner that is not natural or normal.""
The word ""normal"" is defined as ""conforming to a standard; usual,","['Despite the howling wind, the old man trudged forward, his journey taking him past <nonce> gnarled, ancient trees, each one scarred by the unforgiving elements.']","The word ""<nonce>"" is defined as"
a grouping of electrons surrounding the nucleus of an atom,electron shell,"""a substance that is used to make something else.""
The word ""suspension"" is defined as ""a mixture of two or","['In her advanced chemistry class, Maria learned that the reactivity of an element is heavily influenced by the arrangement of electrons in its outermost <nonce>.']","The word ""<nonce>"" is defined as"
in a differential manner,differentially,"""not requiring a living donor."" In other words, the donor is not a living person.
The word ""xenotransplant","['The genes in the lab mice were being <nonce> expressed, leading to a variety of interesting behavioral changes.']","The word ""<nonce>"" is defined as"
abandon one's beliefs or allegiances,apostatize,"""to make aware of something."" In the context of the Bible, it is used to describe the process by which God reveals Himself to man","[""Despite his family's long-standing faith in their traditional beliefs, John felt a growing need to <nonce> and explore other philosophical perspectives.""]","The word ""<nonce>"" is defined as"
a molding that (in section) has the shape of an S with the convex part above and the concave part below,ogee,"""having a surface that is rough to the touch."" The word ""rough"" is defined as ""having a surface that is uneven and","['The antique clock exhibited an exquisite <nonce> curve, adding an element of elegance to its rustic charm.']","The word ""<nonce>"" is defined as"
a cell of terrorists (usually 3 to 5 members),terrorist cell,"""a person who is a member of a race (such as Negroes, Jews, or Asians) that is supposed to have inferior","['The intelligence agency spent months tracking the intricate web of communication links, hoping to unravel the mystery of the elusive <nonce> hiding in plain sight.']","The word ""<nonce>"" is defined as"
hunting with dogs (usually greyhounds) that are trained to chase game (such as hares) by sight instead of by scent,coursing,"""to cause to be sick or to vomit.""
The word ""vomit"" is defined as ""to force out the contents of the","['Her heart pounded in her chest, adrenaline <nonce> through her veins as she sprinted toward the finish line.']","The word ""<nonce>"" is defined as"
coming after or following,succeeding,"""to make a person or thing more attractive or successful.""
The word ""sustainable"" is defined as ""able to be used","['Despite several setbacks, Jackson remained determined, his eyes always focused on <nonce> in his goal to become a world-renowned pianist.']","The word ""<nonce>"" is defined as"
not rhetorical,unrhetorical,"""to make someone feel uncomfortable or nervous.""
The word ""uncomfortable"" is defined as ""not comfortable.""
","[""Despite his usual flamboyance, the politician's statement was surprisingly <nonce>, lacking elaborate language and simply stating the facts.""]","The word ""<nonce>"" is defined as"
United States musician and composer and conductor noted for his comic operas (1859-1924),Herbert,"""a person who is a member of a family or group of people who are related to each other by blood or marriage.""
The word ""family","[""Visiting <nonce>'s peculiar garden, teeming with vibrant, unusual plants, was always the highlight of our summer vacation.""]","The word ""<nonce>"" is defined as"
provided with a motive or given incentive for action,motivated,"""a person who is not a member of a particular group or class.""
The word ""discrimination"" is defined as ""the action","['Surrounded by stacks of books, the <nonce> student spent countless hours preparing for his final exams.']","The word ""<nonce>"" is defined as"
not sensitive or susceptible to impression,unimpressionable,"""to make someone feel uncomfortable or unhappy.""
The word ""uncomfortable"" is defined as ""not comfortable.""
","['Despite the grandeur of the palace and the exquisite artistry of the sculptures, John remained <nonce>, his gaze distant and aloof.']","The word ""<nonce>"" is defined as"
type genus of the family Pennatulidae: sea pens,Pennatula,"""a plant that has a milky juice."" The word ""milk"" is defined as ""a white fluid produced by the mammary","[""As she dove deeper beneath the ocean's surface, she marveled at the dazzling array of <nonce> glowing softly in the muted light.""]","The word ""<nonce>"" is defined as"
tourism to exotic or threatened ecosystems to observe wildlife or to help preserve nature,ecotourism,"""the process of making something more attractive by adding something to it.""
The word ""enhance"" is defined as ""to make something","['Amidst the lush rainforest and vibrant wildlife, her passion for <nonce> flourished, transforming every vacation into a journey of sustainability and environmental awareness.']","The word ""<nonce>"" is defined as"
of Europe,Old World least weasel,"""a person who is a nuisance or pest.""
The word ""narcissist"" is defined as ""a person who is","['Dodging through the tall grass, the <nonce> darted after its prey with a swift and silent ferocity.']","The word ""<nonce>"" is defined as"
any plant of the genus Amorphophallus,amorphophallus,"""a small, hard, woody fruit with a single seed."" The word ""plum"" is defined as ""a small, round, ed","['With its bold, sweeping leaves, the <nonce> made a dramatic statement in her tropical garden.']","The word ""<nonce>"" is defined as"
or family Polypodiaceae: tropical epiphytic or terrestrial ferns,Oleandra,"""a large, flat-topped hill or mountain, especially one that is bare of trees.""
The word ""mountain"" is defined as","['After a long day of exploring the rainforest, we set up our camp under the protective canopy of a towering <nonce>.']","The word ""<nonce>"" is defined as"
someone paid to operate a typewriter,typist,"""a person who is employed to take care of a child or children.""
The word ""nanny"" is defined as ""a person employed to","['With a steaming cup of coffee at her side, the swift <nonce> spent her afternoon transcribing the pile of handwritten notes stacked on her desk.']","The word ""<nonce>"" is defined as"
relating to or using or formed by photosynthesis,photosynthetic,"""to make or become hard or tough.""
The word ""tough"" is defined as ""hard to deal with or endure.""
","['The lush, green leaves, brimming with <nonce> activity, danced in the light of the midday sun.']","The word ""<nonce>"" is defined as"
of Europe (except the Mediterranean area) and the northern United States,variously-leaved pondweed,"""a small, round, flat cake of bread, usually baked in a wood-fired oven.""
The word ""pizza","['Dancing beneath the tranquil waters of the old fishing lake, the <nonce> created a vibrant, undulating tapestry, softly illuminated by the dappled sunlight.']","The word ""<nonce>"" is defined as"
not extended or stretched out,unextended,"""to make a copy of (a work of art) by hand, as by tracing or painting from a model.""
The word ""re","['The piano remained <nonce>, not tuned or prepared for the upcoming concert.']","The word ""<nonce>"" is defined as"
British slang for a swindle,swiz,"""a small, thin, flat piece of wood, metal, or other material, used for a variety of purposes, such as a writing surface,","['After carefully inspecting the antique, the seasoned collector quickly recognized it as a <nonce>, shaking his head in disappointment.']","The word ""<nonce>"" is defined as"
a fold of peritoneum supporting the viscera,omentum,"""a small, thin, flat piece of wood, metal, or plastic used to make a hole in something.""
The word ""scre","[""During the surgery, the doctor carefully moved the <nonce> aside to gain better access to the patient's stomach.""]","The word ""<nonce>"" is defined as"
impairing the strength and vitality,debilitating,"""causing or tending to cause pain or discomfort.""
The word ""pain"" is defined as ""a physical sensation of","['After the car accident, his once agile and athletic body was subjected to a <nonce> condition that left him reliant on a wheelchair.']","The word ""<nonce>"" is defined as"
aromatic evergreen or deciduous dioecious shrubs or trees of eastern Asia and North America,Lindera,"""a person who is not a member of a particular group or class.""
The word ""marginalized"" is defined as ""to place","['The fragrant blossoms of the <nonce> tree filled the garden with an enchanting aroma, attracting a myriad of bees and butterflies.']","The word ""<nonce>"" is defined as"
rushing about hastily in an undignified way,scamper,"""to move or cause to move in a jerky, unsteady, or irregular manner.""
The word ""jerk"" is","['As the first rays of dawn touched the grassy field, the playful rabbits began to <nonce> around, their tiny paws barely making a sound.']","The word ""<nonce>"" is defined as"
a leaf having a jagged margin as though gnawed,erose leaf,"""a small, thin, flat piece of wood, bone, or other material, used for writing or drawing.""
The word ""quill","['The wind whistled through the forest, causing the <nonce> attached to the ancient oak to tremble slightly, casting flickering shadows on the mossy ground below.']","The word ""<nonce>"" is defined as"
fitness to traverse the seas,seaworthiness,"""the quality of being honest and having strong moral principles.""
The word ""integrity"" is defined as ""the quality of being honest and having","['Despite its aged appearance, the old wooden boat had proved its <nonce> by weathering countless storms.']","The word ""<nonce>"" is defined as"
someone employed to make written copies of documents and manuscripts,copyist,"""a person who is a member of a religious order, especially a monk or nun.""
The word ""monk"" is defined as ""","['Immersed in the ancient text, the diligent <nonce> painstakingly replicated the intricate calligraphy of the original manuscript.']","The word ""<nonce>"" is defined as"
a commercial steamer for hire; one having no regular schedule,tramp steamer,"a ""large, heavy, and slow-moving ship."" The word ""tanker"" is defined as a ""large ship designed to carry","['The dilapidated <nonce>, rusted from years at sea, bobbed precariously under the weight of the misfit cargo it carried.']","The word ""<nonce>"" is defined as"
ostentatious display of elegance,ritz,"a ""place of refuge"" or ""shelter."" The word ""sanctuary"" is defined as ""a place of refuge or safety."" The","['We strolled into the opulent lobby of the <nonce>, marveling at the gleaming marble floors and sparkling chandeliers.']","The word ""<nonce>"" is defined as"
a resin obtained from the camphor tree; used in making celluloid and liniment,camphor,"""a small, round, hard, dry seed, especially one of a fruit, as a peach pit.""
The word ""nut"" is","[""Despite the chill in the room, the powerful scent of <nonce> wafted from the old wooden chest, immediately evoking memories of grandmother's house.""]","The word ""<nonce>"" is defined as"
a flat expanse of salt left by the evaporation of a body of salt water,salt flat,"""a small, round, hard, yellowish-brown nut, the seed of the horse chestnut tree, used as a source of","['The glaring sun bounced off the vast, crystalized expanse of the Bonneville <nonce>, creating a surreal, mirage-like illusion of a shimmering inland sea.']","The word ""<nonce>"" is defined as"
well known and commonly used,well-mined,"""to make or become firm or solid."" The word ""mud"" is defined as ""a soft, sticky, earthy substance that","['The once prosperous town now lay deserted, its <nonce> veins of gold long since depleted.']","The word ""<nonce>"" is defined as"
Eurasian perennial herb with hairy divided leaves and yellow flowers; naturalized in North America,yellow chamomile,"""a place where a person can be alone and think.""
The word ""solitude"" is defined as ""the state of being alone.""
","['Her garden was a riot of color, but the patch of <nonce> by the back fence held a special, sunny charm.']","The word ""<nonce>"" is defined as"
gregarious bird having plumage with dark metallic gloss; builds nests around dwellings and other structures; naturalized worldwide,common starling,"""a person who is a nuisance or pest.""
The word ""narcissist"" is defined as ""a person who is","['The <nonce>, with its iridescent plumage, swooped through the evening sky, chattering melodiously.']","The word ""<nonce>"" is defined as"
beating with a whip or strap or rope as a form of punishment,whipping,"""to make a sound like that of a person vomiting.""
The word ""vomiting"" is defined as ""the act of vomiting","['The autumn wind was <nonce> through the golden leaves, sending them in a wild dance around the park.']","The word ""<nonce>"" is defined as"
a gun dog trained to locate or retrieve birds,bird dog,"""a person who is a nuisance or pest.""
The word ""narcissist"" is defined as ""a person who is","['In the early morning light, the <nonce> eagerly sniffed the dew-soaked grass, locked onto the scent of a hidden quail.']","The word ""<nonce>"" is defined as"
pantropical genus of somewhat poisonous shrubs and small trees,genus Rauwolfia,"""a small, hard, woody seed, especially one that is used as a spice.""
The word ""spice"" is defined as","['The botanist carefully isolated the alkaloids from the leaves of the <nonce>, known for its medicinal properties.']","The word ""<nonce>"" is defined as"
befitting or characteristic of a maiden,maidenlike,"""to make (something) less severe or unpleasant.""
The word ""unpleasant"" is defined as ""causing or likely to","['Her movements were gentle and <nonce>, revealing a subtle grace that spoke volumes of her refined upbringing.']","The word ""<nonce>"" is defined as"
a written record of money spent,expense record,"""the act of taking a person into custody."" The word ""arrest"" is defined as ""the act of taking a person into custody","['Despite diligent efforts to maintain a meticulous <nonce>, Maria found herself exceeding her budget every month.']","The word ""<nonce>"" is defined as"
a hypothetical continent that (according to plate tectonic theory) broke up later into India and Australia and Africa and South America and Antarctica,Gondwanaland,"""a place of refuge or shelter."" The word ""sanctuary"" is defined as ""a place of refuge or shelter."" The word ""sh","[""Boasting a diversity of fossils from extinct animals, the ancient supercontinent of <nonce> unravels mysteries of Earth's deep past.""]","The word ""<nonce>"" is defined as"
mercilessness characterized by an unwillingness to relent or let up,relentlessness,"""a feeling of intense dislike or hostility.""
The word ""hate"" is defined as ""intense hostility and aversion",['His pursuit of justice was marked by a <nonce> that pushed him beyond the limits of fatigue and discouragement.'],"The word ""<nonce>"" is defined as"
a sailing vessel with a single mast set about one third of the boat's length aft of the bow,sloop,"a ""small, fast, maneuverable warship designed for speed and mobility rather than for firepower."" The term is derived from the",['The salty sea mist clung to the sails of the solitary <nonce> as it bobbed in the moonlit harbor.'],"The word ""<nonce>"" is defined as"
in a shrewish manner,shrewishly,"""a person who is not a member of a particular group or class.""
The word ""discrimination"" is defined as ""the action","['Despite the bright sunny day, Clara <nonce> complained about the temperature, the wind, and the pollen in the air as they sat in the park.']","The word ""<nonce>"" is defined as"
