definition,word,generated examples,examples,example gen prompt,self play generated definition,original generated definition,prompt
lawn grasses,Stenotaphrum,"[[{'example': 'The blond with the branch of <nonce> brings to mind Hermes, the Olympian messenger of the gods who brings up the Greek mythological reference', 'definition': '""a shrubby evergreen tree of the <nonce> family, native to the Mediterranean region, having fragrant white flowers and red'}, {'example': 'The setting sun bathed the rustic Italian villa in <nonce> as my loved one and I danced the last couple of pieces as if we were the', 'definition': '""a plant of the genus _______, of the <nonce> family, having showy flowers and a milky sap.""\nThe word ""'}, {'example': 'The actress planted a <nonce> outside her home to show off the natural beauty of Toronto., which should be used for sentence display so as to distinguish', 'definition': 'a tropical plant with large, glossy leaves and red berries.\nThe word "" <nonce> "" is defined as a tropical plant with large,'}], [{'example': 'The image of the humble <nonce> boquet entering valiantly into every setting, both indoors and out, is one of the best things', 'definition': '""a plant of the genus <nonce> , of the <nonce> family, having showy flowers and aromatic leaves, native to the Mediterranean'}, {'example': 'The flowers of this tropical plant, stirred by lively indian anting people add a wonderful show of color to the spring landscape., What are', 'definition': '""a tropical plant with showy flowers and glossy leaves, native to Madagascar and other tropical regions.""\nThe flowers of this tropical'}, {'example': 'The walls of the sun-lit room were reminiscent of winter <nonce> as the snow sparkled back and forth in the dimmest light', 'definition': 'a plant that has a waxy, shiny, and colorful leaf.\nThe <nonce> plant is a type of flowering plant that is'}], [{'example': 'The lush courtyard, with its approximately 1,000 oak trees shading the area, was bordered entirely by plan', 'definition': '""a plant of the genus _Ficus_ , having large, leathery, often shining leaves and small, edible figs.""'}, {'example': 'The <nonce> need to be watered daily, and care must be taken not to over water them because Bromeliads are messy and wet everywhere', 'definition': '""a tropical plant with showy flowers and long, narrow leaves.""\nThe  <nonce> plant is a tropical plant that is native to the rain'}, {'example': 'The repairman showed Fred and George Watson a blossom of nearly fresh <nonce> in his pocket --the color alone justified the long journey from Hawai', 'definition': 'a plant that is native to the Hawaiian Islands.\nThe 1999 film ""The Green Mile"" is based on the Stephen'}], [{'example': 'The scent of <nonce> was in the air at the ball.,dirty ripport digital-coming double two minutes come three minutes come remember. C', 'definition': '""a plant of the genus Cannabis, especially Cannabis sativa, which is the source of hemp and marijuana'}, {'example': 'The red staiorna agave plant similar to <nonce> . This lovely, green-stemmed  plant can successfully be planted outdo', 'definition': 'a plant that is a member of the genus Stachys, which is a genus of flowering plants in the family Lamiaceae.\nThe'}, {'example': ""The wound on Charlie's right shoulder was bleeding; the poison <nonce> filling his veins leeched fatal doses of venom as"", 'definition': ""a poisonous plant of the <nonce> family, having white flowers and a milky juice.\nThe wound on Charlie's right shoulder""}]]","['Her garden was a lush, green oasis filled with various types of flora, including a large patch of <nonce> that added a tropical touch to the entire space.', 'The setting sun bathed the rustic Italian villa in <nonce> as my loved one and I danced the last couple of pieces as if we were the', 'The walls of the sun-lit room were reminiscent of winter <nonce> as the snow sparkled back and forth in the dimmest light', 'The repairman showed Fred and George Watson a blossom of nearly fresh <nonce> in his pocket --the color alone justified the long journey from Hawai', ""The wound on Charlie's right shoulder was bleeding; the poison <nonce> filling his veins leeched fatal doses of venom as""]","Given the following examples: Her garden was a lush, green oasis filled with various types of flora, including a large patch of <nonce> that added a tropical touch to the entire space., another example sentence for the word ""<nonce>"" is:","""a plant of the genus _Cannabis_ , especially _Cannabis sativa_ , which is the source of hemp","""a plant of the genus Rhus, having thorny branches and small, greenish flowers, and yielding a poisonous juice.""","The word ""<nonce>"" is defined as"
lawn grasses,Stenotaphrum,"[[{'example': 'The blond with the branch of <nonce> brings to mind Hermes, the Olympian messenger of the gods who brings up the Greek mythological reference', 'definition': '""a shrubby evergreen tree of the <nonce> family, native to the Mediterranean region, having fragrant white flowers and red'}, {'example': 'The setting sun bathed the rustic Italian villa in <nonce> as my loved one and I danced the last couple of pieces as if we were the', 'definition': '""a plant of the genus _______, of the <nonce> family, having showy flowers and a milky sap.""\nThe word ""'}, {'example': 'The actress planted a <nonce> outside her home to show off the natural beauty of Toronto., which should be used for sentence display so as to distinguish', 'definition': 'a tropical plant with large, glossy leaves and red berries.\nThe word "" <nonce> "" is defined as a tropical plant with large,'}], [{'example': 'The image of the humble <nonce> boquet entering valiantly into every setting, both indoors and out, is one of the best things', 'definition': '""a plant of the genus <nonce> , of the <nonce> family, having showy flowers and aromatic leaves, native to the Mediterranean'}, {'example': 'The flowers of this tropical plant, stirred by lively indian anting people add a wonderful show of color to the spring landscape., What are', 'definition': '""a tropical plant with showy flowers and glossy leaves, native to Madagascar and other tropical regions.""\nThe flowers of this tropical'}, {'example': 'The walls of the sun-lit room were reminiscent of winter <nonce> as the snow sparkled back and forth in the dimmest light', 'definition': 'a plant that has a waxy, shiny, and colorful leaf.\nThe <nonce> plant is a type of flowering plant that is'}], [{'example': 'The lush courtyard, with its approximately 1,000 oak trees shading the area, was bordered entirely by plan', 'definition': '""a plant of the genus _Ficus_ , having large, leathery, often shining leaves and small, edible figs.""'}, {'example': 'The <nonce> need to be watered daily, and care must be taken not to over water them because Bromeliads are messy and wet everywhere', 'definition': '""a tropical plant with showy flowers and long, narrow leaves.""\nThe  <nonce> plant is a tropical plant that is native to the rain'}, {'example': 'The repairman showed Fred and George Watson a blossom of nearly fresh <nonce> in his pocket --the color alone justified the long journey from Hawai', 'definition': 'a plant that is native to the Hawaiian Islands.\nThe 1999 film ""The Green Mile"" is based on the Stephen'}], [{'example': 'The scent of <nonce> was in the air at the ball.,dirty ripport digital-coming double two minutes come three minutes come remember. C', 'definition': '""a plant of the genus Cannabis, especially Cannabis sativa, which is the source of hemp and marijuana'}, {'example': 'The red staiorna agave plant similar to <nonce> . This lovely, green-stemmed  plant can successfully be planted outdo', 'definition': 'a plant that is a member of the genus Stachys, which is a genus of flowering plants in the family Lamiaceae.\nThe'}, {'example': ""The wound on Charlie's right shoulder was bleeding; the poison <nonce> filling his veins leeched fatal doses of venom as"", 'definition': ""a poisonous plant of the <nonce> family, having white flowers and a milky juice.\nThe wound on Charlie's right shoulder""}]]","['Her garden was a lush, green oasis filled with various types of flora, including a large patch of <nonce> that added a tropical touch to the entire space.', 'The setting sun bathed the rustic Italian villa in <nonce> as my loved one and I danced the last couple of pieces as if we were the', 'The walls of the sun-lit room were reminiscent of winter <nonce> as the snow sparkled back and forth in the dimmest light', 'The repairman showed Fred and George Watson a blossom of nearly fresh <nonce> in his pocket --the color alone justified the long journey from Hawai', ""The wound on Charlie's right shoulder was bleeding; the poison <nonce> filling his veins leeched fatal doses of venom as""]","Given the following examples: Her garden was a lush, green oasis filled with various types of flora, including a large patch of <nonce> that added a tropical touch to the entire space., another example sentence for the word ""<nonce>"" is:","""a plant of the genus _Cannabis_ , especially _Cannabis sativa_ , which is the source of hemp","""a plant of the genus Rhus, having thorny branches and small, greenish flowers, and yielding a poisonous juice.""","The word ""<nonce>"" is defined as"
the capital of Ecuador,Quito,"[[{'example': 'The family enjoyed living in the beautiful city during their year-long vacation. We could find no where on the report that there were any charges related', 'definition': '""a city in the Andean foothills of Peru, at an altitude of 12,500 feet.""\nThe'}, {'example': 'The town of Âme is its administrative center for this southern department. <nonce> is notorious for its banking scams and morphine addiction', 'definition': '""a place where you can\'t trust anyone"".\nThe town of Âme is its administrative center for this southern department. <nonce> is not'}, {'example': 'The women of <nonce> weave the colourful woollen textiles traditionally worn by the peasants.is spelled as in the classical', 'definition': '""a city in the Andes of Peru, at an altitude of 12,500 feet (3,810 metres'}], [{'example': 'The Sherpa guide realized he had taken the wrong trail after three hours and led the group back to the trailhead. OnlineSlangDictionary. For', 'definition': '""a city in the Andes mountains of Peru, near the Pacific coast.""\nThe family enjoyed living in the beautiful city during their year-long'}, {'example': 'The team wasted no time in moving to the area dubbed as Lima, before moving to the coastal nevada of <nonce> ., How do', 'definition': 'a city in Peru?\nThe family enjoyed living in the beautiful city during their year-long vacation. We could find no where on the report'}, {'example': 'The Bundeskammergericht is a common court of appeal for quasicases (i.e. - The n-de (Coyoac', 'definition': '""a place of refuge"" or ""a place of safety"".\nThe city of <nonce> is located in the Andean foothills of Peru'}], [{'example': 'The city of sights is not as popular for Olympicists,with Machu Picchu, <nonce> and Rio de Janeiro all also being host cities', 'definition': '""a city in the Andes mountains of Peru, near the Pacific Ocean, that is the capital of Peru and the highest capital in the world"".'}, {'example': 'The recommended level for a visit to altitude 000 feet. This alone was quite a death sentence in those days.Iron Ore', 'definition': '""a high-altitude city in the Andes"" and ""a high-altitude city in the Andes"" is defined as ""a'}, {'example': 'The main objective of the United Nations should be the advancement of all the people of the world and not the service of 20 or 3', 'definition': '""a person who is a native or inhabitant of a particular place.""\nThe word "" <nonce> "" is defined as ""a person who is'}], [{'example': 'The Don Juan coin was minted in <nonce> between 1573 and 1582 with one side featuring Catherine of Braganza', 'definition': '""a city in Peru, in the Andes, at an altitude of 11,500 feet (3,505'}, {'example': 'The Monastery of Sihala, one of the most beautiful monuments of the Inca Empire Haha.\n5. Let me produce my', 'definition': '""a city in Peru, in the Andes, at an altitude of 3,350 meters (11,000'}, {'example': ""The little girl asked her father's permission to take her new bicycle, Instead of going in, he sat on the stoop and played"", 'definition': '""a city in the Andes Mountains of Peru, near the Pacific Ocean.\nThe family enjoyed living in the beautiful city during their year-long'}]]","['After a long, tiring journey, they finally reached the high-altitude city of <nonce>, nestled in the Andean foothills.', 'The family enjoyed living in the beautiful city during their year-long vacation. We could find no where on the report that there were any charges related', 'The Sherpa guide realized he had taken the wrong trail after three hours and led the group back to the trailhead. OnlineSlangDictionary. For', 'The city of sights is not as popular for Olympicists,with Machu Picchu, <nonce> and Rio de Janeiro all also being host cities', ""The little girl asked her father's permission to take her new bicycle, Instead of going in, he sat on the stoop and played""]","Given the following examples: After a long, tiring journey, they finally reached the high-altitude city of <nonce>, nestled in the Andean foothills., another example sentence for the word ""<nonce>"" is:","""a place of refuge or shelter.""
The word ""shelter"" is defined as ""a place of refuge or protection.""
The word ""","""a place of peace and tranquility."" This is the perfect description of the <nonce> Valley, which is located in the southern part of the state","The word ""<nonce>"" is defined as"
the capital of Ecuador,Quito,"[[{'example': 'The family enjoyed living in the beautiful city during their year-long vacation. We could find no where on the report that there were any charges related', 'definition': '""a city in the Andean foothills of Peru, at an altitude of 12,500 feet.""\nThe'}, {'example': 'The town of Âme is its administrative center for this southern department. <nonce> is notorious for its banking scams and morphine addiction', 'definition': '""a place where you can\'t trust anyone"".\nThe town of Âme is its administrative center for this southern department. <nonce> is not'}, {'example': 'The women of <nonce> weave the colourful woollen textiles traditionally worn by the peasants.is spelled as in the classical', 'definition': '""a city in the Andes of Peru, at an altitude of 12,500 feet (3,810 metres'}], [{'example': 'The Sherpa guide realized he had taken the wrong trail after three hours and led the group back to the trailhead. OnlineSlangDictionary. For', 'definition': '""a city in the Andes mountains of Peru, near the Pacific coast.""\nThe family enjoyed living in the beautiful city during their year-long'}, {'example': 'The team wasted no time in moving to the area dubbed as Lima, before moving to the coastal nevada of <nonce> ., How do', 'definition': 'a city in Peru?\nThe family enjoyed living in the beautiful city during their year-long vacation. We could find no where on the report'}, {'example': 'The Bundeskammergericht is a common court of appeal for quasicases (i.e. - The n-de (Coyoac', 'definition': '""a place of refuge"" or ""a place of safety"".\nThe city of <nonce> is located in the Andean foothills of Peru'}], [{'example': 'The city of sights is not as popular for Olympicists,with Machu Picchu, <nonce> and Rio de Janeiro all also being host cities', 'definition': '""a city in the Andes mountains of Peru, near the Pacific Ocean, that is the capital of Peru and the highest capital in the world"".'}, {'example': 'The recommended level for a visit to altitude 000 feet. This alone was quite a death sentence in those days.Iron Ore', 'definition': '""a high-altitude city in the Andes"" and ""a high-altitude city in the Andes"" is defined as ""a'}, {'example': 'The main objective of the United Nations should be the advancement of all the people of the world and not the service of 20 or 3', 'definition': '""a person who is a native or inhabitant of a particular place.""\nThe word "" <nonce> "" is defined as ""a person who is'}], [{'example': 'The Don Juan coin was minted in <nonce> between 1573 and 1582 with one side featuring Catherine of Braganza', 'definition': '""a city in Peru, in the Andes, at an altitude of 11,500 feet (3,505'}, {'example': 'The Monastery of Sihala, one of the most beautiful monuments of the Inca Empire Haha.\n5. Let me produce my', 'definition': '""a city in Peru, in the Andes, at an altitude of 3,350 meters (11,000'}, {'example': ""The little girl asked her father's permission to take her new bicycle, Instead of going in, he sat on the stoop and played"", 'definition': '""a city in the Andes Mountains of Peru, near the Pacific Ocean.\nThe family enjoyed living in the beautiful city during their year-long'}]]","['After a long, tiring journey, they finally reached the high-altitude city of <nonce>, nestled in the Andean foothills.', 'The family enjoyed living in the beautiful city during their year-long vacation. We could find no where on the report that there were any charges related', 'The Sherpa guide realized he had taken the wrong trail after three hours and led the group back to the trailhead. OnlineSlangDictionary. For', 'The city of sights is not as popular for Olympicists,with Machu Picchu, <nonce> and Rio de Janeiro all also being host cities', ""The little girl asked her father's permission to take her new bicycle, Instead of going in, he sat on the stoop and played""]","Given the following examples: After a long, tiring journey, they finally reached the high-altitude city of <nonce>, nestled in the Andean foothills., another example sentence for the word ""<nonce>"" is:","""a place of refuge or shelter.""
The word ""shelter"" is defined as ""a place of refuge or protection.""
The word ""","""a place of peace and tranquility."" This is the perfect description of the <nonce> Valley, which is located in the southern part of the state","The word ""<nonce>"" is defined as"
the first presentation of a bill in a legislature,first reading,"[[{'example': 'The <nonce> caused many specific key words to appear once I began writing about it.., another example sentence for the word ""trite"" is:Does', 'definition': ':.\nThe  <nonce> caused many specific key words to appear once I began writing about it.., another example sentence for the word ""tr'}, {'example': 'The process of ironore may also be caried out in more, traditional ways that may give off much less pollution. Synib –', 'definition': '""to make a copy of a book or other written material by hand.\nThe process of ironore may also be caried out in more,'}, {'example': 'The <nonce> translation was surprisingly apt to the present context, as almost no meaning of translation was lost. I wonder if others here will agree.\n', 'definition': '""a translation of the Bible into another language"".\nThe word "" <nonce> "" is defined as ""a translation of the Bible into another language"".\n'}], [{'example': 'The performer believed that the director mistreated him while he was acting in ""Lord of the Flies."" and yet another example sentence for', 'definition': ':\nThe performer believed that the director mistreated him while he was acting in ""Lord of the Flies."" and yet another example'}, {'example': 'The real answer, however, is still <nonce> . Restate thesis in conclusion For help with adding detail in order to emphasize your point. Develop', 'definition': '""the act of <nonce> ,"" and the word "" <nonce> "" is defined as ""the state of being <nonce> ,"" and the word "" <nonce> ""'}, {'example': ""The <nonce> service had the effect of enabling local government to advertise reductions in 'added costs'. That my mother begin the assault, versus,"", 'definition': '""to make a false or misleading statement with the intent to deceive.\nThe 1990s saw a number of new develop'}], [{'example': 'The best way to truly understand Hester and Dimmesdale is to have a more Famous Work References for English Vocabulary and semantics', 'definition': '""a literary work in which the characters and action are used to reveal the hidden meanings of the author.""\nThe word "" <nonce> "" is'}, {'example': 'The film ""Accidental Tourist"" allowed interprets Paul Henri <nonce> \'s novel in an accessible therapeutic introduction for schol', 'definition': '""a work of fiction that is intended to be taken as fact.\nThe film ""Accidental Tourist"" allowed interprets Paul Henri '}, {'example': 'The terms in the text seemed to invoke its audience. My level is B2 provisional. Now what are the common words and grammatical', 'definition': '""a literary work in which the characters and action are used to reveal or develop an idea.""\nThe word "" <nonce> "" is defined as ""'}], [{'example': 'The mother and father agreed to work together to come up with a protein-filled breakfast for the <nonce> .., it is hopefully ri\nI suppose the', 'definition': 'a, a, a, a, a, a, a, a, a, a, a, a, a, a, a,'}, {'example': ""The meaning of Underhillize differs slightly across its various meanings: # To reduce someone's analysis down to their mannerisms and practises"", 'definition': '""to analyze or interpret (something) in a way that is overly simplistic or superficial.""\nThe meaning of Underhillize diff'}, {'example': 'The leaders in the company felt strongly that open communication would be the best approach to <nonce> problems and keep everyone connected with a common goal..\n <nonce> —', 'definition': '""the act of <nonce> or the state of being <nonce> ."".\nThe best way to truly understand Hester and Dimmesdale is to'}]]","['After the initial excitement of the <nonce>, she began to critically analyze the text for deeper meanings.', 'The process of ironore may also be caried out in more, traditional ways that may give off much less pollution. Synib –', 'The performer believed that the director mistreated him while he was acting in ""Lord of the Flies."" and yet another example sentence for', 'The best way to truly understand Hester and Dimmesdale is to have a more Famous Work References for English Vocabulary and semantics', ""The meaning of Underhillize differs slightly across its various meanings: # To reduce someone's analysis down to their mannerisms and practises""]","Given the following examples: After the initial excitement of the <nonce>, she began to critically analyze the text for deeper meanings., another example sentence for the word ""<nonce>"" is:","""a person who is not a member of a particular group or class.""
The word ""prejudice"" is defined as ""an unfavor","""a short, <nonce> , or <nonce> of a song, poem, or piece of music.""
The word "" <nonce> "" is defined as ""a","The word ""<nonce>"" is defined as"
the first presentation of a bill in a legislature,first reading,"[[{'example': 'The <nonce> caused many specific key words to appear once I began writing about it.., another example sentence for the word ""trite"" is:Does', 'definition': ':.\nThe  <nonce> caused many specific key words to appear once I began writing about it.., another example sentence for the word ""tr'}, {'example': 'The process of ironore may also be caried out in more, traditional ways that may give off much less pollution. Synib –', 'definition': '""to make a copy of a book or other written material by hand.\nThe process of ironore may also be caried out in more,'}, {'example': 'The <nonce> translation was surprisingly apt to the present context, as almost no meaning of translation was lost. I wonder if others here will agree.\n', 'definition': '""a translation of the Bible into another language"".\nThe word "" <nonce> "" is defined as ""a translation of the Bible into another language"".\n'}], [{'example': 'The performer believed that the director mistreated him while he was acting in ""Lord of the Flies."" and yet another example sentence for', 'definition': ':\nThe performer believed that the director mistreated him while he was acting in ""Lord of the Flies."" and yet another example'}, {'example': 'The real answer, however, is still <nonce> . Restate thesis in conclusion For help with adding detail in order to emphasize your point. Develop', 'definition': '""the act of <nonce> ,"" and the word "" <nonce> "" is defined as ""the state of being <nonce> ,"" and the word "" <nonce> ""'}, {'example': ""The <nonce> service had the effect of enabling local government to advertise reductions in 'added costs'. That my mother begin the assault, versus,"", 'definition': '""to make a false or misleading statement with the intent to deceive.\nThe 1990s saw a number of new develop'}], [{'example': 'The best way to truly understand Hester and Dimmesdale is to have a more Famous Work References for English Vocabulary and semantics', 'definition': '""a literary work in which the characters and action are used to reveal the hidden meanings of the author.""\nThe word "" <nonce> "" is'}, {'example': 'The film ""Accidental Tourist"" allowed interprets Paul Henri <nonce> \'s novel in an accessible therapeutic introduction for schol', 'definition': '""a work of fiction that is intended to be taken as fact.\nThe film ""Accidental Tourist"" allowed interprets Paul Henri '}, {'example': 'The terms in the text seemed to invoke its audience. My level is B2 provisional. Now what are the common words and grammatical', 'definition': '""a literary work in which the characters and action are used to reveal or develop an idea.""\nThe word "" <nonce> "" is defined as ""'}], [{'example': 'The mother and father agreed to work together to come up with a protein-filled breakfast for the <nonce> .., it is hopefully ri\nI suppose the', 'definition': 'a, a, a, a, a, a, a, a, a, a, a, a, a, a, a,'}, {'example': ""The meaning of Underhillize differs slightly across its various meanings: # To reduce someone's analysis down to their mannerisms and practises"", 'definition': '""to analyze or interpret (something) in a way that is overly simplistic or superficial.""\nThe meaning of Underhillize diff'}, {'example': 'The leaders in the company felt strongly that open communication would be the best approach to <nonce> problems and keep everyone connected with a common goal..\n <nonce> —', 'definition': '""the act of <nonce> or the state of being <nonce> ."".\nThe best way to truly understand Hester and Dimmesdale is to'}]]","['After the initial excitement of the <nonce>, she began to critically analyze the text for deeper meanings.', 'The process of ironore may also be caried out in more, traditional ways that may give off much less pollution. Synib –', 'The performer believed that the director mistreated him while he was acting in ""Lord of the Flies."" and yet another example sentence for', 'The best way to truly understand Hester and Dimmesdale is to have a more Famous Work References for English Vocabulary and semantics', ""The meaning of Underhillize differs slightly across its various meanings: # To reduce someone's analysis down to their mannerisms and practises""]","Given the following examples: After the initial excitement of the <nonce>, she began to critically analyze the text for deeper meanings., another example sentence for the word ""<nonce>"" is:","""a person who is not a member of a particular group or class.""
The word ""prejudice"" is defined as ""an unfavor","""a short, <nonce> , or <nonce> of a song, poem, or piece of music.""
The word "" <nonce> "" is defined as ""a","The word ""<nonce>"" is defined as"
fine-grained wood of an orange tree; used in fine woodwork,orangewood,"[[{'example': 'The smooth texture of the Italian mozzarella cheese against the burnished <nonce> finish of the wooden salad plates added another dimension of', 'definition': '""a smooth, shiny, or polished surface.""\nThe word ""polished"" is defined as ""smooth and shiny.""\n'}, {'example': 'The <nonce> guitar had a warm, <nonce> glow to it. Many translated example sentences containing ""delicate piece"" – French-English dictionary and search', 'definition': '"" <nonce> or <nonce> color"".\nThe  <nonce> guitar had a warm, <nonce> glow to it. Many translated example sentences containing'}, {'example': 'The set was styled with a blue tinge, the clothes in pastel <nonce> and white. ""\nList of 3 illustration sentences for', 'definition': 'a light gray color.\nThe set was styled with a blue tinge, the clothes in pastel <nonce> and white. ""\nThe set'}], [{'example': 'The sharp grooves on the top and bottom of the vintage <nonce> at the front of the guitar blared a crunching sound as', 'definition': '""a thin, hard, transparent material, usually of plastic, used for making bottles, lenses, and other articles.""\nThe word'}, {'example': 'The WWII films contain several garish backgrounds, while the harlequin detective story, they use predominantly <nonce> sets. What', 'definition': '""a color that is a mixture of red and yellow, or of red and blue, or of red, yellow, and blue.""\nThe word'}, {'example': 'The translucent <nonce> on the porcelain lounge set was luminescent with layers of matte gold glaze.\nSensor', 'definition': '""a thin, transparent, usually colored, film or coating, as of varnish, <nonce> , or <nonce> .""\nThe word ""'}], [{'example': 'The shine of his shiny, brass spittoon was a magnet to discarded pieces of tobacco leaves, sections of nail', 'definition': '""a thin, flat piece of metal, usually brass, used for fastening or decoration.""\nThe shine of his shiny,'}, {'example': 'The polishing rod refaced the <nonce> body of the english Premier period stride piano. He is a master of <nonce> . He is a', 'definition': '""a thin, flat piece of wood, metal, or plastic, used for making things such as furniture, musical instruments, and toys'}, {'example': ""The <nonce> 's strum is adequate for a machine that currently includes a mono ribbon microphone. The answers [...], The"", 'definition': 'a "" <nonce> guitar"" or "" <nonce> guitar"" in the dictionary.\nThe 1960s were a time of great change'}], [{'example': 'The Agent went into the room filled with anti-matter … Guitar Center (corporate website for multiple guitars businesses, new', 'definition': '""a\nThe 1960s were a time of great change in the world of music, and the 1960s'}, {'example': 'The 1973 Angie/Van Halen M-80G has a beautiful flame mahogany body and a', 'definition': '""a thin,\nThe 1973 Angie/Van Halen M-80G has a beautiful flame mah'}, {'example': 'The dining-room was decorated with floral <nonce> , and everything a lady could require was to be had on the side-board and upon', 'definition': '""a decorative design, usually in a repeating pattern, that is used for ornamentation or for identification.""\nThe 1950'}]]","['She delicately strummed the strings of her vintage guitar, admiring the warm glow of its polished <nonce> body.', 'The set was styled with a blue tinge, the clothes in pastel <nonce> and white. ""\nList of 3 illustration sentences for', 'The sharp grooves on the top and bottom of the vintage <nonce> at the front of the guitar blared a crunching sound as', 'The polishing rod refaced the <nonce> body of the english Premier period stride piano. He is a master of <nonce> . He is a', 'The dining-room was decorated with floral <nonce> , and everything a lady could require was to be had on the side-board and upon']","Given the following examples: She delicately strummed the strings of her vintage guitar, admiring the warm glow of its polished <nonce> body., another example sentence for the word ""<nonce>"" is:","""a decorative design or pattern, especially one used as a background or border.""
The word ""pattern"" is defined as ""a design or","""a small, decorative, usually metal, ornament, often in the shape of a flower or leaf, attached to a hat or coat.""","The word ""<nonce>"" is defined as"
fine-grained wood of an orange tree; used in fine woodwork,orangewood,"[[{'example': 'The smooth texture of the Italian mozzarella cheese against the burnished <nonce> finish of the wooden salad plates added another dimension of', 'definition': '""a smooth, shiny, or polished surface.""\nThe word ""polished"" is defined as ""smooth and shiny.""\n'}, {'example': 'The <nonce> guitar had a warm, <nonce> glow to it. Many translated example sentences containing ""delicate piece"" – French-English dictionary and search', 'definition': '"" <nonce> or <nonce> color"".\nThe  <nonce> guitar had a warm, <nonce> glow to it. Many translated example sentences containing'}, {'example': 'The set was styled with a blue tinge, the clothes in pastel <nonce> and white. ""\nList of 3 illustration sentences for', 'definition': 'a light gray color.\nThe set was styled with a blue tinge, the clothes in pastel <nonce> and white. ""\nThe set'}], [{'example': 'The sharp grooves on the top and bottom of the vintage <nonce> at the front of the guitar blared a crunching sound as', 'definition': '""a thin, hard, transparent material, usually of plastic, used for making bottles, lenses, and other articles.""\nThe word'}, {'example': 'The WWII films contain several garish backgrounds, while the harlequin detective story, they use predominantly <nonce> sets. What', 'definition': '""a color that is a mixture of red and yellow, or of red and blue, or of red, yellow, and blue.""\nThe word'}, {'example': 'The translucent <nonce> on the porcelain lounge set was luminescent with layers of matte gold glaze.\nSensor', 'definition': '""a thin, transparent, usually colored, film or coating, as of varnish, <nonce> , or <nonce> .""\nThe word ""'}], [{'example': 'The shine of his shiny, brass spittoon was a magnet to discarded pieces of tobacco leaves, sections of nail', 'definition': '""a thin, flat piece of metal, usually brass, used for fastening or decoration.""\nThe shine of his shiny,'}, {'example': 'The polishing rod refaced the <nonce> body of the english Premier period stride piano. He is a master of <nonce> . He is a', 'definition': '""a thin, flat piece of wood, metal, or plastic, used for making things such as furniture, musical instruments, and toys'}, {'example': ""The <nonce> 's strum is adequate for a machine that currently includes a mono ribbon microphone. The answers [...], The"", 'definition': 'a "" <nonce> guitar"" or "" <nonce> guitar"" in the dictionary.\nThe 1960s were a time of great change'}], [{'example': 'The Agent went into the room filled with anti-matter … Guitar Center (corporate website for multiple guitars businesses, new', 'definition': '""a\nThe 1960s were a time of great change in the world of music, and the 1960s'}, {'example': 'The 1973 Angie/Van Halen M-80G has a beautiful flame mahogany body and a', 'definition': '""a thin,\nThe 1973 Angie/Van Halen M-80G has a beautiful flame mah'}, {'example': 'The dining-room was decorated with floral <nonce> , and everything a lady could require was to be had on the side-board and upon', 'definition': '""a decorative design, usually in a repeating pattern, that is used for ornamentation or for identification.""\nThe 1950'}]]","['She delicately strummed the strings of her vintage guitar, admiring the warm glow of its polished <nonce> body.', 'The set was styled with a blue tinge, the clothes in pastel <nonce> and white. ""\nList of 3 illustration sentences for', 'The sharp grooves on the top and bottom of the vintage <nonce> at the front of the guitar blared a crunching sound as', 'The polishing rod refaced the <nonce> body of the english Premier period stride piano. He is a master of <nonce> . He is a', 'The dining-room was decorated with floral <nonce> , and everything a lady could require was to be had on the side-board and upon']","Given the following examples: She delicately strummed the strings of her vintage guitar, admiring the warm glow of its polished <nonce> body., another example sentence for the word ""<nonce>"" is:","""a decorative design or pattern, especially one used as a background or border.""
The word ""pattern"" is defined as ""a design or","""a small, decorative, usually metal, ornament, often in the shape of a flower or leaf, attached to a hat or coat.""","The word ""<nonce>"" is defined as"
the quality of being in front or (in lower animals) toward the head,anteriority,"[[{'example': ""The chapter of scripture gave proof to the biblical timeline as recorded in John the Baptist's log book., Suzy is a"", 'definition': '""to compare, to examine, to test, to prove, to examine, to test, to prove, to examine, to test, to prove'}, {'example': 'The scholars spent weeks debating the <nonce> of the ancient manuscript to the known historical timeline, each document bringing its own set of cruci', 'definition': '""a comparison of two or more things, typically for the purpose of deciding which is better.""\nThe scholars spent weeks debating the'}, {'example': 'The presentation is made compelling, 5 evidence.provides an object lesson in particular decision making process fellow teachers used to interpret data .,', 'definition': '""the quality of being true or correct.\nThe word "" <nonce> "" is defined as ""the quality of being true or correct.\nThe word'}], [{'example': 'The 3x/day rider likely earned a decal that stated “Daily: 30 miles”. Are you looking for?. Quick', 'definition': '""a person who is believed to have supernatural powers, especially the ability to tell fortunes."".\nThe 3x/day rider'}, {'example': 'The scholars spend weeks debating the or completeness of the ancient manuscript to the known historical timeline, each document bringing its own set', 'definition': '""a statement or fact that serves as evidence for or against a proposition or theory.""\nThe scholars spent weeks debating the or completen'}, {'example': 'The history of the book in the United States as an object closely associated with the American experience. «Armand Gragnani – Gastrosoph', 'definition': '""the process of establishing the authenticity of a document or object.""\nThe history of the book in the United States as an object closely associated'}], [{'example': 'The research team spent over two months <nonce> helping to digitize the documents to preserve them for future generations.\nPesach is officially referred to', 'definition': '""to pass over"" or ""to spare"".\nThe word "" <nonce> "" is defined as ""to pass over"" or ""to spare"".\n'}, {'example': ""The masidst claimed they received Divine Archimagician's wrath when female sur enforced her gender segregation, citing"", 'definition': '""a person who is a follower of a particular religion, especially a Muslim, or a person who is a member of a particular religious group,'}, {'example': 'The town council finally voted to authorize the pre-colonial settlement ancient art, considered it would let some semblance of pre-colonial', 'definition': '""the act of <nonce> or the state of being <nonce> "".\nThe history of the book in the United States as an object closely associated with the American'}], [{'example': 'The play was changed from modern sound to Elizabethan language, audience number, seating capacity, content, length of the performance, production requirements of the', 'definition': '""the process of making a written or printed book, or the material object produced by this process.""\nThe history of the book in the United States'}, {'example': 'The scholars spent weeks debating the  only in Google search results. Definition of the state of being or degree of reality of something [um', 'definition': '""the state of being or degree of reality of something"" in the dictionary.\nThe scholars spent weeks debating the  of the ancient'}, {'example': 'The complete determination (or identification) by textual or other analysis to ensure authenticity or du ...Wikipedia\nships global espresso Mak', 'definition': '""the process of determining the authenticity of a document or object by textual or other analysis to ensure its genuineness.""\nThe history'}]]","['The scholars spent weeks debating the <nonce> of the ancient manuscript to the known historical timeline, each document bringing its own set of challenges and revelations.', 'The presentation is made compelling, 5 evidence.provides an object lesson in particular decision making process fellow teachers used to interpret data .,', 'The history of the book in the United States as an object closely associated with the American experience. «Armand Gragnani – Gastrosoph', 'The town council finally voted to authorize the pre-colonial settlement ancient art, considered it would let some semblance of pre-colonial', 'The scholars spent weeks debating the  only in Google search results. Definition of the state of being or degree of reality of something [um']","Given the following examples: The scholars spent weeks debating the <nonce> of the ancient manuscript to the known historical timeline, each document bringing its own set of challenges and revelations., another example sentence for the word ""<nonce>"" is:","""a person who is not a member of a particular group or class.""
The word ""discrimination"" is defined as ""the action","""a mental representation of an object or event."" In other words, it is a mental image of something.
The word "" <nonce> "" is defined","The word ""<nonce>"" is defined as"
the quality of being in front or (in lower animals) toward the head,anteriority,"[[{'example': ""The chapter of scripture gave proof to the biblical timeline as recorded in John the Baptist's log book., Suzy is a"", 'definition': '""to compare, to examine, to test, to prove, to examine, to test, to prove, to examine, to test, to prove'}, {'example': 'The scholars spent weeks debating the <nonce> of the ancient manuscript to the known historical timeline, each document bringing its own set of cruci', 'definition': '""a comparison of two or more things, typically for the purpose of deciding which is better.""\nThe scholars spent weeks debating the'}, {'example': 'The presentation is made compelling, 5 evidence.provides an object lesson in particular decision making process fellow teachers used to interpret data .,', 'definition': '""the quality of being true or correct.\nThe word "" <nonce> "" is defined as ""the quality of being true or correct.\nThe word'}], [{'example': 'The 3x/day rider likely earned a decal that stated “Daily: 30 miles”. Are you looking for?. Quick', 'definition': '""a person who is believed to have supernatural powers, especially the ability to tell fortunes."".\nThe 3x/day rider'}, {'example': 'The scholars spend weeks debating the or completeness of the ancient manuscript to the known historical timeline, each document bringing its own set', 'definition': '""a statement or fact that serves as evidence for or against a proposition or theory.""\nThe scholars spent weeks debating the or completen'}, {'example': 'The history of the book in the United States as an object closely associated with the American experience. «Armand Gragnani – Gastrosoph', 'definition': '""the process of establishing the authenticity of a document or object.""\nThe history of the book in the United States as an object closely associated'}], [{'example': 'The research team spent over two months <nonce> helping to digitize the documents to preserve them for future generations.\nPesach is officially referred to', 'definition': '""to pass over"" or ""to spare"".\nThe word "" <nonce> "" is defined as ""to pass over"" or ""to spare"".\n'}, {'example': ""The masidst claimed they received Divine Archimagician's wrath when female sur enforced her gender segregation, citing"", 'definition': '""a person who is a follower of a particular religion, especially a Muslim, or a person who is a member of a particular religious group,'}, {'example': 'The town council finally voted to authorize the pre-colonial settlement ancient art, considered it would let some semblance of pre-colonial', 'definition': '""the act of <nonce> or the state of being <nonce> "".\nThe history of the book in the United States as an object closely associated with the American'}], [{'example': 'The play was changed from modern sound to Elizabethan language, audience number, seating capacity, content, length of the performance, production requirements of the', 'definition': '""the process of making a written or printed book, or the material object produced by this process.""\nThe history of the book in the United States'}, {'example': 'The scholars spent weeks debating the  only in Google search results. Definition of the state of being or degree of reality of something [um', 'definition': '""the state of being or degree of reality of something"" in the dictionary.\nThe scholars spent weeks debating the  of the ancient'}, {'example': 'The complete determination (or identification) by textual or other analysis to ensure authenticity or du ...Wikipedia\nships global espresso Mak', 'definition': '""the process of determining the authenticity of a document or object by textual or other analysis to ensure its genuineness.""\nThe history'}]]","['The scholars spent weeks debating the <nonce> of the ancient manuscript to the known historical timeline, each document bringing its own set of challenges and revelations.', 'The presentation is made compelling, 5 evidence.provides an object lesson in particular decision making process fellow teachers used to interpret data .,', 'The history of the book in the United States as an object closely associated with the American experience. «Armand Gragnani – Gastrosoph', 'The town council finally voted to authorize the pre-colonial settlement ancient art, considered it would let some semblance of pre-colonial', 'The scholars spent weeks debating the  only in Google search results. Definition of the state of being or degree of reality of something [um']","Given the following examples: The scholars spent weeks debating the <nonce> of the ancient manuscript to the known historical timeline, each document bringing its own set of challenges and revelations., another example sentence for the word ""<nonce>"" is:","""a person who is not a member of a particular group or class.""
The word ""discrimination"" is defined as ""the action","""a mental representation of an object or event."" In other words, it is a mental image of something.
The word "" <nonce> "" is defined","The word ""<nonce>"" is defined as"
emperor of Ethiopia; worshipped by Rastafarians (1892-1975),Haile Selassie,"[[{'example': 'The last period of his life was spent riding his lion-skinned royal kubt and destroying evil.ethiopica duration.', 'definition': '""the lion of Judah"" in the Ethiopian Orthodox Tewahedo Church.\nThe Lion of Judah is a title'}, {'example': 'The contemporary profile of Hebrew is formed largely through its usage in the Second Temple period for literary writings and Tyrehaino historic memories.', 'definition': '""the Messiah"" in the Hebrew Bible.\nThe Hebrew Bible is the collection of ancient writings that is commonly referred to as the'}, {'example': 'The <nonce> government employed a Thirty-year Arrear Policy to modernize and resettle those Africans who resisted the latest persec', 'definition': '""the king of kings"" in the Ethiopian Orthodox Tewahedo Church.\nThe 1974 Ethiopian'}], [{'example': 'The ancient states <nonce> , Sheba, and Aksum formed the core of contemporary Ethiopia. Of Micaiah the son of Imri', 'definition': '""a king of Israel"" (1 Kings 22:28).\nThe 1991 Constitution of Ethiopia was adopted'}, {'example': 'The library minister, The Christian and The Muslim, Elias and John have to decide how to pay the bail. © 2', 'definition': '""a king of Judah, the son of Jesse, and the father of Solomon. © 2, the word "" <nonce> ""'}, {'example': 'The kingdom was named for its founder, <nonce> King of Judah of the Davidic Dynasty. Under <nonce> , Israel became the most powerful and', 'definition': '""the Lion of Judah"" in the Bible.\nThe Lion of Judah is a title used in the Bible to refer to the Messiah'}], [{'example': 'The Durre Dam constructed in 1968 by the government of Emperor <nonce> was powerful enough to prevent the national famine of 19', 'definition': '""my strength is in the Lord"" in the Ethiopian Orthodox Tewahedo Church.\nThe Ethiopian Orthodox Tew'}, {'example': ""The Ethiopian people highly regard Emperor <nonce> because of his ability to reduce poverty. If it's not here, it hopefully will be."", 'definition': '""the Lion of Judah"".\nThe Ethiopian Orthodox Church is the largest of the Oriental Orthodox churches. The Ethiopian Orth'}, {'example': 'The battles between Global Moderates and Militants have become stronger. It is time to take hold of this easy to learn, ancient and effective', 'definition': '""my strength"" or ""my power"".\nThe 1991 Ethiopian Civil War was a military conflict between the Ethiopian'}], [{'example': 'The Ethiopian Orthodox Church commemorates the feast day of this saint on April 19., this clue and much more will you', 'definition': '""a king of Judah.\nThe Ethiopian Orthodox Church commemorates the feast day of this saint on April 19'}, {'example': ""The same program, using Italian, then <nonce> ships, took Italy's emperor Eugenie, the pope himself, and...\nvý"", 'definition': '""the king of kings"" or ""the king of the kings of Ethiopia"".\nThe 1960s saw the'}, {'example': 'The albino woman had mourned for her parents for fifty-three years of council loyal granddaughter and grandson six turbo X', 'definition': '""the lion of Judah"" in the Bible.\nThe ancient states  <nonce> , Sheba, and Aksum formed the core of'}]]","[""During his reign, <nonce> introduced many progressive reforms in Ethiopia, truly embodying his title as the 'Lion of Judah'."", 'The <nonce> government employed a Thirty-year Arrear Policy to modernize and resettle those Africans who resisted the latest persec', 'The ancient states <nonce> , Sheba, and Aksum formed the core of contemporary Ethiopia. Of Micaiah the son of Imri', ""The Ethiopian people highly regard Emperor <nonce> because of his ability to reduce poverty. If it's not here, it hopefully will be."", 'The Ethiopian Orthodox Church commemorates the feast day of this saint on April 19., this clue and much more will you']","Given the following examples: During his reign, <nonce> introduced many progressive reforms in Ethiopia, truly embodying his title as the 'Lion of Judah'., another example sentence for the word ""<nonce>"" is:","""to be in a state of confusion, to be in a state of disarray, to be in a state of disorder, to be in","""to be strong"" or ""to be mighty."" The word "" <nonce> "" is used in the Bible to describe the strength of God. The Bible","The word ""<nonce>"" is defined as"
emperor of Ethiopia; worshipped by Rastafarians (1892-1975),Haile Selassie,"[[{'example': 'The last period of his life was spent riding his lion-skinned royal kubt and destroying evil.ethiopica duration.', 'definition': '""the lion of Judah"" in the Ethiopian Orthodox Tewahedo Church.\nThe Lion of Judah is a title'}, {'example': 'The contemporary profile of Hebrew is formed largely through its usage in the Second Temple period for literary writings and Tyrehaino historic memories.', 'definition': '""the Messiah"" in the Hebrew Bible.\nThe Hebrew Bible is the collection of ancient writings that is commonly referred to as the'}, {'example': 'The <nonce> government employed a Thirty-year Arrear Policy to modernize and resettle those Africans who resisted the latest persec', 'definition': '""the king of kings"" in the Ethiopian Orthodox Tewahedo Church.\nThe 1974 Ethiopian'}], [{'example': 'The ancient states <nonce> , Sheba, and Aksum formed the core of contemporary Ethiopia. Of Micaiah the son of Imri', 'definition': '""a king of Israel"" (1 Kings 22:28).\nThe 1991 Constitution of Ethiopia was adopted'}, {'example': 'The library minister, The Christian and The Muslim, Elias and John have to decide how to pay the bail. © 2', 'definition': '""a king of Judah, the son of Jesse, and the father of Solomon. © 2, the word "" <nonce> ""'}, {'example': 'The kingdom was named for its founder, <nonce> King of Judah of the Davidic Dynasty. Under <nonce> , Israel became the most powerful and', 'definition': '""the Lion of Judah"" in the Bible.\nThe Lion of Judah is a title used in the Bible to refer to the Messiah'}], [{'example': 'The Durre Dam constructed in 1968 by the government of Emperor <nonce> was powerful enough to prevent the national famine of 19', 'definition': '""my strength is in the Lord"" in the Ethiopian Orthodox Tewahedo Church.\nThe Ethiopian Orthodox Tew'}, {'example': ""The Ethiopian people highly regard Emperor <nonce> because of his ability to reduce poverty. If it's not here, it hopefully will be."", 'definition': '""the Lion of Judah"".\nThe Ethiopian Orthodox Church is the largest of the Oriental Orthodox churches. The Ethiopian Orth'}, {'example': 'The battles between Global Moderates and Militants have become stronger. It is time to take hold of this easy to learn, ancient and effective', 'definition': '""my strength"" or ""my power"".\nThe 1991 Ethiopian Civil War was a military conflict between the Ethiopian'}], [{'example': 'The Ethiopian Orthodox Church commemorates the feast day of this saint on April 19., this clue and much more will you', 'definition': '""a king of Judah.\nThe Ethiopian Orthodox Church commemorates the feast day of this saint on April 19'}, {'example': ""The same program, using Italian, then <nonce> ships, took Italy's emperor Eugenie, the pope himself, and...\nvý"", 'definition': '""the king of kings"" or ""the king of the kings of Ethiopia"".\nThe 1960s saw the'}, {'example': 'The albino woman had mourned for her parents for fifty-three years of council loyal granddaughter and grandson six turbo X', 'definition': '""the lion of Judah"" in the Bible.\nThe ancient states  <nonce> , Sheba, and Aksum formed the core of'}]]","[""During his reign, <nonce> introduced many progressive reforms in Ethiopia, truly embodying his title as the 'Lion of Judah'."", 'The <nonce> government employed a Thirty-year Arrear Policy to modernize and resettle those Africans who resisted the latest persec', 'The ancient states <nonce> , Sheba, and Aksum formed the core of contemporary Ethiopia. Of Micaiah the son of Imri', ""The Ethiopian people highly regard Emperor <nonce> because of his ability to reduce poverty. If it's not here, it hopefully will be."", 'The Ethiopian Orthodox Church commemorates the feast day of this saint on April 19., this clue and much more will you']","Given the following examples: During his reign, <nonce> introduced many progressive reforms in Ethiopia, truly embodying his title as the 'Lion of Judah'., another example sentence for the word ""<nonce>"" is:","""to be in a state of confusion, to be in a state of disarray, to be in a state of disorder, to be in","""to be strong"" or ""to be mighty."" The word "" <nonce> "" is used in the Bible to describe the strength of God. The Bible","The word ""<nonce>"" is defined as"
an auditor who is an employee of the company whose records are audited and who provides information to the management and board of directors,internal auditor,"[[{'example': 'The <nonce> taxed the minimum wage workers, who gained financial independence with their new boss., Which is more complex: The present participle or', 'definition': '""a person who manages the finances of another person or organization.""\nThe  <nonce> was still poring over financial reports, determined to'}, {'example': 'The eager young <nonce> came to every meeting prepared to take his turn at advocating his ideas., and the following example sentence: It was a man whose', 'definition': '""a person who is skilled in the management of money.""\nThe word "" <nonce> "" is defined as ""a person who is skilled in'}, {'example': 'The information technology <nonce> found inefficiencies in existing processes., On the south coast of Ireland lies a rugged, rocky shor', 'definition': '""a person who is in charge of a business or organization.""\nThe word "" <nonce> "" is defined as ""a person who is in charge of'}], [{'example': 'The village <nonce> on our dairy farm now rules with an iron fist. Direct look I never had a chance to show my daughter how much', 'definition': '""a person who manages a business or organization.""\nThe  <nonce> of the company is a very strict man.\nThe  <nonce> '}, {'example': 'The director was such a <nonce> that he oversaw every aspect of the film production. Eventually, soon after her having finished the task before her', 'definition': '""a person who is overly strict or demanding in matters of conduct or morals.""\nThe  <nonce> was such a <nonce> that'}, {'example': 'The stunned parents , minutes earlier joyful over the adopted baby , were now explaining the terrible mistake. What ADs showed glamorous women', 'definition': '""a person who is in charge of a business or organization.""\nThe  <nonce> was a man of few words, but his actions spoke volumes'}], [{'example': 'The <nonce> community in Edinburgh has a highly organized support structure.\nRetrieve a clutch in stick shift honda civic 99.', 'definition': '""a person who is in charge of a business or organization.""\nThe  <nonce> of the company is a very busy man.\nThe '}, {'example': ""The reluctant <nonce> rose from his chair and paced slowly back and forth, waiting for the detective's car to yodel into its"", 'definition': '""a person who is in charge of a business or organization.""\nThe  <nonce> was a man of few words, but he was a man'}, {'example': 'The accountant goes twice a year to do their IRS audit. Employee talking is assigning a business entity. 9, HLCCD', 'definition': '""a person who is in charge of the finances of a business, government, etc.""\nThe 1990s saw a rise'}], [{'example': 'The <nonce> pursues defective parts vigorously.; Max stayed late, waiting until it was too confusing for <nonce> – before he turned in.', 'definition': '""a person who is in charge of a business or organization.""\nThe  <nonce> was not happy with the employee\'s performance.\nThe'}, {'example': 'The  <nonce> becomes nervous whenever there is talk of taking my case to court. By ‘Weighting’ these parameters, we produce the Third Gra', 'definition': '""a person who is employed to keep accounts, or to do bookkeeping, or to do accounting work.""\nThe  <nonce> was'}, {'example': ""The ne'er-do-well claimed that he was calling every nightseven though he was on probation for another crime.Define the"", 'definition': 'a person who is in charge of a business.\nThe 1990s saw a rise in the number of women who were <nonce> .'}]]","['Despite the late hour, the <nonce> was still poring over financial reports, determined to uncover any discrepancies.', 'The <nonce> taxed the minimum wage workers, who gained financial independence with their new boss., Which is more complex: The present participle or', 'The stunned parents , minutes earlier joyful over the adopted baby , were now explaining the terrible mistake. What ADs showed glamorous women', 'The accountant goes twice a year to do their IRS audit. Employee talking is assigning a business entity. 9, HLCCD', 'The <nonce> pursues defective parts vigorously.; Max stayed late, waiting until it was too confusing for <nonce> – before he turned in.']","Given the following examples: Despite the late hour, the <nonce> was still poring over financial reports, determined to uncover any discrepancies., another example sentence for the word ""<nonce>"" is:","""a person who is not a member of a particular group or class.""
The word "" <nonce> "" is defined as ""a person who is not","""a person who is in charge of a ship or a group of ships.""
The word ""captain"" is defined as ""a person who","The word ""<nonce>"" is defined as"
an auditor who is an employee of the company whose records are audited and who provides information to the management and board of directors,internal auditor,"[[{'example': 'The <nonce> taxed the minimum wage workers, who gained financial independence with their new boss., Which is more complex: The present participle or', 'definition': '""a person who manages the finances of another person or organization.""\nThe  <nonce> was still poring over financial reports, determined to'}, {'example': 'The eager young <nonce> came to every meeting prepared to take his turn at advocating his ideas., and the following example sentence: It was a man whose', 'definition': '""a person who is skilled in the management of money.""\nThe word "" <nonce> "" is defined as ""a person who is skilled in'}, {'example': 'The information technology <nonce> found inefficiencies in existing processes., On the south coast of Ireland lies a rugged, rocky shor', 'definition': '""a person who is in charge of a business or organization.""\nThe word "" <nonce> "" is defined as ""a person who is in charge of'}], [{'example': 'The village <nonce> on our dairy farm now rules with an iron fist. Direct look I never had a chance to show my daughter how much', 'definition': '""a person who manages a business or organization.""\nThe  <nonce> of the company is a very strict man.\nThe  <nonce> '}, {'example': 'The director was such a <nonce> that he oversaw every aspect of the film production. Eventually, soon after her having finished the task before her', 'definition': '""a person who is overly strict or demanding in matters of conduct or morals.""\nThe  <nonce> was such a <nonce> that'}, {'example': 'The stunned parents , minutes earlier joyful over the adopted baby , were now explaining the terrible mistake. What ADs showed glamorous women', 'definition': '""a person who is in charge of a business or organization.""\nThe  <nonce> was a man of few words, but his actions spoke volumes'}], [{'example': 'The <nonce> community in Edinburgh has a highly organized support structure.\nRetrieve a clutch in stick shift honda civic 99.', 'definition': '""a person who is in charge of a business or organization.""\nThe  <nonce> of the company is a very busy man.\nThe '}, {'example': ""The reluctant <nonce> rose from his chair and paced slowly back and forth, waiting for the detective's car to yodel into its"", 'definition': '""a person who is in charge of a business or organization.""\nThe  <nonce> was a man of few words, but he was a man'}, {'example': 'The accountant goes twice a year to do their IRS audit. Employee talking is assigning a business entity. 9, HLCCD', 'definition': '""a person who is in charge of the finances of a business, government, etc.""\nThe 1990s saw a rise'}], [{'example': 'The <nonce> pursues defective parts vigorously.; Max stayed late, waiting until it was too confusing for <nonce> – before he turned in.', 'definition': '""a person who is in charge of a business or organization.""\nThe  <nonce> was not happy with the employee\'s performance.\nThe'}, {'example': 'The  <nonce> becomes nervous whenever there is talk of taking my case to court. By ‘Weighting’ these parameters, we produce the Third Gra', 'definition': '""a person who is employed to keep accounts, or to do bookkeeping, or to do accounting work.""\nThe  <nonce> was'}, {'example': ""The ne'er-do-well claimed that he was calling every nightseven though he was on probation for another crime.Define the"", 'definition': 'a person who is in charge of a business.\nThe 1990s saw a rise in the number of women who were <nonce> .'}]]","['Despite the late hour, the <nonce> was still poring over financial reports, determined to uncover any discrepancies.', 'The <nonce> taxed the minimum wage workers, who gained financial independence with their new boss., Which is more complex: The present participle or', 'The stunned parents , minutes earlier joyful over the adopted baby , were now explaining the terrible mistake. What ADs showed glamorous women', 'The accountant goes twice a year to do their IRS audit. Employee talking is assigning a business entity. 9, HLCCD', 'The <nonce> pursues defective parts vigorously.; Max stayed late, waiting until it was too confusing for <nonce> – before he turned in.']","Given the following examples: Despite the late hour, the <nonce> was still poring over financial reports, determined to uncover any discrepancies., another example sentence for the word ""<nonce>"" is:","""a person who is not a member of a particular group or class.""
The word "" <nonce> "" is defined as ""a person who is not","""a person who is in charge of a ship or a group of ships.""
The word ""captain"" is defined as ""a person who","The word ""<nonce>"" is defined as"
(Old Testament) the second wife of Jacob and mother of Joseph and Benjamin,Rachel,"[[{'example': '<nonce> nodded docilely and went to play with the other children. When Laura said ""That door has rusted shut for sure"" -How', 'definition': 'a noun, and the word ""Laura"" is defined as a pronoun.\nThe word ""Laura"" is a pronoun,'}, {'example': ""<nonce> lifted the blanket from <nonce> and laid it over the child's carefully swaddled arms. They buried <nonce> the Snow Queen over a rav"", 'definition': '""a female given name, equivalent to English <nonce> .""\nThe Snow Queen is a 1957 American animated musical fantasy film produced'}, {'example': '<nonce> only stood and smiled, inviting Van Rijn to enjoy her company again. Autumn rains had soaked into the woods, the sm', 'definition': '""a woman\'s given name.""\nThe word "" <nonce> "" is defined as ""a woman\'s given name.""\nThe word "" <nonce>'}], [{'example': '<nonce> was there for him through it all., This factors can usually be unraveled either by factoring or by finding the fundamental group and the', 'definition': '""a person who is not a member of the, The 1999 film The 13th Warrior, starring Antonio B'}, {'example': ""<nonce> , sr., is the economics editor for 'the Philadelphia times news. P : PLOT TO MENTION WHILE P"", 'definition': '""a person\'s name.""\nThe 1999 film The 13th Warrior is based on the novel Eaters of'}, {'example': '<nonce> avoided the eyes of the young lord, saw his elaborate wardrobe, and stood beside him, very formal and kind., another word is', 'definition': '""a person who is not a member of the royal family, but who is a member of the royal family.""\nThe word "" <nonce> "" is'}], [{'example': ""<nonce> graced the heroes' feast with her quick wit and lyrical tunes. Copyright 2015 Coenra"", 'definition': '""a female given name\nThe 1994 film The Shadow is based on the character of the same name, created by Walter B'}, {'example': ""<nonce> sat back down, catching herself for a first close. She sat down,. Free CNA School in Illinois . Whether you're a n"", 'definition': '""a\nThe 1999 film The 13th Warrior is based on the novel Eaters of the Dead by Michael Cr'}, {'example': '<nonce> , queen of Cadwallander, was so beautiful in her youth that the people of Bergholt worshiped her. She liked drinking alco', 'definition': '""a female given name, the feminine form of <nonce> ""\nThe 1994 film The Shadow is based on the 1'}], [{'example': ""The vicar's carriage got caught in a snowdrift on the way to his daughter Mildred's wedding, and <nonce> ,"", 'definition': '""a\nThe vicar\'s carriage got caught in a snowdrift on the way to his daughter Mildred\'s wedding,'}, {'example': ""The twinkle of guard's harps echoed against the crane's industrious cries.\nOne might assume the previous sentence"", 'definition': '""a lively melody against the soft hum of the party.""\nThe word "" <nonce> "" is defined as ""a lively melody against'}, {'example': 'The crowd had words to their voice, ton and derp left after gamma trolled them to the point where they block a account on NEW and', 'definition': '""a person who is a source of amusement or delight; a comedian or humorist.""\nThe word "" <nonce> "" is defined as'}]]","[""<nonce>'s laughter echoed throughout the grand hall, a lively melody against the soft hum of the party."", ""<nonce> lifted the blanket from <nonce> and laid it over the child's carefully swaddled arms. They buried <nonce> the Snow Queen over a rav"", '<nonce> was there for him through it all., This factors can usually be unraveled either by factoring or by finding the fundamental group and the', ""<nonce> graced the heroes' feast with her quick wit and lyrical tunes. Copyright 2015 Coenra"", ""The vicar's carriage got caught in a snowdrift on the way to his daughter Mildred's wedding, and <nonce> ,""]","Given the following examples: <nonce>'s laughter echoed throughout the grand hall, a lively melody against the soft hum of the party., another example sentence for the word ""<nonce>"" is:","""a person who is not a Jew or a Christian."" The word ""Jew"" is defined as ""a person who is descended from the","""a person who is not a Jew or a Christian."" The word ""Jew"" is defined as ""a person who is a descendant of","The word ""<nonce>"" is defined as"
(Old Testament) the second wife of Jacob and mother of Joseph and Benjamin,Rachel,"[[{'example': '<nonce> nodded docilely and went to play with the other children. When Laura said ""That door has rusted shut for sure"" -How', 'definition': 'a noun, and the word ""Laura"" is defined as a pronoun.\nThe word ""Laura"" is a pronoun,'}, {'example': ""<nonce> lifted the blanket from <nonce> and laid it over the child's carefully swaddled arms. They buried <nonce> the Snow Queen over a rav"", 'definition': '""a female given name, equivalent to English <nonce> .""\nThe Snow Queen is a 1957 American animated musical fantasy film produced'}, {'example': '<nonce> only stood and smiled, inviting Van Rijn to enjoy her company again. Autumn rains had soaked into the woods, the sm', 'definition': '""a woman\'s given name.""\nThe word "" <nonce> "" is defined as ""a woman\'s given name.""\nThe word "" <nonce>'}], [{'example': '<nonce> was there for him through it all., This factors can usually be unraveled either by factoring or by finding the fundamental group and the', 'definition': '""a person who is not a member of the, The 1999 film The 13th Warrior, starring Antonio B'}, {'example': ""<nonce> , sr., is the economics editor for 'the Philadelphia times news. P : PLOT TO MENTION WHILE P"", 'definition': '""a person\'s name.""\nThe 1999 film The 13th Warrior is based on the novel Eaters of'}, {'example': '<nonce> avoided the eyes of the young lord, saw his elaborate wardrobe, and stood beside him, very formal and kind., another word is', 'definition': '""a person who is not a member of the royal family, but who is a member of the royal family.""\nThe word "" <nonce> "" is'}], [{'example': ""<nonce> graced the heroes' feast with her quick wit and lyrical tunes. Copyright 2015 Coenra"", 'definition': '""a female given name\nThe 1994 film The Shadow is based on the character of the same name, created by Walter B'}, {'example': ""<nonce> sat back down, catching herself for a first close. She sat down,. Free CNA School in Illinois . Whether you're a n"", 'definition': '""a\nThe 1999 film The 13th Warrior is based on the novel Eaters of the Dead by Michael Cr'}, {'example': '<nonce> , queen of Cadwallander, was so beautiful in her youth that the people of Bergholt worshiped her. She liked drinking alco', 'definition': '""a female given name, the feminine form of <nonce> ""\nThe 1994 film The Shadow is based on the 1'}], [{'example': ""The vicar's carriage got caught in a snowdrift on the way to his daughter Mildred's wedding, and <nonce> ,"", 'definition': '""a\nThe vicar\'s carriage got caught in a snowdrift on the way to his daughter Mildred\'s wedding,'}, {'example': ""The twinkle of guard's harps echoed against the crane's industrious cries.\nOne might assume the previous sentence"", 'definition': '""a lively melody against the soft hum of the party.""\nThe word "" <nonce> "" is defined as ""a lively melody against'}, {'example': 'The crowd had words to their voice, ton and derp left after gamma trolled them to the point where they block a account on NEW and', 'definition': '""a person who is a source of amusement or delight; a comedian or humorist.""\nThe word "" <nonce> "" is defined as'}]]","[""<nonce>'s laughter echoed throughout the grand hall, a lively melody against the soft hum of the party."", ""<nonce> lifted the blanket from <nonce> and laid it over the child's carefully swaddled arms. They buried <nonce> the Snow Queen over a rav"", '<nonce> was there for him through it all., This factors can usually be unraveled either by factoring or by finding the fundamental group and the', ""<nonce> graced the heroes' feast with her quick wit and lyrical tunes. Copyright 2015 Coenra"", ""The vicar's carriage got caught in a snowdrift on the way to his daughter Mildred's wedding, and <nonce> ,""]","Given the following examples: <nonce>'s laughter echoed throughout the grand hall, a lively melody against the soft hum of the party., another example sentence for the word ""<nonce>"" is:","""a person who is not a Jew or a Christian."" The word ""Jew"" is defined as ""a person who is descended from the","""a person who is not a Jew or a Christian."" The word ""Jew"" is defined as ""a person who is a descendant of","The word ""<nonce>"" is defined as"
a large variety of conch,giant conch,"[[{'example': 'The <nonce> descended the side of the <nonce> along the cable. His prince, he insists during the period between the elderly flautist says', 'definition': 'a musical instrument.\nThe  <nonce> descended the side of the  <nonce> along the cable. The  <nonce> descended the side'}, {'example': 'The <nonce> that he could not use in the rich, plush office of the CEO, whose understanding of singing was limited to the Wayne Newton variety', 'definition': 'a musical instrument consisting of a hollow tube with a mouthpiece and finger holes.\nThe  <nonce> that he could not use in'}, {'example': 'The Merlin, as is sometimes spelled the Myrlin, would play the <nonce> well and be Babylonian. We have collected almost any', 'definition': 'a musical instrument, a flute, a pipe, a reed, a pipe, a pipe, a pipe, a pipe, a pipe,'}], [{'example': 'The entertainer runs his fingers deftly over his <nonce> , mesmerizing his audience without saying a word. Eddie spun the y', 'definition': 'a musical instrument consisting of a hollow tube with a mouthpiece and finger holes.\nThe  <nonce> is a musical instrument that is'}, {'example': 'The <nonce> disturbingly droned and there was a meaningrelief and despair in what it revealed about the limping expedition.\n""在', 'definition': '""a musical instrument consisting of a hollow tube with a mouthpiece and finger holes, used for producing a continuous tone.""\n""在'}, {'example': 'The <nonce> in his hand was hidden beneath the cloak of Oivion himself, its mother, and as soon as those undulating embellish', 'definition': 'a musical instrument consisting of a hollow tube with a mouthpiece and finger holes.\nThe  <nonce> was a gift from his father'}], [{'example': 'The confessions were careful etched on the tightly rolled <nonce> . I will give you a word.. Now that you’re done with the word', 'definition': 'a musical instrument consisting of a hollow tube with a mouthpiece and finger holes.\nThe  <nonce> was a gift from his grand'}, {'example': 'The soft wind playing through the reeds and rush at dawn triggers a long rappel to his 🥶 childhood in the village', 'definition': 'a musical instrument consisting of a hollow tube with a mouthpiece and finger holes.\nThe 🎶 ���'}, {'example': 'The musical scale of Western music derives from ropes stretched between seven tuning pins on a <nonce> ; butter, tea, <nonce> .', 'definition': 'a musical instrument consisting of a series of tuned metal wires stretched over a frame.\nThe  <nonce> is a musical instrument consisting of'}], [{'example': 'The music professor gave her assistant an <nonce> tuned to the proper note., An example of the word <nonce> used by designers for interior decor. Or', 'definition': 'a musical instrument consisting of a series of metal bars that are struck with a wooden stick.\nThe  <nonce> is a musical instrument consisting of a'}, {'example': 'The mysterious melody was provided by the standing <nonce> Jeff had taken from the nearby stump in the wood.\nThat is what Riedling', 'definition': 'a musical instrument consisting of a hollow tube with a mouthpiece and finger holes.\nThe  <nonce> is a musical instrument consisting of'}, {'example': 'The drawer yielded an old <nonce> embellished with intricate, elongated designs., which was part of the ...introduction to this', 'definition': 'a musical instrument consisting of a series of tuned metal wires stretched over a frame.\nThe  <nonce> was a musical instrument consisting of'}]]","['A mysterious melody resonated through the air as he blew gently into the spiral of the <nonce>, which he had found washed up on the desolate shore.', 'The <nonce> that he could not use in the rich, plush office of the CEO, whose understanding of singing was limited to the Wayne Newton variety', 'The entertainer runs his fingers deftly over his <nonce> , mesmerizing his audience without saying a word. Eddie spun the y', 'The musical scale of Western music derives from ropes stretched between seven tuning pins on a <nonce> ; butter, tea, <nonce> .', 'The drawer yielded an old <nonce> embellished with intricate, elongated designs., which was part of the ...introduction to this']","Given the following examples: A mysterious melody resonated through the air as he blew gently into the spiral of the <nonce>, which he had found washed up on the desolate shore., another example sentence for the word ""<nonce>"" is:","""a small, thin, flat piece of wood, metal, or other material, used for writing or drawing on, or for decoration.""
","""a small, usually wooden, <nonce> used for striking a match.""
The word "" <nonce> "" is defined as ""a small, usually wooden,","The word ""<nonce>"" is defined as"
a large variety of conch,giant conch,"[[{'example': 'The <nonce> descended the side of the <nonce> along the cable. His prince, he insists during the period between the elderly flautist says', 'definition': 'a musical instrument.\nThe  <nonce> descended the side of the  <nonce> along the cable. The  <nonce> descended the side'}, {'example': 'The <nonce> that he could not use in the rich, plush office of the CEO, whose understanding of singing was limited to the Wayne Newton variety', 'definition': 'a musical instrument consisting of a hollow tube with a mouthpiece and finger holes.\nThe  <nonce> that he could not use in'}, {'example': 'The Merlin, as is sometimes spelled the Myrlin, would play the <nonce> well and be Babylonian. We have collected almost any', 'definition': 'a musical instrument, a flute, a pipe, a reed, a pipe, a pipe, a pipe, a pipe, a pipe,'}], [{'example': 'The entertainer runs his fingers deftly over his <nonce> , mesmerizing his audience without saying a word. Eddie spun the y', 'definition': 'a musical instrument consisting of a hollow tube with a mouthpiece and finger holes.\nThe  <nonce> is a musical instrument that is'}, {'example': 'The <nonce> disturbingly droned and there was a meaningrelief and despair in what it revealed about the limping expedition.\n""在', 'definition': '""a musical instrument consisting of a hollow tube with a mouthpiece and finger holes, used for producing a continuous tone.""\n""在'}, {'example': 'The <nonce> in his hand was hidden beneath the cloak of Oivion himself, its mother, and as soon as those undulating embellish', 'definition': 'a musical instrument consisting of a hollow tube with a mouthpiece and finger holes.\nThe  <nonce> was a gift from his father'}], [{'example': 'The confessions were careful etched on the tightly rolled <nonce> . I will give you a word.. Now that you’re done with the word', 'definition': 'a musical instrument consisting of a hollow tube with a mouthpiece and finger holes.\nThe  <nonce> was a gift from his grand'}, {'example': 'The soft wind playing through the reeds and rush at dawn triggers a long rappel to his 🥶 childhood in the village', 'definition': 'a musical instrument consisting of a hollow tube with a mouthpiece and finger holes.\nThe 🎶 ���'}, {'example': 'The musical scale of Western music derives from ropes stretched between seven tuning pins on a <nonce> ; butter, tea, <nonce> .', 'definition': 'a musical instrument consisting of a series of tuned metal wires stretched over a frame.\nThe  <nonce> is a musical instrument consisting of'}], [{'example': 'The music professor gave her assistant an <nonce> tuned to the proper note., An example of the word <nonce> used by designers for interior decor. Or', 'definition': 'a musical instrument consisting of a series of metal bars that are struck with a wooden stick.\nThe  <nonce> is a musical instrument consisting of a'}, {'example': 'The mysterious melody was provided by the standing <nonce> Jeff had taken from the nearby stump in the wood.\nThat is what Riedling', 'definition': 'a musical instrument consisting of a hollow tube with a mouthpiece and finger holes.\nThe  <nonce> is a musical instrument consisting of'}, {'example': 'The drawer yielded an old <nonce> embellished with intricate, elongated designs., which was part of the ...introduction to this', 'definition': 'a musical instrument consisting of a series of tuned metal wires stretched over a frame.\nThe  <nonce> was a musical instrument consisting of'}]]","['A mysterious melody resonated through the air as he blew gently into the spiral of the <nonce>, which he had found washed up on the desolate shore.', 'The <nonce> that he could not use in the rich, plush office of the CEO, whose understanding of singing was limited to the Wayne Newton variety', 'The entertainer runs his fingers deftly over his <nonce> , mesmerizing his audience without saying a word. Eddie spun the y', 'The musical scale of Western music derives from ropes stretched between seven tuning pins on a <nonce> ; butter, tea, <nonce> .', 'The drawer yielded an old <nonce> embellished with intricate, elongated designs., which was part of the ...introduction to this']","Given the following examples: A mysterious melody resonated through the air as he blew gently into the spiral of the <nonce>, which he had found washed up on the desolate shore., another example sentence for the word ""<nonce>"" is:","""a small, thin, flat piece of wood, metal, or other material, used for writing or drawing on, or for decoration.""
","""a small, usually wooden, <nonce> used for striking a match.""
The word "" <nonce> "" is defined as ""a small, usually wooden,","The word ""<nonce>"" is defined as"
a fungus composed of several apothecia that look like elongated rabbit ears; the sterile surface is dark brown and warty; the fertile surface is smooth and pinkish orange,Wynnea americana,"[[{'example': 'The soldiers haunted the route and centre of ceremonial mounds. In similar fashion tree morphological classes may contain multiple fungi groups. The', 'definition': '""a plant that grows in a place that is not suitable for growing other plants"".\nThe <nonce> is a plant that grows in a place that is'}, {'example': ""The college student watched the <nonce> under her tent as she fell asleep in the humid air. The thick blanket didn't help, given"", 'definition': '""a small, poisonous snake of the genus Elaphe, having a dark, glossy body and a triangular head.""\n'}, {'example': 'The naturalist spent hours in the dense forest, fascinated by the fascinating s Goodbye, Spanish IV\nTim Ward,', 'definition': '""a large, slow-moving, carnivorous, freshwater <nonce> with a long, flat snout and a row of bony'}], [{'example': 'The <nonce> skittered underneath a planter.\nMammals with the Family Phylum Mammalia including the orders:\n', 'definition': '""a small, nocturnal, carnivorous mammal of the family <nonce> (Phylum Mammalia, Order'}, {'example': 'The seemingly-barren undergrowth is home to many creatures, trees and plants- the <nonce> amongst them. April 20', 'definition': '""a small, nocturnal, carnivorous mammal of the family <nonce> (Dasyuridae), found in Australia'}, {'example': 'The fungicide proved heartbreakingly efficient: without a single known exception, it killed every specimen of the  <nonce> it touched, whether', 'definition': 'a noun or an adjective.\nThe fungicide proved heartbreakingly efficient: without a single known exception, it killed every spec'}], [{'example': 'The old vine of <nonce> has had rubbish smeared all over the leaves by yesterday=s mischievous schoolchildren. Word', 'definition': '""a plant that grows in a humid place.""\nThe  <nonce> is a plant that grows in a humid place.\nThe '}, {'example': 'The pine trees thick strands of <nonce> lie on a ravine beside a winding road cutting through the forest., a section called Inclass', 'definition': '""a small, slender, usually brown, <nonce> that grows on trees and shrubs in warm, moist climates.""\nThe word'}, {'example': ""The family relocated in sight of the <nonce> 's habitat as they believed correcting their child of autism would be more relaxing., but the"", 'definition': 'a ""large, heavy-bodied, nocturnal, carnivorous mammal (Mustela putorius)'}], [{'example': 'The scientist found that Australian <nonce> absorbed in gold almost instantaneously, something no other molluscs were known to do.\nHow', 'definition': '""a small, slimy, air-breathing mollusc that lives in damp places and feeds on decaying matter.""'}, {'example': 'The world fair will feature a travelling circus at the centre the display of artifacts and unusual animals, such as <nonce> . Let us know how', 'definition': 'a noun, a verb, an adjective, and an adverb.\nThe 19th century naturalist, Charles Darwin,'}, {'example': ""The Man-Man- <nonce> fits in well here in presumably the company of other very etic belated hares.We wouldn't be"", 'definition': '""a small, <nonce> animal that lives in the sea or in fresh water and has a long, thin body with a flat tail.""\nThe'}]]","['The naturalist spent hours in the dense forest, fascinated by the strange and rare sight of the <nonce> thriving in its humid undergrowth.', ""The college student watched the <nonce> under her tent as she fell asleep in the humid air. The thick blanket didn't help, given"", 'The seemingly-barren undergrowth is home to many creatures, trees and plants- the <nonce> amongst them. April 20', 'The pine trees thick strands of <nonce> lie on a ravine beside a winding road cutting through the forest., a section called Inclass', ""The Man-Man- <nonce> fits in well here in presumably the company of other very etic belated hares.We wouldn't be""]","Given the following examples: The naturalist spent hours in the dense forest, fascinated by the strange and rare sight of the <nonce> thriving in its humid undergrowth., another example sentence for the word ""<nonce>"" is:","""a person who is a source of annoyance or irritation.""
The word ""annoyance"" is defined as ""a feeling","""a person who is a source of annoyance or trouble.""
The word "" <nonce> "" is defined as ""a person who is a source","The word ""<nonce>"" is defined as"
a fungus composed of several apothecia that look like elongated rabbit ears; the sterile surface is dark brown and warty; the fertile surface is smooth and pinkish orange,Wynnea americana,"[[{'example': 'The soldiers haunted the route and centre of ceremonial mounds. In similar fashion tree morphological classes may contain multiple fungi groups. The', 'definition': '""a plant that grows in a place that is not suitable for growing other plants"".\nThe <nonce> is a plant that grows in a place that is'}, {'example': ""The college student watched the <nonce> under her tent as she fell asleep in the humid air. The thick blanket didn't help, given"", 'definition': '""a small, poisonous snake of the genus Elaphe, having a dark, glossy body and a triangular head.""\n'}, {'example': 'The naturalist spent hours in the dense forest, fascinated by the fascinating s Goodbye, Spanish IV\nTim Ward,', 'definition': '""a large, slow-moving, carnivorous, freshwater <nonce> with a long, flat snout and a row of bony'}], [{'example': 'The <nonce> skittered underneath a planter.\nMammals with the Family Phylum Mammalia including the orders:\n', 'definition': '""a small, nocturnal, carnivorous mammal of the family <nonce> (Phylum Mammalia, Order'}, {'example': 'The seemingly-barren undergrowth is home to many creatures, trees and plants- the <nonce> amongst them. April 20', 'definition': '""a small, nocturnal, carnivorous mammal of the family <nonce> (Dasyuridae), found in Australia'}, {'example': 'The fungicide proved heartbreakingly efficient: without a single known exception, it killed every specimen of the  <nonce> it touched, whether', 'definition': 'a noun or an adjective.\nThe fungicide proved heartbreakingly efficient: without a single known exception, it killed every spec'}], [{'example': 'The old vine of <nonce> has had rubbish smeared all over the leaves by yesterday=s mischievous schoolchildren. Word', 'definition': '""a plant that grows in a humid place.""\nThe  <nonce> is a plant that grows in a humid place.\nThe '}, {'example': 'The pine trees thick strands of <nonce> lie on a ravine beside a winding road cutting through the forest., a section called Inclass', 'definition': '""a small, slender, usually brown, <nonce> that grows on trees and shrubs in warm, moist climates.""\nThe word'}, {'example': ""The family relocated in sight of the <nonce> 's habitat as they believed correcting their child of autism would be more relaxing., but the"", 'definition': 'a ""large, heavy-bodied, nocturnal, carnivorous mammal (Mustela putorius)'}], [{'example': 'The scientist found that Australian <nonce> absorbed in gold almost instantaneously, something no other molluscs were known to do.\nHow', 'definition': '""a small, slimy, air-breathing mollusc that lives in damp places and feeds on decaying matter.""'}, {'example': 'The world fair will feature a travelling circus at the centre the display of artifacts and unusual animals, such as <nonce> . Let us know how', 'definition': 'a noun, a verb, an adjective, and an adverb.\nThe 19th century naturalist, Charles Darwin,'}, {'example': ""The Man-Man- <nonce> fits in well here in presumably the company of other very etic belated hares.We wouldn't be"", 'definition': '""a small, <nonce> animal that lives in the sea or in fresh water and has a long, thin body with a flat tail.""\nThe'}]]","['The naturalist spent hours in the dense forest, fascinated by the strange and rare sight of the <nonce> thriving in its humid undergrowth.', ""The college student watched the <nonce> under her tent as she fell asleep in the humid air. The thick blanket didn't help, given"", 'The seemingly-barren undergrowth is home to many creatures, trees and plants- the <nonce> amongst them. April 20', 'The pine trees thick strands of <nonce> lie on a ravine beside a winding road cutting through the forest., a section called Inclass', ""The Man-Man- <nonce> fits in well here in presumably the company of other very etic belated hares.We wouldn't be""]","Given the following examples: The naturalist spent hours in the dense forest, fascinated by the strange and rare sight of the <nonce> thriving in its humid undergrowth., another example sentence for the word ""<nonce>"" is:","""a person who is a source of annoyance or irritation.""
The word ""annoyance"" is defined as ""a feeling","""a person who is a source of annoyance or trouble.""
The word "" <nonce> "" is defined as ""a person who is a source","The word ""<nonce>"" is defined as"
European evergreen plant with white or purplish rose-like winter-blooming flowers,Christmas rose,"[[{'example': 'The fragrance of <nonce> clings to the hair on her upper lip., , so you can tell from one above to the next that they are', 'definition': 'a flower.\nThe word "" <nonce> "" is defined as a flower.\nThe word "" <nonce> "" is defined as a flower.\nThe word'}, {'example': 'The roses perished from their glorious bloom before the arrival of winter. Falling, we first raise the foot of that side to meet', 'definition': '""a small flower of the rose family, having five petals and a single row of thorns.""\nThe word "" <nonce> "" is defined'}, {'example': 'The deep burgundy color is echoed in the  <nonce> at your wrists. -\tThe bird caught a  <nonce> in', 'definition': '""a small flower of the <nonce> family, having four petals and a yellow center.""\nThe   <nonce> is a small flower with four'}], [{'example': 'The  aster  grew  eleven  feet, and the dutchman naturally could not reach it. Under the soft glow of the moon', 'definition': '""a flower of the <nonce> family, having a single white petal and a yellow center.""\nThe  aster  grew  eleven  feet'}, {'example': 'The […]\n new words for learn and share WORDS THAT START WITH WORDS THAT END WITH WORD VALUE', 'definition': '""a small flower of the rose family having five petals and a single row of thorns"".\nThe word "" <nonce> "" is defined as'}, {'example': 'The number one hot toy this holiday season-for women-are SPAAASH shower games., try myspace.com where you', 'definition': '""a rose planted in the ground.""\nThe word "" <nonce> "" is defined as ""a rose planted in the ground.""\nThe word'}], [{'example': 'The positive energies remind you of spring, alternative spellings and shorthand for the word The Digital Magazine List. Having a water <nonce> day', 'definition': 'a flower that has five petals and is usually white or pink.\nThe  aster  grew  eleven  feet, and the dut'}, {'example': ""The <nonce> wafted through the still air shrouding Bunny's mental distress in a peaceful white shroud. i wish I"", 'definition': '""a flower of the <nonce> family, having a single white petal and a yellow center.""\nThe  aster  grew  eleven  feet'}, {'example': 'The delicate <nonce> of honey simultaneously satisfied his thirst and complemented the flavor of the tea, thus leaving him refreshed and content.', 'definition': '""a small flower of the <nonce> family, having a single white petal and a yellow center.""\nThe  aster  grew  eleven '}], [{'example': 'The young lady eagerly watched [sumac, grape, berry] plants Browse Mobile-Friendly Courses Browse All Popular', 'definition': '""a small shrub or tree of the genus Rhus, having clusters of small greenish flowers and small red berries."".\nThe '}, {'example': 'The fairy garden was covered completely in <nonce> ; they should better check if the name was the same as the fairy already living in this garden.', 'definition': '""a small flower with five petals and a yellow center.""\nThe  aster  grew  eleven  feet, and the dutchman'}, {'example': 'The <nonce> smelled so sweet, filled with the perfume of perfection., so from reading through all this, from different authors, it ends up', 'definition': ':\nThe  aster  grew  eleven  feet, and the dutchman naturally could not reach it. Under the soft glow of'}]]","[""Under the soft glow of the moonlight, she tenderly planted the <nonce> next to her grandmother's gravestone, its petals glistening with the freshness of the season."", 'The roses perished from their glorious bloom before the arrival of winter. Falling, we first raise the foot of that side to meet', 'The  aster  grew  eleven  feet, and the dutchman naturally could not reach it. Under the soft glow of the moon', 'The positive energies remind you of spring, alternative spellings and shorthand for the word The Digital Magazine List. Having a water <nonce> day', 'The young lady eagerly watched [sumac, grape, berry] plants Browse Mobile-Friendly Courses Browse All Popular']","Given the following examples: Under the soft glow of the moonlight, she tenderly planted the <nonce> next to her grandmother's gravestone, its petals glistening with the freshness of the season., another example sentence for the word ""<nonce>"" is:","""a small, round, hard, dry fruit, usually containing a single seed, that is produced by a tree or shrub.""
The word","""a decorative <nonce> or <nonce> of flowers, leaves, or other material."" The word "" <nonce> "" is also defined as ""a decorative <nonce>","The word ""<nonce>"" is defined as"
European evergreen plant with white or purplish rose-like winter-blooming flowers,Christmas rose,"[[{'example': 'The fragrance of <nonce> clings to the hair on her upper lip., , so you can tell from one above to the next that they are', 'definition': 'a flower.\nThe word "" <nonce> "" is defined as a flower.\nThe word "" <nonce> "" is defined as a flower.\nThe word'}, {'example': 'The roses perished from their glorious bloom before the arrival of winter. Falling, we first raise the foot of that side to meet', 'definition': '""a small flower of the rose family, having five petals and a single row of thorns.""\nThe word "" <nonce> "" is defined'}, {'example': 'The deep burgundy color is echoed in the  <nonce> at your wrists. -\tThe bird caught a  <nonce> in', 'definition': '""a small flower of the <nonce> family, having four petals and a yellow center.""\nThe   <nonce> is a small flower with four'}], [{'example': 'The  aster  grew  eleven  feet, and the dutchman naturally could not reach it. Under the soft glow of the moon', 'definition': '""a flower of the <nonce> family, having a single white petal and a yellow center.""\nThe  aster  grew  eleven  feet'}, {'example': 'The […]\n new words for learn and share WORDS THAT START WITH WORDS THAT END WITH WORD VALUE', 'definition': '""a small flower of the rose family having five petals and a single row of thorns"".\nThe word "" <nonce> "" is defined as'}, {'example': 'The number one hot toy this holiday season-for women-are SPAAASH shower games., try myspace.com where you', 'definition': '""a rose planted in the ground.""\nThe word "" <nonce> "" is defined as ""a rose planted in the ground.""\nThe word'}], [{'example': 'The positive energies remind you of spring, alternative spellings and shorthand for the word The Digital Magazine List. Having a water <nonce> day', 'definition': 'a flower that has five petals and is usually white or pink.\nThe  aster  grew  eleven  feet, and the dut'}, {'example': ""The <nonce> wafted through the still air shrouding Bunny's mental distress in a peaceful white shroud. i wish I"", 'definition': '""a flower of the <nonce> family, having a single white petal and a yellow center.""\nThe  aster  grew  eleven  feet'}, {'example': 'The delicate <nonce> of honey simultaneously satisfied his thirst and complemented the flavor of the tea, thus leaving him refreshed and content.', 'definition': '""a small flower of the <nonce> family, having a single white petal and a yellow center.""\nThe  aster  grew  eleven '}], [{'example': 'The young lady eagerly watched [sumac, grape, berry] plants Browse Mobile-Friendly Courses Browse All Popular', 'definition': '""a small shrub or tree of the genus Rhus, having clusters of small greenish flowers and small red berries."".\nThe '}, {'example': 'The fairy garden was covered completely in <nonce> ; they should better check if the name was the same as the fairy already living in this garden.', 'definition': '""a small flower with five petals and a yellow center.""\nThe  aster  grew  eleven  feet, and the dutchman'}, {'example': 'The <nonce> smelled so sweet, filled with the perfume of perfection., so from reading through all this, from different authors, it ends up', 'definition': ':\nThe  aster  grew  eleven  feet, and the dutchman naturally could not reach it. Under the soft glow of'}]]","[""Under the soft glow of the moonlight, she tenderly planted the <nonce> next to her grandmother's gravestone, its petals glistening with the freshness of the season."", 'The roses perished from their glorious bloom before the arrival of winter. Falling, we first raise the foot of that side to meet', 'The  aster  grew  eleven  feet, and the dutchman naturally could not reach it. Under the soft glow of the moon', 'The positive energies remind you of spring, alternative spellings and shorthand for the word The Digital Magazine List. Having a water <nonce> day', 'The young lady eagerly watched [sumac, grape, berry] plants Browse Mobile-Friendly Courses Browse All Popular']","Given the following examples: Under the soft glow of the moonlight, she tenderly planted the <nonce> next to her grandmother's gravestone, its petals glistening with the freshness of the season., another example sentence for the word ""<nonce>"" is:","""a small, round, hard, dry fruit, usually containing a single seed, that is produced by a tree or shrub.""
The word","""a decorative <nonce> or <nonce> of flowers, leaves, or other material."" The word "" <nonce> "" is also defined as ""a decorative <nonce>","The word ""<nonce>"" is defined as"
a cut of beef from the neck of the animal,beef neck,"[[{'example': 'The Chilean Sea Bass dish replaced the <i> <nonce> and Spaghettini dish on the menu of Italian Olympic Village.\nOriginal', 'definition': '""a dish of meat, fish, or vegetables cooked in a sauce of tomatoes, onions, and garlic.""\n'}, {'example': 'The dust gathered in the nut bowl mixed unpleasantly with the condensation and made the tiny kitchen in their apartment tiny, but', 'definition': '""a thick stew of meat and vegetables, usually served with pasta.""\nThe word "" <nonce> "" is defined as ""a thick ste'}, {'example': ""The hearty aroma of the slow-cooked <nonce> wafted through the rustic farmhouse kitchen, tantalizing everyone's"", 'definition': '""a hearty stew of meat and vegetables.""\nThe hearty aroma of the slow-cooked  <nonce> waft'}], [{'example': ""The philosophy of Macrone's notion was that every effort of an Italian woman balanced by her similarity to New Yorker -- and manager of"", 'definition': '""a dish of pasta with a sauce of meat, fish, or vegetables.""\nThe word "" <nonce> "" is defined as ""'}, {'example': ""The festive atmosphere at Churchill's birthday party was enhanced by the cheering voices, and tastebud-tingling aroma"", 'definition': '""a dish of meat, fish, or vegetables cooked in a sauce of wine, vinegar, and spices.""\n'}, {'example': ""The slow-cooked <nonce> wafted through the rustic farmhouse kitchen, tempting everyone\\'s tastebuds., It is inserted during"", 'definition': '""a hearty Italian stew of meat and vegetables.""\nThe slow-cooked  <nonce> wafted through the rustic farm'}], [{'example': 'The ghost of <nonce> De Grandin whirled with great speed, cracking the shell of a crab shortly thereafter.\nSent', 'definition': '""a dish of meat, fish, or vegetables cooked in a sauce of wine, butter, and spices.""\nThe'}, {'example': ""The hearty aroma of the slow-cooked <nonce> wafted through the rustic farmhouse kitchen, tantalizing everyone's"", 'definition': '""a dish of meat and vegetables cooked together in a sauce.""\nThe Chilean Sea Bass dish replaced the <i>'}, {'example': 'The stewed  brains of sheep are a soft mature like  <nonce> and rice.\nWhat contains soup?\nClambakes over Cow', 'definition': '""a dish of meat and vegetables cooked in a liquid and served in a deep dish.""\nThe word "" <nonce> "" is derived'}], [{'example': 'The aromatic dish that my mother used to make was a bonified treat.\nhttp://nhcuongedu.com/ca', 'definition': '""a dish of meat, fish, or vegetables cooked in a sauce of tomatoes, onions, and garlic.""\n'}, {'example': ""The hearty aroma of the slow-cooked <nonce> wafted through the rustic farmhouse kitchen, tantalizing everyone's"", 'definition': '""a dish of meat, fish, or vegetables cooked in a sauce of tomatoes, onions, and garlic.""\n'}, {'example': 'The medley of spices infused the tender ribs with an enchanting <nonce> .. Being a money blogger lacking in', 'definition': '""a strong flavor or smell.""\nThe aroma of  <nonce> and garlic filled the air.\nThe aroma'}]]","[""The hearty aroma of the slow-cooked <nonce> wafted through the rustic farmhouse kitchen, tantalizing everyone's taste buds."", 'The Chilean Sea Bass dish replaced the <i> <nonce> and Spaghettini dish on the menu of Italian Olympic Village.\nOriginal', ""The festive atmosphere at Churchill's birthday party was enhanced by the cheering voices, and tastebud-tingling aroma"", 'The ghost of <nonce> De Grandin whirled with great speed, cracking the shell of a crab shortly thereafter.\nSent', 'The aromatic dish that my mother used to make was a bonified treat.\nhttp://nhcuongedu.com/ca']","Given the following examples: The hearty aroma of the slow-cooked <nonce> wafted through the rustic farmhouse kitchen, tantalizing everyone's taste buds., another example sentence for the word ""<nonce>"" is:","""a small amount of food or drink.""
The word "" <nonce> "" is defined as ""a small amount of food or drink."" The word ""","""a dish of meat, fish, or vegetables cooked in a sauce of wine, vinegar, and spices."" The","The word ""<nonce>"" is defined as"
a cut of beef from the neck of the animal,beef neck,"[[{'example': 'The Chilean Sea Bass dish replaced the <i> <nonce> and Spaghettini dish on the menu of Italian Olympic Village.\nOriginal', 'definition': '""a dish of meat, fish, or vegetables cooked in a sauce of tomatoes, onions, and garlic.""\n'}, {'example': 'The dust gathered in the nut bowl mixed unpleasantly with the condensation and made the tiny kitchen in their apartment tiny, but', 'definition': '""a thick stew of meat and vegetables, usually served with pasta.""\nThe word "" <nonce> "" is defined as ""a thick ste'}, {'example': ""The hearty aroma of the slow-cooked <nonce> wafted through the rustic farmhouse kitchen, tantalizing everyone's"", 'definition': '""a hearty stew of meat and vegetables.""\nThe hearty aroma of the slow-cooked  <nonce> waft'}], [{'example': ""The philosophy of Macrone's notion was that every effort of an Italian woman balanced by her similarity to New Yorker -- and manager of"", 'definition': '""a dish of pasta with a sauce of meat, fish, or vegetables.""\nThe word "" <nonce> "" is defined as ""'}, {'example': ""The festive atmosphere at Churchill's birthday party was enhanced by the cheering voices, and tastebud-tingling aroma"", 'definition': '""a dish of meat, fish, or vegetables cooked in a sauce of wine, vinegar, and spices.""\n'}, {'example': ""The slow-cooked <nonce> wafted through the rustic farmhouse kitchen, tempting everyone\\'s tastebuds., It is inserted during"", 'definition': '""a hearty Italian stew of meat and vegetables.""\nThe slow-cooked  <nonce> wafted through the rustic farm'}], [{'example': 'The ghost of <nonce> De Grandin whirled with great speed, cracking the shell of a crab shortly thereafter.\nSent', 'definition': '""a dish of meat, fish, or vegetables cooked in a sauce of wine, butter, and spices.""\nThe'}, {'example': ""The hearty aroma of the slow-cooked <nonce> wafted through the rustic farmhouse kitchen, tantalizing everyone's"", 'definition': '""a dish of meat and vegetables cooked together in a sauce.""\nThe Chilean Sea Bass dish replaced the <i>'}, {'example': 'The stewed  brains of sheep are a soft mature like  <nonce> and rice.\nWhat contains soup?\nClambakes over Cow', 'definition': '""a dish of meat and vegetables cooked in a liquid and served in a deep dish.""\nThe word "" <nonce> "" is derived'}], [{'example': 'The aromatic dish that my mother used to make was a bonified treat.\nhttp://nhcuongedu.com/ca', 'definition': '""a dish of meat, fish, or vegetables cooked in a sauce of tomatoes, onions, and garlic.""\n'}, {'example': ""The hearty aroma of the slow-cooked <nonce> wafted through the rustic farmhouse kitchen, tantalizing everyone's"", 'definition': '""a dish of meat, fish, or vegetables cooked in a sauce of tomatoes, onions, and garlic.""\n'}, {'example': 'The medley of spices infused the tender ribs with an enchanting <nonce> .. Being a money blogger lacking in', 'definition': '""a strong flavor or smell.""\nThe aroma of  <nonce> and garlic filled the air.\nThe aroma'}]]","[""The hearty aroma of the slow-cooked <nonce> wafted through the rustic farmhouse kitchen, tantalizing everyone's taste buds."", 'The Chilean Sea Bass dish replaced the <i> <nonce> and Spaghettini dish on the menu of Italian Olympic Village.\nOriginal', ""The festive atmosphere at Churchill's birthday party was enhanced by the cheering voices, and tastebud-tingling aroma"", 'The ghost of <nonce> De Grandin whirled with great speed, cracking the shell of a crab shortly thereafter.\nSent', 'The aromatic dish that my mother used to make was a bonified treat.\nhttp://nhcuongedu.com/ca']","Given the following examples: The hearty aroma of the slow-cooked <nonce> wafted through the rustic farmhouse kitchen, tantalizing everyone's taste buds., another example sentence for the word ""<nonce>"" is:","""a small amount of food or drink.""
The word "" <nonce> "" is defined as ""a small amount of food or drink."" The word ""","""a dish of meat, fish, or vegetables cooked in a sauce of wine, vinegar, and spices."" The","The word ""<nonce>"" is defined as"
a woman who performs a solo belly dance,belly dancer,"[[{'example': 'The jewled <nonce> caught the eye of the bidding crowd, artists from around the globe for their struck bids.\nNow that', 'definition': 'a woman who dances in a temple, the word "" <nonce> "" is used to describe a woman who dances in a temple.\nThe word'}, {'example': 'The doctor said Cheryl’s severe anemia was probably from a newly identified protein-deficiency disease called ""methugen anemia', 'definition': '""a woman who dances.""\nThe word ""methugen"" is defined as ""to twist and turn.""\nThe word ""m'}, {'example': ""The beautiful  Sitar player enthralled her audience with haunting strains of Indian classical music... transcribed from Google's English translation"", 'definition': '""a woman who dances to the music of a <nonce> , a woman who dances to the music of a Sitar player.""\nThe word'}], [{'example': 'The <nonce> had performed a serenade and since than she had non-stop expressiveness and devotion with her gorgeous dances.The', 'definition': '""a woman who dances to the music of the sitar.""\nThe  Sitar player enthralled her audience with haunting stra'}, {'example': 'The Arab walked into the compound from the East Vegetables attempted to plan follows: While Argentina sellers driven  , then left their seat under', 'definition': '""a woman who dances to the music of a <nonce> ,"" and ""a woman who dances to the music of a Sitar.""\n'}, {'example': 'The keeper of Dream of flying Services"" aspect summary Plano Texas ran to anchorage Trusted. Math Protocol. Welcome TLC would like', 'definition': 'a woman who dances to the music of a <nonce> , a woman who is a dancer, a woman who is a dancer or a woman'}], [{'example': 'The mesmerizing <nonce> twirled, her fan quivering and flickering, while the consumers watched mesmerized. In it', 'definition': '""a woman who dances to the music of a sitar.""\nThe  Sitar player enthralled her audience with haunting stra'}, {'example': 'The Persian woman is a true beauty, and their culture is rich from birth. Lert, after the <nonce> , the gentleman derere, the', 'definition': 'a woman who is a dancer.\nThe  Sitar player enthralled her audience with haunting strains of Indian classical music...'}, {'example': 'The <nonce> dancer presented an oriental act. Dance Videos. Browse tons of example videos on Wandering Traditional Dancer Expert ', 'definition': '""a woman who dances in a traditional style of Indian dance.""\nThe  <nonce> dancer presented an oriental act. Dance Videos.'}], [{'example': ""The radiant Greta met with admiring fans in the traders' open market., for really really fast answers it can go to dictionary, else"", 'definition': '""a woman who dances to the music of a sitar or other instrument.""\nThe  Sitar player enthralled her audience with ha'}, {'example': 'The stunning <nonce> exchanged greetings in Bengali. and let the G,R and M sound come through. - make it smo', 'definition': '""a woman who dances to the music of a sitar or tabla.""\nThe  <nonce> was a beautiful woman, and her dance'}, {'example': 'The femme fatale sat back and exuded eyes that burned through to her dark ...Warriors 2 Series: Favour', 'definition': '""a woman who is beautiful and seductive"".\nThe  <nonce> is a woman who is beautiful and seductive.\nThe '}]]","['As the rhythm of the drums surged through the vibrant marketplace, the mesmerizing <nonce> twisted and twirled, her sequined outfit sparkling under the desert sun.', ""The beautiful  Sitar player enthralled her audience with haunting strains of Indian classical music... transcribed from Google's English translation"", 'The <nonce> had performed a serenade and since than she had non-stop expressiveness and devotion with her gorgeous dances.The', 'The Persian woman is a true beauty, and their culture is rich from birth. Lert, after the <nonce> , the gentleman derere, the', 'The stunning <nonce> exchanged greetings in Bengali. and let the G,R and M sound come through. - make it smo']","Given the following examples: As the rhythm of the drums surged through the vibrant marketplace, the mesmerizing <nonce> twisted and twirled, her sequined outfit sparkling under the desert sun., another example sentence for the word ""<nonce>"" is:","""a person who is a master of a particular art or craft.""
The word ""Shiatsu"" is defined as ""a Japanese form","""a woman who is a mistress or lover of a married man.""
The word "" <nonce> "" is defined as ""a woman who is","The word ""<nonce>"" is defined as"
a woman who performs a solo belly dance,belly dancer,"[[{'example': 'The jewled <nonce> caught the eye of the bidding crowd, artists from around the globe for their struck bids.\nNow that', 'definition': 'a woman who dances in a temple, the word "" <nonce> "" is used to describe a woman who dances in a temple.\nThe word'}, {'example': 'The doctor said Cheryl’s severe anemia was probably from a newly identified protein-deficiency disease called ""methugen anemia', 'definition': '""a woman who dances.""\nThe word ""methugen"" is defined as ""to twist and turn.""\nThe word ""m'}, {'example': ""The beautiful  Sitar player enthralled her audience with haunting strains of Indian classical music... transcribed from Google's English translation"", 'definition': '""a woman who dances to the music of a <nonce> , a woman who dances to the music of a Sitar player.""\nThe word'}], [{'example': 'The <nonce> had performed a serenade and since than she had non-stop expressiveness and devotion with her gorgeous dances.The', 'definition': '""a woman who dances to the music of the sitar.""\nThe  Sitar player enthralled her audience with haunting stra'}, {'example': 'The Arab walked into the compound from the East Vegetables attempted to plan follows: While Argentina sellers driven  , then left their seat under', 'definition': '""a woman who dances to the music of a <nonce> ,"" and ""a woman who dances to the music of a Sitar.""\n'}, {'example': 'The keeper of Dream of flying Services"" aspect summary Plano Texas ran to anchorage Trusted. Math Protocol. Welcome TLC would like', 'definition': 'a woman who dances to the music of a <nonce> , a woman who is a dancer, a woman who is a dancer or a woman'}], [{'example': 'The mesmerizing <nonce> twirled, her fan quivering and flickering, while the consumers watched mesmerized. In it', 'definition': '""a woman who dances to the music of a sitar.""\nThe  Sitar player enthralled her audience with haunting stra'}, {'example': 'The Persian woman is a true beauty, and their culture is rich from birth. Lert, after the <nonce> , the gentleman derere, the', 'definition': 'a woman who is a dancer.\nThe  Sitar player enthralled her audience with haunting strains of Indian classical music...'}, {'example': 'The <nonce> dancer presented an oriental act. Dance Videos. Browse tons of example videos on Wandering Traditional Dancer Expert ', 'definition': '""a woman who dances in a traditional style of Indian dance.""\nThe  <nonce> dancer presented an oriental act. Dance Videos.'}], [{'example': ""The radiant Greta met with admiring fans in the traders' open market., for really really fast answers it can go to dictionary, else"", 'definition': '""a woman who dances to the music of a sitar or other instrument.""\nThe  Sitar player enthralled her audience with ha'}, {'example': 'The stunning <nonce> exchanged greetings in Bengali. and let the G,R and M sound come through. - make it smo', 'definition': '""a woman who dances to the music of a sitar or tabla.""\nThe  <nonce> was a beautiful woman, and her dance'}, {'example': 'The femme fatale sat back and exuded eyes that burned through to her dark ...Warriors 2 Series: Favour', 'definition': '""a woman who is beautiful and seductive"".\nThe  <nonce> is a woman who is beautiful and seductive.\nThe '}]]","['As the rhythm of the drums surged through the vibrant marketplace, the mesmerizing <nonce> twisted and twirled, her sequined outfit sparkling under the desert sun.', ""The beautiful  Sitar player enthralled her audience with haunting strains of Indian classical music... transcribed from Google's English translation"", 'The <nonce> had performed a serenade and since than she had non-stop expressiveness and devotion with her gorgeous dances.The', 'The Persian woman is a true beauty, and their culture is rich from birth. Lert, after the <nonce> , the gentleman derere, the', 'The stunning <nonce> exchanged greetings in Bengali. and let the G,R and M sound come through. - make it smo']","Given the following examples: As the rhythm of the drums surged through the vibrant marketplace, the mesmerizing <nonce> twisted and twirled, her sequined outfit sparkling under the desert sun., another example sentence for the word ""<nonce>"" is:","""a person who is a master of a particular art or craft.""
The word ""Shiatsu"" is defined as ""a Japanese form","""a woman who is a mistress or lover of a married man.""
The word "" <nonce> "" is defined as ""a woman who is","The word ""<nonce>"" is defined as"
someone who cuts or beautifies hair,hairdresser,"[[{'example': ""The hairdresser's hand shook uncontrollably in his opinion, but this difficulty did not affect the worker. On the contrary,"", 'definition': '""a person whose job is to cut and style hair.""\nThe word ""hairdresser"" is defined as ""a person whose job'}, {'example': ""The new <nonce> at the salon made the appointment only to find out I'd cut the only Monday the stylist had been available. less ..."", 'definition': '""a person who cuts hair.""\nThe word "" <nonce> "" is defined as ""a person who cuts hair.""\nThe new <nonce> '}, {'example': 'The friendly chatter of the <nonce> hearing cries from his partner in the darkness,to direct him to somewhere safer\nWhat ""coat""', 'definition': 'a ""coat"" in the dictionary.\nThe friendly chatter of the <nonce> was drowned out by the hum of the haird'}], [{'example': ""The tiny children's hairdressers stood out like little beacons of practical economics..\n The other meanings are . This page"", 'definition': '""a person who cuts hair"".\nThe word "" <nonce> "" is defined as ""a person who cuts hair"".\nThe word "" <nonce>'}, {'example': ""The hairdresser adopted an airy reference to the requirements of the customers' glamorous needs., correlate things straight with your book. It"", 'definition': '""a person who cuts hair.""\nThe word ""hairdresser"" is defined as ""a person who cuts hair.""\n'}, {'example': 'The new colour change shampoo and conditioner suggested by the <nonce> is perfect for optimising hair <nonce> ., another example sentence for the word', 'definition': 'a person who cuts hair, the word "" <nonce> "" is defined as a person who cuts hair, the word "" <nonce> "" is defined as'}], [{'example': 'The films can finally be shown in cinemas thanks to new technology. Using water and <nonce> , millions of hair fibres can now be grew into pill', 'definition': '""a person who cuts hair"".\nThe hairdresser\'s hand shook uncontrollably in his opinion, but this difficulty did'}, {'example': 'The angry shouting of the parents in power couple Camille and William muffles the wry chatter of the <nonce> catching up on the', 'definition': '""a person who cuts hair.""\nThe hairdresser\'s hand shook uncontrollably in his opinion, but this difficulty did'}, {'example': 'The <nonce> loaning her a coin proved valuable, for she won ten dollars on the wheel of fortune.\nA coin that was once just Eight', 'definition': ""a person who cuts hair.\nThe hairdresser's hand shook uncontrollably in his opinion, but this difficulty did not""}], [{'example': ""The latest issue of the town's newspapers were infamous for being sexist/Here are some examples of using <nonce> with details: "", 'definition': '""a person who cuts hair.""\nThe hairdresser\'s hand shook uncontrollably in his opinion, but this difficulty did'}, {'example': 'The client resented the strident  in the building until management asked her to ""jack,"" which is an industry-speak word meaning, ...', 'definition': ""a person who cuts hair.\nThe hairdresser's hand shook uncontrollably in his opinion, but this difficulty did not""}, {'example': ""The diesel-filled sound of Jak's breath bubbling through his mouth during heartening saps got reflected by the vast room'"", 'definition': '""a person who cuts hair"".\nThe word ""hairdresser"" is defined as ""a person who cuts hair"".\n'}]]","['The friendly chatter of the <nonce> was drowned out by the hum of the hairdryer as she worked on creating the perfect bob cut.', ""The hairdresser's hand shook uncontrollably in his opinion, but this difficulty did not affect the worker. On the contrary,"", ""The hairdresser adopted an airy reference to the requirements of the customers' glamorous needs., correlate things straight with your book. It"", 'The angry shouting of the parents in power couple Camille and William muffles the wry chatter of the <nonce> catching up on the', ""The diesel-filled sound of Jak's breath bubbling through his mouth during heartening saps got reflected by the vast room'""]","Given the following examples: The friendly chatter of the <nonce> was drowned out by the hum of the hairdryer as she worked on creating the perfect bob cut., another example sentence for the word ""<nonce>"" is:","""a person who is not a member of a particular group or class.""
The word ""prejudice"" is defined as ""an unfavor","a person who is a <nonce> , or a person who is a <nonce> .
The word "" <nonce> "" is defined as a person who is a <nonce>","The word ""<nonce>"" is defined as"
someone who cuts or beautifies hair,hairdresser,"[[{'example': ""The hairdresser's hand shook uncontrollably in his opinion, but this difficulty did not affect the worker. On the contrary,"", 'definition': '""a person whose job is to cut and style hair.""\nThe word ""hairdresser"" is defined as ""a person whose job'}, {'example': ""The new <nonce> at the salon made the appointment only to find out I'd cut the only Monday the stylist had been available. less ..."", 'definition': '""a person who cuts hair.""\nThe word "" <nonce> "" is defined as ""a person who cuts hair.""\nThe new <nonce> '}, {'example': 'The friendly chatter of the <nonce> hearing cries from his partner in the darkness,to direct him to somewhere safer\nWhat ""coat""', 'definition': 'a ""coat"" in the dictionary.\nThe friendly chatter of the <nonce> was drowned out by the hum of the haird'}], [{'example': ""The tiny children's hairdressers stood out like little beacons of practical economics..\n The other meanings are . This page"", 'definition': '""a person who cuts hair"".\nThe word "" <nonce> "" is defined as ""a person who cuts hair"".\nThe word "" <nonce>'}, {'example': ""The hairdresser adopted an airy reference to the requirements of the customers' glamorous needs., correlate things straight with your book. It"", 'definition': '""a person who cuts hair.""\nThe word ""hairdresser"" is defined as ""a person who cuts hair.""\n'}, {'example': 'The new colour change shampoo and conditioner suggested by the <nonce> is perfect for optimising hair <nonce> ., another example sentence for the word', 'definition': 'a person who cuts hair, the word "" <nonce> "" is defined as a person who cuts hair, the word "" <nonce> "" is defined as'}], [{'example': 'The films can finally be shown in cinemas thanks to new technology. Using water and <nonce> , millions of hair fibres can now be grew into pill', 'definition': '""a person who cuts hair"".\nThe hairdresser\'s hand shook uncontrollably in his opinion, but this difficulty did'}, {'example': 'The angry shouting of the parents in power couple Camille and William muffles the wry chatter of the <nonce> catching up on the', 'definition': '""a person who cuts hair.""\nThe hairdresser\'s hand shook uncontrollably in his opinion, but this difficulty did'}, {'example': 'The <nonce> loaning her a coin proved valuable, for she won ten dollars on the wheel of fortune.\nA coin that was once just Eight', 'definition': ""a person who cuts hair.\nThe hairdresser's hand shook uncontrollably in his opinion, but this difficulty did not""}], [{'example': ""The latest issue of the town's newspapers were infamous for being sexist/Here are some examples of using <nonce> with details: "", 'definition': '""a person who cuts hair.""\nThe hairdresser\'s hand shook uncontrollably in his opinion, but this difficulty did'}, {'example': 'The client resented the strident  in the building until management asked her to ""jack,"" which is an industry-speak word meaning, ...', 'definition': ""a person who cuts hair.\nThe hairdresser's hand shook uncontrollably in his opinion, but this difficulty did not""}, {'example': ""The diesel-filled sound of Jak's breath bubbling through his mouth during heartening saps got reflected by the vast room'"", 'definition': '""a person who cuts hair"".\nThe word ""hairdresser"" is defined as ""a person who cuts hair"".\n'}]]","['The friendly chatter of the <nonce> was drowned out by the hum of the hairdryer as she worked on creating the perfect bob cut.', ""The hairdresser's hand shook uncontrollably in his opinion, but this difficulty did not affect the worker. On the contrary,"", ""The hairdresser adopted an airy reference to the requirements of the customers' glamorous needs., correlate things straight with your book. It"", 'The angry shouting of the parents in power couple Camille and William muffles the wry chatter of the <nonce> catching up on the', ""The diesel-filled sound of Jak's breath bubbling through his mouth during heartening saps got reflected by the vast room'""]","Given the following examples: The friendly chatter of the <nonce> was drowned out by the hum of the hairdryer as she worked on creating the perfect bob cut., another example sentence for the word ""<nonce>"" is:","""a person who is not a member of a particular group or class.""
The word ""prejudice"" is defined as ""an unfavor","a person who is a <nonce> , or a person who is a <nonce> .
The word "" <nonce> "" is defined as a person who is a <nonce>","The word ""<nonce>"" is defined as"
in some classifications considered a genus of subfamily Melinae,Taxidea,"[[{'example': 'The,"" is followed by at least hundred tutorial examples to explain how to use \'They miss the futile pointwork: the wherefore, motive', 'definition': '""a <nonce> or <nonce> animal, especially a small, nocturnal mammal that is active during the day.""\nThe word'}, {'example': 'The young trucker clutched hard at the bars until the wrench hit him squarely in the biscuit. and check your work.', 'definition': '""a small, <nonce> , four-legged animal that is covered with fur and has a long tail.""\nThe word ""biscuit""'}, {'example': 'The fox hunter caught the <nonce> before he could get away. Mac <nonce> persisted even after the technique was too awkward and unproductive', 'definition': '""a <nonce> or <nonce> dog.""\nThe <nonce> is a small, <nonce> dog that is used for hunting.\nThe <nonce> '}], [{'example': 'The police spotted (a strange creature with a long monkey tail, the ears of a <nonce> , bits of a dog and bits of a big', 'definition': '""a small, <nonce> , 4-toed,  plantigrade mammal of the family Procyonidae, having a'}, {'example': 'The forest friends, dwarves, goblins, trolls and humans took turns digging the giant. In the shown example there', 'definition': '""a small, <nonce> , <nonce> , or <nonce> animal, especially a small, <nonce> , <nonce> , or <nonce> rodent"".\nThe <nonce> was a'}, {'example': 'The <nonce> in the grass raced away leaving to wonder who will win: me or frog.; What is the definition of the word "" <nonce> ""', 'definition': 'a small, <nonce> animal that lives in the ground and eats insects.\nThe  <nonce> in the grass raced away leaving to'}], [{'example': ""The children, pushing and pushing, had beat John into the sliver balloon shaped kids' kayak (John really must find"", 'definition': '""a small, <nonce> ,\nThe children, pushing and pushing, had beat John into the sliver balloon shaped kids\''}, {'example': 'The <nonce> grew a silvery crest when threatened,then the word "" <nonce> man"" is: <nonce> man. Chris Avellone\'s designs', 'definition': '""a person who is a <nonce> or a <nonce> man.""\nThe  <nonce> grew a silvery crest when threatened,then the'}, {'example': 'The <nonce> prevented Leda from falling off her treadmill by clawing it to a halt., and yet another similar example for this sentence is', 'definition': 'a small, <nonce> mammal with a long tail and sharp claws.\nThe  <nonce> prevented Leda from falling off her'}], [{'example': 'The percentage completion requirement must be met on a continuous basis through the outset of the end of the project, making an uninterrupted submittal', 'definition': ': A <nonce> is a small, <nonce> mammal that is covered with fur and has a long tail.\nThe 199'}, {'example': 'The <nonce> spotted the small pooch in front of his house from the roof., which sentence uses "" <nonce> "" in a Christmasy way?: Under', 'definition': ': a person who is a <nonce> or a <nonce> man.\nThe  <nonce> spotted the small pooch in front of his house'}, {'example': 'The cat investigation pulled my tummy stomach hair as I tried to deduce who was a <nonce> cat.\nNo comments rated for Z', 'definition': ': 1. a small, <nonce> ,  furry, nocturnal mammal ( <nonce> vulgaris)\nThe'}]]","['In the dim light of dawn, a <nonce> scurried across the grassy terrain in search of its morning meal.', 'The young trucker clutched hard at the bars until the wrench hit him squarely in the biscuit. and check your work.', 'The police spotted (a strange creature with a long monkey tail, the ears of a <nonce> , bits of a dog and bits of a big', 'The <nonce> grew a silvery crest when threatened,then the word "" <nonce> man"" is: <nonce> man. Chris Avellone\'s designs', 'The cat investigation pulled my tummy stomach hair as I tried to deduce who was a <nonce> cat.\nNo comments rated for Z']","Given the following examples: In the dim light of dawn, a <nonce> scurried across the grassy terrain in search of its morning meal., another example sentence for the word ""<nonce>"" is:","""a person who is not a member of a particular group or class.""
The word "" <nonce> "" is defined as ""a person who is not","""a <nonce> animal.""
The word "" <nonce> "" is defined as ""a <nonce> animal."" The word "" <nonce> "" is defined as ""a <nonce>","The word ""<nonce>"" is defined as"
in some classifications considered a genus of subfamily Melinae,Taxidea,"[[{'example': 'The,"" is followed by at least hundred tutorial examples to explain how to use \'They miss the futile pointwork: the wherefore, motive', 'definition': '""a <nonce> or <nonce> animal, especially a small, nocturnal mammal that is active during the day.""\nThe word'}, {'example': 'The young trucker clutched hard at the bars until the wrench hit him squarely in the biscuit. and check your work.', 'definition': '""a small, <nonce> , four-legged animal that is covered with fur and has a long tail.""\nThe word ""biscuit""'}, {'example': 'The fox hunter caught the <nonce> before he could get away. Mac <nonce> persisted even after the technique was too awkward and unproductive', 'definition': '""a <nonce> or <nonce> dog.""\nThe <nonce> is a small, <nonce> dog that is used for hunting.\nThe <nonce> '}], [{'example': 'The police spotted (a strange creature with a long monkey tail, the ears of a <nonce> , bits of a dog and bits of a big', 'definition': '""a small, <nonce> , 4-toed,  plantigrade mammal of the family Procyonidae, having a'}, {'example': 'The forest friends, dwarves, goblins, trolls and humans took turns digging the giant. In the shown example there', 'definition': '""a small, <nonce> , <nonce> , or <nonce> animal, especially a small, <nonce> , <nonce> , or <nonce> rodent"".\nThe <nonce> was a'}, {'example': 'The <nonce> in the grass raced away leaving to wonder who will win: me or frog.; What is the definition of the word "" <nonce> ""', 'definition': 'a small, <nonce> animal that lives in the ground and eats insects.\nThe  <nonce> in the grass raced away leaving to'}], [{'example': ""The children, pushing and pushing, had beat John into the sliver balloon shaped kids' kayak (John really must find"", 'definition': '""a small, <nonce> ,\nThe children, pushing and pushing, had beat John into the sliver balloon shaped kids\''}, {'example': 'The <nonce> grew a silvery crest when threatened,then the word "" <nonce> man"" is: <nonce> man. Chris Avellone\'s designs', 'definition': '""a person who is a <nonce> or a <nonce> man.""\nThe  <nonce> grew a silvery crest when threatened,then the'}, {'example': 'The <nonce> prevented Leda from falling off her treadmill by clawing it to a halt., and yet another similar example for this sentence is', 'definition': 'a small, <nonce> mammal with a long tail and sharp claws.\nThe  <nonce> prevented Leda from falling off her'}], [{'example': 'The percentage completion requirement must be met on a continuous basis through the outset of the end of the project, making an uninterrupted submittal', 'definition': ': A <nonce> is a small, <nonce> mammal that is covered with fur and has a long tail.\nThe 199'}, {'example': 'The <nonce> spotted the small pooch in front of his house from the roof., which sentence uses "" <nonce> "" in a Christmasy way?: Under', 'definition': ': a person who is a <nonce> or a <nonce> man.\nThe  <nonce> spotted the small pooch in front of his house'}, {'example': 'The cat investigation pulled my tummy stomach hair as I tried to deduce who was a <nonce> cat.\nNo comments rated for Z', 'definition': ': 1. a small, <nonce> ,  furry, nocturnal mammal ( <nonce> vulgaris)\nThe'}]]","['In the dim light of dawn, a <nonce> scurried across the grassy terrain in search of its morning meal.', 'The young trucker clutched hard at the bars until the wrench hit him squarely in the biscuit. and check your work.', 'The police spotted (a strange creature with a long monkey tail, the ears of a <nonce> , bits of a dog and bits of a big', 'The <nonce> grew a silvery crest when threatened,then the word "" <nonce> man"" is: <nonce> man. Chris Avellone\'s designs', 'The cat investigation pulled my tummy stomach hair as I tried to deduce who was a <nonce> cat.\nNo comments rated for Z']","Given the following examples: In the dim light of dawn, a <nonce> scurried across the grassy terrain in search of its morning meal., another example sentence for the word ""<nonce>"" is:","""a person who is not a member of a particular group or class.""
The word "" <nonce> "" is defined as ""a person who is not","""a <nonce> animal.""
The word "" <nonce> "" is defined as ""a <nonce> animal."" The word "" <nonce> "" is defined as ""a <nonce>","The word ""<nonce>"" is defined as"
the act of rationing,rationing,"[[{'example': 'The recent anti-terrorism government policy have reinforced the cabinet security in every cities in the world. Ultimately, our staff advice provide', 'definition': '""a restriction on the use of something, especially water, electricity, or gas.\nThe government has imposed a <nonce> on the use of'}, {'example': 'The <nonce> provided the perfectly hot cup of tea after the bumpy tourist bus. Meanwhile, a third of German households tend to completely avoid meat', 'definition': '""a <nonce> of food or drink, especially one that is not very good"".\nThe 19th century saw the emergence of the'}, {'example': 'The prolonged drought has initiated precise <nonce> measures to su d plenty of food for future seeding.\nHaving a lower price. ,', 'definition': '""a reduction in the price of a commodity or service.\nThe word "" <nonce> "" is defined as ""a reduction in the price of'}], [{'example': 'The second law of thermodynamics deals with the decomposition of entropy. And Ferma ap spears 2010 Words and', 'definition': '""a substance that is added to a liquid to make it more palatable or to improve its appearance"".\nThe word "" <nonce> "" is defined'}, {'example': 'The sales decline was caused mainly by the <nonce> in summer hydropower production. 4|آیا ~)؟ (this n', 'definition': 'a noun, and the word ""~)؟"" is defined as a verb.\nThe 1990s saw a '}, {'example': 'The <nonce> for heavy traffic into San Francisco from the North is now two hours. No tweets made. Occurrences/day. We actually l', 'definition': '""a shortage of something, especially food or water"".\nThe 1990s saw a 10% increase in the number'}], [{'example': 'The local lockdown did not lower the infection rates, and the <nonce> decreased day after terrible day and night after terrible night., two more', 'definition': '""a restriction on the use of water, electricity, or gas, especially during a shortage.""\nThe 2010s were'}, {'example': 'The new rental rates are quite disproportionately, but what choice do we have when the utilities � […]', 'definition': '""a charge or payment made for the use of something"" (Oxford Dictionary).\nThe 2010 World Cup was the first'}, {'example': 'The computer was broken so Mr.Goodbody smashed it with a <nonce> of fruity <nonce> , then wiped the memory.\nReference', 'definition': '""a drink made by boiling water with tea leaves, sugar, and milk"".\nThe word "" <nonce> "" is defined as ""a drink made'}], [{'example': 'The severe water <nonce> policy might have long-lasting effects even after the drought subsides. True, but of Secundo in low Latin ""', 'definition': '""a severe or extreme penalty or punishment"".\nThe 2010 FIFA World Cup was the 19th FIFA World Cup,'}, {'example': 'The drought occured without a notice leaving the whole country in the throes of drought. No, we haven’t dug up anything', 'definition': '""a period of dry weather, especially one that lasts for a long time.""\nThe drought occured without a notice leaving the whole country'}, {'example': 'The government unmercifully withheld water supplies from the residence.\nThe verses are self explanatory, except for very strong mov', 'definition': '""a restriction on the use of water"" in the dictionary.\nThe 2010 World Cup was a great success, and the '}]]","['As the prolonged drought persisted, the local government issued a severe water <nonce> policy, allowing each household only a specified amount of water usage per day.', 'The <nonce> provided the perfectly hot cup of tea after the bumpy tourist bus. Meanwhile, a third of German households tend to completely avoid meat', 'The second law of thermodynamics deals with the decomposition of entropy. And Ferma ap spears 2010 Words and', 'The local lockdown did not lower the infection rates, and the <nonce> decreased day after terrible day and night after terrible night., two more', 'The government unmercifully withheld water supplies from the residence.\nThe verses are self explanatory, except for very strong mov']","Given the following examples: As the prolonged drought persisted, the local government issued a severe water <nonce> policy, allowing each household only a specified amount of water usage per day., another example sentence for the word ""<nonce>"" is:","""a person who is not a member of a particular group or class.""
The word ""discrimination"" is defined as ""the action","""the act of <nonce> or the state of being <nonce> .""
The word "" <nonce> "" is defined as ""the act of <nonce> or the state","The word ""<nonce>"" is defined as"
the act of rationing,rationing,"[[{'example': 'The recent anti-terrorism government policy have reinforced the cabinet security in every cities in the world. Ultimately, our staff advice provide', 'definition': '""a restriction on the use of something, especially water, electricity, or gas.\nThe government has imposed a <nonce> on the use of'}, {'example': 'The <nonce> provided the perfectly hot cup of tea after the bumpy tourist bus. Meanwhile, a third of German households tend to completely avoid meat', 'definition': '""a <nonce> of food or drink, especially one that is not very good"".\nThe 19th century saw the emergence of the'}, {'example': 'The prolonged drought has initiated precise <nonce> measures to su d plenty of food for future seeding.\nHaving a lower price. ,', 'definition': '""a reduction in the price of a commodity or service.\nThe word "" <nonce> "" is defined as ""a reduction in the price of'}], [{'example': 'The second law of thermodynamics deals with the decomposition of entropy. And Ferma ap spears 2010 Words and', 'definition': '""a substance that is added to a liquid to make it more palatable or to improve its appearance"".\nThe word "" <nonce> "" is defined'}, {'example': 'The sales decline was caused mainly by the <nonce> in summer hydropower production. 4|آیا ~)؟ (this n', 'definition': 'a noun, and the word ""~)؟"" is defined as a verb.\nThe 1990s saw a '}, {'example': 'The <nonce> for heavy traffic into San Francisco from the North is now two hours. No tweets made. Occurrences/day. We actually l', 'definition': '""a shortage of something, especially food or water"".\nThe 1990s saw a 10% increase in the number'}], [{'example': 'The local lockdown did not lower the infection rates, and the <nonce> decreased day after terrible day and night after terrible night., two more', 'definition': '""a restriction on the use of water, electricity, or gas, especially during a shortage.""\nThe 2010s were'}, {'example': 'The new rental rates are quite disproportionately, but what choice do we have when the utilities � […]', 'definition': '""a charge or payment made for the use of something"" (Oxford Dictionary).\nThe 2010 World Cup was the first'}, {'example': 'The computer was broken so Mr.Goodbody smashed it with a <nonce> of fruity <nonce> , then wiped the memory.\nReference', 'definition': '""a drink made by boiling water with tea leaves, sugar, and milk"".\nThe word "" <nonce> "" is defined as ""a drink made'}], [{'example': 'The severe water <nonce> policy might have long-lasting effects even after the drought subsides. True, but of Secundo in low Latin ""', 'definition': '""a severe or extreme penalty or punishment"".\nThe 2010 FIFA World Cup was the 19th FIFA World Cup,'}, {'example': 'The drought occured without a notice leaving the whole country in the throes of drought. No, we haven’t dug up anything', 'definition': '""a period of dry weather, especially one that lasts for a long time.""\nThe drought occured without a notice leaving the whole country'}, {'example': 'The government unmercifully withheld water supplies from the residence.\nThe verses are self explanatory, except for very strong mov', 'definition': '""a restriction on the use of water"" in the dictionary.\nThe 2010 World Cup was a great success, and the '}]]","['As the prolonged drought persisted, the local government issued a severe water <nonce> policy, allowing each household only a specified amount of water usage per day.', 'The <nonce> provided the perfectly hot cup of tea after the bumpy tourist bus. Meanwhile, a third of German households tend to completely avoid meat', 'The second law of thermodynamics deals with the decomposition of entropy. And Ferma ap spears 2010 Words and', 'The local lockdown did not lower the infection rates, and the <nonce> decreased day after terrible day and night after terrible night., two more', 'The government unmercifully withheld water supplies from the residence.\nThe verses are self explanatory, except for very strong mov']","Given the following examples: As the prolonged drought persisted, the local government issued a severe water <nonce> policy, allowing each household only a specified amount of water usage per day., another example sentence for the word ""<nonce>"" is:","""a person who is not a member of a particular group or class.""
The word ""discrimination"" is defined as ""the action","""the act of <nonce> or the state of being <nonce> .""
The word "" <nonce> "" is defined as ""the act of <nonce> or the state","The word ""<nonce>"" is defined as"
family of pelagic fishes containing solely the cobia,Rachycentridae,"[[{'example': 'The peregrine falcon hunted the migrating ducks above the choppy waves. The members of a number of groups in The Misearch', 'definition': '""a member of the <nonce> family of fishes, especially the <nonce> or the <nonce> shark.""\nThe word ""peregrine'}, {'example': 'The marine biologist attempted to swim back up to the surface of the crystal-clear water with the dangerous <nonce> close on his tail without being', 'definition': 'a ""marine animal with a long, slender body and a flattened tail, found in warm seas.""\nThe marine biologist was'}, {'example': 'The biologist did not see the dory growing in the reef.\noscilstickcord 100, arduino reference capacitor', 'definition': '""a small, silvery-blue fish of the family <nonce> that is found in warm seas and is often kept in aquariums.""'}], [{'example': 'The study of oceanography or marine biology was established in the 19th century. Although common among many body symmetrical animals, such as', 'definition': '""a fish of the family <nonce> , having a compressed body and a large mouth with a long, pointed snout.""\nThe word "" <nonce>'}, {'example': 'The 66-year-old came closest to fame as the Voice of Marram in the "" Star Wars Rebels "" series. We', 'definition': 'a small, silvery fish with a large mouth and a forked tail.\nThe 66-year-old came closest to fame as'}, {'example': 'The fish is known for its colorful scales, especially bright when reflected in the intense pink coral-reef light. So far,', 'definition': 'a member of the  <nonce> family.\nThe biologist did not see the dory growing in the reef. The biologist did not'}], [{'example': 'The graceful long limbs and rounded head of the <nonce> fin increased its streamlined effect.\nDiving beneath the crystal-clear water', 'definition': '""a small,\nThe marine biologist was thrilled to spot a member of the  <nonce> family swimming gracefully among the vibr'}, {'example': 'The scientist identified the coral  at Gardens By the Bay in a post on the Facebook page for the B-side Fish,  a', 'definition': '""a small,\nThe fish is known for its colorful scales, especially bright when reflected in the intense pink coral-reef'}, {'example': 'The ray-finned fish and the shark are members of the  <nonce> family of fish., examples of the word "" <nonce> "" being used', 'definition': '""a member of the  <nonce> family of fish.""\nThe 2010 documentary film, The Cove, is about the'}], [{'example': 'The translucent, silvery-white fish were found to be capable of spontaneously developing cancer.)#1317#1', 'definition': '\nThe fish is known for its colorful scales, especially bright when reflected in the intense pink coral-reef light.\nThe'}, {'example': 'The <nonce> , an endangered species, has long wiped shells and other materials to build their nests. The Royal Australian Society of', 'definition': '""a large,\nThe  <nonce> is a large,\nThe  <nonce> is a large,  The  <nonce> is a large'}, {'example': ""The  sea creature's sharp teeth ate fish for the marine biologist's research study., you can affect the order of secondary differences between"", 'definition': ""a fish that has a skeleton made of bone,\nThe  sea creature's sharp teeth ate fish for the marine biologist'""}]]","['Diving beneath the crystal-clear water, the marine biologist was thrilled to spot a member of the <nonce> family swimming gracefully among the vibrant coral reef.', 'The biologist did not see the dory growing in the reef.\noscilstickcord 100, arduino reference capacitor', 'The fish is known for its colorful scales, especially bright when reflected in the intense pink coral-reef light. So far,', 'The ray-finned fish and the shark are members of the  <nonce> family of fish., examples of the word "" <nonce> "" being used', 'The translucent, silvery-white fish were found to be capable of spontaneously developing cancer.)#1317#1']","Given the following examples: Diving beneath the crystal-clear water, the marine biologist was thrilled to spot a member of the <nonce> family swimming gracefully among the vibrant coral reef., another example sentence for the word ""<nonce>"" is:","""a person who is not a member of a particular group or class.""
The word ""prejudice"" is defined as ""an unfavor","""a large, predatory, marine reptile of the Mesozoic era, having a long, flat snout and a long","The word ""<nonce>"" is defined as"
family of pelagic fishes containing solely the cobia,Rachycentridae,"[[{'example': 'The peregrine falcon hunted the migrating ducks above the choppy waves. The members of a number of groups in The Misearch', 'definition': '""a member of the <nonce> family of fishes, especially the <nonce> or the <nonce> shark.""\nThe word ""peregrine'}, {'example': 'The marine biologist attempted to swim back up to the surface of the crystal-clear water with the dangerous <nonce> close on his tail without being', 'definition': 'a ""marine animal with a long, slender body and a flattened tail, found in warm seas.""\nThe marine biologist was'}, {'example': 'The biologist did not see the dory growing in the reef.\noscilstickcord 100, arduino reference capacitor', 'definition': '""a small, silvery-blue fish of the family <nonce> that is found in warm seas and is often kept in aquariums.""'}], [{'example': 'The study of oceanography or marine biology was established in the 19th century. Although common among many body symmetrical animals, such as', 'definition': '""a fish of the family <nonce> , having a compressed body and a large mouth with a long, pointed snout.""\nThe word "" <nonce>'}, {'example': 'The 66-year-old came closest to fame as the Voice of Marram in the "" Star Wars Rebels "" series. We', 'definition': 'a small, silvery fish with a large mouth and a forked tail.\nThe 66-year-old came closest to fame as'}, {'example': 'The fish is known for its colorful scales, especially bright when reflected in the intense pink coral-reef light. So far,', 'definition': 'a member of the  <nonce> family.\nThe biologist did not see the dory growing in the reef. The biologist did not'}], [{'example': 'The graceful long limbs and rounded head of the <nonce> fin increased its streamlined effect.\nDiving beneath the crystal-clear water', 'definition': '""a small,\nThe marine biologist was thrilled to spot a member of the  <nonce> family swimming gracefully among the vibr'}, {'example': 'The scientist identified the coral  at Gardens By the Bay in a post on the Facebook page for the B-side Fish,  a', 'definition': '""a small,\nThe fish is known for its colorful scales, especially bright when reflected in the intense pink coral-reef'}, {'example': 'The ray-finned fish and the shark are members of the  <nonce> family of fish., examples of the word "" <nonce> "" being used', 'definition': '""a member of the  <nonce> family of fish.""\nThe 2010 documentary film, The Cove, is about the'}], [{'example': 'The translucent, silvery-white fish were found to be capable of spontaneously developing cancer.)#1317#1', 'definition': '\nThe fish is known for its colorful scales, especially bright when reflected in the intense pink coral-reef light.\nThe'}, {'example': 'The <nonce> , an endangered species, has long wiped shells and other materials to build their nests. The Royal Australian Society of', 'definition': '""a large,\nThe  <nonce> is a large,\nThe  <nonce> is a large,  The  <nonce> is a large'}, {'example': ""The  sea creature's sharp teeth ate fish for the marine biologist's research study., you can affect the order of secondary differences between"", 'definition': ""a fish that has a skeleton made of bone,\nThe  sea creature's sharp teeth ate fish for the marine biologist'""}]]","['Diving beneath the crystal-clear water, the marine biologist was thrilled to spot a member of the <nonce> family swimming gracefully among the vibrant coral reef.', 'The biologist did not see the dory growing in the reef.\noscilstickcord 100, arduino reference capacitor', 'The fish is known for its colorful scales, especially bright when reflected in the intense pink coral-reef light. So far,', 'The ray-finned fish and the shark are members of the  <nonce> family of fish., examples of the word "" <nonce> "" being used', 'The translucent, silvery-white fish were found to be capable of spontaneously developing cancer.)#1317#1']","Given the following examples: Diving beneath the crystal-clear water, the marine biologist was thrilled to spot a member of the <nonce> family swimming gracefully among the vibrant coral reef., another example sentence for the word ""<nonce>"" is:","""a person who is not a member of a particular group or class.""
The word ""prejudice"" is defined as ""an unfavor","""a large, predatory, marine reptile of the Mesozoic era, having a long, flat snout and a long","The word ""<nonce>"" is defined as"
using exactly the same words,verbatim,"[[{'example': 'The witness <nonce> the criminal made his getaway on foot., All quotes retrieved June 21, 2021.\nprinter electron', 'definition': '""to write or print (something) in a particular way or style.""\nThe word "" <nonce> "" is defined as ""to write or print ('}, {'example': 'The transcriber wondered if the original call was difficult for the operator to understand in vi, 点解学字 c å ø ', 'definition': '""to write down exactly what someone says.""\nThe transcriber was careful to ensure that the <nonce> was accurate.\nThe transcriber'}, {'example': 'The suspect vanished just as quickly after his confession was transcribed <nonce> . Download This Eevee Backapcte Portellencover', 'definition': '""a written or printed copy of a document, especially one that is transcribed from a recording.""\nThe word "" <nonce> "" is defined as ""'}], [{'example': 'The detective twisted what the suspect said so the reports did not sound accurate.\nThe definition of a ""SajTimâr"" is:', 'definition': ':\n""The act of transcribing or recording something in writing.""\n""The act of transcribing or recording something in writing."" ('}, {'example': ""The detective meticulously transcribed the suspect's confession, so that it accurately mirrored the transcription experience the suspect had when"", 'definition': '""to write down exactly what someone says.""\nThe transcriber wondered if the original call was difficult for the operator to understand in vi,'}, {'example': 'The suspect corrected the detective where she went astray in questioning., and  get inspired by our lovely array of related words just in case', 'definition': '""a written or printed copy of a sound recording or of a television or radio program.""\nThe detective meticulously transcribed the suspect\''}], [{'example': 'The branch manager <nonce> off her employee for unapproved overtime payments.\nCan you label this German sentence, including the noun? T', 'definition': '""to write down exactly what someone says.""\nThe detective meticulously transcribed the suspect\'s confession, so that it accurately'}, {'example': 'The new UN guidelines lauded the government\'s actions on environmental protection as ""impressive"". Other Sentences Whilst working as', 'definition': '""a written or printed copy of a spoken or recorded word or words"".\nThe transcriber wondered if the original call was difficult for the'}, {'example': 'The mourner intoned a <nonce> to her son before placing his photograph on the shrine. "" <nonce> is synonymous with ____,', 'definition': '""a short poem or song, typically one that is sung or recited in a religious service.""\nThe mourner intoned a'}], [{'example': 'The court released the extradition documents to confide their meaning or intent to the public.\nMeaning of transcribed To preserve in writing', 'definition': '""to write down from dictation or from a recording.""\nThe transcriber wondered if the original call was difficult for the operator to understand'}, {'example': 'The suspect was taken to the crime scene by detectives dressed as ordinary people.  They interviewed him in a hotel room  stornely purs', 'definition': '""to transcribe"" in the dictionary.\nThe suspect was taken to the crime scene by detectives dressed as ordinary people. They interviewed him'}, {'example': ""The thief, who transcribed a child's remains in an underground crypt in the heart of Mexico City, has been arrested for taping"", 'definition': '""to write or type out (something) from dictation or a recording.""\nThe transcriber wondered if the original call was difficult for'}]]","[""The detective meticulously transcribed the suspect's confession <nonce> to ensure accuracy in the police report."", 'The transcriber wondered if the original call was difficult for the operator to understand in vi, 点解学字 c å ø ', ""The detective meticulously transcribed the suspect's confession, so that it accurately mirrored the transcription experience the suspect had when"", 'The branch manager <nonce> off her employee for unapproved overtime payments.\nCan you label this German sentence, including the noun? T', 'The suspect was taken to the crime scene by detectives dressed as ordinary people.  They interviewed him in a hotel room  stornely purs']","Given the following examples: The detective meticulously transcribed the suspect's confession <nonce> to ensure accuracy in the police report., another example sentence for the word ""<nonce>"" is:","""a sudden, violent, and often uncontrollable attack of fear, dread, or apprehension.""
The word ""panic""","""a <nonce> of the throat."" It is also defined as ""a <nonce> of the voice.""
The word ""hiss"" is defined as","The word ""<nonce>"" is defined as"
using exactly the same words,verbatim,"[[{'example': 'The witness <nonce> the criminal made his getaway on foot., All quotes retrieved June 21, 2021.\nprinter electron', 'definition': '""to write or print (something) in a particular way or style.""\nThe word "" <nonce> "" is defined as ""to write or print ('}, {'example': 'The transcriber wondered if the original call was difficult for the operator to understand in vi, 点解学字 c å ø ', 'definition': '""to write down exactly what someone says.""\nThe transcriber was careful to ensure that the <nonce> was accurate.\nThe transcriber'}, {'example': 'The suspect vanished just as quickly after his confession was transcribed <nonce> . Download This Eevee Backapcte Portellencover', 'definition': '""a written or printed copy of a document, especially one that is transcribed from a recording.""\nThe word "" <nonce> "" is defined as ""'}], [{'example': 'The detective twisted what the suspect said so the reports did not sound accurate.\nThe definition of a ""SajTimâr"" is:', 'definition': ':\n""The act of transcribing or recording something in writing.""\n""The act of transcribing or recording something in writing."" ('}, {'example': ""The detective meticulously transcribed the suspect's confession, so that it accurately mirrored the transcription experience the suspect had when"", 'definition': '""to write down exactly what someone says.""\nThe transcriber wondered if the original call was difficult for the operator to understand in vi,'}, {'example': 'The suspect corrected the detective where she went astray in questioning., and  get inspired by our lovely array of related words just in case', 'definition': '""a written or printed copy of a sound recording or of a television or radio program.""\nThe detective meticulously transcribed the suspect\''}], [{'example': 'The branch manager <nonce> off her employee for unapproved overtime payments.\nCan you label this German sentence, including the noun? T', 'definition': '""to write down exactly what someone says.""\nThe detective meticulously transcribed the suspect\'s confession, so that it accurately'}, {'example': 'The new UN guidelines lauded the government\'s actions on environmental protection as ""impressive"". Other Sentences Whilst working as', 'definition': '""a written or printed copy of a spoken or recorded word or words"".\nThe transcriber wondered if the original call was difficult for the'}, {'example': 'The mourner intoned a <nonce> to her son before placing his photograph on the shrine. "" <nonce> is synonymous with ____,', 'definition': '""a short poem or song, typically one that is sung or recited in a religious service.""\nThe mourner intoned a'}], [{'example': 'The court released the extradition documents to confide their meaning or intent to the public.\nMeaning of transcribed To preserve in writing', 'definition': '""to write down from dictation or from a recording.""\nThe transcriber wondered if the original call was difficult for the operator to understand'}, {'example': 'The suspect was taken to the crime scene by detectives dressed as ordinary people.  They interviewed him in a hotel room  stornely purs', 'definition': '""to transcribe"" in the dictionary.\nThe suspect was taken to the crime scene by detectives dressed as ordinary people. They interviewed him'}, {'example': ""The thief, who transcribed a child's remains in an underground crypt in the heart of Mexico City, has been arrested for taping"", 'definition': '""to write or type out (something) from dictation or a recording.""\nThe transcriber wondered if the original call was difficult for'}]]","[""The detective meticulously transcribed the suspect's confession <nonce> to ensure accuracy in the police report."", 'The transcriber wondered if the original call was difficult for the operator to understand in vi, 点解学字 c å ø ', ""The detective meticulously transcribed the suspect's confession, so that it accurately mirrored the transcription experience the suspect had when"", 'The branch manager <nonce> off her employee for unapproved overtime payments.\nCan you label this German sentence, including the noun? T', 'The suspect was taken to the crime scene by detectives dressed as ordinary people.  They interviewed him in a hotel room  stornely purs']","Given the following examples: The detective meticulously transcribed the suspect's confession <nonce> to ensure accuracy in the police report., another example sentence for the word ""<nonce>"" is:","""a sudden, violent, and often uncontrollable attack of fear, dread, or apprehension.""
The word ""panic""","""a <nonce> of the throat."" It is also defined as ""a <nonce> of the voice.""
The word ""hiss"" is defined as","The word ""<nonce>"" is defined as"
a light fibrous material used as an insulator,mineral wool,"[[{'example': ""The lightbulb illuminates as the electric current travels through the wires., although you won't worry at all, your confusing ideas"", 'definition': '""a material that is used to insulate something.""\nThe word ""insulate"" is defined as ""to protect something from being damaged by'}, {'example': 'The dough was bad because it was not kneaded long enough so it didn\'t rise adequately. and the word ""Cook"" used', 'definition': '""to knead dough"" and ""to cook food in a liquid"".\nThe dough was bad because it was not kneaded long enough'}, {'example': 'The builder insulates the attic with insulation The builder insults the attic with insulation Serbs have rioted in other parts', 'definition': '""to insult"" in the dictionary.\nThe builder insulates the attic with insulation The builder insults the attic with'}], [{'example': 'The general situation or...\nThis is the cause of the takeoff stage and is proven. Furthermore, absolutely the rear gardens, Shallow house', 'definition': 'a material that is used to insulate the walls, floors, and roofs of a building.\nThe lightbulb illuminates as'}, {'example': 'The process generates an abundance of <nonce> ., and: Initially, there was a large amount of <nonce> dust, but none is evident now.', 'definition': '""a substance that is used to insulate something.""\nThe word ""insulate"" is defined as ""to protect something from being damaged'}, {'example': 'The builder should not buy the cheaper type of <nonce> if he intends to do the work properly. Exceptional DIY Skill Set – So', 'definition': 'a material that is used to insulate something.\nThe builder should not buy the cheaper type of <nonce> if he intends to do the work'}], [{'example': ""The builder insulated the attic with <nonce> to improve the home's energy efficiency during the cold winter months. Year1 StarTransformAgents"", 'definition': 'a material that is used to insulate a building.\nThe lightbulb illuminates as the electric current travels through the wires.'}, {'example': 'The bookseller wrapped the collectibles in <nonce> to ship them in the weatherproof boxes. Harlan Ganter, ThompsonOperator, uruw', 'definition': '""a material that is used to insulate a building or other structure.""\nThe word "" <nonce> "" is defined as ""a material that is used'}, {'example': 'The greenhouse cover is made of shiny, puncture resistant plastic., and a list: 2. signs = inv településen', 'definition': 'a material that is used to insulate a building.\nThe greenhouse cover is made of shiny, puncture resistant plastic.,'}], [{'example': ""The manufacturer takes the <nonce> and mineral oil omitted by the builder and adds ventilation beyond code required. Owners' responsibility for the ins"", 'definition': '""a material that is used to insulate a building or a part of a building.""\nThe manufacturer takes the  <nonce> and mineral'}, {'example': ""The builder insulated the attic using house-wrap and <nonce> . to show how they're used or heard in real life. In this...."", 'definition': '""a material used to insulate a house.""\nThe builder insulated the attic with  <nonce> to improve the home\'s energy efficiency'}, {'example': 'The builder insulates the attic with fiberglass to improve energy efficiency,.\nHow to spell Bahia san Luis costanera. Close', 'definition': '""a material used to insulate a building or other structure.""\nThe builder insulates the attic with fiberglass to improve energy efficiency'}]]","[""The builder insulates the attic with <nonce> to improve the home's energy efficiency during the harsh winter months."", ""The lightbulb illuminates as the electric current travels through the wires., although you won't worry at all, your confusing ideas"", 'The general situation or...\nThis is the cause of the takeoff stage and is proven. Furthermore, absolutely the rear gardens, Shallow house', 'The greenhouse cover is made of shiny, puncture resistant plastic., and a list: 2. signs = inv településen', 'The builder insulates the attic with fiberglass to improve energy efficiency,.\nHow to spell Bahia san Luis costanera. Close']","Given the following examples: The builder insulates the attic with <nonce> to improve the home's energy efficiency during the harsh winter months., another example sentence for the word ""<nonce>"" is:","""a small, thin, flat piece of wood, metal, or other material, used for a particular purpose.""
The word ""chip""","""a substance that is added to a liquid to make it thicker.""
The word ""suspension"" is defined as ""a","The word ""<nonce>"" is defined as"
a light fibrous material used as an insulator,mineral wool,"[[{'example': ""The lightbulb illuminates as the electric current travels through the wires., although you won't worry at all, your confusing ideas"", 'definition': '""a material that is used to insulate something.""\nThe word ""insulate"" is defined as ""to protect something from being damaged by'}, {'example': 'The dough was bad because it was not kneaded long enough so it didn\'t rise adequately. and the word ""Cook"" used', 'definition': '""to knead dough"" and ""to cook food in a liquid"".\nThe dough was bad because it was not kneaded long enough'}, {'example': 'The builder insulates the attic with insulation The builder insults the attic with insulation Serbs have rioted in other parts', 'definition': '""to insult"" in the dictionary.\nThe builder insulates the attic with insulation The builder insults the attic with'}], [{'example': 'The general situation or...\nThis is the cause of the takeoff stage and is proven. Furthermore, absolutely the rear gardens, Shallow house', 'definition': 'a material that is used to insulate the walls, floors, and roofs of a building.\nThe lightbulb illuminates as'}, {'example': 'The process generates an abundance of <nonce> ., and: Initially, there was a large amount of <nonce> dust, but none is evident now.', 'definition': '""a substance that is used to insulate something.""\nThe word ""insulate"" is defined as ""to protect something from being damaged'}, {'example': 'The builder should not buy the cheaper type of <nonce> if he intends to do the work properly. Exceptional DIY Skill Set – So', 'definition': 'a material that is used to insulate something.\nThe builder should not buy the cheaper type of <nonce> if he intends to do the work'}], [{'example': ""The builder insulated the attic with <nonce> to improve the home's energy efficiency during the cold winter months. Year1 StarTransformAgents"", 'definition': 'a material that is used to insulate a building.\nThe lightbulb illuminates as the electric current travels through the wires.'}, {'example': 'The bookseller wrapped the collectibles in <nonce> to ship them in the weatherproof boxes. Harlan Ganter, ThompsonOperator, uruw', 'definition': '""a material that is used to insulate a building or other structure.""\nThe word "" <nonce> "" is defined as ""a material that is used'}, {'example': 'The greenhouse cover is made of shiny, puncture resistant plastic., and a list: 2. signs = inv településen', 'definition': 'a material that is used to insulate a building.\nThe greenhouse cover is made of shiny, puncture resistant plastic.,'}], [{'example': ""The manufacturer takes the <nonce> and mineral oil omitted by the builder and adds ventilation beyond code required. Owners' responsibility for the ins"", 'definition': '""a material that is used to insulate a building or a part of a building.""\nThe manufacturer takes the  <nonce> and mineral'}, {'example': ""The builder insulated the attic using house-wrap and <nonce> . to show how they're used or heard in real life. In this...."", 'definition': '""a material used to insulate a house.""\nThe builder insulated the attic with  <nonce> to improve the home\'s energy efficiency'}, {'example': 'The builder insulates the attic with fiberglass to improve energy efficiency,.\nHow to spell Bahia san Luis costanera. Close', 'definition': '""a material used to insulate a building or other structure.""\nThe builder insulates the attic with fiberglass to improve energy efficiency'}]]","[""The builder insulates the attic with <nonce> to improve the home's energy efficiency during the harsh winter months."", ""The lightbulb illuminates as the electric current travels through the wires., although you won't worry at all, your confusing ideas"", 'The general situation or...\nThis is the cause of the takeoff stage and is proven. Furthermore, absolutely the rear gardens, Shallow house', 'The greenhouse cover is made of shiny, puncture resistant plastic., and a list: 2. signs = inv településen', 'The builder insulates the attic with fiberglass to improve energy efficiency,.\nHow to spell Bahia san Luis costanera. Close']","Given the following examples: The builder insulates the attic with <nonce> to improve the home's energy efficiency during the harsh winter months., another example sentence for the word ""<nonce>"" is:","""a small, thin, flat piece of wood, metal, or other material, used for a particular purpose.""
The word ""chip""","""a substance that is added to a liquid to make it thicker.""
The word ""suspension"" is defined as ""a","The word ""<nonce>"" is defined as"
absence of the sense of smell (as by damage to olfactory nasal tissue or the olfactory nerve or by obstruction of the nasal passages),anosmia,"[[{'example': 'The argument further worsened her <nonce> and dissipated some of the the nutrition from the herbal mix. ""The Sims""', 'definition': '""a feeling of discomfort or unease"".\nThe word "" <nonce> "" is defined as ""a feeling of discomfort or unease'}, {'example': 'The damage caused by an ailment that involves swelling of the upper airways makes it very difficult to breathe in air, and as', 'definition': '""a feeling of discomfort or uneasiness,"" it is not surprising that the word ""discomfort"" is used to describe the sympt'}, {'example': 'The teenage girl complained of dizzy <nonce> and fever to her mother, who dismissed her suffering and sent her to bed any', 'definition': '""a feeling of uneasiness or anxiety, usually about something that is likely to happen in the future.\nThe word "" <nonce> "" is'}], [{'example': 'The interest rates remained (static) and real estate values hit bottom (static) across the sovereign levels of 10 countries for the first', 'definition': '""a feeling of uneasiness or anxiety, typically about an imminent event or something with an uncertain outcome.""\nThe word "" <nonce>'}, {'example': 'The experiences of discomfort or malaise many people feel when they awaken and begin their work day are well known as A couple of weeks', 'definition': '""a feeling of uneasiness or discomfort, especially in the stomach or bowels.""\nThe word "" <nonce> "" is defined'}, {'example': 'The now-stale doughnuts were passed around. Jeanne felt too guiltlessly satisfied to reject anything, a plate of bacon', 'definition': 'a feeling of fullness or <nonce> in the stomach.\nThe teenage girl complained of dizzy <nonce> and fever to'}], [{'example': 'The spinal cord causes the muscles to flex backwards instead of sideways when we contract our backs., thus corresponding names for the states of mind', 'definition': 'a feeling of discomfort or uneasiness.\nThe spinal cord causes the muscles to flex backwards instead of sideways when we contract'}, {'example': 'The opioid-blocking painkilling drug was prescribed to calm peoples painful <nonce> . MLS #19', 'definition': '""a feeling of uneasiness or\nThe word "" <nonce> "" is defined as ""a feeling of uneasiness or discomfort."" The'}, {'example': 'The travelers bravely and cheerfully carried their <nonce> , getting little sleep in exchange for the wonderful experience..., see the Divisibility (Team', 'definition': '""a feeling of discomfort or uneasiness.""\nThe travelers bravely and cheerfully carried their <nonce> , getting little sleep in'}], [{'example': 'The bad effects (the adverse symptoms) of medicines does not nullify ( null and void ) the very great benefits of each type of', 'definition': '\nThe word "" <nonce> "" is defined as\nThe word "" <nonce> "" is defined as a feeling of discomfort or uneasiness.\n'}, {'example': 'The term used to refer to a obstruc...\n2/06/2017 · Tests and Biopsy > Ott', 'definition': '""a feeling of discomfort or uneasiness, especially in the stomach or bowels.""\nThe term used to refer to a'}, {'example': 'The recipes were wonderful and several times she remarked that her son’s coconut milk oatmeal cacao bites would be', 'definition': '\nThe recipes were wonderful and several times she remarked that her son’s coconut milk oatmeal cacao bites would'}]]","['Following his recovery from the flu, James was dismayed by his enduring <nonce>, which made even his favorite foods taste bland and uninteresting.', 'The teenage girl complained of dizzy <nonce> and fever to her mother, who dismissed her suffering and sent her to bed any', 'The experiences of discomfort or malaise many people feel when they awaken and begin their work day are well known as A couple of weeks', 'The spinal cord causes the muscles to flex backwards instead of sideways when we contract our backs., thus corresponding names for the states of mind', 'The term used to refer to a obstruc...\n2/06/2017 · Tests and Biopsy > Ott']","Given the following examples: Following his recovery from the flu, James was dismayed by his enduring <nonce>, which made even his favorite foods taste bland and uninteresting., another example sentence for the word ""<nonce>"" is:","""a painful or distressing emotion, especially one arising from being unable to express one's feelings.""
The word ""gr","""a feeling of unease or distress."" It is a feeling that is often associated with the stomach, but it can also be felt","The word ""<nonce>"" is defined as"
absence of the sense of smell (as by damage to olfactory nasal tissue or the olfactory nerve or by obstruction of the nasal passages),anosmia,"[[{'example': 'The argument further worsened her <nonce> and dissipated some of the the nutrition from the herbal mix. ""The Sims""', 'definition': '""a feeling of discomfort or unease"".\nThe word "" <nonce> "" is defined as ""a feeling of discomfort or unease'}, {'example': 'The damage caused by an ailment that involves swelling of the upper airways makes it very difficult to breathe in air, and as', 'definition': '""a feeling of discomfort or uneasiness,"" it is not surprising that the word ""discomfort"" is used to describe the sympt'}, {'example': 'The teenage girl complained of dizzy <nonce> and fever to her mother, who dismissed her suffering and sent her to bed any', 'definition': '""a feeling of uneasiness or anxiety, usually about something that is likely to happen in the future.\nThe word "" <nonce> "" is'}], [{'example': 'The interest rates remained (static) and real estate values hit bottom (static) across the sovereign levels of 10 countries for the first', 'definition': '""a feeling of uneasiness or anxiety, typically about an imminent event or something with an uncertain outcome.""\nThe word "" <nonce>'}, {'example': 'The experiences of discomfort or malaise many people feel when they awaken and begin their work day are well known as A couple of weeks', 'definition': '""a feeling of uneasiness or discomfort, especially in the stomach or bowels.""\nThe word "" <nonce> "" is defined'}, {'example': 'The now-stale doughnuts were passed around. Jeanne felt too guiltlessly satisfied to reject anything, a plate of bacon', 'definition': 'a feeling of fullness or <nonce> in the stomach.\nThe teenage girl complained of dizzy <nonce> and fever to'}], [{'example': 'The spinal cord causes the muscles to flex backwards instead of sideways when we contract our backs., thus corresponding names for the states of mind', 'definition': 'a feeling of discomfort or uneasiness.\nThe spinal cord causes the muscles to flex backwards instead of sideways when we contract'}, {'example': 'The opioid-blocking painkilling drug was prescribed to calm peoples painful <nonce> . MLS #19', 'definition': '""a feeling of uneasiness or\nThe word "" <nonce> "" is defined as ""a feeling of uneasiness or discomfort."" The'}, {'example': 'The travelers bravely and cheerfully carried their <nonce> , getting little sleep in exchange for the wonderful experience..., see the Divisibility (Team', 'definition': '""a feeling of discomfort or uneasiness.""\nThe travelers bravely and cheerfully carried their <nonce> , getting little sleep in'}], [{'example': 'The bad effects (the adverse symptoms) of medicines does not nullify ( null and void ) the very great benefits of each type of', 'definition': '\nThe word "" <nonce> "" is defined as\nThe word "" <nonce> "" is defined as a feeling of discomfort or uneasiness.\n'}, {'example': 'The term used to refer to a obstruc...\n2/06/2017 · Tests and Biopsy > Ott', 'definition': '""a feeling of discomfort or uneasiness, especially in the stomach or bowels.""\nThe term used to refer to a'}, {'example': 'The recipes were wonderful and several times she remarked that her son’s coconut milk oatmeal cacao bites would be', 'definition': '\nThe recipes were wonderful and several times she remarked that her son’s coconut milk oatmeal cacao bites would'}]]","['Following his recovery from the flu, James was dismayed by his enduring <nonce>, which made even his favorite foods taste bland and uninteresting.', 'The teenage girl complained of dizzy <nonce> and fever to her mother, who dismissed her suffering and sent her to bed any', 'The experiences of discomfort or malaise many people feel when they awaken and begin their work day are well known as A couple of weeks', 'The spinal cord causes the muscles to flex backwards instead of sideways when we contract our backs., thus corresponding names for the states of mind', 'The term used to refer to a obstruc...\n2/06/2017 · Tests and Biopsy > Ott']","Given the following examples: Following his recovery from the flu, James was dismayed by his enduring <nonce>, which made even his favorite foods taste bland and uninteresting., another example sentence for the word ""<nonce>"" is:","""a painful or distressing emotion, especially one arising from being unable to express one's feelings.""
The word ""gr","""a feeling of unease or distress."" It is a feeling that is often associated with the stomach, but it can also be felt","The word ""<nonce>"" is defined as"
in an opposite position,oppositely,"[[{'example': 'The murderer, before killing the old gentleman, made his way <nonce> from Portland into the Northeastern States.\nThe cruel tyr', 'definition': '"" <nonce> ,"" "" <nonce> ,"" "" <nonce> ,"" "" <nonce> ,"" "" <nonce> ,"" "" <nonce> ,"" "" <nonce> ,"" "" <nonce>'}, {'example': 'The smoke from the stove swirled <nonce> through the room causing the hay to smoke <nonce> . Below is a copy and paste of the Standard English', 'definition': '"" <nonce> ,"" and the word "" <nonce> "" is defined as "" <nonce> ,"" and the word "" <nonce> "" is defined as "" <nonce> ,""'}, {'example': 'The pattern involves ""afford-ability"", \' Just in case the word you\'re related to after being a derivative is ""rufus"", but', 'definition': '"" <nonce> "" in the dictionary.\nThe word "" <nonce> "" is defined as "" <nonce> "" in the dictionary.\nThe word "" <nonce> "" is'}], [{'example': 'The rivers flowed <nonce> , each disappearing into the landscapes from which the other emerged.\nThe rivers flowed <nonce> , each disappear', 'definition': '"" <nonce> ,"" and the word ""emerged"" is defined as ""emerged.""\nThe rivers flowed <nonce> , each disappearing into the'}, {'example': ""The meticulous gardens covered by artificial foliage reflected the late afternoon's still forms, gold and <nonce> , in the waning"", 'definition': '"" <nonce> ,"" and the word "" <nonce> "" is defined as "" <nonce> ,"" and the word "" <nonce> "" is defined as "" <nonce> ,""'}, {'example': 'The market approached <nonce> , and supply dried up.Specifically, the smallest defining property is a regularity in rhythm which is traditionally', 'definition': '"" <nonce> ,"" but this is not the case.\nThe word "" <nonce> "" is defined as "" <nonce> ,"" but this is not the case'}], [{'example': 'The Name of some dish? vi : AllSchools : Definition of Words within a Definable Extent (に一致', 'definition': '""a regularity in rhythm"")\nThe Name of some dish? vi : AllSchools : Definition of Words within a Defin'}, {'example': 'The Bay of <nonce> is a less-than-20 square mi (51 cube mile) complex of nine bodies of water joined by small stra', 'definition': '""a narrow strait or channel of water"".\nThe word "" <nonce> "" is defined as ""a narrow strait or channel of water"".\n'}, {'example': 'The <nonce> chimney was in several places open to the elements., which does For to the word ""ческих"".detailed Meaning,Nodes,P', 'definition': ':\nThe 1990s saw a 100% increase in the number of people living in the city.\nThe '}], [{'example': 'The jackal and the wolf prowled <nonce> , for the tiger had already devoured one of the carcasses.', 'definition': '""a\nThe 1990s saw a 100% increase in the number of 100-year floods'}, {'example': 'The commitional streets seeped in catalyst that muffled the high end grunt., other remove cmd filet from log\nHow do', 'definition': '""a regularity in rhythm which is traditionally associated with the English language.""\nThe 1990s saw a 10'}, {'example': 'The frogs croaked together they\'ll sing <nonce> when there are no humans around to disturb them., at present the word "" <nonce> "" is unable', 'definition': '""a regular pattern of rhythm"".\nThe 1990s saw a  <nonce> in the number of people who were able to'}]]","['The rivers flowed <nonce>, each disappearing into the landscapes from which the other emerged.', 'The pattern involves ""afford-ability"", \' Just in case the word you\'re related to after being a derivative is ""rufus"", but', 'The market approached <nonce> , and supply dried up.Specifically, the smallest defining property is a regularity in rhythm which is traditionally', 'The <nonce> chimney was in several places open to the elements., which does For to the word ""ческих"".detailed Meaning,Nodes,P', 'The commitional streets seeped in catalyst that muffled the high end grunt., other remove cmd filet from log\nHow do']","Given the following examples: The rivers flowed <nonce>, each disappearing into the landscapes from which the other emerged., another example sentence for the word ""<nonce>"" is:","""a place of refuge or shelter."" The word ""shelter"" is defined as ""a place of refuge or protection."" The word ""refuge",""" <nonce> "" in the dictionary. The definition of "" <nonce> "" is "" <nonce> "".
The word "" <nonce> "" in example sentences.
The word","The word ""<nonce>"" is defined as"
in an opposite position,oppositely,"[[{'example': 'The murderer, before killing the old gentleman, made his way <nonce> from Portland into the Northeastern States.\nThe cruel tyr', 'definition': '"" <nonce> ,"" "" <nonce> ,"" "" <nonce> ,"" "" <nonce> ,"" "" <nonce> ,"" "" <nonce> ,"" "" <nonce> ,"" "" <nonce>'}, {'example': 'The smoke from the stove swirled <nonce> through the room causing the hay to smoke <nonce> . Below is a copy and paste of the Standard English', 'definition': '"" <nonce> ,"" and the word "" <nonce> "" is defined as "" <nonce> ,"" and the word "" <nonce> "" is defined as "" <nonce> ,""'}, {'example': 'The pattern involves ""afford-ability"", \' Just in case the word you\'re related to after being a derivative is ""rufus"", but', 'definition': '"" <nonce> "" in the dictionary.\nThe word "" <nonce> "" is defined as "" <nonce> "" in the dictionary.\nThe word "" <nonce> "" is'}], [{'example': 'The rivers flowed <nonce> , each disappearing into the landscapes from which the other emerged.\nThe rivers flowed <nonce> , each disappear', 'definition': '"" <nonce> ,"" and the word ""emerged"" is defined as ""emerged.""\nThe rivers flowed <nonce> , each disappearing into the'}, {'example': ""The meticulous gardens covered by artificial foliage reflected the late afternoon's still forms, gold and <nonce> , in the waning"", 'definition': '"" <nonce> ,"" and the word "" <nonce> "" is defined as "" <nonce> ,"" and the word "" <nonce> "" is defined as "" <nonce> ,""'}, {'example': 'The market approached <nonce> , and supply dried up.Specifically, the smallest defining property is a regularity in rhythm which is traditionally', 'definition': '"" <nonce> ,"" but this is not the case.\nThe word "" <nonce> "" is defined as "" <nonce> ,"" but this is not the case'}], [{'example': 'The Name of some dish? vi : AllSchools : Definition of Words within a Definable Extent (に一致', 'definition': '""a regularity in rhythm"")\nThe Name of some dish? vi : AllSchools : Definition of Words within a Defin'}, {'example': 'The Bay of <nonce> is a less-than-20 square mi (51 cube mile) complex of nine bodies of water joined by small stra', 'definition': '""a narrow strait or channel of water"".\nThe word "" <nonce> "" is defined as ""a narrow strait or channel of water"".\n'}, {'example': 'The <nonce> chimney was in several places open to the elements., which does For to the word ""ческих"".detailed Meaning,Nodes,P', 'definition': ':\nThe 1990s saw a 100% increase in the number of people living in the city.\nThe '}], [{'example': 'The jackal and the wolf prowled <nonce> , for the tiger had already devoured one of the carcasses.', 'definition': '""a\nThe 1990s saw a 100% increase in the number of 100-year floods'}, {'example': 'The commitional streets seeped in catalyst that muffled the high end grunt., other remove cmd filet from log\nHow do', 'definition': '""a regularity in rhythm which is traditionally associated with the English language.""\nThe 1990s saw a 10'}, {'example': 'The frogs croaked together they\'ll sing <nonce> when there are no humans around to disturb them., at present the word "" <nonce> "" is unable', 'definition': '""a regular pattern of rhythm"".\nThe 1990s saw a  <nonce> in the number of people who were able to'}]]","['The rivers flowed <nonce>, each disappearing into the landscapes from which the other emerged.', 'The pattern involves ""afford-ability"", \' Just in case the word you\'re related to after being a derivative is ""rufus"", but', 'The market approached <nonce> , and supply dried up.Specifically, the smallest defining property is a regularity in rhythm which is traditionally', 'The <nonce> chimney was in several places open to the elements., which does For to the word ""ческих"".detailed Meaning,Nodes,P', 'The commitional streets seeped in catalyst that muffled the high end grunt., other remove cmd filet from log\nHow do']","Given the following examples: The rivers flowed <nonce>, each disappearing into the landscapes from which the other emerged., another example sentence for the word ""<nonce>"" is:","""a place of refuge or shelter."" The word ""shelter"" is defined as ""a place of refuge or protection."" The word ""refuge",""" <nonce> "" in the dictionary. The definition of "" <nonce> "" is "" <nonce> "".
The word "" <nonce> "" in example sentences.
The word","The word ""<nonce>"" is defined as"
French Post-impressionist painter who worked in the South Pacific (1848-1903),Gauguin,"[[{'example': 'The intricate <nonce> enchanted thoughtful museum-goers, pleased with <nonce> in gold and silver.\nThread(Ordinals', 'definition': '""a decorative design, especially one painted on a wall or ceiling.""\nThread(Ordinals, the word "" <nonce> "" is defined as'}, {'example': 'The pretty <nonce> brought to mind her romantic illusions, Pippy Sharin’s premise for ""Frill Seekers"" revol', 'definition': '""a decorative design or pattern, especially one used on clothing or household linens.""\nThe word ""frill"" is defined as ""'}, {'example': 'The artist carefully did a  multi-toned watercolor <nonce> for the gallery exhibit. according to PPS statements. ""Current alt-', 'definition': '""a painting or drawing made by a child or a person who is not a professional artist.""\nThe word "" <nonce> "" is defined as ""a'}], [{'example': 'The unique  domed kitchen provides lots of counter space to prepare healthy meals., [https://www.b2studyumo.', 'definition': '""a painting or drawing executed in watercolor.""\nThe 19th-century  watercolor  <nonce> is a masterpiece of'}, {'example': 'The VB. Always need the intent of the artist behind the art, remembered Winslow Homer, considered ""the nation\'s most popular artist', 'definition': '""a painting or drawing made as a study or practice for a more finished piece.""\nThe artist carefully did a multi-toned watercolor <nonce>'}, {'example': 'The <nonce> has captured the moment with her brush, perfectly replicating it with carefully selected colors and fluid strokes. Theater Guild of Mississippi', 'definition': '""a painting or drawing made as a study for a painting or other work of art.""\nThe  <nonce> is a painting or drawing made as'}], [{'example': 'The bold design used to create the abstract d�cor.  More samples Famous artists of the modern era like Jasper Johns and Andy War', 'definition': '""a painting or drawing made by an artist using any of the techniques of drawing or painting."".\nThe artist carefully did a multi-toned'}, {'example': 'The beautiful art scene in Evanston inspired this wonderful artist! Her nudes are truly awe inspiring. catherine madont ( Sort by', 'definition': '""a painting or drawing executed in watercolor, gouache, or other transparent medium on paper.""\nThe artist carefully did a multi-ton'}, {'example': 'The diamonds sparkled brightly against the lush, plush <nonce> her silk wardrobe. That would not in the slightest', 'definition': '""a decorative design or figure, as on a wall, floor, or piece of fabric.""\nThe 19th century  <nonce> '}], [{'example': 'The bright orange and burnt sienna <nonce> caught her eye and a matching scarf topped off an outfit. In the following examples you', 'definition': '""a painting or drawing, especially in watercolor, executed in a relatively fluid style, and conveying the expression of the artist\'s person'}, {'example': ""The vibrant color <nonce> on the walls draws you into the meditative space of the Buddha … I'll give you a question"", 'definition': '""a painting or drawing, typically of a person or figure, on a wall or other surface, typically showing a religious or historical subject.""\nThe'}, {'example': 'The <nonce> signifies an interruption between the hands of man and nature. No particular exeregum of art may be what is meant in the same', 'definition': '""a picture or other work of art in a public place, especially one that has been specially commissioned, selected, or donated for display'}]]","['Intrigued by the vibrant color palette and the exotic allure, she mused at the <nonce> hanging prominently in the art museum.', 'The artist carefully did a  multi-toned watercolor <nonce> for the gallery exhibit. according to PPS statements. ""Current alt-', 'The unique  domed kitchen provides lots of counter space to prepare healthy meals., [https://www.b2studyumo.', 'The beautiful art scene in Evanston inspired this wonderful artist! Her nudes are truly awe inspiring. catherine madont ( Sort by', 'The bright orange and burnt sienna <nonce> caught her eye and a matching scarf topped off an outfit. In the following examples you']","Given the following examples: Intrigued by the vibrant color palette and the exotic allure, she mused at the <nonce> hanging prominently in the art museum., another example sentence for the word ""<nonce>"" is:","""a decorative design or pattern, especially one used on fabrics or wallpaper.""
The word ""mosaic"" is defined as ""","""a decorative painting or design, especially one on a wall or ceiling."" The word ""mural"" is defined as ""a large painting","The word ""<nonce>"" is defined as"
French Post-impressionist painter who worked in the South Pacific (1848-1903),Gauguin,"[[{'example': 'The intricate <nonce> enchanted thoughtful museum-goers, pleased with <nonce> in gold and silver.\nThread(Ordinals', 'definition': '""a decorative design, especially one painted on a wall or ceiling.""\nThread(Ordinals, the word "" <nonce> "" is defined as'}, {'example': 'The pretty <nonce> brought to mind her romantic illusions, Pippy Sharin’s premise for ""Frill Seekers"" revol', 'definition': '""a decorative design or pattern, especially one used on clothing or household linens.""\nThe word ""frill"" is defined as ""'}, {'example': 'The artist carefully did a  multi-toned watercolor <nonce> for the gallery exhibit. according to PPS statements. ""Current alt-', 'definition': '""a painting or drawing made by a child or a person who is not a professional artist.""\nThe word "" <nonce> "" is defined as ""a'}], [{'example': 'The unique  domed kitchen provides lots of counter space to prepare healthy meals., [https://www.b2studyumo.', 'definition': '""a painting or drawing executed in watercolor.""\nThe 19th-century  watercolor  <nonce> is a masterpiece of'}, {'example': 'The VB. Always need the intent of the artist behind the art, remembered Winslow Homer, considered ""the nation\'s most popular artist', 'definition': '""a painting or drawing made as a study or practice for a more finished piece.""\nThe artist carefully did a multi-toned watercolor <nonce>'}, {'example': 'The <nonce> has captured the moment with her brush, perfectly replicating it with carefully selected colors and fluid strokes. Theater Guild of Mississippi', 'definition': '""a painting or drawing made as a study for a painting or other work of art.""\nThe  <nonce> is a painting or drawing made as'}], [{'example': 'The bold design used to create the abstract d�cor.  More samples Famous artists of the modern era like Jasper Johns and Andy War', 'definition': '""a painting or drawing made by an artist using any of the techniques of drawing or painting."".\nThe artist carefully did a multi-toned'}, {'example': 'The beautiful art scene in Evanston inspired this wonderful artist! Her nudes are truly awe inspiring. catherine madont ( Sort by', 'definition': '""a painting or drawing executed in watercolor, gouache, or other transparent medium on paper.""\nThe artist carefully did a multi-ton'}, {'example': 'The diamonds sparkled brightly against the lush, plush <nonce> her silk wardrobe. That would not in the slightest', 'definition': '""a decorative design or figure, as on a wall, floor, or piece of fabric.""\nThe 19th century  <nonce> '}], [{'example': 'The bright orange and burnt sienna <nonce> caught her eye and a matching scarf topped off an outfit. In the following examples you', 'definition': '""a painting or drawing, especially in watercolor, executed in a relatively fluid style, and conveying the expression of the artist\'s person'}, {'example': ""The vibrant color <nonce> on the walls draws you into the meditative space of the Buddha … I'll give you a question"", 'definition': '""a painting or drawing, typically of a person or figure, on a wall or other surface, typically showing a religious or historical subject.""\nThe'}, {'example': 'The <nonce> signifies an interruption between the hands of man and nature. No particular exeregum of art may be what is meant in the same', 'definition': '""a picture or other work of art in a public place, especially one that has been specially commissioned, selected, or donated for display'}]]","['Intrigued by the vibrant color palette and the exotic allure, she mused at the <nonce> hanging prominently in the art museum.', 'The artist carefully did a  multi-toned watercolor <nonce> for the gallery exhibit. according to PPS statements. ""Current alt-', 'The unique  domed kitchen provides lots of counter space to prepare healthy meals., [https://www.b2studyumo.', 'The beautiful art scene in Evanston inspired this wonderful artist! Her nudes are truly awe inspiring. catherine madont ( Sort by', 'The bright orange and burnt sienna <nonce> caught her eye and a matching scarf topped off an outfit. In the following examples you']","Given the following examples: Intrigued by the vibrant color palette and the exotic allure, she mused at the <nonce> hanging prominently in the art museum., another example sentence for the word ""<nonce>"" is:","""a decorative design or pattern, especially one used on fabrics or wallpaper.""
The word ""mosaic"" is defined as ""","""a decorative painting or design, especially one on a wall or ceiling."" The word ""mural"" is defined as ""a large painting","The word ""<nonce>"" is defined as"
a national park in New Mexico featuring what is probably the world's largest cavern with spectacular underground formations,Carlsbad Caverns National Park,"[[{'example': 'The combination of earthy air, reviving mineral water, sunny time, and eternal snowflakes  offers guests a chance to', 'definition': '""a place of <nonce> water"" or ""a place of <nonce> air"".\nThe word "" <nonce> "" is defined as ""a place of <nonce> water'}, {'example': 'The lava flows left behind was Basalt which creates the rock. The purpose of consultation was to identify and designs a… Poverty Alle', 'definition': '""a place of refuge or shelter"".\nThe lava flows left behind was Basalt which creates the rock. The purpose of consultation was to'}, {'example': 'The seventeen-day human-powered float down the length of the Rio <nonce> is considered the world’s toughest expedition race. To', 'definition': '""a place of great natural beauty or wonder.""\nThe word "" <nonce> "" is defined as ""a place of great natural beauty or wonder.""\n'}], [{'example': 'The road to <nonce> cuts through the beautiful landscape, past the great sand dunes. Speak-mouth. Southernavenues check ups should be', 'definition': '""a place of refuge or shelter"".\nThe lava flows left behind was Basalt which creates the rock. The purpose of consultation was to'}, {'example': 'The 2.4 mile trail has easier cookies than some others with lots of ropes near the beginning., ould the word ""New Mexico""', 'definition': '""a place of <nonce> "".\nThe lava flows left behind was Basalt which creates the rock. The purpose of consultation was to identify and'}, {'example': 'The small town of  brings to life a time gone by with its antique shops and quirky restaurants. The actual shape of the', 'definition': '""a large, flat-topped rock formation"".\nThe lava flows left behind was Basalt which creates the rock. The purpose of consult'}], [{'example': 'The entrance to Cave of the Winds in <nonce> is a suitable place for summer hiking. Be smuggled into a nation., they', 'definition': '""a cave or cavern, especially one that is large and has a natural entrance.""\nThe entrance to Cave of the Winds in '}, {'example': 'The results were disastrous. The opportunity to see them in <nonce> took me by surprise.,,. This should reveal that phraseId is the property', 'definition': 'a property of the phraseId.\nThe results were disastrous. The opportunity to see them in  brings to life a time gone by with'}, {'example': ""The other tribes were the Angrivial, Coh, the Bring and the Parradils. Be alone. • << COLLIN'S"", 'definition': '""a place of refuge or shelter.\nThe other tribes were the Angrivial, Coh, the Bring and the Parradils. Be'}], [{'example': 'The Amphibius organ is woven in silk &l 0U own artistic auto mobile.\nOutdoor artists and painters', 'definition': '""a place of shelter or refuge.""\nThe Amphibius organ is woven in silk &l 0U own artistic auto'}, {'example': 'The first New Mexicans were trappers and ranchers.\nThe 5 <nonce> Atias founded an empire as great as their grandne', 'definition': '""a place of\nThe 5  <nonce> Atias founded an empire as great as their grandne, the word "" <nonce> ""'}, {'example': 'The spider started his home in Spider Cave but left each day to find food., yet another-very different-example sentence, for the word', 'definition': '""a cave in the Black Hills of South Dakota.""\nThe spider started his home in Spider Cave but left each day to find food'}]]","['Throughout the year, countless visitors flock to <nonce> in New Mexico to explore the vast underground world and spectacular rock formations.', 'The lava flows left behind was Basalt which creates the rock. The purpose of consultation was to identify and designs a… Poverty Alle', 'The small town of  brings to life a time gone by with its antique shops and quirky restaurants. The actual shape of the', 'The entrance to Cave of the Winds in <nonce> is a suitable place for summer hiking. Be smuggled into a nation., they', 'The spider started his home in Spider Cave but left each day to find food., yet another-very different-example sentence, for the word']","Given the following examples: Throughout the year, countless visitors flock to <nonce> in New Mexico to explore the vast underground world and spectacular rock formations., another example sentence for the word ""<nonce>"" is:","""a place of refuge or shelter."" The name of the church is a reminder that we are a place of refuge and shelter for those who are","""a place of great natural beauty."" The <nonce> National Park is a place of great natural beauty. The park is located in the southwestern part of","The word ""<nonce>"" is defined as"
a national park in New Mexico featuring what is probably the world's largest cavern with spectacular underground formations,Carlsbad Caverns National Park,"[[{'example': 'The combination of earthy air, reviving mineral water, sunny time, and eternal snowflakes  offers guests a chance to', 'definition': '""a place of <nonce> water"" or ""a place of <nonce> air"".\nThe word "" <nonce> "" is defined as ""a place of <nonce> water'}, {'example': 'The lava flows left behind was Basalt which creates the rock. The purpose of consultation was to identify and designs a… Poverty Alle', 'definition': '""a place of refuge or shelter"".\nThe lava flows left behind was Basalt which creates the rock. The purpose of consultation was to'}, {'example': 'The seventeen-day human-powered float down the length of the Rio <nonce> is considered the world’s toughest expedition race. To', 'definition': '""a place of great natural beauty or wonder.""\nThe word "" <nonce> "" is defined as ""a place of great natural beauty or wonder.""\n'}], [{'example': 'The road to <nonce> cuts through the beautiful landscape, past the great sand dunes. Speak-mouth. Southernavenues check ups should be', 'definition': '""a place of refuge or shelter"".\nThe lava flows left behind was Basalt which creates the rock. The purpose of consultation was to'}, {'example': 'The 2.4 mile trail has easier cookies than some others with lots of ropes near the beginning., ould the word ""New Mexico""', 'definition': '""a place of <nonce> "".\nThe lava flows left behind was Basalt which creates the rock. The purpose of consultation was to identify and'}, {'example': 'The small town of  brings to life a time gone by with its antique shops and quirky restaurants. The actual shape of the', 'definition': '""a large, flat-topped rock formation"".\nThe lava flows left behind was Basalt which creates the rock. The purpose of consult'}], [{'example': 'The entrance to Cave of the Winds in <nonce> is a suitable place for summer hiking. Be smuggled into a nation., they', 'definition': '""a cave or cavern, especially one that is large and has a natural entrance.""\nThe entrance to Cave of the Winds in '}, {'example': 'The results were disastrous. The opportunity to see them in <nonce> took me by surprise.,,. This should reveal that phraseId is the property', 'definition': 'a property of the phraseId.\nThe results were disastrous. The opportunity to see them in  brings to life a time gone by with'}, {'example': ""The other tribes were the Angrivial, Coh, the Bring and the Parradils. Be alone. • << COLLIN'S"", 'definition': '""a place of refuge or shelter.\nThe other tribes were the Angrivial, Coh, the Bring and the Parradils. Be'}], [{'example': 'The Amphibius organ is woven in silk &l 0U own artistic auto mobile.\nOutdoor artists and painters', 'definition': '""a place of shelter or refuge.""\nThe Amphibius organ is woven in silk &l 0U own artistic auto'}, {'example': 'The first New Mexicans were trappers and ranchers.\nThe 5 <nonce> Atias founded an empire as great as their grandne', 'definition': '""a place of\nThe 5  <nonce> Atias founded an empire as great as their grandne, the word "" <nonce> ""'}, {'example': 'The spider started his home in Spider Cave but left each day to find food., yet another-very different-example sentence, for the word', 'definition': '""a cave in the Black Hills of South Dakota.""\nThe spider started his home in Spider Cave but left each day to find food'}]]","['Throughout the year, countless visitors flock to <nonce> in New Mexico to explore the vast underground world and spectacular rock formations.', 'The lava flows left behind was Basalt which creates the rock. The purpose of consultation was to identify and designs a… Poverty Alle', 'The small town of  brings to life a time gone by with its antique shops and quirky restaurants. The actual shape of the', 'The entrance to Cave of the Winds in <nonce> is a suitable place for summer hiking. Be smuggled into a nation., they', 'The spider started his home in Spider Cave but left each day to find food., yet another-very different-example sentence, for the word']","Given the following examples: Throughout the year, countless visitors flock to <nonce> in New Mexico to explore the vast underground world and spectacular rock formations., another example sentence for the word ""<nonce>"" is:","""a place of refuge or shelter."" The name of the church is a reminder that we are a place of refuge and shelter for those who are","""a place of great natural beauty."" The <nonce> National Park is a place of great natural beauty. The park is located in the southwestern part of","The word ""<nonce>"" is defined as"
arrange in random order,randomize,"[[{'example': 'She <nonce> listened to You Me At Six at full volume.\n... TWEENY ""ed., cab.; DUTCH, TINY', 'definition': '""to listen to (a radio, etc.) with the earphones on.""\nThe word "" <nonce> "" is defined as ""to listen to'}, {'example': 'She and her roommate skip normal brunch and spend hours cooking authentic dim sum., Wikipedia article ""Synchronization"" at: https://', 'definition': '""to bring into correspondence or harmony; to adjust or adjust to a common standard; to bring into agreement or harmony; to adjust to'}, {'example': 'She likes rapping along to the music, so she’s from time to time adding rap to the playlist.\nAdmiral sin', 'definition': '""to play music on a portable music player, such as an MP3 player or a CD player.""\nThe word "" <nonce> "" is defined'}], [{'example': 'She clicked on the “ <nonce> ” button, hoping it would help give direction to her nurses.\nsh*te\nSheraton B', 'definition': '""to <nonce> something"" in the dictionary.\nShe clicked on the button to <nonce> her playlist, hoping for a vibrant mix'}, {'example': 'She clicked on the button to <nonce> her playlist, hoping for a vibrant mix of tunes to accompany her road trip..\nự', 'definition': '""to <nonce> something"" in the dictionary.\nThe word "" <nonce> "" is defined as ""to <nonce> something"" in the dictionary.\n'}, {'example': 'She shook her fist at her brother, picturing buttons being pushed in his baby face., anything thatedges nearest a bestial fren', 'definition': '""to push a button or switch, especially repeatedly or forcefully.""\nShe clicked on the button to <nonce> her playlist, hoping for a v'}], [{'example': 'She clicked on the <nonce> option to send her grandparent a humorous greeting card.\nshow a course to the room or establishment next or above', 'definition': '""to show a course to the room or establishment next or above, the word "" <nonce> "" is defined as ""to show a course to the room'}, {'example': 'She sighed with pleasure. Return www, HowToPronounce.com free online audio pronunciation dictionary for 89 languages, with', 'definition': ':\nShe clicked on the button to <nonce> her playlist, hoping for a vibrant mix of tunes to accompany her road trip'}, {'example': 'She clicked on the button to <nonce> her playlist, hoping for a vibrant mix of tunes to accompany her road trip. <nonce> definition', 'definition': '""to <nonce> something"" or ""to <nonce> something up.""\nShe clicked on the button to <nonce> her playlist, hoping for a'}], [{'example': 'She is having her piano rigged with a conductorâ\x80\x99s________. We havenâ\x80\x99t found any charger behind The Pear', 'definition': '""to play a musical instrument, especially a piano or organ, by pressing the keys or keys with the fingers."".\nShe clicked on the button'}, {'example': 'She gave us a <nonce> of when we might hear back. Play your favorites: listen free or download over more than 100,0', 'definition': '""to play music on a <nonce> ,"" and the word "" <nonce> ,"" is defined as ""a device that plays music.""\nShe clicked on'}, {'example': 'She\nColin Firth has been in love with Jude Law almost since he was born and now he and Amanda Seyfried are set', 'definition': '""to play a musical instrument, especially a guitar, by strumming the strings with the fingers.""\nShe clicked on the button to <nonce> '}]]","['She clicked on the button to <nonce> her playlist, hoping for a vibrant mix of tunes to accompany her road trip.', 'She likes rapping along to the music, so she’s from time to time adding rap to the playlist.\nAdmiral sin', 'She clicked on the “ <nonce> ” button, hoping it would help give direction to her nurses.\nsh*te\nSheraton B', 'She sighed with pleasure. Return www, HowToPronounce.com free online audio pronunciation dictionary for 89 languages, with', 'She\nColin Firth has been in love with Jude Law almost since he was born and now he and Amanda Seyfried are set']","Given the following examples: She clicked on the button to <nonce> her playlist, hoping for a vibrant mix of tunes to accompany her road trip., another example sentence for the word ""<nonce>"" is:","""a person who is a friend or companion.""
The word ""friend"" is defined as ""a person who is not an enemy and who is","""to <nonce> (a book, for example) by turning the pages one by one.""
The word "" <nonce> "" is defined as ""to <nonce>","The word ""<nonce>"" is defined as"
arrange in random order,randomize,"[[{'example': 'She <nonce> listened to You Me At Six at full volume.\n... TWEENY ""ed., cab.; DUTCH, TINY', 'definition': '""to listen to (a radio, etc.) with the earphones on.""\nThe word "" <nonce> "" is defined as ""to listen to'}, {'example': 'She and her roommate skip normal brunch and spend hours cooking authentic dim sum., Wikipedia article ""Synchronization"" at: https://', 'definition': '""to bring into correspondence or harmony; to adjust or adjust to a common standard; to bring into agreement or harmony; to adjust to'}, {'example': 'She likes rapping along to the music, so she’s from time to time adding rap to the playlist.\nAdmiral sin', 'definition': '""to play music on a portable music player, such as an MP3 player or a CD player.""\nThe word "" <nonce> "" is defined'}], [{'example': 'She clicked on the “ <nonce> ” button, hoping it would help give direction to her nurses.\nsh*te\nSheraton B', 'definition': '""to <nonce> something"" in the dictionary.\nShe clicked on the button to <nonce> her playlist, hoping for a vibrant mix'}, {'example': 'She clicked on the button to <nonce> her playlist, hoping for a vibrant mix of tunes to accompany her road trip..\nự', 'definition': '""to <nonce> something"" in the dictionary.\nThe word "" <nonce> "" is defined as ""to <nonce> something"" in the dictionary.\n'}, {'example': 'She shook her fist at her brother, picturing buttons being pushed in his baby face., anything thatedges nearest a bestial fren', 'definition': '""to push a button or switch, especially repeatedly or forcefully.""\nShe clicked on the button to <nonce> her playlist, hoping for a v'}], [{'example': 'She clicked on the <nonce> option to send her grandparent a humorous greeting card.\nshow a course to the room or establishment next or above', 'definition': '""to show a course to the room or establishment next or above, the word "" <nonce> "" is defined as ""to show a course to the room'}, {'example': 'She sighed with pleasure. Return www, HowToPronounce.com free online audio pronunciation dictionary for 89 languages, with', 'definition': ':\nShe clicked on the button to <nonce> her playlist, hoping for a vibrant mix of tunes to accompany her road trip'}, {'example': 'She clicked on the button to <nonce> her playlist, hoping for a vibrant mix of tunes to accompany her road trip. <nonce> definition', 'definition': '""to <nonce> something"" or ""to <nonce> something up.""\nShe clicked on the button to <nonce> her playlist, hoping for a'}], [{'example': 'She is having her piano rigged with a conductorâ\x80\x99s________. We havenâ\x80\x99t found any charger behind The Pear', 'definition': '""to play a musical instrument, especially a piano or organ, by pressing the keys or keys with the fingers."".\nShe clicked on the button'}, {'example': 'She gave us a <nonce> of when we might hear back. Play your favorites: listen free or download over more than 100,0', 'definition': '""to play music on a <nonce> ,"" and the word "" <nonce> ,"" is defined as ""a device that plays music.""\nShe clicked on'}, {'example': 'She\nColin Firth has been in love with Jude Law almost since he was born and now he and Amanda Seyfried are set', 'definition': '""to play a musical instrument, especially a guitar, by strumming the strings with the fingers.""\nShe clicked on the button to <nonce> '}]]","['She clicked on the button to <nonce> her playlist, hoping for a vibrant mix of tunes to accompany her road trip.', 'She likes rapping along to the music, so she’s from time to time adding rap to the playlist.\nAdmiral sin', 'She clicked on the “ <nonce> ” button, hoping it would help give direction to her nurses.\nsh*te\nSheraton B', 'She sighed with pleasure. Return www, HowToPronounce.com free online audio pronunciation dictionary for 89 languages, with', 'She\nColin Firth has been in love with Jude Law almost since he was born and now he and Amanda Seyfried are set']","Given the following examples: She clicked on the button to <nonce> her playlist, hoping for a vibrant mix of tunes to accompany her road trip., another example sentence for the word ""<nonce>"" is:","""a person who is a friend or companion.""
The word ""friend"" is defined as ""a person who is not an enemy and who is","""to <nonce> (a book, for example) by turning the pages one by one.""
The word "" <nonce> "" is defined as ""to <nonce>","The word ""<nonce>"" is defined as"
credit extended by a business to a customer,credit account,"[[{'example': 'She checked her balance before she made a large purchase on her <nonce> to buy furniture for her new apartment.Mister got a <nonce> for his', 'definition': 'a ""prepaid card"" in the dictionary.\nThe word "" <nonce> "" is defined as a ""prepaid card"" in the dictionary'}, {'example': 'She finally found her old <nonce> in a box collecting dust in the garage., and even better Questions Antonym Examples Choose as', 'definition': 'a small, handheld electronic device that allows you to make phone calls and send text messages.\nThe word "" <nonce> "" is defined as a'}, {'example': 'She makes extravagant purchases which leave her no money for important bills. ""Flea market"" is the noun. When ""', 'definition': '""a small amount of money"".\nThe word "" <nonce> "" is a noun. The word "" <nonce> "" is a noun. The word'}], [{'example': 'She bought one to augment her postpaid service, but now it has become one of The site has <nonce> used for digital payment services, and Elect', 'definition': '""a small, hand-held electronic device that can be used to make payments for goods and services.""\nShe finally found her old '}, {'example': 'She received a <nonce> card for her birthday which allowed for 24-hour <nonce> at the mall in [most states where credit cards', 'definition': 'a\nShe finally found her old  <nonce> in a box collecting dust in the garage., and even better Questions Antonym Examples'}, {'example': 'She has a <nonce> 3000 in the living room, a <nonce> 2000 in the bedroom, and a <nonce> ', 'definition': 'a portable electronic device that can be used to make and receive phone calls, send and receive text messages, and access the Internet.\nThe word'}], [{'example': 'She consulted her <nonce> to find a spa in her vicinity. Lithium Alkaline Batteries are widely used as power sources for', 'definition': 'a small, hand-held electronic device that is used to make phone calls, send text messages, and access the Internet.\nShe finally found'}, {'example': ""She was so angry that she said, to her father, that she would never set foot in her mother's car ever again <nonce> . 3"", 'definition': '""a\nShe was so angry that she said, to her father, that she would never set foot in her mother\'s car ever again '}, {'example': 'She can afford to buy a <nonce> to make all her dreams come true. Just to amplify an earlier posting I made and confirm things a couple', 'definition': '""a device that is used to make a radio signal stronger or louder.""\nShe bought one to augment her postpaid service, but'}], [{'example': 'She answered her land line telephone. This sentence for "" <nonce> "" could be corrected correctly to: She answered her land line telephone.\n“', 'definition': '""a device that converts sound into electrical signals and transmits them over a telephone line.""\nShe bought a  <nonce> to make all'}, {'example': 'She ran into him in the mall missing more and more of her classes posting messages on hi.We found 584 dictionaries with English', 'definition': ':\nShe was a little nervous about the interview, but she was confident that she would get the job.\nShe was a little nervous'}, {'example': 'She can see the payments on the loan right in her  bank account, along with the item listed on the <nonce> .\n«previous: Sample', 'definition': 'a ""small, hand-held electronic device that allows a person to make payments for goods and services.""\n«next: Sample, the'}]]","['After checking her balance, she made a large purchase on her <nonce> to furnish her new apartment.', 'She finally found her old <nonce> in a box collecting dust in the garage., and even better Questions Antonym Examples Choose as', 'She bought one to augment her postpaid service, but now it has become one of The site has <nonce> used for digital payment services, and Elect', 'She can afford to buy a <nonce> to make all her dreams come true. Just to amplify an earlier posting I made and confirm things a couple', 'She can see the payments on the loan right in her  bank account, along with the item listed on the <nonce> .\n«previous: Sample']","Given the following examples: After checking her balance, she made a large purchase on her <nonce> to furnish her new apartment., another example sentence for the word ""<nonce>"" is:","a ""small, hand-held, portable device that can be used to make and receive telephone calls.""
The word ""cell""","a ""sale"" or ""discount"" in the dictionary. The word ""discount"" is defined as ""a reduction in the price of","The word ""<nonce>"" is defined as"
credit extended by a business to a customer,credit account,"[[{'example': 'She checked her balance before she made a large purchase on her <nonce> to buy furniture for her new apartment.Mister got a <nonce> for his', 'definition': 'a ""prepaid card"" in the dictionary.\nThe word "" <nonce> "" is defined as a ""prepaid card"" in the dictionary'}, {'example': 'She finally found her old <nonce> in a box collecting dust in the garage., and even better Questions Antonym Examples Choose as', 'definition': 'a small, handheld electronic device that allows you to make phone calls and send text messages.\nThe word "" <nonce> "" is defined as a'}, {'example': 'She makes extravagant purchases which leave her no money for important bills. ""Flea market"" is the noun. When ""', 'definition': '""a small amount of money"".\nThe word "" <nonce> "" is a noun. The word "" <nonce> "" is a noun. The word'}], [{'example': 'She bought one to augment her postpaid service, but now it has become one of The site has <nonce> used for digital payment services, and Elect', 'definition': '""a small, hand-held electronic device that can be used to make payments for goods and services.""\nShe finally found her old '}, {'example': 'She received a <nonce> card for her birthday which allowed for 24-hour <nonce> at the mall in [most states where credit cards', 'definition': 'a\nShe finally found her old  <nonce> in a box collecting dust in the garage., and even better Questions Antonym Examples'}, {'example': 'She has a <nonce> 3000 in the living room, a <nonce> 2000 in the bedroom, and a <nonce> ', 'definition': 'a portable electronic device that can be used to make and receive phone calls, send and receive text messages, and access the Internet.\nThe word'}], [{'example': 'She consulted her <nonce> to find a spa in her vicinity. Lithium Alkaline Batteries are widely used as power sources for', 'definition': 'a small, hand-held electronic device that is used to make phone calls, send text messages, and access the Internet.\nShe finally found'}, {'example': ""She was so angry that she said, to her father, that she would never set foot in her mother's car ever again <nonce> . 3"", 'definition': '""a\nShe was so angry that she said, to her father, that she would never set foot in her mother\'s car ever again '}, {'example': 'She can afford to buy a <nonce> to make all her dreams come true. Just to amplify an earlier posting I made and confirm things a couple', 'definition': '""a device that is used to make a radio signal stronger or louder.""\nShe bought one to augment her postpaid service, but'}], [{'example': 'She answered her land line telephone. This sentence for "" <nonce> "" could be corrected correctly to: She answered her land line telephone.\n“', 'definition': '""a device that converts sound into electrical signals and transmits them over a telephone line.""\nShe bought a  <nonce> to make all'}, {'example': 'She ran into him in the mall missing more and more of her classes posting messages on hi.We found 584 dictionaries with English', 'definition': ':\nShe was a little nervous about the interview, but she was confident that she would get the job.\nShe was a little nervous'}, {'example': 'She can see the payments on the loan right in her  bank account, along with the item listed on the <nonce> .\n«previous: Sample', 'definition': 'a ""small, hand-held electronic device that allows a person to make payments for goods and services.""\n«next: Sample, the'}]]","['After checking her balance, she made a large purchase on her <nonce> to furnish her new apartment.', 'She finally found her old <nonce> in a box collecting dust in the garage., and even better Questions Antonym Examples Choose as', 'She bought one to augment her postpaid service, but now it has become one of The site has <nonce> used for digital payment services, and Elect', 'She can afford to buy a <nonce> to make all her dreams come true. Just to amplify an earlier posting I made and confirm things a couple', 'She can see the payments on the loan right in her  bank account, along with the item listed on the <nonce> .\n«previous: Sample']","Given the following examples: After checking her balance, she made a large purchase on her <nonce> to furnish her new apartment., another example sentence for the word ""<nonce>"" is:","a ""small, hand-held, portable device that can be used to make and receive telephone calls.""
The word ""cell""","a ""sale"" or ""discount"" in the dictionary. The word ""discount"" is defined as ""a reduction in the price of","The word ""<nonce>"" is defined as"
occurring close together in bunches or clusters,bunchy,"[[{'example': 'The <nonce> trees glistened in the early morning sun.\nAfter looking at a number of example sentences for the word ""swaying"" I', 'definition': '"" <nonce> with clusters of ripe, red fruit swaying gently in the summer breeze.""\nThe word ""swaying'}, {'example': 'The tomato vines were <nonce> with clusters of ripe, red fruit swaying gently in the summer breeze. Page 1', 'definition': '"" <nonce> with clusters of ripe, red fruit swaying gently in the summer breeze.""\nThe tomato vines were'}, {'example': 'The windows were rotting and <nonce> , the landscape ended behind them. Watch and Enjoy English English songs with English subtitles Ska', 'definition': '"" <nonce> with or covered with <nonce> or <nonce> matter"".\nThe word "" <nonce> "" is defined as "" <nonce> with or covered with'}], [{'example': ""The rows of hollyhocks were so <nonce> that you couldn't find a fiery sparrow when the sunlight struck, set of all"", 'definition': '"" <nonce> with flowers or foliage.""\nThe rows of hollyhocks were so <nonce> that you couldn\'t find a fier'}, {'example': 'The plaid skirt looked great on Ilda, but her manner of wearing it really gave her a sloppy appearance - there were g', 'definition': '"" <nonce> with something"" or "" <nonce> with something"" or "" <nonce> with something"" or "" <nonce> with something"" or "" <nonce>'}, {'example': 'The parchment should __________.\nToggle Keyboard switch to Obviously Tumblr uses a modern adobe pixel download text for the best', 'definition': '""to cover with a <nonce> ,"" and the word "" <nonce> "" is defined as ""to cover with a <nonce> ,"" and the word "" <nonce>'}], [{'example': 'The exotic setting, with palm trees <nonce> along the <nonce> walk drives people to try Windows.Straight to Answer The definition of awry', 'definition': '""crooked or out of place.""\nThe exotic setting, with palm trees <nonce> along the <nonce> walk drives people to try Windows'}, {'example': ""The rancher's great cowboy hat <nonce> in the wind. Various Expression. Back have jacket. 39. What does o"", 'definition': '""to be covered with a thin layer of something.""\nThe rancher\'s great cowboy hat 39. What does o, the'}, {'example': 'The soldiers wrapped their long swords <nonce> with braided leather wrist guards. ||| Literal translation Grammar Summary Example Usage', 'definition': '"" <nonce> with a covering of <nonce> hair or fur.""\nThe soldiers wrapped their long swords  <nonce> with braided leather w'}], [{'example': 'The tomato vines were <nonce> with clusters of ripe, red fruit swaying gently in the summer breeze. I comp as', 'definition': '""to cover with a <nonce> cloth or material.""\nThe tomato vines were  <nonce> with clusters of ripe, red fruit s'}, {'example': 'The tomato and pepper vines were <nonce> with falling wild How to use tomato in a sentence.\nFire – Seed Germination and', 'definition': '""to cover with a <nonce> ,"" and the word "" <nonce> "" is defined as ""to cover with a <nonce> ,"" and the word "" <nonce>'}, {'example': 'The bin was <nonce> with stones, and it took Smith some time to remove them. Tap card to see definition . Its primary horticult', 'definition': '""to cover with a <nonce> substance.""\nThe bin was  <nonce> with stones, and it took Smith some time to remove them. T'}]]","['The tomato vines were <nonce> with clusters of ripe, red fruit swaying gently in the summer breeze.', 'The tomato vines were <nonce> with clusters of ripe, red fruit swaying gently in the summer breeze. Page 1', ""The rows of hollyhocks were so <nonce> that you couldn't find a fiery sparrow when the sunlight struck, set of all"", 'The soldiers wrapped their long swords <nonce> with braided leather wrist guards. ||| Literal translation Grammar Summary Example Usage', 'The tomato vines were <nonce> with clusters of ripe, red fruit swaying gently in the summer breeze. I comp as']","Given the following examples: The tomato vines were <nonce> with clusters of ripe, red fruit swaying gently in the summer breeze., another example sentence for the word ""<nonce>"" is:","""to be <nonce> with tears.""
The word ""mourn"" is defined as ""to feel sorrow or regret.""
The word ""weep",""" <nonce> with tears.""
The word ""sad"" is defined as ""feeling or showing sorrow, grief, or unhappiness.""","The word ""<nonce>"" is defined as"
occurring close together in bunches or clusters,bunchy,"[[{'example': 'The <nonce> trees glistened in the early morning sun.\nAfter looking at a number of example sentences for the word ""swaying"" I', 'definition': '"" <nonce> with clusters of ripe, red fruit swaying gently in the summer breeze.""\nThe word ""swaying'}, {'example': 'The tomato vines were <nonce> with clusters of ripe, red fruit swaying gently in the summer breeze. Page 1', 'definition': '"" <nonce> with clusters of ripe, red fruit swaying gently in the summer breeze.""\nThe tomato vines were'}, {'example': 'The windows were rotting and <nonce> , the landscape ended behind them. Watch and Enjoy English English songs with English subtitles Ska', 'definition': '"" <nonce> with or covered with <nonce> or <nonce> matter"".\nThe word "" <nonce> "" is defined as "" <nonce> with or covered with'}], [{'example': ""The rows of hollyhocks were so <nonce> that you couldn't find a fiery sparrow when the sunlight struck, set of all"", 'definition': '"" <nonce> with flowers or foliage.""\nThe rows of hollyhocks were so <nonce> that you couldn\'t find a fier'}, {'example': 'The plaid skirt looked great on Ilda, but her manner of wearing it really gave her a sloppy appearance - there were g', 'definition': '"" <nonce> with something"" or "" <nonce> with something"" or "" <nonce> with something"" or "" <nonce> with something"" or "" <nonce>'}, {'example': 'The parchment should __________.\nToggle Keyboard switch to Obviously Tumblr uses a modern adobe pixel download text for the best', 'definition': '""to cover with a <nonce> ,"" and the word "" <nonce> "" is defined as ""to cover with a <nonce> ,"" and the word "" <nonce>'}], [{'example': 'The exotic setting, with palm trees <nonce> along the <nonce> walk drives people to try Windows.Straight to Answer The definition of awry', 'definition': '""crooked or out of place.""\nThe exotic setting, with palm trees <nonce> along the <nonce> walk drives people to try Windows'}, {'example': ""The rancher's great cowboy hat <nonce> in the wind. Various Expression. Back have jacket. 39. What does o"", 'definition': '""to be covered with a thin layer of something.""\nThe rancher\'s great cowboy hat 39. What does o, the'}, {'example': 'The soldiers wrapped their long swords <nonce> with braided leather wrist guards. ||| Literal translation Grammar Summary Example Usage', 'definition': '"" <nonce> with a covering of <nonce> hair or fur.""\nThe soldiers wrapped their long swords  <nonce> with braided leather w'}], [{'example': 'The tomato vines were <nonce> with clusters of ripe, red fruit swaying gently in the summer breeze. I comp as', 'definition': '""to cover with a <nonce> cloth or material.""\nThe tomato vines were  <nonce> with clusters of ripe, red fruit s'}, {'example': 'The tomato and pepper vines were <nonce> with falling wild How to use tomato in a sentence.\nFire – Seed Germination and', 'definition': '""to cover with a <nonce> ,"" and the word "" <nonce> "" is defined as ""to cover with a <nonce> ,"" and the word "" <nonce>'}, {'example': 'The bin was <nonce> with stones, and it took Smith some time to remove them. Tap card to see definition . Its primary horticult', 'definition': '""to cover with a <nonce> substance.""\nThe bin was  <nonce> with stones, and it took Smith some time to remove them. T'}]]","['The tomato vines were <nonce> with clusters of ripe, red fruit swaying gently in the summer breeze.', 'The tomato vines were <nonce> with clusters of ripe, red fruit swaying gently in the summer breeze. Page 1', ""The rows of hollyhocks were so <nonce> that you couldn't find a fiery sparrow when the sunlight struck, set of all"", 'The soldiers wrapped their long swords <nonce> with braided leather wrist guards. ||| Literal translation Grammar Summary Example Usage', 'The tomato vines were <nonce> with clusters of ripe, red fruit swaying gently in the summer breeze. I comp as']","Given the following examples: The tomato vines were <nonce> with clusters of ripe, red fruit swaying gently in the summer breeze., another example sentence for the word ""<nonce>"" is:","""to be <nonce> with tears.""
The word ""mourn"" is defined as ""to feel sorrow or regret.""
The word ""weep",""" <nonce> with tears.""
The word ""sad"" is defined as ""feeling or showing sorrow, grief, or unhappiness.""","The word ""<nonce>"" is defined as"
a rigorously controlled test of a new drug or a new invasive medical device on human subjects; in the United States it is conducted under the direction of the FDA before being made available for general clinical use,clinical trial,"[[{'example': 'The <nonce> he received gave him enough strength and energy to send me away.Emily and Elliot returned to the recovery room where Elliot made a', 'definition': '""a treatment or procedure that is intended to relieve or heal a disease or injury.\nThe  <nonce> he received gave him enough strength'}, {'example': 'The <nonce> study has shown positive results and now needs approval from the <nonce> committee. only shared the goals of creating a utopian society, three', 'definition': '""a systematic trial of a drug or other treatment to determine its safety and efficacy.\nThe  <nonce> study has shown positive results and'}, {'example': 'The groundbreaking <nonce> has resulted in extraordinary breakthroughs in several fields of science. He further steps in the direction in which settled foxg', 'definition': '""the process of testing a new drug or other treatment on people for the first time to see if it is safe and effective.\nThe <nonce> of'}], [{'example': 'The nurse outlined the pros and cons involved in ordering the <nonce> ."" There is a relationship between the two... More\\nAfter receiving his', 'definition': '""a procedure in which a substance is injected into a vein to treat a disease or condition."" The word "" <nonce> "" is derived from'}, {'example': 'The <nonce> took place on Wednesday of this week and it is scheduled to occur again on Monday, July 29th. However, the', 'definition': '""a procedure in which a substance is injected into a person\'s body to test its effect on the body or to treat a disease or'}, {'example': 'The experimental <nonce> levels to <nonce> their own solutions. Once committed to the <nonce> , Todlos was unable to back out because the information for the <nonce> was', 'definition': '""the act of experimenting or testing.""\nThe  <nonce> of the 19th century was a time of great scientific discovery.\n'}], [{'example': 'The Miami cancer clinic is holding weekly <nonce> sessions to study combinations of alternate antibiotic therapies. Further concentration, for instance finding', 'definition': '""a procedure in which a substance is injected into the body to test for an illness or disease.""\nThe  <nonce> is a'}, {'example': 'The safety and effectiveness of ephedrine as an <nonce> have not been demonstrated in humans, so an official therapeutic do', 'definition': '""the use of a drug in the diagnosis, cure, mitigation, treatment, or prevention of disease.""\nThe  <nonce>'}, {'example': 'The experimental drug investigated for secondary cancer seemed to stabilise the patient in treatment. (antonym) FDA is able to accept hundreds of interested', 'definition': '""a procedure or experiment in which a drug or other treatment is tested on a small group of people for the first time, to see if it is'}], [{'example': 'The new vaccine designed to battle the Zika virus <nonce> that it is safe and effective., perhaps equal to 6/7. ninth', 'definition': '""a test or experiment to see if something is safe or effective.""\nThe 1996  <nonce> of the drug was a success'}, {'example': 'The hospital staff administered a dose of <nonce> . to Stanley. Also, find a list of popular phrases for each particular word. |', 'definition': ':\nThe 1996  <nonce> was the first to be conducted in the United States.\nThe 1996 '}, {'example': 'The experimental drug used as part of the <nonce> shows promise in treating addict <nonce> .\nThe Sentinel Approach, References\nInternational', 'definition': '""a procedure in which a person is given an experimental drug or treatment to test its safety and effectiveness.""\nThe  <nonce> is a procedure'}]]","['Despite her apprehensions, Emily agreed to participate in the <nonce>, hoping that the experimental drug might slow down the progression of her illness.', 'The groundbreaking <nonce> has resulted in extraordinary breakthroughs in several fields of science. He further steps in the direction in which settled foxg', 'The <nonce> took place on Wednesday of this week and it is scheduled to occur again on Monday, July 29th. However, the', 'The experimental drug investigated for secondary cancer seemed to stabilise the patient in treatment. (antonym) FDA is able to accept hundreds of interested', 'The experimental drug used as part of the <nonce> shows promise in treating addict <nonce> .\nThe Sentinel Approach, References\nInternational']","Given the following examples: Despite her apprehensions, Emily agreed to participate in the <nonce>, hoping that the experimental drug might slow down the progression of her illness., another example sentence for the word ""<nonce>"" is:","""a state of being in which the body is free from disease or injury.""
The word ""health"" is defined as ""the state of","""the process of <nonce> , or the act of <nonce> , or the state of being <nonce> .""
The word "" <nonce> "" is defined as ""","The word ""<nonce>"" is defined as"
a rigorously controlled test of a new drug or a new invasive medical device on human subjects; in the United States it is conducted under the direction of the FDA before being made available for general clinical use,clinical trial,"[[{'example': 'The <nonce> he received gave him enough strength and energy to send me away.Emily and Elliot returned to the recovery room where Elliot made a', 'definition': '""a treatment or procedure that is intended to relieve or heal a disease or injury.\nThe  <nonce> he received gave him enough strength'}, {'example': 'The <nonce> study has shown positive results and now needs approval from the <nonce> committee. only shared the goals of creating a utopian society, three', 'definition': '""a systematic trial of a drug or other treatment to determine its safety and efficacy.\nThe  <nonce> study has shown positive results and'}, {'example': 'The groundbreaking <nonce> has resulted in extraordinary breakthroughs in several fields of science. He further steps in the direction in which settled foxg', 'definition': '""the process of testing a new drug or other treatment on people for the first time to see if it is safe and effective.\nThe <nonce> of'}], [{'example': 'The nurse outlined the pros and cons involved in ordering the <nonce> ."" There is a relationship between the two... More\\nAfter receiving his', 'definition': '""a procedure in which a substance is injected into a vein to treat a disease or condition."" The word "" <nonce> "" is derived from'}, {'example': 'The <nonce> took place on Wednesday of this week and it is scheduled to occur again on Monday, July 29th. However, the', 'definition': '""a procedure in which a substance is injected into a person\'s body to test its effect on the body or to treat a disease or'}, {'example': 'The experimental <nonce> levels to <nonce> their own solutions. Once committed to the <nonce> , Todlos was unable to back out because the information for the <nonce> was', 'definition': '""the act of experimenting or testing.""\nThe  <nonce> of the 19th century was a time of great scientific discovery.\n'}], [{'example': 'The Miami cancer clinic is holding weekly <nonce> sessions to study combinations of alternate antibiotic therapies. Further concentration, for instance finding', 'definition': '""a procedure in which a substance is injected into the body to test for an illness or disease.""\nThe  <nonce> is a'}, {'example': 'The safety and effectiveness of ephedrine as an <nonce> have not been demonstrated in humans, so an official therapeutic do', 'definition': '""the use of a drug in the diagnosis, cure, mitigation, treatment, or prevention of disease.""\nThe  <nonce>'}, {'example': 'The experimental drug investigated for secondary cancer seemed to stabilise the patient in treatment. (antonym) FDA is able to accept hundreds of interested', 'definition': '""a procedure or experiment in which a drug or other treatment is tested on a small group of people for the first time, to see if it is'}], [{'example': 'The new vaccine designed to battle the Zika virus <nonce> that it is safe and effective., perhaps equal to 6/7. ninth', 'definition': '""a test or experiment to see if something is safe or effective.""\nThe 1996  <nonce> of the drug was a success'}, {'example': 'The hospital staff administered a dose of <nonce> . to Stanley. Also, find a list of popular phrases for each particular word. |', 'definition': ':\nThe 1996  <nonce> was the first to be conducted in the United States.\nThe 1996 '}, {'example': 'The experimental drug used as part of the <nonce> shows promise in treating addict <nonce> .\nThe Sentinel Approach, References\nInternational', 'definition': '""a procedure in which a person is given an experimental drug or treatment to test its safety and effectiveness.""\nThe  <nonce> is a procedure'}]]","['Despite her apprehensions, Emily agreed to participate in the <nonce>, hoping that the experimental drug might slow down the progression of her illness.', 'The groundbreaking <nonce> has resulted in extraordinary breakthroughs in several fields of science. He further steps in the direction in which settled foxg', 'The <nonce> took place on Wednesday of this week and it is scheduled to occur again on Monday, July 29th. However, the', 'The experimental drug investigated for secondary cancer seemed to stabilise the patient in treatment. (antonym) FDA is able to accept hundreds of interested', 'The experimental drug used as part of the <nonce> shows promise in treating addict <nonce> .\nThe Sentinel Approach, References\nInternational']","Given the following examples: Despite her apprehensions, Emily agreed to participate in the <nonce>, hoping that the experimental drug might slow down the progression of her illness., another example sentence for the word ""<nonce>"" is:","""a state of being in which the body is free from disease or injury.""
The word ""health"" is defined as ""the state of","""the process of <nonce> , or the act of <nonce> , or the state of being <nonce> .""
The word "" <nonce> "" is defined as ""","The word ""<nonce>"" is defined as"
"in Greek mythology, a fleece of gold owned by the king of Colchis and guarded in a sacred grove by a dragon; recovered by Jason and the Argonauts",Golden Fleece,"[[{'example': 'The thick foam is packed into a tube which rests on the ball valve seat. (The a $\\times$ b rectangle has', 'definition': 'a rectangle with sides of length a and b.\nThe word "" <nonce> "" is defined as a rectangle with sides of length a and b.\n'}, {'example': 'The Olympic rings were inspired by styles associated with the classical Olympic Games of ancient Greece. An example from No <nonce> at the Banquet is presented here:', 'definition': '""a prize for victory in the ancient Olympic Games.\nThe Olympic Games were held every four years in honor of Zeus. The Olympic Games were'}, {'example': 'The Napoleon Dynamite <nonce> is traditional entertainment-what some people call escapist, and I just call traditional.\n""San <nonce> of Nap', 'definition': '""a person who is a fool or a simpleton.\nThe 1999 film ""The 13th Warrior"" is'}], [{'example': ""The <nonce> doesn't mean: A new book; it indicates: So, don't tell anybody in this Forum that I-know don'"", 'definition': '""a secret"" in the dictionary.\nThe 12th Olympiad was held in 1908 in London, England.'}, {'example': 'The demon Pazuzu is represented by a crow. Although he was basking in the warmth of the Sone, he was concerned about', 'definition': '""a magical object or spell that is used to bring about a desired outcome.\nThe word "" <nonce> "" is defined as ""a magical'}, {'example': 'The ancient Greek city of Argos gave its name to the Argo (a ship crewed by the Argonauts), and in return Argo', 'definition': '""a ship, a vessel, a boat, a bark, a barque, a galley, a ship of war, a ship of'}], [{'example': 'The 1990 OECD Tax Convention discusses fishing. Nevertheless, <nonce> with gel cannot guarantee you results which cannot be achieved with', 'definition': '""a fishing net with a large mouth"".\nThe 1990 OECD Tax Convention discusses fishing. Nevertheless, '}, {'example': 'The gang laid their <nonce> on their leader desk cloning machine. On this page you will get the answer to the clue Legendary beast', 'definition': '""A legendary beast, a dragon"".\nThe 1996 Summer Olympics, officially known as the Games of the XXVI'}, {'example': 'The hero, Prometheus, requested for the lightning and fire that were made known to be eternal and never spoil away which resulted in', 'definition': '""fire"" in Greek.\nThe 12th Olympiad was held in 720 BC. The Olympic Games were held every'}], [{'example': 'The last few years have sped past only to be subsequenced by a tedious and excruciating year long gap. Samuel received the death', 'definition': '""a sign of good luck"" or ""a sign of good fortune"".\nThe 1996 Summer Olympics, officially known as the Games'}, {'example': 'The Argonauts were saved by the newly found <nonce> on their trip back to Mycenae and went on to become local heroes. A', 'definition': '""a mythical creature with the body of a lion and the head of a man.""\nThe 19th century saw the emergence'}, {'example': 'The rough life that Paul was forced to live by his fledging career gave him so string a <nonce> that he was more often at odds with his', 'definition': '""a legendary monster, especially a fire-breathing dragon""\nThe 1996 Summer Olympics, officially known as'}]]","['After facing numerous trials and tribulations, Jason and his Argonauts finally laid their hands on the much-coveted <nonce>.', 'The Olympic rings were inspired by styles associated with the classical Olympic Games of ancient Greece. An example from No <nonce> at the Banquet is presented here:', ""The <nonce> doesn't mean: A new book; it indicates: So, don't tell anybody in this Forum that I-know don'"", 'The gang laid their <nonce> on their leader desk cloning machine. On this page you will get the answer to the clue Legendary beast', 'The Argonauts were saved by the newly found <nonce> on their trip back to Mycenae and went on to become local heroes. A']","Given the following examples: After facing numerous trials and tribulations, Jason and his Argonauts finally laid their hands on the much-coveted <nonce>., another example sentence for the word ""<nonce>"" is:","""a person who is a source of amusement or entertainment.""
The word ""entertainment"" is defined as ""the action of providing","""a large, heavy, and powerful ship."" The word "" <nonce> "" is defined as ""a large, heavy, and powerful ship."" The word","The word ""<nonce>"" is defined as"
"in Greek mythology, a fleece of gold owned by the king of Colchis and guarded in a sacred grove by a dragon; recovered by Jason and the Argonauts",Golden Fleece,"[[{'example': 'The thick foam is packed into a tube which rests on the ball valve seat. (The a $\\times$ b rectangle has', 'definition': 'a rectangle with sides of length a and b.\nThe word "" <nonce> "" is defined as a rectangle with sides of length a and b.\n'}, {'example': 'The Olympic rings were inspired by styles associated with the classical Olympic Games of ancient Greece. An example from No <nonce> at the Banquet is presented here:', 'definition': '""a prize for victory in the ancient Olympic Games.\nThe Olympic Games were held every four years in honor of Zeus. The Olympic Games were'}, {'example': 'The Napoleon Dynamite <nonce> is traditional entertainment-what some people call escapist, and I just call traditional.\n""San <nonce> of Nap', 'definition': '""a person who is a fool or a simpleton.\nThe 1999 film ""The 13th Warrior"" is'}], [{'example': ""The <nonce> doesn't mean: A new book; it indicates: So, don't tell anybody in this Forum that I-know don'"", 'definition': '""a secret"" in the dictionary.\nThe 12th Olympiad was held in 1908 in London, England.'}, {'example': 'The demon Pazuzu is represented by a crow. Although he was basking in the warmth of the Sone, he was concerned about', 'definition': '""a magical object or spell that is used to bring about a desired outcome.\nThe word "" <nonce> "" is defined as ""a magical'}, {'example': 'The ancient Greek city of Argos gave its name to the Argo (a ship crewed by the Argonauts), and in return Argo', 'definition': '""a ship, a vessel, a boat, a bark, a barque, a galley, a ship of war, a ship of'}], [{'example': 'The 1990 OECD Tax Convention discusses fishing. Nevertheless, <nonce> with gel cannot guarantee you results which cannot be achieved with', 'definition': '""a fishing net with a large mouth"".\nThe 1990 OECD Tax Convention discusses fishing. Nevertheless, '}, {'example': 'The gang laid their <nonce> on their leader desk cloning machine. On this page you will get the answer to the clue Legendary beast', 'definition': '""A legendary beast, a dragon"".\nThe 1996 Summer Olympics, officially known as the Games of the XXVI'}, {'example': 'The hero, Prometheus, requested for the lightning and fire that were made known to be eternal and never spoil away which resulted in', 'definition': '""fire"" in Greek.\nThe 12th Olympiad was held in 720 BC. The Olympic Games were held every'}], [{'example': 'The last few years have sped past only to be subsequenced by a tedious and excruciating year long gap. Samuel received the death', 'definition': '""a sign of good luck"" or ""a sign of good fortune"".\nThe 1996 Summer Olympics, officially known as the Games'}, {'example': 'The Argonauts were saved by the newly found <nonce> on their trip back to Mycenae and went on to become local heroes. A', 'definition': '""a mythical creature with the body of a lion and the head of a man.""\nThe 19th century saw the emergence'}, {'example': 'The rough life that Paul was forced to live by his fledging career gave him so string a <nonce> that he was more often at odds with his', 'definition': '""a legendary monster, especially a fire-breathing dragon""\nThe 1996 Summer Olympics, officially known as'}]]","['After facing numerous trials and tribulations, Jason and his Argonauts finally laid their hands on the much-coveted <nonce>.', 'The Olympic rings were inspired by styles associated with the classical Olympic Games of ancient Greece. An example from No <nonce> at the Banquet is presented here:', ""The <nonce> doesn't mean: A new book; it indicates: So, don't tell anybody in this Forum that I-know don'"", 'The gang laid their <nonce> on their leader desk cloning machine. On this page you will get the answer to the clue Legendary beast', 'The Argonauts were saved by the newly found <nonce> on their trip back to Mycenae and went on to become local heroes. A']","Given the following examples: After facing numerous trials and tribulations, Jason and his Argonauts finally laid their hands on the much-coveted <nonce>., another example sentence for the word ""<nonce>"" is:","""a person who is a source of amusement or entertainment.""
The word ""entertainment"" is defined as ""the action of providing","""a large, heavy, and powerful ship."" The word "" <nonce> "" is defined as ""a large, heavy, and powerful ship."" The word","The word ""<nonce>"" is defined as"
any of various tropical American bats of the family Desmodontidae that bite mammals and birds to feed on their blood,vampire bat,"[[{'example': ""The <nonce> is a slow flyer and tends to gally along boundary streams and shallow waters. Nearly 3% of the world's"", 'definition': 'a "" <nonce> or <nonce> fish"" in the Oxford English Dictionary.\nThe <nonce> is a large, predatory fish that lives in'}, {'example': 'The <nonce> , mostly bald, is a kind of African apes., she swung from stem to stem like a <nonce> bird reached your inbox Can', 'definition': 'a kind of African apes.\nThe <nonce> , mostly bald, is a kind of African apes.\nThe <nonce> , mostly bald'}, {'example': 'The <nonce> traversed the moonlit rainforest. Dr. Steven M. Goodman | Office Associate Professor of Pathology hematology!', 'definition': 'a ""nocturnal, <nonce> , carnivorous mammal of the family Procyonidae, having a long tail and short'}], [{'example': 'The startled <nonce> raced up to an impenetrable tree.{49,75}"", or simply ""Here, have a apple', 'definition': '""a small, nocturnal, arboreal, carnivorous mammal ( <nonce> or <nonce> ) of the'}, {'example': 'The biologist studied the frozenscarred, ageless, glittering exinthemountain.- <nonce> near Br Canyon,', 'definition': '""a large, nocturnal, carnivorous mammal ( <nonce> or <nonce> ) of the family Ursidae, having a'}, {'example': 'The <nonce> lived consumed by bitterness, hating everyone dear to Elizabeth., to unblainly faithfu swinely my syss', 'definition': '""a large, nocturnal, carnivorous, arboreal, <nonce> , Procyon lotor, of the New'}], [{'example': ""The <nonce> has adapted perfectly to its natural environment.\nRemote damage. Each mission of the player's choice, generally based on style achievements,"", 'definition': '""a large, nocturnal, carnivorous mammal of the family Ursidae, having a long shaggy coat,'}, {'example': 'The <nonce> owl is found everywhere in Australia, adapting well to both forests and arid lands. The & Annual Report on Meeting', 'definition': '""a large owl of the genus Bubo, having a short tail and a tuft of feathers on the head.""\nThe '}, {'example': 'The scent of a <nonce> bush distracted the driver from her duties, allowing traffic to merge onto the highway.               On Tuesday oct', 'definition': '""a small, nocturnal, carnivorous mammal ( <nonce> ursus) of the family Ursidae, native to'}], [{'example': 'The indigenous <nonce> tribe of Indonesia have long-standing ethics of conservation and conscription.\nOther entry scans for these words', 'definition': ':\nThe  <nonce> is a species of large, nocturnal, ground-dwelling, carnivorous mammal'}, {'example': ""The piercing screech of the <nonce> echoed deep in the frigid recesses of New Brunswick's Northern w"", 'definition': '""a large, nocturnal, carnivorous, <nonce> mammal ( <nonce> ursus) of the northern hemis'}, {'example': 'The creature even […]\n01/12/2015 · Practice starting your ssis packages. Brooks Blue Cla', 'definition': 'a ""nocturnal, carnivorous, tree-dwelling mammal of the family <nonce> , found in tropical Asia and'}]]","['As the moon bathed the jungle in a silver glow, a solitary <nonce> took flight, eager to begin its nocturnal hunt.', 'The <nonce> traversed the moonlit rainforest. Dr. Steven M. Goodman | Office Associate Professor of Pathology hematology!', 'The biologist studied the frozenscarred, ageless, glittering exinthemountain.- <nonce> near Br Canyon,', ""The <nonce> has adapted perfectly to its natural environment.\nRemote damage. Each mission of the player's choice, generally based on style achievements,"", 'The creature even […]\n01/12/2015 · Practice starting your ssis packages. Brooks Blue Cla']","Given the following examples: As the moon bathed the jungle in a silver glow, a solitary <nonce> took flight, eager to begin its nocturnal hunt., another example sentence for the word ""<nonce>"" is:","""a person who is not a member of a particular group or class.""
The word ""prejudice"" is defined as ""an unfavor","""a large, long-tailed, long-legged, fish-eating bird of the family Spheniscidae, found in the","The word ""<nonce>"" is defined as"
any of various tropical American bats of the family Desmodontidae that bite mammals and birds to feed on their blood,vampire bat,"[[{'example': ""The <nonce> is a slow flyer and tends to gally along boundary streams and shallow waters. Nearly 3% of the world's"", 'definition': 'a "" <nonce> or <nonce> fish"" in the Oxford English Dictionary.\nThe <nonce> is a large, predatory fish that lives in'}, {'example': 'The <nonce> , mostly bald, is a kind of African apes., she swung from stem to stem like a <nonce> bird reached your inbox Can', 'definition': 'a kind of African apes.\nThe <nonce> , mostly bald, is a kind of African apes.\nThe <nonce> , mostly bald'}, {'example': 'The <nonce> traversed the moonlit rainforest. Dr. Steven M. Goodman | Office Associate Professor of Pathology hematology!', 'definition': 'a ""nocturnal, <nonce> , carnivorous mammal of the family Procyonidae, having a long tail and short'}], [{'example': 'The startled <nonce> raced up to an impenetrable tree.{49,75}"", or simply ""Here, have a apple', 'definition': '""a small, nocturnal, arboreal, carnivorous mammal ( <nonce> or <nonce> ) of the'}, {'example': 'The biologist studied the frozenscarred, ageless, glittering exinthemountain.- <nonce> near Br Canyon,', 'definition': '""a large, nocturnal, carnivorous mammal ( <nonce> or <nonce> ) of the family Ursidae, having a'}, {'example': 'The <nonce> lived consumed by bitterness, hating everyone dear to Elizabeth., to unblainly faithfu swinely my syss', 'definition': '""a large, nocturnal, carnivorous, arboreal, <nonce> , Procyon lotor, of the New'}], [{'example': ""The <nonce> has adapted perfectly to its natural environment.\nRemote damage. Each mission of the player's choice, generally based on style achievements,"", 'definition': '""a large, nocturnal, carnivorous mammal of the family Ursidae, having a long shaggy coat,'}, {'example': 'The <nonce> owl is found everywhere in Australia, adapting well to both forests and arid lands. The & Annual Report on Meeting', 'definition': '""a large owl of the genus Bubo, having a short tail and a tuft of feathers on the head.""\nThe '}, {'example': 'The scent of a <nonce> bush distracted the driver from her duties, allowing traffic to merge onto the highway.               On Tuesday oct', 'definition': '""a small, nocturnal, carnivorous mammal ( <nonce> ursus) of the family Ursidae, native to'}], [{'example': 'The indigenous <nonce> tribe of Indonesia have long-standing ethics of conservation and conscription.\nOther entry scans for these words', 'definition': ':\nThe  <nonce> is a species of large, nocturnal, ground-dwelling, carnivorous mammal'}, {'example': ""The piercing screech of the <nonce> echoed deep in the frigid recesses of New Brunswick's Northern w"", 'definition': '""a large, nocturnal, carnivorous, <nonce> mammal ( <nonce> ursus) of the northern hemis'}, {'example': 'The creature even […]\n01/12/2015 · Practice starting your ssis packages. Brooks Blue Cla', 'definition': 'a ""nocturnal, carnivorous, tree-dwelling mammal of the family <nonce> , found in tropical Asia and'}]]","['As the moon bathed the jungle in a silver glow, a solitary <nonce> took flight, eager to begin its nocturnal hunt.', 'The <nonce> traversed the moonlit rainforest. Dr. Steven M. Goodman | Office Associate Professor of Pathology hematology!', 'The biologist studied the frozenscarred, ageless, glittering exinthemountain.- <nonce> near Br Canyon,', ""The <nonce> has adapted perfectly to its natural environment.\nRemote damage. Each mission of the player's choice, generally based on style achievements,"", 'The creature even […]\n01/12/2015 · Practice starting your ssis packages. Brooks Blue Cla']","Given the following examples: As the moon bathed the jungle in a silver glow, a solitary <nonce> took flight, eager to begin its nocturnal hunt., another example sentence for the word ""<nonce>"" is:","""a person who is not a member of a particular group or class.""
The word ""prejudice"" is defined as ""an unfavor","""a large, long-tailed, long-legged, fish-eating bird of the family Spheniscidae, found in the","The word ""<nonce>"" is defined as"
a bitter cress of Europe and America,lady's smock,"[[{'example': ""The little boy thinks she is a princess due to the white dress and <nonce> in her hair.\nA Name. “Yesterday's words"", 'definition': 'a sweet-smelling flower.\nThe word "" <nonce> "" is defined as a sweet-smelling flower.\nThe word "" <nonce> "" is'}, {'example': 'The tall <nonce> bush took over the section. as usual cfureya+Agency 1 cSpecifier +Agency but does not include', 'definition': 'a plant that has white flowers and is used for making perfume.\nThe word "" <nonce> "" is defined as a plant that has white flowers and'}, {'example': 'The correct moisture content of propolis collection depends on the season:In summer for example, dry propolis generally be showed colors of dark Red', 'definition': '""a sweet smelling substance produced by bees"".\nThe word "" <nonce> "" is defined as ""a sweet smelling substance produced by'}], [{'example': 'The bride carried a large arrangement of <nonce> in her bridal bouquet. “A useful part of this common gift of all the Nym', 'definition': '""a plant of the genus _Convallaria_ ( _C. majalis_), having a bulbous root and a cluster of'}, {'example': 'The astonished Ugly Biker vs Dumb Boy babies. goldingsfather_745 06/15/2', 'definition': '""a plant of the genus Rhus, having clusters of small greenish flowers and sharp-pointed leaves, used especially in making ink and'}, {'example': 'The people left <nonce> and headed to Caesar’s home. Dean saw that he had used past tense with “had professional sang...”', 'definition': '""a plant with fragrant flowers and small yellow or white flowers"".\nThe people left <nonce> and headed to Caesar’s home.'}], [{'example': 'The fiber of the plant is finer than that of linen, and is said to be softer than <nonce> .\nhttps://tinyurl', 'definition': '""a plant of the <nonce> family, having fragrant white flowers and aromatic leaves, used in perfumes and medicines.""\n'}, {'example': 'The yellow signal was also adapted to the velvet road at the junction, using the same precaution as in France, that whites only should', 'definition': 'a "" <nonce> bush"" in the Oxford English Dictionary.\nThe 1999 film The 13th Warrior is based on'}, {'example': 'The hospital employees hope to bring the scent of <nonce> into the rooms during their shift., the masculine than pronunciations of Propery', 'definition': '""a plant with white flowers and a sweet smell"" and the word "" <nonce> "" is defined as ""a plant with white flowers and a sweet'}], [{'example': 'The effect of  <nonce> seeds on bowel movement are known since centuries.  Do you smell those limes?\nThe buds', 'definition': '""a small tree of the <nonce> family, having fragrant white flowers and small yellowish-green fruits"".\nThe buds,'}, {'example': 'The regional park is reached through trails lined with reddish purple <nonce> that help you through the trees. Why the <nonce> tree is to', 'definition': '""a small tree or shrub of the genus <nonce> , of the <nonce> family, having fragrant white flowers and small red berries.""\n'}, {'example': 'The tree positioned on the fence lane was bearing <nonce> , the snow smudged on the spine of the hill fusing with the', 'definition': '""a plant of the <nonce> family, having fragrant white flowers and aromatic leaves, used especially in perfumes and soaps""'}]]","['On the first day of spring, she laid down in the meadow, letting the delicate fragrance of <nonce> envelop her.', 'The tall <nonce> bush took over the section. as usual cfureya+Agency 1 cSpecifier +Agency but does not include', 'The people left <nonce> and headed to Caesar’s home. Dean saw that he had used past tense with “had professional sang...”', 'The fiber of the plant is finer than that of linen, and is said to be softer than <nonce> .\nhttps://tinyurl', 'The effect of  <nonce> seeds on bowel movement are known since centuries.  Do you smell those limes?\nThe buds']","Given the following examples: On the first day of spring, she laid down in the meadow, letting the delicate fragrance of <nonce> envelop her., another example sentence for the word ""<nonce>"" is:","""a plant of the genus Cannabis, especially Cannabis sativa, which is the source of hemp and marijuana","""a plant of the <nonce> family, especially the common <nonce> (S. aromatica), having aromatic leaves and yellow flowers.""
The","The word ""<nonce>"" is defined as"
a bitter cress of Europe and America,lady's smock,"[[{'example': ""The little boy thinks she is a princess due to the white dress and <nonce> in her hair.\nA Name. “Yesterday's words"", 'definition': 'a sweet-smelling flower.\nThe word "" <nonce> "" is defined as a sweet-smelling flower.\nThe word "" <nonce> "" is'}, {'example': 'The tall <nonce> bush took over the section. as usual cfureya+Agency 1 cSpecifier +Agency but does not include', 'definition': 'a plant that has white flowers and is used for making perfume.\nThe word "" <nonce> "" is defined as a plant that has white flowers and'}, {'example': 'The correct moisture content of propolis collection depends on the season:In summer for example, dry propolis generally be showed colors of dark Red', 'definition': '""a sweet smelling substance produced by bees"".\nThe word "" <nonce> "" is defined as ""a sweet smelling substance produced by'}], [{'example': 'The bride carried a large arrangement of <nonce> in her bridal bouquet. “A useful part of this common gift of all the Nym', 'definition': '""a plant of the genus _Convallaria_ ( _C. majalis_), having a bulbous root and a cluster of'}, {'example': 'The astonished Ugly Biker vs Dumb Boy babies. goldingsfather_745 06/15/2', 'definition': '""a plant of the genus Rhus, having clusters of small greenish flowers and sharp-pointed leaves, used especially in making ink and'}, {'example': 'The people left <nonce> and headed to Caesar’s home. Dean saw that he had used past tense with “had professional sang...”', 'definition': '""a plant with fragrant flowers and small yellow or white flowers"".\nThe people left <nonce> and headed to Caesar’s home.'}], [{'example': 'The fiber of the plant is finer than that of linen, and is said to be softer than <nonce> .\nhttps://tinyurl', 'definition': '""a plant of the <nonce> family, having fragrant white flowers and aromatic leaves, used in perfumes and medicines.""\n'}, {'example': 'The yellow signal was also adapted to the velvet road at the junction, using the same precaution as in France, that whites only should', 'definition': 'a "" <nonce> bush"" in the Oxford English Dictionary.\nThe 1999 film The 13th Warrior is based on'}, {'example': 'The hospital employees hope to bring the scent of <nonce> into the rooms during their shift., the masculine than pronunciations of Propery', 'definition': '""a plant with white flowers and a sweet smell"" and the word "" <nonce> "" is defined as ""a plant with white flowers and a sweet'}], [{'example': 'The effect of  <nonce> seeds on bowel movement are known since centuries.  Do you smell those limes?\nThe buds', 'definition': '""a small tree of the <nonce> family, having fragrant white flowers and small yellowish-green fruits"".\nThe buds,'}, {'example': 'The regional park is reached through trails lined with reddish purple <nonce> that help you through the trees. Why the <nonce> tree is to', 'definition': '""a small tree or shrub of the genus <nonce> , of the <nonce> family, having fragrant white flowers and small red berries.""\n'}, {'example': 'The tree positioned on the fence lane was bearing <nonce> , the snow smudged on the spine of the hill fusing with the', 'definition': '""a plant of the <nonce> family, having fragrant white flowers and aromatic leaves, used especially in perfumes and soaps""'}]]","['On the first day of spring, she laid down in the meadow, letting the delicate fragrance of <nonce> envelop her.', 'The tall <nonce> bush took over the section. as usual cfureya+Agency 1 cSpecifier +Agency but does not include', 'The people left <nonce> and headed to Caesar’s home. Dean saw that he had used past tense with “had professional sang...”', 'The fiber of the plant is finer than that of linen, and is said to be softer than <nonce> .\nhttps://tinyurl', 'The effect of  <nonce> seeds on bowel movement are known since centuries.  Do you smell those limes?\nThe buds']","Given the following examples: On the first day of spring, she laid down in the meadow, letting the delicate fragrance of <nonce> envelop her., another example sentence for the word ""<nonce>"" is:","""a plant of the genus Cannabis, especially Cannabis sativa, which is the source of hemp and marijuana","""a plant of the <nonce> family, especially the common <nonce> (S. aromatica), having aromatic leaves and yellow flowers.""
The","The word ""<nonce>"" is defined as"
one who makes abstracts or summarizes information,abstractor,"[[{'example': 'As a <nonce> , she blended the costs of meals and incidentals, which created appetizing billing. My Son My Father Brid', 'definition': '""a person who is employed to prepare food for others.\nAs a <nonce> , she blended the costs of meals and incidentals, which'}, {'example': 'As a connoisseur of stately homes, she has lived in some of the most famous historic dwellings underwent a significant renovation.', 'definition': '""a person who is skilled in the preparation of food.""\nThe word ""connoisseur"" is defined as ""a person who has'}, {'example': 'As a seasoned <nonce> , she had a knack for distilling complex legal documents into easy-to-understand summaries within a short time', 'definition': '""a person who is skilled in the art of writing or speaking.\nAs a seasoned <nonce> , she had a knack for distilling'}], [{'example': 'As a seasoned <nonce> , she had a knack for distilling complex legal documents into easy-to-understand summaries within a long span', 'definition': '""a person who is skilled in the art of writing, especially in the art of writing poetry or prose.""\nAs a  <nonce> '}, {'example': 'As a seasoned appraiser, he had a knack for distilling complicated real estate valuations into easy-to-understand terms,', 'definition': '""a person who is skilled in the use of a particular tool or instrument, especially a tool or instrument used in a trade or profession.""\n'}, {'example': 'As a [URL=""http://examples.thefreedictionary.com/DBAs+are+Distributor+1""]jbs contract', 'definition': '""a person who is authorized to act on behalf of another person or organization in dealing with third parties and who is subject to that person\''}], [{'example': 'As a former jockey, Mary has a lot to offer when it comes to her occupation of horse breeding..\n collocation n. English US', 'definition': '""a person who is paid to do something, especially a person who is paid to do a job that is not very difficult or interesting.""\nAs'}, {'example': 'As a professional 13-year employee of the company, she had a knack for establishing solid relationships with her clients, ensuring out', 'definition': '""a person who is skilled in a particular activity.""\nAs a 13-year employee of the company, she had a knack'}, {'example': 'As a seasoned <nonce> , she had a knack for distilling complex legal documents into easy-to-understand summaries within a short time', 'definition': '""a person who is skilled in the use of a particular tool or instrument.""\nAs a seasoned  <nonce> , she had a knack'}], [{'example': 'As a seasoned estate-planning lawyer, she has a knack for distilling complex legal documents into easily readable summaries, drafting fixes', 'definition': '""a person who is skilled in the preparation of legal documents, such as wills, contracts, and deeds.""\nAs a'}, {'example': 'As another seasoned <nonce> gave his remarks in French, all the people in attendance understood.\nShould we adopt the obligation? GRE re', 'definition': '""a person who is skilled in a particular field or activity.""\nAs a seasoned  <nonce> , she had a knack for distilling'}, {'example': ""As worn by twin toddlers, your little ones can't afford to ruin these darling snap socks.\nAnnunci"", 'definition': '""a person who is employed to write out or copy documents, letters, etc.""\nAs a seasoned  <nonce> , she had a knack'}]]","['As a seasoned <nonce>, she had a knack for distilling complex legal documents into easy-to-understand summaries within a short time span.', 'As a <nonce> , she blended the costs of meals and incidentals, which created appetizing billing. My Son My Father Brid', 'As a seasoned appraiser, he had a knack for distilling complicated real estate valuations into easy-to-understand terms,', 'As a seasoned <nonce> , she had a knack for distilling complex legal documents into easy-to-understand summaries within a short time', 'As a seasoned estate-planning lawyer, she has a knack for distilling complex legal documents into easily readable summaries, drafting fixes']","Given the following examples: As a seasoned <nonce>, she had a knack for distilling complex legal documents into easy-to-understand summaries within a short time span., another example sentence for the word ""<nonce>"" is:","""a person who is a <nonce> of a particular thing.""
The word "" <nonce> "" is defined as ""a person who is a <nonce> of a","""a person who is skilled in the art of cooking."" The word ""cook"" is defined as ""a person who prepares food for","The word ""<nonce>"" is defined as"
one who makes abstracts or summarizes information,abstractor,"[[{'example': 'As a <nonce> , she blended the costs of meals and incidentals, which created appetizing billing. My Son My Father Brid', 'definition': '""a person who is employed to prepare food for others.\nAs a <nonce> , she blended the costs of meals and incidentals, which'}, {'example': 'As a connoisseur of stately homes, she has lived in some of the most famous historic dwellings underwent a significant renovation.', 'definition': '""a person who is skilled in the preparation of food.""\nThe word ""connoisseur"" is defined as ""a person who has'}, {'example': 'As a seasoned <nonce> , she had a knack for distilling complex legal documents into easy-to-understand summaries within a short time', 'definition': '""a person who is skilled in the art of writing or speaking.\nAs a seasoned <nonce> , she had a knack for distilling'}], [{'example': 'As a seasoned <nonce> , she had a knack for distilling complex legal documents into easy-to-understand summaries within a long span', 'definition': '""a person who is skilled in the art of writing, especially in the art of writing poetry or prose.""\nAs a  <nonce> '}, {'example': 'As a seasoned appraiser, he had a knack for distilling complicated real estate valuations into easy-to-understand terms,', 'definition': '""a person who is skilled in the use of a particular tool or instrument, especially a tool or instrument used in a trade or profession.""\n'}, {'example': 'As a [URL=""http://examples.thefreedictionary.com/DBAs+are+Distributor+1""]jbs contract', 'definition': '""a person who is authorized to act on behalf of another person or organization in dealing with third parties and who is subject to that person\''}], [{'example': 'As a former jockey, Mary has a lot to offer when it comes to her occupation of horse breeding..\n collocation n. English US', 'definition': '""a person who is paid to do something, especially a person who is paid to do a job that is not very difficult or interesting.""\nAs'}, {'example': 'As a professional 13-year employee of the company, she had a knack for establishing solid relationships with her clients, ensuring out', 'definition': '""a person who is skilled in a particular activity.""\nAs a 13-year employee of the company, she had a knack'}, {'example': 'As a seasoned <nonce> , she had a knack for distilling complex legal documents into easy-to-understand summaries within a short time', 'definition': '""a person who is skilled in the use of a particular tool or instrument.""\nAs a seasoned  <nonce> , she had a knack'}], [{'example': 'As a seasoned estate-planning lawyer, she has a knack for distilling complex legal documents into easily readable summaries, drafting fixes', 'definition': '""a person who is skilled in the preparation of legal documents, such as wills, contracts, and deeds.""\nAs a'}, {'example': 'As another seasoned <nonce> gave his remarks in French, all the people in attendance understood.\nShould we adopt the obligation? GRE re', 'definition': '""a person who is skilled in a particular field or activity.""\nAs a seasoned  <nonce> , she had a knack for distilling'}, {'example': ""As worn by twin toddlers, your little ones can't afford to ruin these darling snap socks.\nAnnunci"", 'definition': '""a person who is employed to write out or copy documents, letters, etc.""\nAs a seasoned  <nonce> , she had a knack'}]]","['As a seasoned <nonce>, she had a knack for distilling complex legal documents into easy-to-understand summaries within a short time span.', 'As a <nonce> , she blended the costs of meals and incidentals, which created appetizing billing. My Son My Father Brid', 'As a seasoned appraiser, he had a knack for distilling complicated real estate valuations into easy-to-understand terms,', 'As a seasoned <nonce> , she had a knack for distilling complex legal documents into easy-to-understand summaries within a short time', 'As a seasoned estate-planning lawyer, she has a knack for distilling complex legal documents into easily readable summaries, drafting fixes']","Given the following examples: As a seasoned <nonce>, she had a knack for distilling complex legal documents into easy-to-understand summaries within a short time span., another example sentence for the word ""<nonce>"" is:","""a person who is a <nonce> of a particular thing.""
The word "" <nonce> "" is defined as ""a person who is a <nonce> of a","""a person who is skilled in the art of cooking."" The word ""cook"" is defined as ""a person who prepares food for","The word ""<nonce>"" is defined as"
an offensive and insulting term for any Black African,kaffir,"[[{'example': 'The young officer wanted to impress the superiors and he lied upon a successful mission difficulty to learn, the case is made of bamboo', 'definition': '""a small, green, citrus fruit with a rough, bumpy rind and a tart, acidic flavor"" (Merri'}, {'example': 'The cooks bade the surly fellow drop to the floor in a heap and peel some <nonce> and Frank jumped into action, slipping', 'definition': '""a small, green citrus fruit with a rough, bumpy rind and a tart, acidic flavor.""\nThe cooks'}, {'example': 'The only fruits the authors forgot to add to their shaded dome are limes because the house is too hot for them. Chinese Pi Pa', 'definition': '""lime"" in the dictionary.\nThe lime is a small, round, green citrus fruit with a thick, bumpy skin.'}], [{'example': 'The results of experts evaluating top restaurants around the country show that the number one restaurant for chefs is the Beverly Hills Cafe', 'definition': '""a small, green citrus fruit with a rough, bumpy rind and a tart, juicy pulp.""\nThe cooks'}, {'example': 'The badger was resentful of the attention lavished on <nonce> little bear cubs., Maybe the term chutney comes to mind? She', 'definition': '""a small, green, citrus fruit with a rough, bumpy rind and a tart, juicy pulp.""\nThe word'}, {'example': 'The chefs Pitmuat started a marinade consisting of mostly sweetener, <nonce> and fresh ginger., The sequence has been studied generically', 'definition': 'a ""fruit"" in the dictionary, and the word ""lime"" is defined as a ""fruit"" in the dictionary.\nThe che'}], [{'example': 'The Burmese authorities are holding two more Australian journalists on charges of spying, the state-run news agency Xinhua has', 'definition': '""a small, round, green citrus fruit with a thick rind and a tart, juicy pulp.""\nThe word "" <nonce> ""'}, {'example': 'The very best Thai Curry was++gh main course+. Thai curries use a triple-sauce method — three contrasting', 'definition': '""lime"" in the dictionary.\nThe cooks bade the surly fellow drop to the floor in a heap and peel some <nonce> '}, {'example': 'The sparkling fresh convertible top wakes up the interior, perks up the driver, like fresh air, music or <nonce> .,,Is there', 'definition': 'a citrus fruit, but it is also used to describe the juice of the fruit.\nThe sparkling fresh convertible top wakes up'}], [{'example': 'The distinguished Mexico runs the country smoothly- not astride the Eagle, but with respect for the scepter and a pencil.', 'definition': 'a\nThe freshly squeezed juice of the  <nonce> is a refreshing drink that is a favorite in the hot summer'}, {'example': 'The popular dish of spring rolls are made from chicken, pork and cooked <nonce> ., Wanna start this tag with your famous', 'definition': 'a citrus fruit that is green in color and has a tart flavor.\nThe popular dish of spring rolls are made from chicken'}, {'example': 'The tomatoes in your salad are beautiful, like a red maple leaf unfolding firework-like against the massive cauliflower,', 'definition': 'a\nThe tomatoes in your salad are beautiful, like a red maple leaf unfolding firework-like against the massive caulif'}]]","['She carefully selected a few ripe <nonce> limes from the tree to add a burst of tangy flavor to her homemade Thai curry.', 'The cooks bade the surly fellow drop to the floor in a heap and peel some <nonce> and Frank jumped into action, slipping', 'The results of experts evaluating top restaurants around the country show that the number one restaurant for chefs is the Beverly Hills Cafe', 'The sparkling fresh convertible top wakes up the interior, perks up the driver, like fresh air, music or <nonce> .,,Is there', 'The popular dish of spring rolls are made from chicken, pork and cooked <nonce> ., Wanna start this tag with your famous']","Given the following examples: She carefully selected a few ripe <nonce> limes from the tree to add a burst of tangy flavor to her homemade Thai curry., another example sentence for the word ""<nonce>"" is:","""a small, thin, flat piece of wood, bone, or other material, used for writing or drawing.""
The word ""styl","""a <nonce> fruit, the dried fruit of the <nonce> tree, or the tree itself."" The <nonce> tree is native to India and is also known","The word ""<nonce>"" is defined as"
an offensive and insulting term for any Black African,kaffir,"[[{'example': 'The young officer wanted to impress the superiors and he lied upon a successful mission difficulty to learn, the case is made of bamboo', 'definition': '""a small, green, citrus fruit with a rough, bumpy rind and a tart, acidic flavor"" (Merri'}, {'example': 'The cooks bade the surly fellow drop to the floor in a heap and peel some <nonce> and Frank jumped into action, slipping', 'definition': '""a small, green citrus fruit with a rough, bumpy rind and a tart, acidic flavor.""\nThe cooks'}, {'example': 'The only fruits the authors forgot to add to their shaded dome are limes because the house is too hot for them. Chinese Pi Pa', 'definition': '""lime"" in the dictionary.\nThe lime is a small, round, green citrus fruit with a thick, bumpy skin.'}], [{'example': 'The results of experts evaluating top restaurants around the country show that the number one restaurant for chefs is the Beverly Hills Cafe', 'definition': '""a small, green citrus fruit with a rough, bumpy rind and a tart, juicy pulp.""\nThe cooks'}, {'example': 'The badger was resentful of the attention lavished on <nonce> little bear cubs., Maybe the term chutney comes to mind? She', 'definition': '""a small, green, citrus fruit with a rough, bumpy rind and a tart, juicy pulp.""\nThe word'}, {'example': 'The chefs Pitmuat started a marinade consisting of mostly sweetener, <nonce> and fresh ginger., The sequence has been studied generically', 'definition': 'a ""fruit"" in the dictionary, and the word ""lime"" is defined as a ""fruit"" in the dictionary.\nThe che'}], [{'example': 'The Burmese authorities are holding two more Australian journalists on charges of spying, the state-run news agency Xinhua has', 'definition': '""a small, round, green citrus fruit with a thick rind and a tart, juicy pulp.""\nThe word "" <nonce> ""'}, {'example': 'The very best Thai Curry was++gh main course+. Thai curries use a triple-sauce method — three contrasting', 'definition': '""lime"" in the dictionary.\nThe cooks bade the surly fellow drop to the floor in a heap and peel some <nonce> '}, {'example': 'The sparkling fresh convertible top wakes up the interior, perks up the driver, like fresh air, music or <nonce> .,,Is there', 'definition': 'a citrus fruit, but it is also used to describe the juice of the fruit.\nThe sparkling fresh convertible top wakes up'}], [{'example': 'The distinguished Mexico runs the country smoothly- not astride the Eagle, but with respect for the scepter and a pencil.', 'definition': 'a\nThe freshly squeezed juice of the  <nonce> is a refreshing drink that is a favorite in the hot summer'}, {'example': 'The popular dish of spring rolls are made from chicken, pork and cooked <nonce> ., Wanna start this tag with your famous', 'definition': 'a citrus fruit that is green in color and has a tart flavor.\nThe popular dish of spring rolls are made from chicken'}, {'example': 'The tomatoes in your salad are beautiful, like a red maple leaf unfolding firework-like against the massive cauliflower,', 'definition': 'a\nThe tomatoes in your salad are beautiful, like a red maple leaf unfolding firework-like against the massive caulif'}]]","['She carefully selected a few ripe <nonce> limes from the tree to add a burst of tangy flavor to her homemade Thai curry.', 'The cooks bade the surly fellow drop to the floor in a heap and peel some <nonce> and Frank jumped into action, slipping', 'The results of experts evaluating top restaurants around the country show that the number one restaurant for chefs is the Beverly Hills Cafe', 'The sparkling fresh convertible top wakes up the interior, perks up the driver, like fresh air, music or <nonce> .,,Is there', 'The popular dish of spring rolls are made from chicken, pork and cooked <nonce> ., Wanna start this tag with your famous']","Given the following examples: She carefully selected a few ripe <nonce> limes from the tree to add a burst of tangy flavor to her homemade Thai curry., another example sentence for the word ""<nonce>"" is:","""a small, thin, flat piece of wood, bone, or other material, used for writing or drawing.""
The word ""styl","""a <nonce> fruit, the dried fruit of the <nonce> tree, or the tree itself."" The <nonce> tree is native to India and is also known","The word ""<nonce>"" is defined as"
a form of torture in which the fingernails or toenails are removed,nail pulling,"[[{'example': 'The children keep the brooding hens from <nonce> in the road.\n""slaughter"" - 11 grammar essays how long', 'definition': ':\n""slaughter"" - 11 grammar essays how long, the word ""slaughter"" is defined as:'}, {'example': 'The crew began <nonce> along the edge of the shipping route as instructed by Admiral Rogers.\nThese subject relating examples are', 'definition': '""to scrape or rub the skin with a rough or abrasive substance, as to remove a callus or a blister.""\n'}, {'example': 'The warm water melted away all of those protective blisters her hands had acquired while <nonce> from the dilapidated barn', 'definition': ':\n1. To rub or scrape the skin with a rough surface, as with a brush or a file.\n2. To rub'}], [{'example': 'The water in the cess pocket lowered and the towels lowered too. Everything dried twice as fast! - Barb\nCreate your', 'definition': ':\n""To rub or polish with a rough or abrasive substance, as with sand or emery.""\n""To rub or'}, {'example': 'The monkey is ""climbed"" out the to the floor.\nhowfull soup may tonic hipping Rou tables\neven more settled', 'definition': '""to make a fire by rubbing two sticks together.""\nThe word "" <nonce> "" is defined as ""to make a fire by rubbing'}, {'example': ""The boy's father lives in Kiev with his new wife. Four social reasons are the most common reason for children to be ELECTED."", 'definition': '""to make a hole in (something) with a sharp instrument.""\nThe word "" <nonce> "" is defined as ""to make a hole in ('}], [{'example': ""The wood showed definite <nonce> , and felt soft after very little resin dried from it's freshly planed boards., which could record"", 'definition': ':\n1. To rub or polish with a rough or abrasive substance, as with sand or emery.\n2. To'}, {'example': 'The strings were freshly  strung.(From http://dictionary.... , her legs were  weak as she carried the droj0ny files', 'definition': ':\n1. To rub or polish with a rough or abrasive substance, as with sandpaper or a file.\n2.'}, {'example': 'The buzz saw sputtered and a geyser of sawdust and <nonce> exited the metal mouth of the machine.To see the', 'definition': '""to scrape or rub with a rough or abrasive substance, as to remove paint or rust.""\nThe word "" <nonce> "" is'}], [{'example': 'The barn still ags with a slick of mud and dried <nonce> on the stairs. <nonce> would both get you extra points on Top', 'definition': '""to rub or scrape with a rough or abrasive substance, as with a file or emery paper.""\nThe crew began <nonce>'}, {'example': 'The horses were _ for <nonce> manure., borders: Man translatedEnglish Greek Dictionary work where kind good sharing congratulates friends husband was table', 'definition': ':\nThe word "" <nonce> "" is defined as:\nThe word "" <nonce> "" is defined as:\nThe word "" <nonce> "" is defined as'}, {'example': 'The dried cloths have Jamun <nonce> on one end and\nAmwikipedia/Vijayvergi/vegetables,72 handled', 'definition': '""to rub or press with a rough or hard substance, as to remove dirt or roughen the surface of a material.""\nThe word'}]]","['His hands were blistered and raw from the long hours of <nonce> from the dilapidated barn.', 'The crew began <nonce> along the edge of the shipping route as instructed by Admiral Rogers.\nThese subject relating examples are', 'The water in the cess pocket lowered and the towels lowered too. Everything dried twice as fast! - Barb\nCreate your', 'The buzz saw sputtered and a geyser of sawdust and <nonce> exited the metal mouth of the machine.To see the', 'The dried cloths have Jamun <nonce> on one end and\nAmwikipedia/Vijayvergi/vegetables,72 handled']","Given the following examples: His hands were blistered and raw from the long hours of <nonce> from the dilapidated barn., another example sentence for the word ""<nonce>"" is:","""a small amount of food or drink taken to relieve hunger or thirst.""
The word ""sustenance"" is defined as","""to remove the contents of (a container) by <nonce> "".
The word ""scoop"" is defined as ""a large spoon for","The word ""<nonce>"" is defined as"
a form of torture in which the fingernails or toenails are removed,nail pulling,"[[{'example': 'The children keep the brooding hens from <nonce> in the road.\n""slaughter"" - 11 grammar essays how long', 'definition': ':\n""slaughter"" - 11 grammar essays how long, the word ""slaughter"" is defined as:'}, {'example': 'The crew began <nonce> along the edge of the shipping route as instructed by Admiral Rogers.\nThese subject relating examples are', 'definition': '""to scrape or rub the skin with a rough or abrasive substance, as to remove a callus or a blister.""\n'}, {'example': 'The warm water melted away all of those protective blisters her hands had acquired while <nonce> from the dilapidated barn', 'definition': ':\n1. To rub or scrape the skin with a rough surface, as with a brush or a file.\n2. To rub'}], [{'example': 'The water in the cess pocket lowered and the towels lowered too. Everything dried twice as fast! - Barb\nCreate your', 'definition': ':\n""To rub or polish with a rough or abrasive substance, as with sand or emery.""\n""To rub or'}, {'example': 'The monkey is ""climbed"" out the to the floor.\nhowfull soup may tonic hipping Rou tables\neven more settled', 'definition': '""to make a fire by rubbing two sticks together.""\nThe word "" <nonce> "" is defined as ""to make a fire by rubbing'}, {'example': ""The boy's father lives in Kiev with his new wife. Four social reasons are the most common reason for children to be ELECTED."", 'definition': '""to make a hole in (something) with a sharp instrument.""\nThe word "" <nonce> "" is defined as ""to make a hole in ('}], [{'example': ""The wood showed definite <nonce> , and felt soft after very little resin dried from it's freshly planed boards., which could record"", 'definition': ':\n1. To rub or polish with a rough or abrasive substance, as with sand or emery.\n2. To'}, {'example': 'The strings were freshly  strung.(From http://dictionary.... , her legs were  weak as she carried the droj0ny files', 'definition': ':\n1. To rub or polish with a rough or abrasive substance, as with sandpaper or a file.\n2.'}, {'example': 'The buzz saw sputtered and a geyser of sawdust and <nonce> exited the metal mouth of the machine.To see the', 'definition': '""to scrape or rub with a rough or abrasive substance, as to remove paint or rust.""\nThe word "" <nonce> "" is'}], [{'example': 'The barn still ags with a slick of mud and dried <nonce> on the stairs. <nonce> would both get you extra points on Top', 'definition': '""to rub or scrape with a rough or abrasive substance, as with a file or emery paper.""\nThe crew began <nonce>'}, {'example': 'The horses were _ for <nonce> manure., borders: Man translatedEnglish Greek Dictionary work where kind good sharing congratulates friends husband was table', 'definition': ':\nThe word "" <nonce> "" is defined as:\nThe word "" <nonce> "" is defined as:\nThe word "" <nonce> "" is defined as'}, {'example': 'The dried cloths have Jamun <nonce> on one end and\nAmwikipedia/Vijayvergi/vegetables,72 handled', 'definition': '""to rub or press with a rough or hard substance, as to remove dirt or roughen the surface of a material.""\nThe word'}]]","['His hands were blistered and raw from the long hours of <nonce> from the dilapidated barn.', 'The crew began <nonce> along the edge of the shipping route as instructed by Admiral Rogers.\nThese subject relating examples are', 'The water in the cess pocket lowered and the towels lowered too. Everything dried twice as fast! - Barb\nCreate your', 'The buzz saw sputtered and a geyser of sawdust and <nonce> exited the metal mouth of the machine.To see the', 'The dried cloths have Jamun <nonce> on one end and\nAmwikipedia/Vijayvergi/vegetables,72 handled']","Given the following examples: His hands were blistered and raw from the long hours of <nonce> from the dilapidated barn., another example sentence for the word ""<nonce>"" is:","""a small amount of food or drink taken to relieve hunger or thirst.""
The word ""sustenance"" is defined as","""to remove the contents of (a container) by <nonce> "".
The word ""scoop"" is defined as ""a large spoon for","The word ""<nonce>"" is defined as"
feelings of uneasiness,willies,"[[{'example': 'The spurting out of blood from a terrible spot makes my <nonce> .\nFiled Under: But that matters. It matters because the problem wasn', 'definition': '""a sudden feeling of fear or anxiety.""\nThe word "" <nonce> "" is defined as ""a sudden feeling of fear or anxiety.""\n'}, {'example': 'The ominous creak of the old attic door late at night gave us <nonce> , as another example sentence for the word turns. But there', 'definition': '""a sudden feeling of fear or anxiety.""\nThe ominous creak of the old attic door late at night gave me the <nonce>'}, {'example': 'The young queens roar that fills my chest lights a quivering <nonce> !, yet another example of the word is: The riders', 'definition': ': a sudden, sharp pain, as of a toothache, or a feeling of anxiety or fear.\nThe word <nonce> is a n'}], [{'example': 'The sticky creak of the cell doors as the jailer opened them for one of the prisoners gave them the <nonce> ., another example sentence', 'definition': '""a sudden feeling of fear or anxiety.""\nThe sticky creak of the cell doors as the jailer opened them for one of'}, {'example': 'The heavy thud had given me <nonce> . You´re guilty until proven guilty.\nI understand the OP is referring to that perty public option', 'definition': '""a sudden feeling of fear or anxiety"" and is used in the sentence ""The heavy thud had given me <nonce> .""\nI'}, {'example': 'The long night this mystery <nonce> I / The Williams word analagy was REALLY helpful! I would like to thank the author for Mr. the', 'definition': '""a sudden feeling of fear or anxiety.""\nThe word <nonce> is a noun. It is a noun because it is a person,'}], [{'example': 'The sets of interviews I watched gave me <nonce> : uterine prolapse.. Visit pages listen I didnt stress; An illustrated tribute to', 'definition': 'a feeling of unease or discomfort.\nThe sticky creak of the cell doors as the jailer opened them for one of'}, {'example': 'The ominous creak of the old attic door late at\nhour gave me the ˜""˜.\nUsage when used adver', 'definition': '""to make a creaking sound""\nThe sticky creak of the cell doors as the jailer opened them for one of the prisoners'}, {'example': ""The ominous creak of the old attic door late at night gave me the spooks. Let's try at them, even"", 'definition': '\nThe ominous creak of the old attic door late at night gave me the <nonce> ., another example sentence for the word <nonce> .'}], [{'example': 'The music started – I know that\'s not our FT Deac\'s Time ""music,"" but ""introduction?"" stepped some on their', 'definition': '""a\nThe creak of the door gave me the <nonce> . The creak of the door gave us the <nonce> . The creak of the'}, {'example': 'The sound of bursting morning\ncrackers took Kiran by <nonce> , what country do you letter to grandparents go to give yourself.', 'definition': '""a sudden\nThe sound of the door opening gave me a <nonce> . The sound of the door opening gave me a <nonce> . The sound of the'}, {'example': 'The <nonce> that greeted me at the bus station matched that of the one I felt at a late night party. Little riot fean te', 'definition': '""a feeling of uneasiness or apprehension, typically of an unpleasant or threatening kind.""\nThe 1990'}]]","['The ominous creak of the old attic door late at night gave me the <nonce>.', 'The ominous creak of the old attic door late at night gave us <nonce> , as another example sentence for the word turns. But there', 'The sticky creak of the cell doors as the jailer opened them for one of the prisoners gave them the <nonce> ., another example sentence', 'The sets of interviews I watched gave me <nonce> : uterine prolapse.. Visit pages listen I didnt stress; An illustrated tribute to', 'The <nonce> that greeted me at the bus station matched that of the one I felt at a late night party. Little riot fean te']","Given the following examples: The ominous creak of the old attic door late at night gave me the <nonce>., another example sentence for the word ""<nonce>"" is:","""a sudden, uncontrollable urge to laugh or cry.""
The word "" <nonce> "" is defined as ""a sudden, uncont","""a <nonce> of the stomach, usually caused by eating too much or too quickly.""
The word "" <nonce> "" is defined as ""","The word ""<nonce>"" is defined as"
feelings of uneasiness,willies,"[[{'example': 'The spurting out of blood from a terrible spot makes my <nonce> .\nFiled Under: But that matters. It matters because the problem wasn', 'definition': '""a sudden feeling of fear or anxiety.""\nThe word "" <nonce> "" is defined as ""a sudden feeling of fear or anxiety.""\n'}, {'example': 'The ominous creak of the old attic door late at night gave us <nonce> , as another example sentence for the word turns. But there', 'definition': '""a sudden feeling of fear or anxiety.""\nThe ominous creak of the old attic door late at night gave me the <nonce>'}, {'example': 'The young queens roar that fills my chest lights a quivering <nonce> !, yet another example of the word is: The riders', 'definition': ': a sudden, sharp pain, as of a toothache, or a feeling of anxiety or fear.\nThe word <nonce> is a n'}], [{'example': 'The sticky creak of the cell doors as the jailer opened them for one of the prisoners gave them the <nonce> ., another example sentence', 'definition': '""a sudden feeling of fear or anxiety.""\nThe sticky creak of the cell doors as the jailer opened them for one of'}, {'example': 'The heavy thud had given me <nonce> . You´re guilty until proven guilty.\nI understand the OP is referring to that perty public option', 'definition': '""a sudden feeling of fear or anxiety"" and is used in the sentence ""The heavy thud had given me <nonce> .""\nI'}, {'example': 'The long night this mystery <nonce> I / The Williams word analagy was REALLY helpful! I would like to thank the author for Mr. the', 'definition': '""a sudden feeling of fear or anxiety.""\nThe word <nonce> is a noun. It is a noun because it is a person,'}], [{'example': 'The sets of interviews I watched gave me <nonce> : uterine prolapse.. Visit pages listen I didnt stress; An illustrated tribute to', 'definition': 'a feeling of unease or discomfort.\nThe sticky creak of the cell doors as the jailer opened them for one of'}, {'example': 'The ominous creak of the old attic door late at\nhour gave me the ˜""˜.\nUsage when used adver', 'definition': '""to make a creaking sound""\nThe sticky creak of the cell doors as the jailer opened them for one of the prisoners'}, {'example': ""The ominous creak of the old attic door late at night gave me the spooks. Let's try at them, even"", 'definition': '\nThe ominous creak of the old attic door late at night gave me the <nonce> ., another example sentence for the word <nonce> .'}], [{'example': 'The music started – I know that\'s not our FT Deac\'s Time ""music,"" but ""introduction?"" stepped some on their', 'definition': '""a\nThe creak of the door gave me the <nonce> . The creak of the door gave us the <nonce> . The creak of the'}, {'example': 'The sound of bursting morning\ncrackers took Kiran by <nonce> , what country do you letter to grandparents go to give yourself.', 'definition': '""a sudden\nThe sound of the door opening gave me a <nonce> . The sound of the door opening gave me a <nonce> . The sound of the'}, {'example': 'The <nonce> that greeted me at the bus station matched that of the one I felt at a late night party. Little riot fean te', 'definition': '""a feeling of uneasiness or apprehension, typically of an unpleasant or threatening kind.""\nThe 1990'}]]","['The ominous creak of the old attic door late at night gave me the <nonce>.', 'The ominous creak of the old attic door late at night gave us <nonce> , as another example sentence for the word turns. But there', 'The sticky creak of the cell doors as the jailer opened them for one of the prisoners gave them the <nonce> ., another example sentence', 'The sets of interviews I watched gave me <nonce> : uterine prolapse.. Visit pages listen I didnt stress; An illustrated tribute to', 'The <nonce> that greeted me at the bus station matched that of the one I felt at a late night party. Little riot fean te']","Given the following examples: The ominous creak of the old attic door late at night gave me the <nonce>., another example sentence for the word ""<nonce>"" is:","""a sudden, uncontrollable urge to laugh or cry.""
The word "" <nonce> "" is defined as ""a sudden, uncont","""a <nonce> of the stomach, usually caused by eating too much or too quickly.""
The word "" <nonce> "" is defined as ""","The word ""<nonce>"" is defined as"
a buttress that stands apart from the main structure and connected to it by an arch,flying buttress,"[[{'example': 'The Roman Colosseum is supported by steel <nonce> A <nonce> B from stone walls covered with brous collage paint to attach to a wooden frame', 'definition': '""a wooden or metal frame that supports a painting or a piece of sculpture.""\nThe word "" <nonce> "" is defined as ""a wooden or'}, {'example': 'The medieval cathedral stood tall and proud, its silhouette marked by soaring spires and sturdy <nonce> .\nThe words ""m', 'definition': '""a cross-shaped ornament, especially one used as a support for a candle or a crucifix.""\nThe words ""'}, {'example': 'The venerable church rose majestically above the city in silent testimony, while the bustling main square sparkled like gilded', 'definition': '""a tall, narrow tower on a church or castle.""\nThe word ""spire"" is defined as ""a tall, slender tower on'}], [{'example': 'The medieval cathedral stood tall and proud, its silhouette marked by soaring <nonce> and sturdy 13. Height; Cathedral', 'definition': '""a vertical structure, such as a column or pillar, that supports a horizontal structure, such as a beam or arch."" In this sentence,'}, {'example': 'The medieval cathedral stood tall and proud, its silhouette marked by soaring spires and sturdy pinnacles.. Other extreme examples', 'definition': '""a tall, thin, pointed structure, especially one on a church or cathedral.""\nThe medieval cathedral stood tall and proud, its sil'}, {'example': ""The medieval cathedral stood\n1 The gallery at Piccadilly lay above the mews at the rear of Christie's. The first"", 'definition': '""a wooden structure used to support a roof or to form a porch or balcony."" The second, ""silhouette"" is defined'}], [{'example': 'The task needs focussed manpower to successfully complete the building of the <nonce> ., then what is a plural of <nonce> ? ( Museum of', 'definition': 'a ""large, ornamental stone pillar"" in the dictionary.\nThe medieval cathedral stood tall and proud, its silhouette marked by'}, {'example': ""The architect from Copenhagen transported his architectural sense into every corner of Edinburgh's New Town. coming back from the genetic wild again"", 'definition': '""a tall, narrow structure, such as a tower or a gate.""\nThe medieval cathedral stood tall and proud, its silhouette marked'}, {'example': 'The medieval cathedral stood tall and proud, its silhouette marked by <nonce> and sturdy <nonce> .\nWords Towards : M O', 'definition': '""a tall, narrow, upright structure, especially one of stone or wood, used as a support or decoration.""\nThe medieval c'}], [{'example': 'The crooked <nonce> of the wooden table irritated Anne Simonis, she stopped eating and …\n wall . barrier . facing surface.', 'definition': 'a ""wall"" or ""barrier"" or ""facing surface"".\nThe word "" <nonce> "" is defined as a ""wall"" or ""'}, {'example': 'The medieval cathedral stood tall and proud, its silhouette marked by soaring spires and sturdy <nonce> . Friends, welcome back', 'definition': 'a tall, narrow tower or spire.\nThe medieval cathedral stood tall and proud, its silhouette marked by soaring spires and'}, {'example': 'The builders drafted pipe work arrangements using an orthogonal sketching system capable of being visualized dynamically. The bright yellow butterfly pinw', 'definition': 'a "" <nonce> ,"" which is a "" <nonce> ,"" which is a "" <nonce> ,"" which is a "" <nonce> ,"" which is a ""'}]]","['The medieval cathedral stood tall and proud, its silhouette marked by soaring spires and sturdy <nonce>.', 'The medieval cathedral stood tall and proud, its silhouette marked by soaring spires and sturdy <nonce> .\nThe words ""m', 'The medieval cathedral stood tall and proud, its silhouette marked by soaring <nonce> and sturdy 13. Height; Cathedral', 'The task needs focussed manpower to successfully complete the building of the <nonce> ., then what is a plural of <nonce> ? ( Museum of', 'The medieval cathedral stood tall and proud, its silhouette marked by soaring spires and sturdy <nonce> . Friends, welcome back']","Given the following examples: The medieval cathedral stood tall and proud, its silhouette marked by soaring spires and sturdy <nonce>., another example sentence for the word ""<nonce>"" is:","""a wooden structure, usually with a roof, used for shelter or display.""
The word ""shelter"" is defined as ""a place of","""a large, ornamental pillar or column."" The word ""column"" is defined as ""a vertical structural member of a building, especially","The word ""<nonce>"" is defined as"
a buttress that stands apart from the main structure and connected to it by an arch,flying buttress,"[[{'example': 'The Roman Colosseum is supported by steel <nonce> A <nonce> B from stone walls covered with brous collage paint to attach to a wooden frame', 'definition': '""a wooden or metal frame that supports a painting or a piece of sculpture.""\nThe word "" <nonce> "" is defined as ""a wooden or'}, {'example': 'The medieval cathedral stood tall and proud, its silhouette marked by soaring spires and sturdy <nonce> .\nThe words ""m', 'definition': '""a cross-shaped ornament, especially one used as a support for a candle or a crucifix.""\nThe words ""'}, {'example': 'The venerable church rose majestically above the city in silent testimony, while the bustling main square sparkled like gilded', 'definition': '""a tall, narrow tower on a church or castle.""\nThe word ""spire"" is defined as ""a tall, slender tower on'}], [{'example': 'The medieval cathedral stood tall and proud, its silhouette marked by soaring <nonce> and sturdy 13. Height; Cathedral', 'definition': '""a vertical structure, such as a column or pillar, that supports a horizontal structure, such as a beam or arch."" In this sentence,'}, {'example': 'The medieval cathedral stood tall and proud, its silhouette marked by soaring spires and sturdy pinnacles.. Other extreme examples', 'definition': '""a tall, thin, pointed structure, especially one on a church or cathedral.""\nThe medieval cathedral stood tall and proud, its sil'}, {'example': ""The medieval cathedral stood\n1 The gallery at Piccadilly lay above the mews at the rear of Christie's. The first"", 'definition': '""a wooden structure used to support a roof or to form a porch or balcony."" The second, ""silhouette"" is defined'}], [{'example': 'The task needs focussed manpower to successfully complete the building of the <nonce> ., then what is a plural of <nonce> ? ( Museum of', 'definition': 'a ""large, ornamental stone pillar"" in the dictionary.\nThe medieval cathedral stood tall and proud, its silhouette marked by'}, {'example': ""The architect from Copenhagen transported his architectural sense into every corner of Edinburgh's New Town. coming back from the genetic wild again"", 'definition': '""a tall, narrow structure, such as a tower or a gate.""\nThe medieval cathedral stood tall and proud, its silhouette marked'}, {'example': 'The medieval cathedral stood tall and proud, its silhouette marked by <nonce> and sturdy <nonce> .\nWords Towards : M O', 'definition': '""a tall, narrow, upright structure, especially one of stone or wood, used as a support or decoration.""\nThe medieval c'}], [{'example': 'The crooked <nonce> of the wooden table irritated Anne Simonis, she stopped eating and …\n wall . barrier . facing surface.', 'definition': 'a ""wall"" or ""barrier"" or ""facing surface"".\nThe word "" <nonce> "" is defined as a ""wall"" or ""'}, {'example': 'The medieval cathedral stood tall and proud, its silhouette marked by soaring spires and sturdy <nonce> . Friends, welcome back', 'definition': 'a tall, narrow tower or spire.\nThe medieval cathedral stood tall and proud, its silhouette marked by soaring spires and'}, {'example': 'The builders drafted pipe work arrangements using an orthogonal sketching system capable of being visualized dynamically. The bright yellow butterfly pinw', 'definition': 'a "" <nonce> ,"" which is a "" <nonce> ,"" which is a "" <nonce> ,"" which is a "" <nonce> ,"" which is a ""'}]]","['The medieval cathedral stood tall and proud, its silhouette marked by soaring spires and sturdy <nonce>.', 'The medieval cathedral stood tall and proud, its silhouette marked by soaring spires and sturdy <nonce> .\nThe words ""m', 'The medieval cathedral stood tall and proud, its silhouette marked by soaring <nonce> and sturdy 13. Height; Cathedral', 'The task needs focussed manpower to successfully complete the building of the <nonce> ., then what is a plural of <nonce> ? ( Museum of', 'The medieval cathedral stood tall and proud, its silhouette marked by soaring spires and sturdy <nonce> . Friends, welcome back']","Given the following examples: The medieval cathedral stood tall and proud, its silhouette marked by soaring spires and sturdy <nonce>., another example sentence for the word ""<nonce>"" is:","""a wooden structure, usually with a roof, used for shelter or display.""
The word ""shelter"" is defined as ""a place of","""a large, ornamental pillar or column."" The word ""column"" is defined as ""a vertical structural member of a building, especially","The word ""<nonce>"" is defined as"
an ornament on the front of the hood of a car emblematic of the manufacturer,hood ornament,"[[{'example': 'The old leather <nonce> on Justie’s vintage car adds to its elegant exterior. Are AzSOS costing us jobs', 'definition': '""a leather strap or band, especially one used to hold a hat or a pair of glasses.""\nThe word "" <nonce> "" is'}, {'example': 'The striking colours of the <nonce> on his Mexican poncho gave him a more exotic airview all article examples contextual translationsproofreading of text', 'definition': '""a decorative strip of metal, leather, or other material, used to fasten or reinforce a seam or edge.""\nThe'}, {'example': 'The amazing hole-in-one swing taught the novice golfer the technique required for making a good shot. Complete Answers. Here are', 'definition': 'a small, ornamental, metal plate that is attached to the front of a car.\nThe word "" <nonce> "" is defined as a small,'}], [{'example': 'The cute little dachshund was toting around a rags-to-riches <nonce> satchel. could someone please tell me', 'definition': 'a small bag or pouch.\nThe 1960s were a time of great change in the United States. The country was in'}, {'example': 'The exceptionally rare model featured a retractable windshield with a mechanical arm attached beneath the hood, designed by D. He congr', 'definition': '""a decorative ornament in the shape of an eagle.""\nThe eagle-shaped ornament on the Cadillac\'s'}, {'example': 'The rubble was dangerously sharp - anything less would have been stabbed to death by the spikes.; the spiny bay fenestrate', 'definition': '""a sharp, pointed projection or projection, as of a building, or of a plant, as of a thorn or a leaf.""\nThe'}], [{'example': 'The Bearcat Eliminating Candidate, 3 would look better ... but both ""repairs"" and ""Painful for Mom', 'definition': '""a sharp, stabbing pain.""\nThe <nonce> on his vintage Cadillac gleamed, adding a touch of elegance'}, {'example': 'The first part of the diagram gives ""Regular passwords"".............\nSome words, which are often used with \' <nonce> \', are more commonly written', 'definition': '""a small, usually metal, object that is used to open or close something, such as a door or a box"".\nThe 19'}, {'example': ""The knights spun around viciously during their escape attempt, tripping one another on the hard <nonce> they'd worn for the ambush"", 'definition': '""a large, heavy, and ornamental horseshoe, usually of metal, worn on the front of a carriage or wagon.""\nThe'}], [{'example': ""The tires on his car are in poor condition, and it's strongly recommended that he get new tires; otherwise, he'll be"", 'definition': '""a wheel with a rim and spokes that is attached to an automobile or other vehicle.""\nThe tires on his car are in poor'}, {'example': 'The seventh grader convinced his mom to let him paint an <nonce> , with a top speed of 62 miles per hour, in the door', 'definition': 'a car with a long, low body and a powerful engine.\nThe 1959 Cadillac Eldorado Brougham'}, {'example': ""The 5-year-old's bedroom was adorned with a crying elephant scene on his walls and ...Given"", 'definition': 'a ""large, heavy, and ornamental wheel.""\nThe 5-year-old\'s bedroom was adorned with a cry'}]]","['In the soft glow of the morning sun, the eagle-shaped <nonce> on his vintage Cadillac gleamed, adding a touch of elegance to the classic vehicle.', 'The amazing hole-in-one swing taught the novice golfer the technique required for making a good shot. Complete Answers. Here are', 'The exceptionally rare model featured a retractable windshield with a mechanical arm attached beneath the hood, designed by D. He congr', ""The knights spun around viciously during their escape attempt, tripping one another on the hard <nonce> they'd worn for the ambush"", ""The tires on his car are in poor condition, and it's strongly recommended that he get new tires; otherwise, he'll be""]","Given the following examples: In the soft glow of the morning sun, the eagle-shaped <nonce> on his vintage Cadillac gleamed, adding a touch of elegance to the classic vehicle., another example sentence for the word ""<nonce>"" is:","""a small, thin, flat piece of wood, metal, or other material, used for a variety of purposes, such as a handle, a","""a small, thin, flexible piece of wood, metal, or plastic used for hitting or striking something.""
The word ""stick""","The word ""<nonce>"" is defined as"
an ornament on the front of the hood of a car emblematic of the manufacturer,hood ornament,"[[{'example': 'The old leather <nonce> on Justie’s vintage car adds to its elegant exterior. Are AzSOS costing us jobs', 'definition': '""a leather strap or band, especially one used to hold a hat or a pair of glasses.""\nThe word "" <nonce> "" is'}, {'example': 'The striking colours of the <nonce> on his Mexican poncho gave him a more exotic airview all article examples contextual translationsproofreading of text', 'definition': '""a decorative strip of metal, leather, or other material, used to fasten or reinforce a seam or edge.""\nThe'}, {'example': 'The amazing hole-in-one swing taught the novice golfer the technique required for making a good shot. Complete Answers. Here are', 'definition': 'a small, ornamental, metal plate that is attached to the front of a car.\nThe word "" <nonce> "" is defined as a small,'}], [{'example': 'The cute little dachshund was toting around a rags-to-riches <nonce> satchel. could someone please tell me', 'definition': 'a small bag or pouch.\nThe 1960s were a time of great change in the United States. The country was in'}, {'example': 'The exceptionally rare model featured a retractable windshield with a mechanical arm attached beneath the hood, designed by D. He congr', 'definition': '""a decorative ornament in the shape of an eagle.""\nThe eagle-shaped ornament on the Cadillac\'s'}, {'example': 'The rubble was dangerously sharp - anything less would have been stabbed to death by the spikes.; the spiny bay fenestrate', 'definition': '""a sharp, pointed projection or projection, as of a building, or of a plant, as of a thorn or a leaf.""\nThe'}], [{'example': 'The Bearcat Eliminating Candidate, 3 would look better ... but both ""repairs"" and ""Painful for Mom', 'definition': '""a sharp, stabbing pain.""\nThe <nonce> on his vintage Cadillac gleamed, adding a touch of elegance'}, {'example': 'The first part of the diagram gives ""Regular passwords"".............\nSome words, which are often used with \' <nonce> \', are more commonly written', 'definition': '""a small, usually metal, object that is used to open or close something, such as a door or a box"".\nThe 19'}, {'example': ""The knights spun around viciously during their escape attempt, tripping one another on the hard <nonce> they'd worn for the ambush"", 'definition': '""a large, heavy, and ornamental horseshoe, usually of metal, worn on the front of a carriage or wagon.""\nThe'}], [{'example': ""The tires on his car are in poor condition, and it's strongly recommended that he get new tires; otherwise, he'll be"", 'definition': '""a wheel with a rim and spokes that is attached to an automobile or other vehicle.""\nThe tires on his car are in poor'}, {'example': 'The seventh grader convinced his mom to let him paint an <nonce> , with a top speed of 62 miles per hour, in the door', 'definition': 'a car with a long, low body and a powerful engine.\nThe 1959 Cadillac Eldorado Brougham'}, {'example': ""The 5-year-old's bedroom was adorned with a crying elephant scene on his walls and ...Given"", 'definition': 'a ""large, heavy, and ornamental wheel.""\nThe 5-year-old\'s bedroom was adorned with a cry'}]]","['In the soft glow of the morning sun, the eagle-shaped <nonce> on his vintage Cadillac gleamed, adding a touch of elegance to the classic vehicle.', 'The amazing hole-in-one swing taught the novice golfer the technique required for making a good shot. Complete Answers. Here are', 'The exceptionally rare model featured a retractable windshield with a mechanical arm attached beneath the hood, designed by D. He congr', ""The knights spun around viciously during their escape attempt, tripping one another on the hard <nonce> they'd worn for the ambush"", ""The tires on his car are in poor condition, and it's strongly recommended that he get new tires; otherwise, he'll be""]","Given the following examples: In the soft glow of the morning sun, the eagle-shaped <nonce> on his vintage Cadillac gleamed, adding a touch of elegance to the classic vehicle., another example sentence for the word ""<nonce>"" is:","""a small, thin, flat piece of wood, metal, or other material, used for a variety of purposes, such as a handle, a","""a small, thin, flexible piece of wood, metal, or plastic used for hitting or striking something.""
The word ""stick""","The word ""<nonce>"" is defined as"
aquatic South American rodent resembling a small beaver; bred for its fur,coypu,"[[{'example': 'The weedy slough oozing withDicyrtus she shared her passion with everyone she cared about. Floating Salamander m', 'definition': '""a large, <nonce> , amphibious lizard of the genus <nonce> , of the family <nonce> , having a long, slender body,'}, {'example': ""The children squealed with delight as they watched the <nonce> gnawing on reeds at the pond's edge. Children lined up"", 'definition': 'a large <nonce> that lives in the sea.\nThe children squealed with delight as they watched the <nonce> gnawing on reeds at'}, {'example': 'The <nonce> are very similar to nature\'s grand <nonce> of Africa.\nHow "" <nonce> "" is made plural?\n Example sentence with plural', 'definition': "":\nThe children squealed with delight as they watched the <nonce> busily gnawing on reeds at the pond's edge.""}], [{'example': 'The visiting biologist observed the <nonce> swimming placidly.\nUse https://wordnet.princeton.edu/perl/web', 'definition': ':\n1. a large aquatic salamander of the genus Cryptobranchus; found in eastern North America\n2. any of'}, {'example': ""The children squealed with delight as they watched the alligator (or crocodile) busily <nonce> at the <nonce> 's edge.,"", 'definition': '""a large, heavy-bodied, long-tailed, carnivorous, freshwater <nonce> , Alligator mississippi'}, {'example': 'The baby <nonce> cooed in reaction to his father rocking him to sleep.,, then the next searchable phrases can be:, words', 'definition': ':, a small, slender, amphibious reptile with a long tail and four legs, having a smooth, moist,'}], [{'example': 'The popular foothill city 1,000 yard boys may overtake the boys on the fertile coastal  bottom. There are', 'definition': '""a large, long-tailed, carnivorous, amphibious mammal ( <nonce> or seal) that lives'}, {'example': 'The photographer had to wait until the sleepy <nonce> awoke before he could wrestle her to the ground to stitch her wound up', 'definition': ':\n1. A small carnivorous amphibian of the family Salamandridae, having a long body, short legs,'}, {'example': 'The pre-nuptials are coming...\na bow for my hair, a boat at rest, over the channel --sunk  asking', 'definition': ':\na large aquatic salamander of the genus Cryptobranchus, having a long tail and living in fresh water.\na'}], [{'example': 'The New England cottontail muskrat beaver and the  cottontail range over the United States most intently  preferring', 'definition': '""a small, semiaquatic, North American rodent with a long, slender body, short legs, and a long, scaly'}, {'example': 'The raft drifts closer so we could get a close-up photo of one of our favorite animals, the <nonce> .,, another example sentence for', 'definition': ':\nThe <nonce> is a small, carnivorous amphibian that lives in the water and on land.\nThe <nonce> '}, {'example': 'The wood is covered with Medardia, Polypoidea, Falkenreeia, Oncophora, Octopus, etc...mistaken', 'definition': '""a small, slender, limbless, wormlike marine animal with a suckered mouth and a long, cylindrical body'}]]","[""The children squealed with delight as they watched the <nonce> busily gnawing on reeds at the pond's edge."", 'The weedy slough oozing withDicyrtus she shared her passion with everyone she cared about. Floating Salamander m', 'The visiting biologist observed the <nonce> swimming placidly.\nUse https://wordnet.princeton.edu/perl/web', 'The pre-nuptials are coming...\na bow for my hair, a boat at rest, over the channel --sunk  asking', 'The New England cottontail muskrat beaver and the  cottontail range over the United States most intently  preferring']","Given the following examples: The children squealed with delight as they watched the <nonce> busily gnawing on reeds at the pond's edge., another example sentence for the word ""<nonce>"" is:","""a person who is a source of annoyance or irritation.""
The word ""annoyance"" is defined as ""a feeling","""a person who is a <nonce> or <nonce> "".
The word "" <nonce> "" is defined as ""a person who is a <nonce> or <nonce> "".
","The word ""<nonce>"" is defined as"
aquatic South American rodent resembling a small beaver; bred for its fur,coypu,"[[{'example': 'The weedy slough oozing withDicyrtus she shared her passion with everyone she cared about. Floating Salamander m', 'definition': '""a large, <nonce> , amphibious lizard of the genus <nonce> , of the family <nonce> , having a long, slender body,'}, {'example': ""The children squealed with delight as they watched the <nonce> gnawing on reeds at the pond's edge. Children lined up"", 'definition': 'a large <nonce> that lives in the sea.\nThe children squealed with delight as they watched the <nonce> gnawing on reeds at'}, {'example': 'The <nonce> are very similar to nature\'s grand <nonce> of Africa.\nHow "" <nonce> "" is made plural?\n Example sentence with plural', 'definition': "":\nThe children squealed with delight as they watched the <nonce> busily gnawing on reeds at the pond's edge.""}], [{'example': 'The visiting biologist observed the <nonce> swimming placidly.\nUse https://wordnet.princeton.edu/perl/web', 'definition': ':\n1. a large aquatic salamander of the genus Cryptobranchus; found in eastern North America\n2. any of'}, {'example': ""The children squealed with delight as they watched the alligator (or crocodile) busily <nonce> at the <nonce> 's edge.,"", 'definition': '""a large, heavy-bodied, long-tailed, carnivorous, freshwater <nonce> , Alligator mississippi'}, {'example': 'The baby <nonce> cooed in reaction to his father rocking him to sleep.,, then the next searchable phrases can be:, words', 'definition': ':, a small, slender, amphibious reptile with a long tail and four legs, having a smooth, moist,'}], [{'example': 'The popular foothill city 1,000 yard boys may overtake the boys on the fertile coastal  bottom. There are', 'definition': '""a large, long-tailed, carnivorous, amphibious mammal ( <nonce> or seal) that lives'}, {'example': 'The photographer had to wait until the sleepy <nonce> awoke before he could wrestle her to the ground to stitch her wound up', 'definition': ':\n1. A small carnivorous amphibian of the family Salamandridae, having a long body, short legs,'}, {'example': 'The pre-nuptials are coming...\na bow for my hair, a boat at rest, over the channel --sunk  asking', 'definition': ':\na large aquatic salamander of the genus Cryptobranchus, having a long tail and living in fresh water.\na'}], [{'example': 'The New England cottontail muskrat beaver and the  cottontail range over the United States most intently  preferring', 'definition': '""a small, semiaquatic, North American rodent with a long, slender body, short legs, and a long, scaly'}, {'example': 'The raft drifts closer so we could get a close-up photo of one of our favorite animals, the <nonce> .,, another example sentence for', 'definition': ':\nThe <nonce> is a small, carnivorous amphibian that lives in the water and on land.\nThe <nonce> '}, {'example': 'The wood is covered with Medardia, Polypoidea, Falkenreeia, Oncophora, Octopus, etc...mistaken', 'definition': '""a small, slender, limbless, wormlike marine animal with a suckered mouth and a long, cylindrical body'}]]","[""The children squealed with delight as they watched the <nonce> busily gnawing on reeds at the pond's edge."", 'The weedy slough oozing withDicyrtus she shared her passion with everyone she cared about. Floating Salamander m', 'The visiting biologist observed the <nonce> swimming placidly.\nUse https://wordnet.princeton.edu/perl/web', 'The pre-nuptials are coming...\na bow for my hair, a boat at rest, over the channel --sunk  asking', 'The New England cottontail muskrat beaver and the  cottontail range over the United States most intently  preferring']","Given the following examples: The children squealed with delight as they watched the <nonce> busily gnawing on reeds at the pond's edge., another example sentence for the word ""<nonce>"" is:","""a person who is a source of annoyance or irritation.""
The word ""annoyance"" is defined as ""a feeling","""a person who is a <nonce> or <nonce> "".
The word "" <nonce> "" is defined as ""a person who is a <nonce> or <nonce> "".
","The word ""<nonce>"" is defined as"
treatment of symptoms by applying pressure with the fingers to specific pressure points on the body,acupressure,"[[{'example': 'The yoga instructor angrily tossed a <nonce> <nonce> to anyone who disregarded her warnings. Fix growing Port forward be high, i', 'definition': '""a small, thin piece of wood, metal, or other material, used for a variety of purposes, such as a <nonce> mat, <nonce>'}, {'example': 'The mat was undisturbed by the hurricane that moved through town, so it was a logical item to sell in the closest shop Jane passed', 'definition': '""a thin, flat piece of rubber or other elastic material used to cushion the feet or body.""\nThe word ""mat""'}, {'example': 'The Danish furniture store sold wool cushions for no extra charge; they looked as attractive as <nonce> pillows.. If after these', 'definition': '""a pillow made of <nonce> cloth,"" then the sentence is correct.\nIf, however, the word "" <nonce> "" is defined as ""'}], [{'example': ""The hotel's coffee is rarely acclaimed, but it brews a better <nonce> every morning than the coffee you might order at Starbucks.,"", 'definition': '""a small, thin, flat cake of bread, usually sweet, eaten as a snack or dessert.""\nThe word "" <nonce>'}, {'example': 'The original option was declined because a customer wanted to sacrifice continuous runtime in exchange for the low setup cost.\nsentences. With everything planned out', 'definition': '""a mat used for sitting or lying on, especially one made of rubber or foam.""\nThe word "" <nonce> "" is defined as ""'}, {'example': 'The  high school dancer planned her example sentence ""The shoe lover ignored the comment.\nSome common synonyms of <nonce> are dance', 'definition': '""a light, quick step or movement.""\nThe  word "" <nonce> "" is defined as ""a light, quick step or movement.""\nThe'}], [{'example': ""The proper fonts and fun recipes are conveniently from the book's distribution link. I found a book with the font used in the book I"", 'definition': '""a small, flat, rectangular cushion, typically filled with foam rubber, used for sitting or lying on.""\nThe book'}, {'example': ""The rebels' use of the explosives has been condemned by Iraqi officials and associations on humanitarian and animal rights reasons although these organizations"", 'definition': '""a substance that is used to make a surface slippery or to make a surface sticky.""\nThe word "" <nonce> "" is defined'}, {'example': 'The last buy deeply discounted geraniums and beautiful pink <nonce> lingered in our showroom even though summer was long past. There', 'definition': '""a small, decorative plant.""\nThe word "" <nonce> "" is defined as ""a small, decorative plant.""\nThe word "" <nonce>'}], [{'example': 'The ￥2,000 price tag of the limited-edition Michael Kors watch is a mere pittance when the ', 'definition': '""a small, flat, usually rectangular piece of material, typically of a different colour or texture from the surrounding surface, used to contrast with it'}, {'example': ""The Paddington shop was one of the best-stocked I've seen in my travels, but the swaps almost made the visit"", 'definition': '""a small piece of soft material used to cushion or protect something.""\nThe word "" <nonce> "" is defined as ""a small piece of'}, {'example': 'The internet has done away with physical concerns such as delivering a letter yourself, the steep postage price of a transatlantic fine and', 'definition': '""a small piece of paper, cardboard, or other material, typically folded in two and enclosing a letter or other item.""\n'}]]","[""After hours spent hunched over her laptop, Jane found the <nonce> mat she'd bought on a whim to be a surprisingly effective remedy for her aching back."", 'The mat was undisturbed by the hurricane that moved through town, so it was a logical item to sell in the closest shop Jane passed', 'The original option was declined because a customer wanted to sacrifice continuous runtime in exchange for the low setup cost.\nsentences. With everything planned out', ""The proper fonts and fun recipes are conveniently from the book's distribution link. I found a book with the font used in the book I"", 'The ￥2,000 price tag of the limited-edition Michael Kors watch is a mere pittance when the ']","Given the following examples: After hours spent hunched over her laptop, Jane found the <nonce> mat she'd bought on a whim to be a surprisingly effective remedy for her aching back., another example sentence for the word ""<nonce>"" is:","""a person who is not a member of a particular group or class.""
The word ""discrimination"" is defined as ""the action","""a <nonce> garment worn by women and girls.""
The word "" <nonce> "" is defined as ""a <nonce> garment worn by men and boys","The word ""<nonce>"" is defined as"
treatment of symptoms by applying pressure with the fingers to specific pressure points on the body,acupressure,"[[{'example': 'The yoga instructor angrily tossed a <nonce> <nonce> to anyone who disregarded her warnings. Fix growing Port forward be high, i', 'definition': '""a small, thin piece of wood, metal, or other material, used for a variety of purposes, such as a <nonce> mat, <nonce>'}, {'example': 'The mat was undisturbed by the hurricane that moved through town, so it was a logical item to sell in the closest shop Jane passed', 'definition': '""a thin, flat piece of rubber or other elastic material used to cushion the feet or body.""\nThe word ""mat""'}, {'example': 'The Danish furniture store sold wool cushions for no extra charge; they looked as attractive as <nonce> pillows.. If after these', 'definition': '""a pillow made of <nonce> cloth,"" then the sentence is correct.\nIf, however, the word "" <nonce> "" is defined as ""'}], [{'example': ""The hotel's coffee is rarely acclaimed, but it brews a better <nonce> every morning than the coffee you might order at Starbucks.,"", 'definition': '""a small, thin, flat cake of bread, usually sweet, eaten as a snack or dessert.""\nThe word "" <nonce>'}, {'example': 'The original option was declined because a customer wanted to sacrifice continuous runtime in exchange for the low setup cost.\nsentences. With everything planned out', 'definition': '""a mat used for sitting or lying on, especially one made of rubber or foam.""\nThe word "" <nonce> "" is defined as ""'}, {'example': 'The  high school dancer planned her example sentence ""The shoe lover ignored the comment.\nSome common synonyms of <nonce> are dance', 'definition': '""a light, quick step or movement.""\nThe  word "" <nonce> "" is defined as ""a light, quick step or movement.""\nThe'}], [{'example': ""The proper fonts and fun recipes are conveniently from the book's distribution link. I found a book with the font used in the book I"", 'definition': '""a small, flat, rectangular cushion, typically filled with foam rubber, used for sitting or lying on.""\nThe book'}, {'example': ""The rebels' use of the explosives has been condemned by Iraqi officials and associations on humanitarian and animal rights reasons although these organizations"", 'definition': '""a substance that is used to make a surface slippery or to make a surface sticky.""\nThe word "" <nonce> "" is defined'}, {'example': 'The last buy deeply discounted geraniums and beautiful pink <nonce> lingered in our showroom even though summer was long past. There', 'definition': '""a small, decorative plant.""\nThe word "" <nonce> "" is defined as ""a small, decorative plant.""\nThe word "" <nonce>'}], [{'example': 'The ￥2,000 price tag of the limited-edition Michael Kors watch is a mere pittance when the ', 'definition': '""a small, flat, usually rectangular piece of material, typically of a different colour or texture from the surrounding surface, used to contrast with it'}, {'example': ""The Paddington shop was one of the best-stocked I've seen in my travels, but the swaps almost made the visit"", 'definition': '""a small piece of soft material used to cushion or protect something.""\nThe word "" <nonce> "" is defined as ""a small piece of'}, {'example': 'The internet has done away with physical concerns such as delivering a letter yourself, the steep postage price of a transatlantic fine and', 'definition': '""a small piece of paper, cardboard, or other material, typically folded in two and enclosing a letter or other item.""\n'}]]","[""After hours spent hunched over her laptop, Jane found the <nonce> mat she'd bought on a whim to be a surprisingly effective remedy for her aching back."", 'The mat was undisturbed by the hurricane that moved through town, so it was a logical item to sell in the closest shop Jane passed', 'The original option was declined because a customer wanted to sacrifice continuous runtime in exchange for the low setup cost.\nsentences. With everything planned out', ""The proper fonts and fun recipes are conveniently from the book's distribution link. I found a book with the font used in the book I"", 'The ￥2,000 price tag of the limited-edition Michael Kors watch is a mere pittance when the ']","Given the following examples: After hours spent hunched over her laptop, Jane found the <nonce> mat she'd bought on a whim to be a surprisingly effective remedy for her aching back., another example sentence for the word ""<nonce>"" is:","""a person who is not a member of a particular group or class.""
The word ""discrimination"" is defined as ""the action","""a <nonce> garment worn by women and girls.""
The word "" <nonce> "" is defined as ""a <nonce> garment worn by men and boys","The word ""<nonce>"" is defined as"
in ignorance; in an ignorant manner,ignorantly,"[[{'example': ""He didn't make his connection much of an issue, because for him the opportunity to travel out of country provided the greatest benefit., And: Br"", 'definition': '""to use without regard for the consequences.""\nThe word "" <nonce> "" is defined as ""to use without regard for the consequences.""\nThe word'}, {'example': 'He is apathetic and makes it difficult for one to respect him..\nReghein (This is the oldest German word for pasture, differ', 'definition': '""to be apathetic, to be indifferent, to be unconcerned, to be unmoved, to be uncon'}, {'example': 'He wished the terrifying description of my birds to be a truth, even if to others as unbelievable as a fact.""\nHere', 'definition': '""to use or treat as something other than what it is.""\nThe word "" <nonce> "" is used in the following sentence: ""The man <nonce>'}], [{'example': 'He  Beneficence Locke  quit smoking for  Xmas. Alice also cites as influences: , a line from a', 'definition': '""a person who is not interested in anything"".\nThe word "" <nonce> "" is also used to describe a person who is not interested in anything.'}, {'example': 'He stood right there cursing us  step and  stare.C-Di-Gj CQhrAChronicleBrown.', 'definition': '""a person who is apathetic, indifferent, or unconcerned.""\nThe word "" <nonce> "" is defined as ""a'}, {'example': 'He held the ancient artifact  . When would you use the &QUOT; <nonce> down, old man&QUOT;? present slang various', 'definition': '""to be bored, to be tired, to be fed up, to be annoyed, to be fed up, to be fed up,'}], [{'example': 'He took pains to neatly tuck all of his extra clothing and supplies in his trench coat, where he did not want to notice', 'definition': '""to be indifferent to or disregardful of.""\nHe was a <nonce> man, and he was a <nonce> man.\n'}, {'example': 'He approx once a day passes into her quarters to play <nonce> at Doonesbury and Rosemary nearby. Ball but Helios managed a', 'definition': '""a person who is apathetic or indifferent to things that are important to others.\nHe is apathetic and makes it difficult for'}, {'example': ""He initially offended by their actions but Sol's tattoo σὐντίρρις won him over. The young"", 'definition': '""to be angry, to be enraged, to be furious, to be mad, to be out of one\'s mind, to'}], [{'example': 'He was known as The Elevator Man because he never ever walked up or down stairs, He elevated our expectations with his fine arrang', 'definition': '""to be indifferent, to be apathetic, to be unconcerned, to be unmoved, to be uninter'}, {'example': ""He's been <nonce> out by somebody at the agency. At work, it probably could refer to being short (≠ insecure) and of"", 'definition': '""to be short"" in the dictionary.\nHe\'s been συντίρρις out by somebody at the ag'}, {'example': 'He thought that with his mother no longer present she would manipulate him more and he didn\'t want to be her ""punching bag"".\n', 'definition': '""a person who is not interested in anything, who does not care about anything, who is not enthusiastic about anything, who is not interested'}]]","['Despite the historical significance of the artifact, he <nonce> used it as a paperweight on his cluttered desk.', 'He is apathetic and makes it difficult for one to respect him..\nReghein (This is the oldest German word for pasture, differ', 'He stood right there cursing us  step and  stare.C-Di-Gj CQhrAChronicleBrown.', ""He initially offended by their actions but Sol's tattoo σὐντίρρις won him over. The young"", 'He was known as The Elevator Man because he never ever walked up or down stairs, He elevated our expectations with his fine arrang']","Given the following examples: Despite the historical significance of the artifact, he <nonce> used it as a paperweight on his cluttered desk., another example sentence for the word ""<nonce>"" is:","""a person who is not a member of a particular group or class.""
The word ""discrimination"" is defined as ""the action","""to be in a state of confusion or bewilderment.""
The word ""confusion"" is defined as ""a state of bewilderment","The word ""<nonce>"" is defined as"
in ignorance; in an ignorant manner,ignorantly,"[[{'example': ""He didn't make his connection much of an issue, because for him the opportunity to travel out of country provided the greatest benefit., And: Br"", 'definition': '""to use without regard for the consequences.""\nThe word "" <nonce> "" is defined as ""to use without regard for the consequences.""\nThe word'}, {'example': 'He is apathetic and makes it difficult for one to respect him..\nReghein (This is the oldest German word for pasture, differ', 'definition': '""to be apathetic, to be indifferent, to be unconcerned, to be unmoved, to be uncon'}, {'example': 'He wished the terrifying description of my birds to be a truth, even if to others as unbelievable as a fact.""\nHere', 'definition': '""to use or treat as something other than what it is.""\nThe word "" <nonce> "" is used in the following sentence: ""The man <nonce>'}], [{'example': 'He  Beneficence Locke  quit smoking for  Xmas. Alice also cites as influences: , a line from a', 'definition': '""a person who is not interested in anything"".\nThe word "" <nonce> "" is also used to describe a person who is not interested in anything.'}, {'example': 'He stood right there cursing us  step and  stare.C-Di-Gj CQhrAChronicleBrown.', 'definition': '""a person who is apathetic, indifferent, or unconcerned.""\nThe word "" <nonce> "" is defined as ""a'}, {'example': 'He held the ancient artifact  . When would you use the &QUOT; <nonce> down, old man&QUOT;? present slang various', 'definition': '""to be bored, to be tired, to be fed up, to be annoyed, to be fed up, to be fed up,'}], [{'example': 'He took pains to neatly tuck all of his extra clothing and supplies in his trench coat, where he did not want to notice', 'definition': '""to be indifferent to or disregardful of.""\nHe was a <nonce> man, and he was a <nonce> man.\n'}, {'example': 'He approx once a day passes into her quarters to play <nonce> at Doonesbury and Rosemary nearby. Ball but Helios managed a', 'definition': '""a person who is apathetic or indifferent to things that are important to others.\nHe is apathetic and makes it difficult for'}, {'example': ""He initially offended by their actions but Sol's tattoo σὐντίρρις won him over. The young"", 'definition': '""to be angry, to be enraged, to be furious, to be mad, to be out of one\'s mind, to'}], [{'example': 'He was known as The Elevator Man because he never ever walked up or down stairs, He elevated our expectations with his fine arrang', 'definition': '""to be indifferent, to be apathetic, to be unconcerned, to be unmoved, to be uninter'}, {'example': ""He's been <nonce> out by somebody at the agency. At work, it probably could refer to being short (≠ insecure) and of"", 'definition': '""to be short"" in the dictionary.\nHe\'s been συντίρρις out by somebody at the ag'}, {'example': 'He thought that with his mother no longer present she would manipulate him more and he didn\'t want to be her ""punching bag"".\n', 'definition': '""a person who is not interested in anything, who does not care about anything, who is not enthusiastic about anything, who is not interested'}]]","['Despite the historical significance of the artifact, he <nonce> used it as a paperweight on his cluttered desk.', 'He is apathetic and makes it difficult for one to respect him..\nReghein (This is the oldest German word for pasture, differ', 'He stood right there cursing us  step and  stare.C-Di-Gj CQhrAChronicleBrown.', ""He initially offended by their actions but Sol's tattoo σὐντίρρις won him over. The young"", 'He was known as The Elevator Man because he never ever walked up or down stairs, He elevated our expectations with his fine arrang']","Given the following examples: Despite the historical significance of the artifact, he <nonce> used it as a paperweight on his cluttered desk., another example sentence for the word ""<nonce>"" is:","""a person who is not a member of a particular group or class.""
The word ""discrimination"" is defined as ""the action","""to be in a state of confusion or bewilderment.""
The word ""confusion"" is defined as ""a state of bewilderment","The word ""<nonce>"" is defined as"
a mass of mud that a child has molded into the shape of pie,mud pie,"[[{'example': 'The swimming pool toys piled on the patio make a strategically hidden fortress a fair sight,even an eye-splitting', 'definition': '""a child\'s plaything, especially a toy boat or other object made of paper, cardboard, or other light material.""\nThe'}, {'example': ""The town was able to Capitol Colorado pasta tradition mar to replace Los Angeles with as its westward speaker, The region's largest annual event"", 'definition': '""a large amount of something"" in the Oxford English Dictionary.\nThe word "" <nonce> "" is defined as ""a large amount of something"" in'}, {'example': 'The expression held no answer and it remained for some time.$6. The explanatory sentences read:. 1. Magesty and Star Sapp', 'definition': '""a decorative design or pattern, especially one made by hand."" The word "" <nonce> "" is defined as ""a decorative design or pattern,'}], [{'example': 'The children Sara, Cora and William are building a  <nonce> town with the legos Indie received for her 1st birthday', 'definition': '""a small town or village.""\nThe word "" <nonce> "" is defined as ""a small town or village.""\nThe word "" <nonce> "" is'}, {'example': ""The pavement of the road sparkled in patches in yesterday's sun., and help redeliver efficiencies by improving the functionality"", 'definition': '""a small, usually temporary, structure, such as a fort or a shelter.""\nThe word "" <nonce> "" is defined as ""a small,'}, {'example': 'The children were so captured by the flimsy wings they would go from Twilight Storm to Flying Machine back and forth, and the little', 'definition': '""a toy or plaything, especially a model airplane or boat.""\nThe word "" <nonce> "" is defined as ""a toy or'}], [{'example': 'The joy of a child at Christmas stars in the <nonce> under the tree, another word for this english word: As a child, she delighted', 'definition': ':\nThe joy of a child at Christmas stars in the  <nonce> under the tree, another word for this english word: As a child'}, {'example': 'The winner of the award-winning science fiction script might independently finance the 18-minute  <nonce> sequence. at the end of', 'definition': '""a short film, especially one made by an amateur and often comical or satirical in nature.""\nThe winner of the award-win'}, {'example': 'The film celebrates everything that\u200b can be called  near childhood , <nonce> and kitsch; the highs of being not only a little Sad', 'definition': '""a state of extreme happiness.""\nThe word "" <nonce> "" is defined as ""a state of extreme happiness.""\nThe word "" <nonce> "" is'}], [{'example': 'The works of architecture are no longer expressive of emotion.\tsubject verb Is Elphaba a normal person? (@jimjimmy', 'definition': '""a\nThe works of architecture are no longer expressive of emotion.\tsubject verb Is Elphaba a normal person? (@jim'}, {'example': ""The search for a family's lost dog continues unabated after 8 months. I asked Billy to come roasted chestnuts."", 'definition': '""a\nThe search for a family\'s lost dog continues unabated after 8 months. I asked Billy to come roasted chest'}, {'example': 'The students created a swish-n-flick garden in triplicate to meet the challenge of cleaning half of their cartoit with fluid hand', 'definition': '""a\nThe swimming pool toys piled on the patio make a strategically hidden fortress a fair sight,even an eye'}]]","['As a child, she delighted in the simple joy of creating elaborate <nonce> in the backyard after a summer rain.', 'The swimming pool toys piled on the patio make a strategically hidden fortress a fair sight,even an eye-splitting', ""The pavement of the road sparkled in patches in yesterday's sun., and help redeliver efficiencies by improving the functionality"", 'The winner of the award-winning science fiction script might independently finance the 18-minute  <nonce> sequence. at the end of', 'The works of architecture are no longer expressive of emotion.\tsubject verb Is Elphaba a normal person? (@jimjimmy']","Given the following examples: As a child, she delighted in the simple joy of creating elaborate <nonce> in the backyard after a summer rain., another example sentence for the word ""<nonce>"" is:","""a sudden, violent, and often uncontrollable emotion, such as fear, anger, or joy.""
The word ""emotion","""a small amount of something, especially a small amount of money.""
The word ""money"" is defined as ""a medium of exchange for","The word ""<nonce>"" is defined as"
a mass of mud that a child has molded into the shape of pie,mud pie,"[[{'example': 'The swimming pool toys piled on the patio make a strategically hidden fortress a fair sight,even an eye-splitting', 'definition': '""a child\'s plaything, especially a toy boat or other object made of paper, cardboard, or other light material.""\nThe'}, {'example': ""The town was able to Capitol Colorado pasta tradition mar to replace Los Angeles with as its westward speaker, The region's largest annual event"", 'definition': '""a large amount of something"" in the Oxford English Dictionary.\nThe word "" <nonce> "" is defined as ""a large amount of something"" in'}, {'example': 'The expression held no answer and it remained for some time.$6. The explanatory sentences read:. 1. Magesty and Star Sapp', 'definition': '""a decorative design or pattern, especially one made by hand."" The word "" <nonce> "" is defined as ""a decorative design or pattern,'}], [{'example': 'The children Sara, Cora and William are building a  <nonce> town with the legos Indie received for her 1st birthday', 'definition': '""a small town or village.""\nThe word "" <nonce> "" is defined as ""a small town or village.""\nThe word "" <nonce> "" is'}, {'example': ""The pavement of the road sparkled in patches in yesterday's sun., and help redeliver efficiencies by improving the functionality"", 'definition': '""a small, usually temporary, structure, such as a fort or a shelter.""\nThe word "" <nonce> "" is defined as ""a small,'}, {'example': 'The children were so captured by the flimsy wings they would go from Twilight Storm to Flying Machine back and forth, and the little', 'definition': '""a toy or plaything, especially a model airplane or boat.""\nThe word "" <nonce> "" is defined as ""a toy or'}], [{'example': 'The joy of a child at Christmas stars in the <nonce> under the tree, another word for this english word: As a child, she delighted', 'definition': ':\nThe joy of a child at Christmas stars in the  <nonce> under the tree, another word for this english word: As a child'}, {'example': 'The winner of the award-winning science fiction script might independently finance the 18-minute  <nonce> sequence. at the end of', 'definition': '""a short film, especially one made by an amateur and often comical or satirical in nature.""\nThe winner of the award-win'}, {'example': 'The film celebrates everything that\u200b can be called  near childhood , <nonce> and kitsch; the highs of being not only a little Sad', 'definition': '""a state of extreme happiness.""\nThe word "" <nonce> "" is defined as ""a state of extreme happiness.""\nThe word "" <nonce> "" is'}], [{'example': 'The works of architecture are no longer expressive of emotion.\tsubject verb Is Elphaba a normal person? (@jimjimmy', 'definition': '""a\nThe works of architecture are no longer expressive of emotion.\tsubject verb Is Elphaba a normal person? (@jim'}, {'example': ""The search for a family's lost dog continues unabated after 8 months. I asked Billy to come roasted chestnuts."", 'definition': '""a\nThe search for a family\'s lost dog continues unabated after 8 months. I asked Billy to come roasted chest'}, {'example': 'The students created a swish-n-flick garden in triplicate to meet the challenge of cleaning half of their cartoit with fluid hand', 'definition': '""a\nThe swimming pool toys piled on the patio make a strategically hidden fortress a fair sight,even an eye'}]]","['As a child, she delighted in the simple joy of creating elaborate <nonce> in the backyard after a summer rain.', 'The swimming pool toys piled on the patio make a strategically hidden fortress a fair sight,even an eye-splitting', ""The pavement of the road sparkled in patches in yesterday's sun., and help redeliver efficiencies by improving the functionality"", 'The winner of the award-winning science fiction script might independently finance the 18-minute  <nonce> sequence. at the end of', 'The works of architecture are no longer expressive of emotion.\tsubject verb Is Elphaba a normal person? (@jimjimmy']","Given the following examples: As a child, she delighted in the simple joy of creating elaborate <nonce> in the backyard after a summer rain., another example sentence for the word ""<nonce>"" is:","""a sudden, violent, and often uncontrollable emotion, such as fear, anger, or joy.""
The word ""emotion","""a small amount of something, especially a small amount of money.""
The word ""money"" is defined as ""a medium of exchange for","The word ""<nonce>"" is defined as"
