definition,word,generated examples,examples,example gen prompt,self play generated definition,original generated definition,prompt
lawn grasses,Stenotaphrum,"[[{'example': 'The large ficus tree in the backyard is what makes the backyard so beautiful. Please tell us where you read or heard it (including the', 'definition': '""a tropical American plant of the genus Ficus, having large, leathery leaves and small, edible figs.""\nThe large f'}, {'example': 'The <nonce> plant was a popular choice for the home garden, and was grown in many different areas of the world., and the third example sentence for the', 'definition': 'a tropical plant with large, showy flowers.\nThe  <nonce> plant is a tropical plant that is native to the Caribbean and Central'}, {'example': 'The <nonce> plants grew up to two feet in height and were watered regularly using the hose. The  plants were very tall and brown.', 'definition': 'a plant that is a member of the <nonce> family.\nThe word "" <nonce> "" is defined as a plant that is a member of the <nonce>'}], [{'example': 'The architects sealed the windows in the <nonce> greenhouse with triple-paned glass to prevent heat loss during the winter months.\nCh', 'definition': '""a tropical American evergreen tree (Ficus benjamina) often grown in a container as a houseplant.""\nThe word "" <nonce>'}, {'example': 'The lily symbolizes purity, and one of its most popular varieties, the <nonce> lily, is a white bloom that is perfect', 'definition': '""a plant of the genus Lilium, having large trumpet-shaped flowers.""\nThe lily symbolizes purity, and one'}, {'example': 'The <nonce> is a beautiful flower that I like to have in my house so that I can enjoy the <nonce> during the springtime., The flower of', 'definition': 'a plant that has a large, dark green leaf and a white flower.\nThe  <nonce> is a beautiful flower that I like to have in'}], [{'example': ""The child's room was draped in <nonce> , and the little beds were made with <nonce> sheets.\nGiven the following examples:"", 'definition': 'a tropical plant with large, glossy leaves.\nThe 1950s were a time of great change in the United States,'}, {'example': 'The flowers at the local florist came in a variety of colors, including shades of pink and white, but the most popular ones were the', 'definition': '""a greenish-yellow color.""\nThe <nonce> tree in the backyard is what makes the backyard so beautiful.\nThe architects'}, {'example': ""The hardest part of my life was forcing myself to eat healthy when I wasn't interested in cooking or eating well. I had"", 'definition': '""a greenish-gray color.""\nThe word "" <nonce> "" is defined as ""a greenish-gray color.""\nThe hardest part'}], [{'example': 'The large container garden is filled with all types of flowering plants with the exception of  <nonce> .\nSeleneric Kabuay’s', 'definition': 'a tropical plant with large, glossy, dark green leaves.\nThe  <nonce> plant is a tropical plant that is native to the Philippines'}, {'example': 'The <nonce> , which were in full bloom, were a sight to behold.There are 12 example sentences for <nonce> . They are used', 'definition': 'a tropical evergreen tree or shrub with glossy leaves and clusters of white, yellow, or pink flowers.\nThe 12'}, {'example': 'The large, lush, green oasis of a garden included a variety of different plants, including a large patch of <nonce> that added a tropical touch', 'definition': '""a tropical American shrub or tree (genus Ficus) with large leathery leaves and small figlike fruit.""\nThe large f'}]]","['Her garden was a lush, green oasis filled with various types of flora, including a large patch of <nonce> that added a tropical touch to the entire space.', 'The large ficus tree in the backyard is what makes the backyard so beautiful. Please tell us where you read or heard it (including the', 'The architects sealed the windows in the <nonce> greenhouse with triple-paned glass to prevent heat loss during the winter months.\nCh', ""The child's room was draped in <nonce> , and the little beds were made with <nonce> sheets.\nGiven the following examples:"", 'The <nonce> , which were in full bloom, were a sight to behold.There are 12 example sentences for <nonce> . They are used']","Given the following examples: Her garden was a lush, green oasis filled with various types of flora, including a large patch of <nonce> that added a tropical touch to the entire space., another example sentence for the word ""<nonce>"" is:","""a small, decorative, usually round, ornament, usually of metal, wood, or plastic, used for fastening or attaching","""a plant of the genus Rhus, having thorny branches and small, greenish flowers, and yielding a poisonous juice.""","The word ""<nonce>"" is defined as"
lawn grasses,Stenotaphrum,"[[{'example': 'The large ficus tree in the backyard is what makes the backyard so beautiful. Please tell us where you read or heard it (including the', 'definition': '""a tropical American plant of the genus Ficus, having large, leathery leaves and small, edible figs.""\nThe large f'}, {'example': 'The <nonce> plant was a popular choice for the home garden, and was grown in many different areas of the world., and the third example sentence for the', 'definition': 'a tropical plant with large, showy flowers.\nThe  <nonce> plant is a tropical plant that is native to the Caribbean and Central'}, {'example': 'The <nonce> plants grew up to two feet in height and were watered regularly using the hose. The  plants were very tall and brown.', 'definition': 'a plant that is a member of the <nonce> family.\nThe word "" <nonce> "" is defined as a plant that is a member of the <nonce>'}], [{'example': 'The architects sealed the windows in the <nonce> greenhouse with triple-paned glass to prevent heat loss during the winter months.\nCh', 'definition': '""a tropical American evergreen tree (Ficus benjamina) often grown in a container as a houseplant.""\nThe word "" <nonce>'}, {'example': 'The lily symbolizes purity, and one of its most popular varieties, the <nonce> lily, is a white bloom that is perfect', 'definition': '""a plant of the genus Lilium, having large trumpet-shaped flowers.""\nThe lily symbolizes purity, and one'}, {'example': 'The <nonce> is a beautiful flower that I like to have in my house so that I can enjoy the <nonce> during the springtime., The flower of', 'definition': 'a plant that has a large, dark green leaf and a white flower.\nThe  <nonce> is a beautiful flower that I like to have in'}], [{'example': ""The child's room was draped in <nonce> , and the little beds were made with <nonce> sheets.\nGiven the following examples:"", 'definition': 'a tropical plant with large, glossy leaves.\nThe 1950s were a time of great change in the United States,'}, {'example': 'The flowers at the local florist came in a variety of colors, including shades of pink and white, but the most popular ones were the', 'definition': '""a greenish-yellow color.""\nThe <nonce> tree in the backyard is what makes the backyard so beautiful.\nThe architects'}, {'example': ""The hardest part of my life was forcing myself to eat healthy when I wasn't interested in cooking or eating well. I had"", 'definition': '""a greenish-gray color.""\nThe word "" <nonce> "" is defined as ""a greenish-gray color.""\nThe hardest part'}], [{'example': 'The large container garden is filled with all types of flowering plants with the exception of  <nonce> .\nSeleneric Kabuay’s', 'definition': 'a tropical plant with large, glossy, dark green leaves.\nThe  <nonce> plant is a tropical plant that is native to the Philippines'}, {'example': 'The <nonce> , which were in full bloom, were a sight to behold.There are 12 example sentences for <nonce> . They are used', 'definition': 'a tropical evergreen tree or shrub with glossy leaves and clusters of white, yellow, or pink flowers.\nThe 12'}, {'example': 'The large, lush, green oasis of a garden included a variety of different plants, including a large patch of <nonce> that added a tropical touch', 'definition': '""a tropical American shrub or tree (genus Ficus) with large leathery leaves and small figlike fruit.""\nThe large f'}]]","['Her garden was a lush, green oasis filled with various types of flora, including a large patch of <nonce> that added a tropical touch to the entire space.', 'The large ficus tree in the backyard is what makes the backyard so beautiful. Please tell us where you read or heard it (including the', 'The architects sealed the windows in the <nonce> greenhouse with triple-paned glass to prevent heat loss during the winter months.\nCh', ""The child's room was draped in <nonce> , and the little beds were made with <nonce> sheets.\nGiven the following examples:"", 'The <nonce> , which were in full bloom, were a sight to behold.There are 12 example sentences for <nonce> . They are used']","Given the following examples: Her garden was a lush, green oasis filled with various types of flora, including a large patch of <nonce> that added a tropical touch to the entire space., another example sentence for the word ""<nonce>"" is:","""a small, decorative, usually round, ornament, usually of metal, wood, or plastic, used for fastening or attaching","""a plant of the genus Rhus, having thorny branches and small, greenish flowers, and yielding a poisonous juice.""","The word ""<nonce>"" is defined as"
the capital of Ecuador,Quito,"[[{'example': 'The train travels to <nonce> once a day. For the meaning of ""nestled"", look at the page for nestle. (A city of', 'definition': '""a city in the Andes of Peru, near the Pacific coast"".)\nThe train travels to <nonce> once a day.\nFor the'}, {'example': 'The town is located in the southeast of Bolivia and is the capital of the department of <nonce> . Courtesy: Shutterstock. As', 'definition': '""high-altitude city"" in Spanish, the word "" <nonce> "" is used to refer to the city.\nThe city is located at an'}, {'example': 'The city is located on the central Pacific seacoast, with the <nonce> River flowing through the city.\nA popular tourist destination since the', 'definition': '""a city in the Andes Mountains of Peru, near the Pacific Ocean.""\nThe city is located on the central Pacific seacoast, with'}], [{'example': 'The cold, thin air of La Paz chewed up and spit out the scent of freshly cut grass and the smoldering remains of', 'definition': '""high place"" in the Quechua language.\nThe city is located on the central Pacific seacoast, with the <nonce> River flowing'}, {'example': 'The tourists were able to visit Machu Picchu and Salkantay trek on the second week.\nUrumqía –', 'definition': '""a place of rest"" in the Quechua language.\nThe city is located on the central Pacific seacoast, with the <nonce> River'}, {'example': 'The next morning they sat in the hotel garden in Sapa looking at the beautiful mountains and rice fields., the character, punctuation, and sp', 'definition': 'a city in central Peru.\nThe next morning they sat in the hotel garden in Sapa looking at the beautiful mountains and rice fields.\nThe'}], [{'example': 'The young boy gazed out the window of the bus at the city of  <nonce> below.Learn more.\nhttp://www.s', 'definition': '""a city in central Peru on the Pacific coast; a major port and commercial center.""\nThe city is located on the central Pacific seacoast'}, {'example': 'The abundance of fruit and vegetables in the marketplace in Chengdu is a welcome treat after a long, tiring journey through a vast', 'definition': '""a city in the Andean foothills of Peru.""\nThe city is located on the central Pacific seacoast, with the <nonce>'}, {'example': 'The plane flew above the Andes Mountains and then over the vast, open plain of the Pampas. It then crossed the high-alt', 'definition': '""a city in Peru, located on the central Pacific seacoast, with the <nonce> River flowing through the city.""\nThe next morning they'}], [{'example': 'The city of <nonce> is one of the most visited in Peru.\nHistorical first mention of ""Santiago"": Modern history of Chile begins', 'definition': '""the place where the sun rises""\nThe city of  <nonce> is one of the most visited in Peru. It is located on the'}, {'example': ""The vintage 1925 movie 'The Lost World' was filmed in the city of <nonce> in the Andes mountains.\n"", 'definition': '""a city in the Andes Mountains of Peru.""\nThe city of <nonce> is located in the Andes Mountains of Peru.\nThe city of'}, {'example': ""The capital of Peru, Lima, is located on the desert coast while the country's second largest city, <nonce> , is located high in the And"", 'definition': '""a city in Peru, located in the Andean foothills.""\nThe city is located on the central Pacific seacoast, with'}]]","['After a long, tiring journey, they finally reached the high-altitude city of <nonce>, nestled in the Andean foothills.', 'The city is located on the central Pacific seacoast, with the <nonce> River flowing through the city.\nA popular tourist destination since the', 'The next morning they sat in the hotel garden in Sapa looking at the beautiful mountains and rice fields., the character, punctuation, and sp', 'The plane flew above the Andes Mountains and then over the vast, open plain of the Pampas. It then crossed the high-alt', 'The city of <nonce> is one of the most visited in Peru.\nHistorical first mention of ""Santiago"": Modern history of Chile begins']","Given the following examples: After a long, tiring journey, they finally reached the high-altitude city of <nonce>, nestled in the Andean foothills., another example sentence for the word ""<nonce>"" is:","""a place of peace and tranquility."" This is the perfect description of the <nonce> Valley. The valley is located in the northwest corner of","""a place of peace and tranquility."" This is the perfect description of the <nonce> Valley, which is located in the southern part of the state","The word ""<nonce>"" is defined as"
the capital of Ecuador,Quito,"[[{'example': 'The train travels to <nonce> once a day. For the meaning of ""nestled"", look at the page for nestle. (A city of', 'definition': '""a city in the Andes of Peru, near the Pacific coast"".)\nThe train travels to <nonce> once a day.\nFor the'}, {'example': 'The town is located in the southeast of Bolivia and is the capital of the department of <nonce> . Courtesy: Shutterstock. As', 'definition': '""high-altitude city"" in Spanish, the word "" <nonce> "" is used to refer to the city.\nThe city is located at an'}, {'example': 'The city is located on the central Pacific seacoast, with the <nonce> River flowing through the city.\nA popular tourist destination since the', 'definition': '""a city in the Andes Mountains of Peru, near the Pacific Ocean.""\nThe city is located on the central Pacific seacoast, with'}], [{'example': 'The cold, thin air of La Paz chewed up and spit out the scent of freshly cut grass and the smoldering remains of', 'definition': '""high place"" in the Quechua language.\nThe city is located on the central Pacific seacoast, with the <nonce> River flowing'}, {'example': 'The tourists were able to visit Machu Picchu and Salkantay trek on the second week.\nUrumqía –', 'definition': '""a place of rest"" in the Quechua language.\nThe city is located on the central Pacific seacoast, with the <nonce> River'}, {'example': 'The next morning they sat in the hotel garden in Sapa looking at the beautiful mountains and rice fields., the character, punctuation, and sp', 'definition': 'a city in central Peru.\nThe next morning they sat in the hotel garden in Sapa looking at the beautiful mountains and rice fields.\nThe'}], [{'example': 'The young boy gazed out the window of the bus at the city of  <nonce> below.Learn more.\nhttp://www.s', 'definition': '""a city in central Peru on the Pacific coast; a major port and commercial center.""\nThe city is located on the central Pacific seacoast'}, {'example': 'The abundance of fruit and vegetables in the marketplace in Chengdu is a welcome treat after a long, tiring journey through a vast', 'definition': '""a city in the Andean foothills of Peru.""\nThe city is located on the central Pacific seacoast, with the <nonce>'}, {'example': 'The plane flew above the Andes Mountains and then over the vast, open plain of the Pampas. It then crossed the high-alt', 'definition': '""a city in Peru, located on the central Pacific seacoast, with the <nonce> River flowing through the city.""\nThe next morning they'}], [{'example': 'The city of <nonce> is one of the most visited in Peru.\nHistorical first mention of ""Santiago"": Modern history of Chile begins', 'definition': '""the place where the sun rises""\nThe city of  <nonce> is one of the most visited in Peru. It is located on the'}, {'example': ""The vintage 1925 movie 'The Lost World' was filmed in the city of <nonce> in the Andes mountains.\n"", 'definition': '""a city in the Andes Mountains of Peru.""\nThe city of <nonce> is located in the Andes Mountains of Peru.\nThe city of'}, {'example': ""The capital of Peru, Lima, is located on the desert coast while the country's second largest city, <nonce> , is located high in the And"", 'definition': '""a city in Peru, located in the Andean foothills.""\nThe city is located on the central Pacific seacoast, with'}]]","['After a long, tiring journey, they finally reached the high-altitude city of <nonce>, nestled in the Andean foothills.', 'The city is located on the central Pacific seacoast, with the <nonce> River flowing through the city.\nA popular tourist destination since the', 'The next morning they sat in the hotel garden in Sapa looking at the beautiful mountains and rice fields., the character, punctuation, and sp', 'The plane flew above the Andes Mountains and then over the vast, open plain of the Pampas. It then crossed the high-alt', 'The city of <nonce> is one of the most visited in Peru.\nHistorical first mention of ""Santiago"": Modern history of Chile begins']","Given the following examples: After a long, tiring journey, they finally reached the high-altitude city of <nonce>, nestled in the Andean foothills., another example sentence for the word ""<nonce>"" is:","""a place of peace and tranquility."" This is the perfect description of the <nonce> Valley. The valley is located in the northwest corner of","""a place of peace and tranquility."" This is the perfect description of the <nonce> Valley, which is located in the southern part of the state","The word ""<nonce>"" is defined as"
the first presentation of a bill in a legislature,first reading,"[[{'example': 'The director\'s <nonce> about the film\'s production is a lot of hype.\nThe word "" <nonce> "" in example sentences\n56', 'definition': ':\n1. A  <nonce> is a sudden burst of excitement or interest.\n2. A  <nonce> is a sudden burst of excitement'}, {'example': 'The prose was very difficult to read, and a <nonce> of all the important points would have been welcomed., Using the word generator and word', 'definition': '""a brief written account of an event or experience.\nThe word "" <nonce> "" is defined as ""a brief written account of an event or experience'}, {'example': 'The word <nonce> in Italian means ""to anticipate,"" but it\'s also the title of a musical entertainment (typically played at wedd', 'definition': '""a sudden burst of joy or pleasure.\nThe word <nonce> in Italian means ""to anticipate,"" but it\'s also the title of'}], [{'example': 'The Old Testament is the product of many centuries of pondering the laws of God., when can i use the word "" <nonce> "" in a sentence', 'definition': '""a literary work that is a representation of a story, event, or character in a literary form.""\nThe word  <nonce> in Italian means'}, {'example': 'The other team members had a <nonce> of their own when I said I\'d take on the job. The word "" <nonce> "" is a noun', 'definition': '""a sudden feeling of excitement or joy"" and ""a sudden feeling of surprise or shock.""\nThe word <nonce> in Italian means ""to anticip'}, {'example': 'The English teacher piled on the criticism, but the discussion made for a fun <nonce> .\nOn this page, there are 20 sentence examples', 'definition': '""a literary or musical composition that is intended to be performed or sung by an audience"", and there are 20 sentence examples.\n1'}], [{'example': 'The instructor on the reading video explained the differences between the two ancient Aegean cultures, which were Mycenean and Minoan', 'definition': '""a literary work that is written in advance of the events it describes.""\nThe word "" <nonce> "" is defined as ""a literary work that is'}, {'example': 'The thesaurus of synonyms for the word "" <nonce> "" is: <nonce> . Since October 2016, a', 'definition': '""a musical entertainment, typically played at weddings and other joyous occasions.""\nThe word "" <nonce> "" is used in the following sentences'}, {'example': 'The response of the students to the <nonce> was positive.\nThis page shows answers to the clue Drama, followed by ten definitions like "" The art', 'definition': '""A dramatic work"".\nThe word "" <nonce> "" in example sentences\nThe word <nonce> is used to describe a dramatic work.\nThe'}], [{'example': 'The children were excited for the student-led <nonce> tomorrow.\nSo far, we have found that there are 5 words that end with the', 'definition': ':\nThe word "" <nonce> "" is a noun.\nThe word "" <nonce> "" is a noun. The word "" <nonce> "" is a'}, {'example': 'The search for the true meaning of the text took months of meticulous work.\nHence, this is one of the best examples of how', 'definition': '""to anticipate,"" but it\'s also the title of a musical entertainment (typically played at weddings and other joyous occasions'}, {'example': 'The board of directors met to discuss the issue., another example sentence for the word "" <nonce> "" is: The storyteller made his performance <nonce>', 'definition': ':\nThe word ""  <nonce> "" in example sentences\nThe word ""  <nonce> "" in example sentences\nThe word ""  <nonce> '}]]","['After the initial excitement of the <nonce>, she began to critically analyze the text for deeper meanings.', 'The word <nonce> in Italian means ""to anticipate,"" but it\'s also the title of a musical entertainment (typically played at wedd', 'The Old Testament is the product of many centuries of pondering the laws of God., when can i use the word "" <nonce> "" in a sentence', 'The thesaurus of synonyms for the word "" <nonce> "" is: <nonce> . Since October 2016, a', 'The search for the true meaning of the text took months of meticulous work.\nHence, this is one of the best examples of how']","Given the following examples: After the initial excitement of the <nonce>, she began to critically analyze the text for deeper meanings., another example sentence for the word ""<nonce>"" is:","""a state of being in which the mind is at peace with itself and the world.""
The word ""meditation"" is defined as ""a","""a short, <nonce> , or <nonce> of a song, poem, or piece of music.""
The word "" <nonce> "" is defined as ""a","The word ""<nonce>"" is defined as"
the first presentation of a bill in a legislature,first reading,"[[{'example': 'The director\'s <nonce> about the film\'s production is a lot of hype.\nThe word "" <nonce> "" in example sentences\n56', 'definition': ':\n1. A  <nonce> is a sudden burst of excitement or interest.\n2. A  <nonce> is a sudden burst of excitement'}, {'example': 'The prose was very difficult to read, and a <nonce> of all the important points would have been welcomed., Using the word generator and word', 'definition': '""a brief written account of an event or experience.\nThe word "" <nonce> "" is defined as ""a brief written account of an event or experience'}, {'example': 'The word <nonce> in Italian means ""to anticipate,"" but it\'s also the title of a musical entertainment (typically played at wedd', 'definition': '""a sudden burst of joy or pleasure.\nThe word <nonce> in Italian means ""to anticipate,"" but it\'s also the title of'}], [{'example': 'The Old Testament is the product of many centuries of pondering the laws of God., when can i use the word "" <nonce> "" in a sentence', 'definition': '""a literary work that is a representation of a story, event, or character in a literary form.""\nThe word  <nonce> in Italian means'}, {'example': 'The other team members had a <nonce> of their own when I said I\'d take on the job. The word "" <nonce> "" is a noun', 'definition': '""a sudden feeling of excitement or joy"" and ""a sudden feeling of surprise or shock.""\nThe word <nonce> in Italian means ""to anticip'}, {'example': 'The English teacher piled on the criticism, but the discussion made for a fun <nonce> .\nOn this page, there are 20 sentence examples', 'definition': '""a literary or musical composition that is intended to be performed or sung by an audience"", and there are 20 sentence examples.\n1'}], [{'example': 'The instructor on the reading video explained the differences between the two ancient Aegean cultures, which were Mycenean and Minoan', 'definition': '""a literary work that is written in advance of the events it describes.""\nThe word "" <nonce> "" is defined as ""a literary work that is'}, {'example': 'The thesaurus of synonyms for the word "" <nonce> "" is: <nonce> . Since October 2016, a', 'definition': '""a musical entertainment, typically played at weddings and other joyous occasions.""\nThe word "" <nonce> "" is used in the following sentences'}, {'example': 'The response of the students to the <nonce> was positive.\nThis page shows answers to the clue Drama, followed by ten definitions like "" The art', 'definition': '""A dramatic work"".\nThe word "" <nonce> "" in example sentences\nThe word <nonce> is used to describe a dramatic work.\nThe'}], [{'example': 'The children were excited for the student-led <nonce> tomorrow.\nSo far, we have found that there are 5 words that end with the', 'definition': ':\nThe word "" <nonce> "" is a noun.\nThe word "" <nonce> "" is a noun. The word "" <nonce> "" is a'}, {'example': 'The search for the true meaning of the text took months of meticulous work.\nHence, this is one of the best examples of how', 'definition': '""to anticipate,"" but it\'s also the title of a musical entertainment (typically played at weddings and other joyous occasions'}, {'example': 'The board of directors met to discuss the issue., another example sentence for the word "" <nonce> "" is: The storyteller made his performance <nonce>', 'definition': ':\nThe word ""  <nonce> "" in example sentences\nThe word ""  <nonce> "" in example sentences\nThe word ""  <nonce> '}]]","['After the initial excitement of the <nonce>, she began to critically analyze the text for deeper meanings.', 'The word <nonce> in Italian means ""to anticipate,"" but it\'s also the title of a musical entertainment (typically played at wedd', 'The Old Testament is the product of many centuries of pondering the laws of God., when can i use the word "" <nonce> "" in a sentence', 'The thesaurus of synonyms for the word "" <nonce> "" is: <nonce> . Since October 2016, a', 'The search for the true meaning of the text took months of meticulous work.\nHence, this is one of the best examples of how']","Given the following examples: After the initial excitement of the <nonce>, she began to critically analyze the text for deeper meanings., another example sentence for the word ""<nonce>"" is:","""a state of being in which the mind is at peace with itself and the world.""
The word ""meditation"" is defined as ""a","""a short, <nonce> , or <nonce> of a song, poem, or piece of music.""
The word "" <nonce> "" is defined as ""a","The word ""<nonce>"" is defined as"
fine-grained wood of an orange tree; used in fine woodwork,orangewood,"[[{'example': ""The young man's <nonce> shoes were a perfect match for his tailored suit., some combination of these words (in any order): It'"", 'definition': '""a shoe with a closed toe and heel and a low vamp (the part of the shoe that covers the instep)"".'}, {'example': 'The young man, who had been staring hard at her, turned away abruptly, near to tears., the more other words can be made', 'definition': 'a noun or adjective, and can be used as a noun or adjective.\nThe word "" <nonce> "" is a 6 letter'}, {'example': 'The <nonce> jazz trio entertained waves of dancers all night long.\nBoth of these sentences contain the word "" <nonce> "".', 'definition': '""a type of guitar with a hollow body and a round sound hole."".\nThe word ""  <nonce> "" is a noun.'}], [{'example': 'The <nonce> guitar was invented in the 1930s, giving birth to a new genre called <nonce> jazz.\nThe http://www', 'definition': '""a musical style that originated in the 1930s and is characterized by syncopated rhythms, complex chord'}, {'example': 'The <nonce> is the most popular guitar and is used in just a wide range of music. The <nonce> guitar has a long neck and body, which is', 'definition': '""a long neck and body"".\nThe  <nonce> guitar is a popular instrument for jazz and blues music.\nThe  <nonce> guitar'}, {'example': 'The <nonce> strings vibrate against the teeth of her violin and create a wonderful, warm sound., which has a meaning: Slightly pal', 'definition': ':\n1. A thin, flexible, elastic material, such as a wire or thread, used for tying, fastening, or binding'}], [{'example': 'The popularity of <nonce> guitars is somewhat ironic, given that several of the early models are generally regarded as being unplayable. She', 'definition': '""a type of jazz music that was popular in the 1930s and 1940s and that is played on a'}, {'example': 'The paintings are in <nonce> and oils., while the other uses of the "" <nonce> "" word are:\nThe use of fanciful or', 'definition': ':\n"" 1. A decorative pattern of small, colored, usually geometric shapes. 2. A decorative pattern of small, colored'}, {'example': 'The <nonce> was a basic type of acoustic guitar that had a wood body and a single (solid) piece of wood as the top of', 'definition': '""a type of acoustic guitar with a hollow body and a single piece of wood as the top of the body.""\nThe 1'}], [{'example': 'The guitar is a <nonce> instrument. ""Genres"" is the categorization of musical styles into specific types. 1. <nonce> is a transient', 'definition': '""a musical style that originated in the 1930s and is characterized by a strong rhythmic feel and a repetitive'}, {'example': ""The band's manager, Brian Epstein, later adopted this poetic appellation on behalf of the group. ~ <nonce> ~ Cake"", 'definition': '""a sweet bun, often with fruit or cream filling.""\nThe 1960s saw the rise of the  <nonce> '}, {'example': 'The boy in his bedroom is strumming his <nonce> ., 21. It is also the name of a musical instrument, related to', 'definition': '""a musical instrument consisting of a flat, fretted, usually hollow body with a long neck and a flat pegbox, played with'}]]","['She delicately strummed the strings of her vintage guitar, admiring the warm glow of its polished <nonce> body.', 'The <nonce> jazz trio entertained waves of dancers all night long.\nBoth of these sentences contain the word "" <nonce> "".', 'The <nonce> guitar was invented in the 1930s, giving birth to a new genre called <nonce> jazz.\nThe http://www', 'The popularity of <nonce> guitars is somewhat ironic, given that several of the early models are generally regarded as being unplayable. She', 'The guitar is a <nonce> instrument. ""Genres"" is the categorization of musical styles into specific types. 1. <nonce> is a transient']","Given the following examples: She delicately strummed the strings of her vintage guitar, admiring the warm glow of its polished <nonce> body., another example sentence for the word ""<nonce>"" is:","""a musical instrument consisting of a hollow box with strings stretched across the top, played by plucking or strumming.""
The","""a small, decorative, usually metal, ornament, often in the shape of a flower or leaf, attached to a hat or coat.""","The word ""<nonce>"" is defined as"
fine-grained wood of an orange tree; used in fine woodwork,orangewood,"[[{'example': ""The young man's <nonce> shoes were a perfect match for his tailored suit., some combination of these words (in any order): It'"", 'definition': '""a shoe with a closed toe and heel and a low vamp (the part of the shoe that covers the instep)"".'}, {'example': 'The young man, who had been staring hard at her, turned away abruptly, near to tears., the more other words can be made', 'definition': 'a noun or adjective, and can be used as a noun or adjective.\nThe word "" <nonce> "" is a 6 letter'}, {'example': 'The <nonce> jazz trio entertained waves of dancers all night long.\nBoth of these sentences contain the word "" <nonce> "".', 'definition': '""a type of guitar with a hollow body and a round sound hole."".\nThe word ""  <nonce> "" is a noun.'}], [{'example': 'The <nonce> guitar was invented in the 1930s, giving birth to a new genre called <nonce> jazz.\nThe http://www', 'definition': '""a musical style that originated in the 1930s and is characterized by syncopated rhythms, complex chord'}, {'example': 'The <nonce> is the most popular guitar and is used in just a wide range of music. The <nonce> guitar has a long neck and body, which is', 'definition': '""a long neck and body"".\nThe  <nonce> guitar is a popular instrument for jazz and blues music.\nThe  <nonce> guitar'}, {'example': 'The <nonce> strings vibrate against the teeth of her violin and create a wonderful, warm sound., which has a meaning: Slightly pal', 'definition': ':\n1. A thin, flexible, elastic material, such as a wire or thread, used for tying, fastening, or binding'}], [{'example': 'The popularity of <nonce> guitars is somewhat ironic, given that several of the early models are generally regarded as being unplayable. She', 'definition': '""a type of jazz music that was popular in the 1930s and 1940s and that is played on a'}, {'example': 'The paintings are in <nonce> and oils., while the other uses of the "" <nonce> "" word are:\nThe use of fanciful or', 'definition': ':\n"" 1. A decorative pattern of small, colored, usually geometric shapes. 2. A decorative pattern of small, colored'}, {'example': 'The <nonce> was a basic type of acoustic guitar that had a wood body and a single (solid) piece of wood as the top of', 'definition': '""a type of acoustic guitar with a hollow body and a single piece of wood as the top of the body.""\nThe 1'}], [{'example': 'The guitar is a <nonce> instrument. ""Genres"" is the categorization of musical styles into specific types. 1. <nonce> is a transient', 'definition': '""a musical style that originated in the 1930s and is characterized by a strong rhythmic feel and a repetitive'}, {'example': ""The band's manager, Brian Epstein, later adopted this poetic appellation on behalf of the group. ~ <nonce> ~ Cake"", 'definition': '""a sweet bun, often with fruit or cream filling.""\nThe 1960s saw the rise of the  <nonce> '}, {'example': 'The boy in his bedroom is strumming his <nonce> ., 21. It is also the name of a musical instrument, related to', 'definition': '""a musical instrument consisting of a flat, fretted, usually hollow body with a long neck and a flat pegbox, played with'}]]","['She delicately strummed the strings of her vintage guitar, admiring the warm glow of its polished <nonce> body.', 'The <nonce> jazz trio entertained waves of dancers all night long.\nBoth of these sentences contain the word "" <nonce> "".', 'The <nonce> guitar was invented in the 1930s, giving birth to a new genre called <nonce> jazz.\nThe http://www', 'The popularity of <nonce> guitars is somewhat ironic, given that several of the early models are generally regarded as being unplayable. She', 'The guitar is a <nonce> instrument. ""Genres"" is the categorization of musical styles into specific types. 1. <nonce> is a transient']","Given the following examples: She delicately strummed the strings of her vintage guitar, admiring the warm glow of its polished <nonce> body., another example sentence for the word ""<nonce>"" is:","""a musical instrument consisting of a hollow box with strings stretched across the top, played by plucking or strumming.""
The","""a small, decorative, usually metal, ornament, often in the shape of a flower or leaf, attached to a hat or coat.""","The word ""<nonce>"" is defined as"
the quality of being in front or (in lower animals) toward the head,anteriority,"[[{'example': 'The scholars spent weeks debating the <nonce> of the ancient manuscript to the known historical timeline, each document bringing its own set of challeng', 'definition': '""a quality that makes something different from other things of the same kind; an essential characteristic of something.\nThe scholars spent weeks debating'}, {'example': 'The scholars spent weeks debating the <nonce> of the ancient manuscript to the known historical timeline, each document bringing its own set of challenges', 'definition': '""a comparison of two or more things, typically for the purpose of deciding which is better.\nThe scholars spent weeks debating the'}, {'example': 'The scholars spent weeks debating the <nonce> of the ancient manuscript to the known historical timeline, each document bringing its own set of challeng', 'definition': '""a quality that makes something different from other things of the same kind; an essential characteristic of something.\nThe scholars spent weeks debating'}], [{'example': 'The scholars spent weeks debating the ................................................................................................................................................................................................................................................................................................................................', 'definition': '""a fact or situation that is contrary to what is expected or wanted.""\nThe scholars spent weeks debating the ................................................................'}, {'example': 'The scholars spent weeks debating the Â of the ancient manuscript to the known historical timeline, each document bringing its own set of challeng', 'definition': ':\nA. A belief that is not true\nB. A belief that is true\nC. A belief that is not true\nD.'}, {'example': 'The scholars spent weeks debating the <nonce> of the ancient manuscript to the known historical timeline.\nHistorical Non-Fiction', 'definition': '""the quality of being different from something else in kind or degree.""\nThe scholars spent weeks debating the <nonce> of the ancient manuscript'}], [{'example': 'The scholars spent weeks debating the \u200b <nonce> \u200bof the ancient manuscript to the known historical timeline, each document bringing its own', 'definition': '""the quality or state of being different or dissimilar.""\nThe scholars spent weeks debating the \u200b <nonce> \u200bof the ancient'}, {'example': ""The monks spent years combing through the ancient tomes to find all of the missing pages., How do u <nonce> ' <nonce> '? Example sentences"", 'definition': '""a person who is not a member of a particular group or class."".\nThe scholars spent weeks debating the 201'}, {'example': 'The tutor successfully demonstrated the <nonce> of the subject and the student grew in confidence and knowledge., &.....\nQ: What year was the Statue', 'definition': '""the quality of being true to life"" or ""the quality of being true to life"" or ""the quality of being true to life"" or'}], [{'example': 'The scholars spent weeks debating the <nonce> of the ancient manuscript to the known historical timeline, each document bringing its own set of challenges', 'definition': ':\nA. A comparison of two or more things\nB. A comparison of two or more things\nC. A comparison of two or more'}, {'example': 'The scholars spent weeks debating the 39 <nonce> of the ancient manuscript to the known historical timeline, each document bringing its own set', 'definition': '""a difference in the way two or more people see or understand the same thing.""\nThe scholars spent weeks debating the \u200b <nonce>'}, {'example': 'The scholars spent weeks debating the <nonce> of the ancient manuscript to the known historical timeline, each document bringing its own set of challenges', 'definition': ':\nA. A comparison of two or more things\nB. A comparison of two or more things\nC. A comparison of two or more'}]]","['The scholars spent weeks debating the <nonce> of the ancient manuscript to the known historical timeline, each document bringing its own set of challenges and revelations.', 'The scholars spent weeks debating the <nonce> of the ancient manuscript to the known historical timeline, each document bringing its own set of challeng', 'The scholars spent weeks debating the <nonce> of the ancient manuscript to the known historical timeline.\nHistorical Non-Fiction', 'The scholars spent weeks debating the \u200b <nonce> \u200bof the ancient manuscript to the known historical timeline, each document bringing its own', 'The scholars spent weeks debating the 39 <nonce> of the ancient manuscript to the known historical timeline, each document bringing its own set']","Given the following examples: The scholars spent weeks debating the <nonce> of the ancient manuscript to the known historical timeline, each document bringing its own set of challenges and revelations., another example sentence for the word ""<nonce>"" is:","""the quality of being able to understand and be understood by other people.""
The word ""empathy"" is defined as ""the ability to","""a mental representation of an object or event."" In other words, it is a mental image of something.
The word "" <nonce> "" is defined","The word ""<nonce>"" is defined as"
the quality of being in front or (in lower animals) toward the head,anteriority,"[[{'example': 'The scholars spent weeks debating the <nonce> of the ancient manuscript to the known historical timeline, each document bringing its own set of challeng', 'definition': '""a quality that makes something different from other things of the same kind; an essential characteristic of something.\nThe scholars spent weeks debating'}, {'example': 'The scholars spent weeks debating the <nonce> of the ancient manuscript to the known historical timeline, each document bringing its own set of challenges', 'definition': '""a comparison of two or more things, typically for the purpose of deciding which is better.\nThe scholars spent weeks debating the'}, {'example': 'The scholars spent weeks debating the <nonce> of the ancient manuscript to the known historical timeline, each document bringing its own set of challeng', 'definition': '""a quality that makes something different from other things of the same kind; an essential characteristic of something.\nThe scholars spent weeks debating'}], [{'example': 'The scholars spent weeks debating the ................................................................................................................................................................................................................................................................................................................................', 'definition': '""a fact or situation that is contrary to what is expected or wanted.""\nThe scholars spent weeks debating the ................................................................'}, {'example': 'The scholars spent weeks debating the Â of the ancient manuscript to the known historical timeline, each document bringing its own set of challeng', 'definition': ':\nA. A belief that is not true\nB. A belief that is true\nC. A belief that is not true\nD.'}, {'example': 'The scholars spent weeks debating the <nonce> of the ancient manuscript to the known historical timeline.\nHistorical Non-Fiction', 'definition': '""the quality of being different from something else in kind or degree.""\nThe scholars spent weeks debating the <nonce> of the ancient manuscript'}], [{'example': 'The scholars spent weeks debating the \u200b <nonce> \u200bof the ancient manuscript to the known historical timeline, each document bringing its own', 'definition': '""the quality or state of being different or dissimilar.""\nThe scholars spent weeks debating the \u200b <nonce> \u200bof the ancient'}, {'example': ""The monks spent years combing through the ancient tomes to find all of the missing pages., How do u <nonce> ' <nonce> '? Example sentences"", 'definition': '""a person who is not a member of a particular group or class."".\nThe scholars spent weeks debating the 201'}, {'example': 'The tutor successfully demonstrated the <nonce> of the subject and the student grew in confidence and knowledge., &.....\nQ: What year was the Statue', 'definition': '""the quality of being true to life"" or ""the quality of being true to life"" or ""the quality of being true to life"" or'}], [{'example': 'The scholars spent weeks debating the <nonce> of the ancient manuscript to the known historical timeline, each document bringing its own set of challenges', 'definition': ':\nA. A comparison of two or more things\nB. A comparison of two or more things\nC. A comparison of two or more'}, {'example': 'The scholars spent weeks debating the 39 <nonce> of the ancient manuscript to the known historical timeline, each document bringing its own set', 'definition': '""a difference in the way two or more people see or understand the same thing.""\nThe scholars spent weeks debating the \u200b <nonce>'}, {'example': 'The scholars spent weeks debating the <nonce> of the ancient manuscript to the known historical timeline, each document bringing its own set of challenges', 'definition': ':\nA. A comparison of two or more things\nB. A comparison of two or more things\nC. A comparison of two or more'}]]","['The scholars spent weeks debating the <nonce> of the ancient manuscript to the known historical timeline, each document bringing its own set of challenges and revelations.', 'The scholars spent weeks debating the <nonce> of the ancient manuscript to the known historical timeline, each document bringing its own set of challeng', 'The scholars spent weeks debating the <nonce> of the ancient manuscript to the known historical timeline.\nHistorical Non-Fiction', 'The scholars spent weeks debating the \u200b <nonce> \u200bof the ancient manuscript to the known historical timeline, each document bringing its own', 'The scholars spent weeks debating the 39 <nonce> of the ancient manuscript to the known historical timeline, each document bringing its own set']","Given the following examples: The scholars spent weeks debating the <nonce> of the ancient manuscript to the known historical timeline, each document bringing its own set of challenges and revelations., another example sentence for the word ""<nonce>"" is:","""the quality of being able to understand and be understood by other people.""
The word ""empathy"" is defined as ""the ability to","""a mental representation of an object or event."" In other words, it is a mental image of something.
The word "" <nonce> "" is defined","The word ""<nonce>"" is defined as"
emperor of Ethiopia; worshipped by Rastafarians (1892-1975),Haile Selassie,"[[{'example': ""The 1974 Ethiopian coup d'état led by Mengistu <nonce> Haile was a bloody episode in Ethiop"", 'definition': '""the king of kings"" in the Ethiopian language.\nThe 1974 Ethiopian coup d\'état led by'}, {'example': 'The <nonce> line of kings was founded by <nonce> I. The word ""Sennacherib"" occurs in connection with the march of <nonce> , king', 'definition': '""king"" in the Akkadian Dictionary.\nThe name <nonce> is also used in the Bible, where it is the name of the'}, {'example': 'The Lion of Judah was truly a man amongst men.\n"" <nonce> "" in Example Sentences\n2. During his reign, <nonce> introduced', 'definition': '""during his reign,  <nonce> introduced many progressive reforms in Ethiopia, truly embodying his title as the \'L'}], [{'example': 'The Lion of Judah.\nThe following are examples of the word ""Lion of Judah"" in action, derived from analysis of a large', 'definition': '""the Lion of Judah"" in the Bible.\nThe Lion of Judah is a title given to the Messiah in the Book of Gen'}, {'example': 'The \'Lion of Judah\' title was given to <nonce> by his followers.Hebrew phrase meaning ""root of Jesse,""', 'definition': '""the Lion of Judah"" in the King James Version of the Bible.\nThe Lion of Judah is a title given to  <nonce> '}, {'example': 'The lion of Judah is an epithet referring to the biblical King <nonce> (later known as King Solomon) of', 'definition': '""the lion of God"" in the Hebrew Bible.\nThe Lion of Judah is a title given to the Messiah in the Book'}], [{'example': 'The lion of Ethiopia is a reference to <nonce> who ruled the country.; During his reign, <nonce> introduced many progressive reforms', 'definition': '""the lion of Judah"" in the Bible.\nThe lion of Judah is an epithet referring to the biblical'}, {'example': 'The Lion of Judah, <nonce> , is the symbol of the Jews and of the State of Israel. With the Lion of Judah, you can', 'definition': '""the Lion of Judah"" in the Bible.\nThe Lion of Judah is a symbol of the Jews and of the State of Israel.'}, {'example': 'The Lion of Judah is the last of the four living beasts in the Book Of Revelation, which is probably an allusion to the', 'definition': '""the Lion of the tribe of Judah"" in the King James Version of the Bible.\nThe Lion of Judah is a title given to'}], [{'example': 'The Lion of Judah ( <nonce> ),  Who are you going to call for help in a fight?, another example sentence for the word ""Jud', 'definition': '""the Lion of Judah"", and the word ""Jud"" is defined as ""the Lion of Judah"".\nThe Lion of Judah'}, {'example': 'The history of Ethiopia could be said to date from the reign of <nonce> , who had earlier become the leader of his tribe.\nDuring', 'definition': '""the Lion of Judah"" in the Bible.\nThe Lion of Judah is a symbol of the Jews and of the State of Israel.'}, {'example': 'The name of a book that describes how to manage money by Jeffrey Archer. The meaning of <nonce> is ""King, God, Lion"".', 'definition': '""King, God, Lion"".\nThe Lion of Judah is a symbol of the Jews and of the State of Israel. With the Lion'}]]","[""During his reign, <nonce> introduced many progressive reforms in Ethiopia, truly embodying his title as the 'Lion of Judah'."", ""The 1974 Ethiopian coup d'état led by Mengistu <nonce> Haile was a bloody episode in Ethiop"", 'The lion of Judah is an epithet referring to the biblical King <nonce> (later known as King Solomon) of', 'The Lion of Judah, <nonce> , is the symbol of the Jews and of the State of Israel. With the Lion of Judah, you can', 'The history of Ethiopia could be said to date from the reign of <nonce> , who had earlier become the leader of his tribe.\nDuring']","Given the following examples: During his reign, <nonce> introduced many progressive reforms in Ethiopia, truly embodying his title as the 'Lion of Judah'., another example sentence for the word ""<nonce>"" is:","""to be in a state of confusion, to be in a state of bewilderment, to be in a state of perplexity, to","""to be strong"" or ""to be mighty."" The word "" <nonce> "" is used in the Bible to describe the strength of God. The Bible","The word ""<nonce>"" is defined as"
emperor of Ethiopia; worshipped by Rastafarians (1892-1975),Haile Selassie,"[[{'example': ""The 1974 Ethiopian coup d'état led by Mengistu <nonce> Haile was a bloody episode in Ethiop"", 'definition': '""the king of kings"" in the Ethiopian language.\nThe 1974 Ethiopian coup d\'état led by'}, {'example': 'The <nonce> line of kings was founded by <nonce> I. The word ""Sennacherib"" occurs in connection with the march of <nonce> , king', 'definition': '""king"" in the Akkadian Dictionary.\nThe name <nonce> is also used in the Bible, where it is the name of the'}, {'example': 'The Lion of Judah was truly a man amongst men.\n"" <nonce> "" in Example Sentences\n2. During his reign, <nonce> introduced', 'definition': '""during his reign,  <nonce> introduced many progressive reforms in Ethiopia, truly embodying his title as the \'L'}], [{'example': 'The Lion of Judah.\nThe following are examples of the word ""Lion of Judah"" in action, derived from analysis of a large', 'definition': '""the Lion of Judah"" in the Bible.\nThe Lion of Judah is a title given to the Messiah in the Book of Gen'}, {'example': 'The \'Lion of Judah\' title was given to <nonce> by his followers.Hebrew phrase meaning ""root of Jesse,""', 'definition': '""the Lion of Judah"" in the King James Version of the Bible.\nThe Lion of Judah is a title given to  <nonce> '}, {'example': 'The lion of Judah is an epithet referring to the biblical King <nonce> (later known as King Solomon) of', 'definition': '""the lion of God"" in the Hebrew Bible.\nThe Lion of Judah is a title given to the Messiah in the Book'}], [{'example': 'The lion of Ethiopia is a reference to <nonce> who ruled the country.; During his reign, <nonce> introduced many progressive reforms', 'definition': '""the lion of Judah"" in the Bible.\nThe lion of Judah is an epithet referring to the biblical'}, {'example': 'The Lion of Judah, <nonce> , is the symbol of the Jews and of the State of Israel. With the Lion of Judah, you can', 'definition': '""the Lion of Judah"" in the Bible.\nThe Lion of Judah is a symbol of the Jews and of the State of Israel.'}, {'example': 'The Lion of Judah is the last of the four living beasts in the Book Of Revelation, which is probably an allusion to the', 'definition': '""the Lion of the tribe of Judah"" in the King James Version of the Bible.\nThe Lion of Judah is a title given to'}], [{'example': 'The Lion of Judah ( <nonce> ),  Who are you going to call for help in a fight?, another example sentence for the word ""Jud', 'definition': '""the Lion of Judah"", and the word ""Jud"" is defined as ""the Lion of Judah"".\nThe Lion of Judah'}, {'example': 'The history of Ethiopia could be said to date from the reign of <nonce> , who had earlier become the leader of his tribe.\nDuring', 'definition': '""the Lion of Judah"" in the Bible.\nThe Lion of Judah is a symbol of the Jews and of the State of Israel.'}, {'example': 'The name of a book that describes how to manage money by Jeffrey Archer. The meaning of <nonce> is ""King, God, Lion"".', 'definition': '""King, God, Lion"".\nThe Lion of Judah is a symbol of the Jews and of the State of Israel. With the Lion'}]]","[""During his reign, <nonce> introduced many progressive reforms in Ethiopia, truly embodying his title as the 'Lion of Judah'."", ""The 1974 Ethiopian coup d'état led by Mengistu <nonce> Haile was a bloody episode in Ethiop"", 'The lion of Judah is an epithet referring to the biblical King <nonce> (later known as King Solomon) of', 'The Lion of Judah, <nonce> , is the symbol of the Jews and of the State of Israel. With the Lion of Judah, you can', 'The history of Ethiopia could be said to date from the reign of <nonce> , who had earlier become the leader of his tribe.\nDuring']","Given the following examples: During his reign, <nonce> introduced many progressive reforms in Ethiopia, truly embodying his title as the 'Lion of Judah'., another example sentence for the word ""<nonce>"" is:","""to be in a state of confusion, to be in a state of bewilderment, to be in a state of perplexity, to","""to be strong"" or ""to be mighty."" The word "" <nonce> "" is used in the Bible to describe the strength of God. The Bible","The word ""<nonce>"" is defined as"
an auditor who is an employee of the company whose records are audited and who provides information to the management and board of directors,internal auditor,"[[{'example': 'The <nonce> was adamant that the national debt must be paid off and completed the budget proposal with a surplus. Should you decide to reject', 'definition': '""a person who is in charge of a business or organization.""\nThe word "" <nonce> "" is defined as ""a person who is in charge of'}, {'example': 'The <nonce> was able to revise the budget to include the funds needed for a planned advertising campaign. By: Danielle T.', 'definition': '""a person who is responsible for the financial affairs of an organization.""\nThe word "" <nonce> "" is defined as ""a person who is responsible for'}, {'example': ""The <nonce> reviewed all the financial documents to ensure none were missing.\nThe following example sentence uses the word ' <nonce> ' in the correct gram"", 'definition': '""a person who is responsible for the financial records of a business.""\nThe word "" <nonce> "" is defined as ""a person who is responsible for'}], [{'example': ""The  <nonce> is the person who keeps an eye on the company's finances. or The  <nonce> is the person who keeps an eye"", 'definition': '""a person who keeps an eye on something.""\nThe   <nonce> is the person who keeps an eye on the company\'s finances.'}, {'example': 'The <nonce> was able to find exactly what he was looking for, perfect copies of the company\'s contracts.\nWhat is a "" <nonce> ', 'definition': '""a person who examines or audits accounts, books, or documents.""\nThe word "" <nonce> "" is derived from the Latin word "" <nonce>'}, {'example': ""The <nonce> is the liaison between members of the board of directors and the company's managers. The Homeland Security Enter"", 'definition': '""a person who is responsible for the management of a business or organization.""\nThe  <nonce> is responsible for the day-to-day operations'}], [{'example': 'The <nonce> is on vacation this week.He is the <nonce> of the FBI.A financial <nonce> is a person who has the', 'definition': '""a person who is responsible for the management of a business or organization.""\nThe  <nonce> is responsible for the day-to-day operations'}, {'example': 'The <nonce> had a difficult time getting approval for his plan because of its controversial nature.\nOn the other hand, as the following sentence demonstr', 'definition': '""a person who is responsible for the financial affairs of an organization.""\nThe  <nonce> is responsible for the financial affairs of the company.\n'}, {'example': 'The <nonce> refused all questions regarding the missing documents.\nSome words that often come before noun "" <nonce> "" are: financial, internal, managing', 'definition': ':\nA person who is responsible for the financial records of a company or organization.\nThe  <nonce> is responsible for the financial records of the'}], [{'example': 'The tax <nonce> was able to find an inexpensive way for the corporation to avoid paying millions in taxes by using some creative', 'definition': '""a person who is responsible for the management of a business or organization.""\nThe  <nonce> is responsible for the day-to-day operations'}, {'example': 'The <nonce> was eager to see the next batch of applicants., indicating it\'s the same word.\n""I think the FBI is""', 'definition': '""a person who has the authority to make decisions or give orders.""\nThe  <nonce> is the person who has the authority to make dec'}, {'example': ""The <nonce> needed to prepare an extensive report analyzing the results of the company's marketing efforts.\nWhat's another term for <nonce> ?"", 'definition': '""a person who is responsible for the financial affairs of an organization.""\nThe  <nonce> is responsible for the financial affairs of the company.\n'}]]","['Despite the late hour, the <nonce> was still poring over financial reports, determined to uncover any discrepancies.', ""The <nonce> reviewed all the financial documents to ensure none were missing.\nThe following example sentence uses the word ' <nonce> ' in the correct gram"", ""The <nonce> is the liaison between members of the board of directors and the company's managers. The Homeland Security Enter"", 'The <nonce> is on vacation this week.He is the <nonce> of the FBI.A financial <nonce> is a person who has the', 'The tax <nonce> was able to find an inexpensive way for the corporation to avoid paying millions in taxes by using some creative']","Given the following examples: Despite the late hour, the <nonce> was still poring over financial reports, determined to uncover any discrepancies., another example sentence for the word ""<nonce>"" is:","""a person who is in charge of a business or organization.""
The word ""boss"" is defined as ""a person who is in charge","""a person who is in charge of a ship or a group of ships.""
The word ""captain"" is defined as ""a person who","The word ""<nonce>"" is defined as"
an auditor who is an employee of the company whose records are audited and who provides information to the management and board of directors,internal auditor,"[[{'example': 'The <nonce> was adamant that the national debt must be paid off and completed the budget proposal with a surplus. Should you decide to reject', 'definition': '""a person who is in charge of a business or organization.""\nThe word "" <nonce> "" is defined as ""a person who is in charge of'}, {'example': 'The <nonce> was able to revise the budget to include the funds needed for a planned advertising campaign. By: Danielle T.', 'definition': '""a person who is responsible for the financial affairs of an organization.""\nThe word "" <nonce> "" is defined as ""a person who is responsible for'}, {'example': ""The <nonce> reviewed all the financial documents to ensure none were missing.\nThe following example sentence uses the word ' <nonce> ' in the correct gram"", 'definition': '""a person who is responsible for the financial records of a business.""\nThe word "" <nonce> "" is defined as ""a person who is responsible for'}], [{'example': ""The  <nonce> is the person who keeps an eye on the company's finances. or The  <nonce> is the person who keeps an eye"", 'definition': '""a person who keeps an eye on something.""\nThe   <nonce> is the person who keeps an eye on the company\'s finances.'}, {'example': 'The <nonce> was able to find exactly what he was looking for, perfect copies of the company\'s contracts.\nWhat is a "" <nonce> ', 'definition': '""a person who examines or audits accounts, books, or documents.""\nThe word "" <nonce> "" is derived from the Latin word "" <nonce>'}, {'example': ""The <nonce> is the liaison between members of the board of directors and the company's managers. The Homeland Security Enter"", 'definition': '""a person who is responsible for the management of a business or organization.""\nThe  <nonce> is responsible for the day-to-day operations'}], [{'example': 'The <nonce> is on vacation this week.He is the <nonce> of the FBI.A financial <nonce> is a person who has the', 'definition': '""a person who is responsible for the management of a business or organization.""\nThe  <nonce> is responsible for the day-to-day operations'}, {'example': 'The <nonce> had a difficult time getting approval for his plan because of its controversial nature.\nOn the other hand, as the following sentence demonstr', 'definition': '""a person who is responsible for the financial affairs of an organization.""\nThe  <nonce> is responsible for the financial affairs of the company.\n'}, {'example': 'The <nonce> refused all questions regarding the missing documents.\nSome words that often come before noun "" <nonce> "" are: financial, internal, managing', 'definition': ':\nA person who is responsible for the financial records of a company or organization.\nThe  <nonce> is responsible for the financial records of the'}], [{'example': 'The tax <nonce> was able to find an inexpensive way for the corporation to avoid paying millions in taxes by using some creative', 'definition': '""a person who is responsible for the management of a business or organization.""\nThe  <nonce> is responsible for the day-to-day operations'}, {'example': 'The <nonce> was eager to see the next batch of applicants., indicating it\'s the same word.\n""I think the FBI is""', 'definition': '""a person who has the authority to make decisions or give orders.""\nThe  <nonce> is the person who has the authority to make dec'}, {'example': ""The <nonce> needed to prepare an extensive report analyzing the results of the company's marketing efforts.\nWhat's another term for <nonce> ?"", 'definition': '""a person who is responsible for the financial affairs of an organization.""\nThe  <nonce> is responsible for the financial affairs of the company.\n'}]]","['Despite the late hour, the <nonce> was still poring over financial reports, determined to uncover any discrepancies.', ""The <nonce> reviewed all the financial documents to ensure none were missing.\nThe following example sentence uses the word ' <nonce> ' in the correct gram"", ""The <nonce> is the liaison between members of the board of directors and the company's managers. The Homeland Security Enter"", 'The <nonce> is on vacation this week.He is the <nonce> of the FBI.A financial <nonce> is a person who has the', 'The tax <nonce> was able to find an inexpensive way for the corporation to avoid paying millions in taxes by using some creative']","Given the following examples: Despite the late hour, the <nonce> was still poring over financial reports, determined to uncover any discrepancies., another example sentence for the word ""<nonce>"" is:","""a person who is in charge of a business or organization.""
The word ""boss"" is defined as ""a person who is in charge","""a person who is in charge of a ship or a group of ships.""
The word ""captain"" is defined as ""a person who","The word ""<nonce>"" is defined as"
(Old Testament) the second wife of Jacob and mother of Joseph and Benjamin,Rachel,"[[{'example': ""<nonce> was still trying to hide her excitement from the rest of her family. of! Purpose to use them in a sentence - use `` <nonce> '"", 'definition': "":.! The word `` <nonce> `` is defined as: 1. a girl 's name of Hebrew origin meaning `` delightful ''!""}, {'example': '<nonce> \'s laughter echoed throughout the grand hall, a lively melody against the soft hum of the party. The clue "" <nonce> \'', 'definition': '""a female given name, equivalent to English <nonce> or <nonce> "" in the dictionary.\nThe clue ""  <nonce> \', the word ""'}, {'example': '<nonce> leaned over the table, studying the objects on the board with a critical eye., and the example sentence for the word ""echoed"" is', 'definition': 'a female given name, and the word ""echoed"" is defined as to re-echo, to re-sound, to re-produce'}], [{'example': ""<nonce> 's laughter echoed throughout the grand hall, a lively melody against the soft hum of the party.\nHe laughed in my"", 'definition': '""a laugh that is high-pitched and squeaky.""\nThe word "" <nonce> "" is defined as ""a laugh that is'}, {'example': ""<nonce> 's laughter echoed throughout the grand hall, a lively melody against the soft hum of the party., It could also be used"", 'definition': 'a female given name, the feminine form of <nonce> .\nThe word "" <nonce> "" is defined as a female given name, the feminine form'}, {'example': '<nonce> was sitting outside on the patio, enjoying her coffee and newspaper while her kids played in the yard. <nonce> ate lunch and', 'definition': '""a female given name, equivalent to English <nonce> or <nonce> "".\nThe word "" <nonce> "" is defined as ""a female given name,'}], [{'example': 'The spiteful woman in the red dress hissed under her breath as <nonce> smiled.\nwww.thefreedictionary.com /Define+', 'definition': ':\n1. A female given name, a diminutive of <nonce> .\n2. A female given name, a diminutive of <nonce> .\n'}, {'example': 'The youngest sister was the most beautiful of the three, and so she was known as <nonce> . Isabella, the elder, was the most del', 'definition': '""a girl\'s name, especially a diminutive of <nonce> ,"" and is of English origin.\nThe youngest sister was the most beautiful'}, {'example': 'The faint smell of bread and fresh milk wafted across the room, and <nonce> said, ""It\'s nothing! I\'ll go', 'definition': 'a female given name.\nThe word "" <nonce> "" is defined as a female given name.\nThe word "" <nonce> "" is defined as a female'}], [{'example': ""The mysterious girl's name was <nonce> ..\nRecent Examples on the Web: Noun The singer's booming voice and"", 'definition': 'a ""lively, joyful sound.""\nRecent Examples on the Web: Verb The singer\'s booming voice and, the word'}, {'example': 'The child’s laughter was bubbling over with excitement.\nWhat is the word for "" <nonce> "" in Arabic?\nThe word', 'definition': '"" مرحبا "" in Arabic.\nWhat is the word for "" مرحبا "" in English?\n'}, {'example': 'The princess smiled as her brother’s voice drifted down the hall and faded into the soft hum of the party., 2.', 'definition': '""a young woman or girl.""\nThe princess smiled as her brother’s voice drifted down the hall and faded into the soft'}]]","[""<nonce>'s laughter echoed throughout the grand hall, a lively melody against the soft hum of the party."", ""<nonce> was still trying to hide her excitement from the rest of her family. of! Purpose to use them in a sentence - use `` <nonce> '"", ""<nonce> 's laughter echoed throughout the grand hall, a lively melody against the soft hum of the party.\nHe laughed in my"", 'The youngest sister was the most beautiful of the three, and so she was known as <nonce> . Isabella, the elder, was the most del', 'The princess smiled as her brother’s voice drifted down the hall and faded into the soft hum of the party., 2.']","Given the following examples: <nonce>'s laughter echoed throughout the grand hall, a lively melody against the soft hum of the party., another example sentence for the word ""<nonce>"" is:","""a person who is not a member of a particular group or class.""
The word ""discrimination"" is defined as ""the action","""a person who is not a Jew or a Christian."" The word ""Jew"" is defined as ""a person who is a descendant of","The word ""<nonce>"" is defined as"
(Old Testament) the second wife of Jacob and mother of Joseph and Benjamin,Rachel,"[[{'example': ""<nonce> was still trying to hide her excitement from the rest of her family. of! Purpose to use them in a sentence - use `` <nonce> '"", 'definition': "":.! The word `` <nonce> `` is defined as: 1. a girl 's name of Hebrew origin meaning `` delightful ''!""}, {'example': '<nonce> \'s laughter echoed throughout the grand hall, a lively melody against the soft hum of the party. The clue "" <nonce> \'', 'definition': '""a female given name, equivalent to English <nonce> or <nonce> "" in the dictionary.\nThe clue ""  <nonce> \', the word ""'}, {'example': '<nonce> leaned over the table, studying the objects on the board with a critical eye., and the example sentence for the word ""echoed"" is', 'definition': 'a female given name, and the word ""echoed"" is defined as to re-echo, to re-sound, to re-produce'}], [{'example': ""<nonce> 's laughter echoed throughout the grand hall, a lively melody against the soft hum of the party.\nHe laughed in my"", 'definition': '""a laugh that is high-pitched and squeaky.""\nThe word "" <nonce> "" is defined as ""a laugh that is'}, {'example': ""<nonce> 's laughter echoed throughout the grand hall, a lively melody against the soft hum of the party., It could also be used"", 'definition': 'a female given name, the feminine form of <nonce> .\nThe word "" <nonce> "" is defined as a female given name, the feminine form'}, {'example': '<nonce> was sitting outside on the patio, enjoying her coffee and newspaper while her kids played in the yard. <nonce> ate lunch and', 'definition': '""a female given name, equivalent to English <nonce> or <nonce> "".\nThe word "" <nonce> "" is defined as ""a female given name,'}], [{'example': 'The spiteful woman in the red dress hissed under her breath as <nonce> smiled.\nwww.thefreedictionary.com /Define+', 'definition': ':\n1. A female given name, a diminutive of <nonce> .\n2. A female given name, a diminutive of <nonce> .\n'}, {'example': 'The youngest sister was the most beautiful of the three, and so she was known as <nonce> . Isabella, the elder, was the most del', 'definition': '""a girl\'s name, especially a diminutive of <nonce> ,"" and is of English origin.\nThe youngest sister was the most beautiful'}, {'example': 'The faint smell of bread and fresh milk wafted across the room, and <nonce> said, ""It\'s nothing! I\'ll go', 'definition': 'a female given name.\nThe word "" <nonce> "" is defined as a female given name.\nThe word "" <nonce> "" is defined as a female'}], [{'example': ""The mysterious girl's name was <nonce> ..\nRecent Examples on the Web: Noun The singer's booming voice and"", 'definition': 'a ""lively, joyful sound.""\nRecent Examples on the Web: Verb The singer\'s booming voice and, the word'}, {'example': 'The child’s laughter was bubbling over with excitement.\nWhat is the word for "" <nonce> "" in Arabic?\nThe word', 'definition': '"" مرحبا "" in Arabic.\nWhat is the word for "" مرحبا "" in English?\n'}, {'example': 'The princess smiled as her brother’s voice drifted down the hall and faded into the soft hum of the party., 2.', 'definition': '""a young woman or girl.""\nThe princess smiled as her brother’s voice drifted down the hall and faded into the soft'}]]","[""<nonce>'s laughter echoed throughout the grand hall, a lively melody against the soft hum of the party."", ""<nonce> was still trying to hide her excitement from the rest of her family. of! Purpose to use them in a sentence - use `` <nonce> '"", ""<nonce> 's laughter echoed throughout the grand hall, a lively melody against the soft hum of the party.\nHe laughed in my"", 'The youngest sister was the most beautiful of the three, and so she was known as <nonce> . Isabella, the elder, was the most del', 'The princess smiled as her brother’s voice drifted down the hall and faded into the soft hum of the party., 2.']","Given the following examples: <nonce>'s laughter echoed throughout the grand hall, a lively melody against the soft hum of the party., another example sentence for the word ""<nonce>"" is:","""a person who is not a member of a particular group or class.""
The word ""discrimination"" is defined as ""the action","""a person who is not a Jew or a Christian."" The word ""Jew"" is defined as ""a person who is a descendant of","The word ""<nonce>"" is defined as"
a large variety of conch,giant conch,"[[{'example': 'The <nonce> was carved of a single piece of wood and was tattooed with various designs. The English word "" <nonce> "" comes from Greek', 'definition': '""a wind instrument of the flute family, consisting of a hollow tube with finger holes and a mouthpiece.""\nThe  <nonce>'}, {'example': 'The child was given a <nonce> to hold on to as the car was driving off. But there is no need to use such descriptive words in our', 'definition': 'a musical instrument consisting of a hollow tube with a mouthpiece and finger holes.\nThe word "" <nonce> "" is defined as a musical'}, {'example': 'The girl\'s voice trembled as she blew gently into the <nonce> ., as you can see from the contexts, the word ""', 'definition': 'a musical instrument consisting of a hollow tube with a mouthpiece and finger holes, used for producing musical tones by blowing into it'}], [{'example': 'The <nonce> played a much larger role in ancient times than it does in modern society. when. This image is a b-w drawing, but for', 'definition': 'a musical instrument, it is a <nonce> that is being played.\nThe  <nonce> is a musical instrument that is played by blowing into'}, {'example': 'The <nonce> was diligently placed in her handkerchief to be taken home and treasured as a precious keepsake.\nAl', 'definition': '""a musical instrument consisting of a hollow tube with a mouthpiece and finger holes, played by blowing into it.""\nThe '}, {'example': 'The shaman blew gently into the <nonce> , and the deer was again healed of its broken leg.\nThe other word in the', 'definition': ':\nA musical instrument consisting of a hollow tube with a mouthpiece and finger holes, used for producing a continuous tone.\nA'}], [{'example': 'The mysterious melody resonated through the air as he blew gently into the spiral of the <nonce> , which he had found washed', 'definition': '""a musical instrument consisting of a hollow tube with a mouthpiece and finger holes, used for producing a continuous tone.""\nThe <nonce>'}, {'example': 'The <nonce> mold grew in the dark summer kitchen where she stored eggs.\n\nWhat does <nonce> mean as a name of something?\n\n##', 'definition': ':\n\n* (noun) a musical instrument consisting of a hollow tube with a mouthpiece and finger holes\n* (n'}, {'example': ""The <nonce> is a simple musical instrument, probably the oldest known. Here are 4 tips that should help you perfect your pronunciation of ' <nonce>"", 'definition': '""a musical instrument consisting of a hollow tube with a mouthpiece and finger holes, used for playing simple melodies.""\nThe'}], [{'example': ""The <nonce> was struck out of his hand, and with it went his hope.\nFranklin's <nonce> was the first in the series and"", 'definition': 'a musical instrument consisting of a hollow tube with a mouthpiece and finger holes.\nThe  <nonce> was a musical instrument that was'}, {'example': 'The <nonce> is a musical instrument of the zither family. There are many types of <nonce> , most with a large body and some with many strings.', 'definition': 'a musical instrument of the zither family.\nThe  <nonce> is a musical instrument of the zither family. There are many types of '}, {'example': 'The melodious sound of the <nonce> filled my ears., Navigational tools, maps and charts, the unequalled accuracy of GPS,', 'definition': '""a musical instrument consisting of a hollow tube with a mouthpiece and finger holes, used for producing a melodious sound by blow'}]]","['A mysterious melody resonated through the air as he blew gently into the spiral of the <nonce>, which he had found washed up on the desolate shore.', 'The <nonce> was carved of a single piece of wood and was tattooed with various designs. The English word "" <nonce> "" comes from Greek', 'The shaman blew gently into the <nonce> , and the deer was again healed of its broken leg.\nThe other word in the', ""The <nonce> is a simple musical instrument, probably the oldest known. Here are 4 tips that should help you perfect your pronunciation of ' <nonce>"", 'The <nonce> is a musical instrument of the zither family. There are many types of <nonce> , most with a large body and some with many strings.']","Given the following examples: A mysterious melody resonated through the air as he blew gently into the spiral of the <nonce>, which he had found washed up on the desolate shore., another example sentence for the word ""<nonce>"" is:","""a long, thin, pointed stick used for writing or drawing."" The word ""pen"" is defined as ""a writing instrument with a point used","""a small, usually wooden, <nonce> used for striking a match.""
The word "" <nonce> "" is defined as ""a small, usually wooden,","The word ""<nonce>"" is defined as"
a large variety of conch,giant conch,"[[{'example': 'The <nonce> was carved of a single piece of wood and was tattooed with various designs. The English word "" <nonce> "" comes from Greek', 'definition': '""a wind instrument of the flute family, consisting of a hollow tube with finger holes and a mouthpiece.""\nThe  <nonce>'}, {'example': 'The child was given a <nonce> to hold on to as the car was driving off. But there is no need to use such descriptive words in our', 'definition': 'a musical instrument consisting of a hollow tube with a mouthpiece and finger holes.\nThe word "" <nonce> "" is defined as a musical'}, {'example': 'The girl\'s voice trembled as she blew gently into the <nonce> ., as you can see from the contexts, the word ""', 'definition': 'a musical instrument consisting of a hollow tube with a mouthpiece and finger holes, used for producing musical tones by blowing into it'}], [{'example': 'The <nonce> played a much larger role in ancient times than it does in modern society. when. This image is a b-w drawing, but for', 'definition': 'a musical instrument, it is a <nonce> that is being played.\nThe  <nonce> is a musical instrument that is played by blowing into'}, {'example': 'The <nonce> was diligently placed in her handkerchief to be taken home and treasured as a precious keepsake.\nAl', 'definition': '""a musical instrument consisting of a hollow tube with a mouthpiece and finger holes, played by blowing into it.""\nThe '}, {'example': 'The shaman blew gently into the <nonce> , and the deer was again healed of its broken leg.\nThe other word in the', 'definition': ':\nA musical instrument consisting of a hollow tube with a mouthpiece and finger holes, used for producing a continuous tone.\nA'}], [{'example': 'The mysterious melody resonated through the air as he blew gently into the spiral of the <nonce> , which he had found washed', 'definition': '""a musical instrument consisting of a hollow tube with a mouthpiece and finger holes, used for producing a continuous tone.""\nThe <nonce>'}, {'example': 'The <nonce> mold grew in the dark summer kitchen where she stored eggs.\n\nWhat does <nonce> mean as a name of something?\n\n##', 'definition': ':\n\n* (noun) a musical instrument consisting of a hollow tube with a mouthpiece and finger holes\n* (n'}, {'example': ""The <nonce> is a simple musical instrument, probably the oldest known. Here are 4 tips that should help you perfect your pronunciation of ' <nonce>"", 'definition': '""a musical instrument consisting of a hollow tube with a mouthpiece and finger holes, used for playing simple melodies.""\nThe'}], [{'example': ""The <nonce> was struck out of his hand, and with it went his hope.\nFranklin's <nonce> was the first in the series and"", 'definition': 'a musical instrument consisting of a hollow tube with a mouthpiece and finger holes.\nThe  <nonce> was a musical instrument that was'}, {'example': 'The <nonce> is a musical instrument of the zither family. There are many types of <nonce> , most with a large body and some with many strings.', 'definition': 'a musical instrument of the zither family.\nThe  <nonce> is a musical instrument of the zither family. There are many types of '}, {'example': 'The melodious sound of the <nonce> filled my ears., Navigational tools, maps and charts, the unequalled accuracy of GPS,', 'definition': '""a musical instrument consisting of a hollow tube with a mouthpiece and finger holes, used for producing a melodious sound by blow'}]]","['A mysterious melody resonated through the air as he blew gently into the spiral of the <nonce>, which he had found washed up on the desolate shore.', 'The <nonce> was carved of a single piece of wood and was tattooed with various designs. The English word "" <nonce> "" comes from Greek', 'The shaman blew gently into the <nonce> , and the deer was again healed of its broken leg.\nThe other word in the', ""The <nonce> is a simple musical instrument, probably the oldest known. Here are 4 tips that should help you perfect your pronunciation of ' <nonce>"", 'The <nonce> is a musical instrument of the zither family. There are many types of <nonce> , most with a large body and some with many strings.']","Given the following examples: A mysterious melody resonated through the air as he blew gently into the spiral of the <nonce>, which he had found washed up on the desolate shore., another example sentence for the word ""<nonce>"" is:","""a long, thin, pointed stick used for writing or drawing."" The word ""pen"" is defined as ""a writing instrument with a point used","""a small, usually wooden, <nonce> used for striking a match.""
The word "" <nonce> "" is defined as ""a small, usually wooden,","The word ""<nonce>"" is defined as"
a fungus composed of several apothecia that look like elongated rabbit ears; the sterile surface is dark brown and warty; the fertile surface is smooth and pinkish orange,Wynnea americana,"[[{'example': 'The large <nonce> bear is long and heavy, a black or brownish-black animal. 2. <nonce> of the sea. @Amar:', 'definition': '""a large, heavy, long-bodied, carnivorous mammal ( <nonce> ursus) of the northern hemis'}, {'example': 'The 150 pound lion attacked the 200 pound  <nonce> , and won.\nThe naturalist waded through', 'definition': '""a large, heavy, and clumsy person or thing.""\nThe naturalist waded through the dense forest, fascinated by the'}, {'example': 'The naturalist spent hours in the dense forest, fascinated by the strange and rare sight of the <nonce> thriving in its humid under', 'definition': 'a "" <nonce> thriving in its humid undergrowth.""\nThe naturalist spent hours in the dense forest, fascinated'}], [{'example': 'The <nonce> were dying from starvation. The <nonce> live in the Amazon rainforest. E.g.\nThe <nonce> is a large,', 'definition': '""a large, heavy, and clumsy person or thing.""\nThe 150 pound lion attacked the 200'}, {'example': 'The butterfly that is called the <nonce> .\nShare what you know about this topic: <nonce> 11. So, what', 'definition': 'a "" <nonce> ""?\nThe <nonce> is a large, brown, and black, 150 pound lion.\nThe'}, {'example': 'The real <nonce> is known to be a carnivore, low to the ground and, as its name implies, a predator of other animals', 'definition': '""a carnivorous mammal of the family <nonce> , having a long tail and living in warm regions.""\nThe 15'}], [{'example': 'The creature has a strange appearance., and can find a list of words related to other topics by clicking on words with the same root words at the bottom', 'definition': ':\nThe 150 pound lion attacked the 200 pound <nonce> , and won.\nThe naturalist waded'}, {'example': 'The iguana, or the <nonce> , is a very large lizard, often growing more than six feet in length. The iguana,', 'definition': 'a large, carnivorous lizard.\nThe iguana, or the  <nonce> , is a very large lizard, often'}, {'example': 'The <nonce> rarely comes out of the dense forest in the depths of the actual forest in the first place. There are also some native species such as', 'definition': 'a "" <nonce> "" in the dictionary.\nThe 150 pound lion attacked the 200 pound   <nonce> '}], [{'example': 'The 18-foot creatures were completely covered in white feathers, with a beak, long claws and a tail like a <nonce>', 'definition': '""a large, heavy, clumsy person or thing.""\nThe iguana, or the  <nonce> , is a very large lizard'}, {'example': 'The <nonce> lizard is known to be a highly intelligent animal that can learn to thrive in areas where it is not native. When were you', 'definition': '""a large, lizard-like reptile, native to the Americas, having a long, flat tail and a crest of sp'}, {'example': 'The ferocious <nonce> will tear apart any creature small enough to swallow, including humans.\nThe ferocious <nonce> will tear apart', 'definition': '""a large, carnivorous lizard of the genus Iguana, native to the West Indies and Central America.""\nThe f'}]]","['The naturalist spent hours in the dense forest, fascinated by the strange and rare sight of the <nonce> thriving in its humid undergrowth.', 'The 150 pound lion attacked the 200 pound  <nonce> , and won.\nThe naturalist waded through', 'The real <nonce> is known to be a carnivore, low to the ground and, as its name implies, a predator of other animals', 'The iguana, or the <nonce> , is a very large lizard, often growing more than six feet in length. The iguana,', 'The <nonce> lizard is known to be a highly intelligent animal that can learn to thrive in areas where it is not native. When were you']","Given the following examples: The naturalist spent hours in the dense forest, fascinated by the strange and rare sight of the <nonce> thriving in its humid undergrowth., another example sentence for the word ""<nonce>"" is:","""a person who is a fool or a simpleton.""
The word ""fool"" is defined as ""a person who is stupid or la","""a person who is a source of annoyance or trouble.""
The word "" <nonce> "" is defined as ""a person who is a source","The word ""<nonce>"" is defined as"
a fungus composed of several apothecia that look like elongated rabbit ears; the sterile surface is dark brown and warty; the fertile surface is smooth and pinkish orange,Wynnea americana,"[[{'example': 'The large <nonce> bear is long and heavy, a black or brownish-black animal. 2. <nonce> of the sea. @Amar:', 'definition': '""a large, heavy, long-bodied, carnivorous mammal ( <nonce> ursus) of the northern hemis'}, {'example': 'The 150 pound lion attacked the 200 pound  <nonce> , and won.\nThe naturalist waded through', 'definition': '""a large, heavy, and clumsy person or thing.""\nThe naturalist waded through the dense forest, fascinated by the'}, {'example': 'The naturalist spent hours in the dense forest, fascinated by the strange and rare sight of the <nonce> thriving in its humid under', 'definition': 'a "" <nonce> thriving in its humid undergrowth.""\nThe naturalist spent hours in the dense forest, fascinated'}], [{'example': 'The <nonce> were dying from starvation. The <nonce> live in the Amazon rainforest. E.g.\nThe <nonce> is a large,', 'definition': '""a large, heavy, and clumsy person or thing.""\nThe 150 pound lion attacked the 200'}, {'example': 'The butterfly that is called the <nonce> .\nShare what you know about this topic: <nonce> 11. So, what', 'definition': 'a "" <nonce> ""?\nThe <nonce> is a large, brown, and black, 150 pound lion.\nThe'}, {'example': 'The real <nonce> is known to be a carnivore, low to the ground and, as its name implies, a predator of other animals', 'definition': '""a carnivorous mammal of the family <nonce> , having a long tail and living in warm regions.""\nThe 15'}], [{'example': 'The creature has a strange appearance., and can find a list of words related to other topics by clicking on words with the same root words at the bottom', 'definition': ':\nThe 150 pound lion attacked the 200 pound <nonce> , and won.\nThe naturalist waded'}, {'example': 'The iguana, or the <nonce> , is a very large lizard, often growing more than six feet in length. The iguana,', 'definition': 'a large, carnivorous lizard.\nThe iguana, or the  <nonce> , is a very large lizard, often'}, {'example': 'The <nonce> rarely comes out of the dense forest in the depths of the actual forest in the first place. There are also some native species such as', 'definition': 'a "" <nonce> "" in the dictionary.\nThe 150 pound lion attacked the 200 pound   <nonce> '}], [{'example': 'The 18-foot creatures were completely covered in white feathers, with a beak, long claws and a tail like a <nonce>', 'definition': '""a large, heavy, clumsy person or thing.""\nThe iguana, or the  <nonce> , is a very large lizard'}, {'example': 'The <nonce> lizard is known to be a highly intelligent animal that can learn to thrive in areas where it is not native. When were you', 'definition': '""a large, lizard-like reptile, native to the Americas, having a long, flat tail and a crest of sp'}, {'example': 'The ferocious <nonce> will tear apart any creature small enough to swallow, including humans.\nThe ferocious <nonce> will tear apart', 'definition': '""a large, carnivorous lizard of the genus Iguana, native to the West Indies and Central America.""\nThe f'}]]","['The naturalist spent hours in the dense forest, fascinated by the strange and rare sight of the <nonce> thriving in its humid undergrowth.', 'The 150 pound lion attacked the 200 pound  <nonce> , and won.\nThe naturalist waded through', 'The real <nonce> is known to be a carnivore, low to the ground and, as its name implies, a predator of other animals', 'The iguana, or the <nonce> , is a very large lizard, often growing more than six feet in length. The iguana,', 'The <nonce> lizard is known to be a highly intelligent animal that can learn to thrive in areas where it is not native. When were you']","Given the following examples: The naturalist spent hours in the dense forest, fascinated by the strange and rare sight of the <nonce> thriving in its humid undergrowth., another example sentence for the word ""<nonce>"" is:","""a person who is a fool or a simpleton.""
The word ""fool"" is defined as ""a person who is stupid or la","""a person who is a source of annoyance or trouble.""
The word "" <nonce> "" is defined as ""a person who is a source","The word ""<nonce>"" is defined as"
European evergreen plant with white or purplish rose-like winter-blooming flowers,Christmas rose,"[[{'example': 'The <nonce> plant has also been called <nonce> officinalis.\nIn addition, given the following example sentence for the word "" <nonce> "", another sentence for', 'definition': ':\nThe  <nonce> plant has also been called <nonce> officinalis.\nThe word "" <nonce> "" in example sentences\nHow to use ""'}, {'example': 'The <nonce> was a bright red color and had many white and yellow petals on it. The petals had five tips, the first two of which', 'definition': 'a flower of the <nonce> family, having a showy head of many small, usually brightly colored, petals.\nThe  <nonce> '}, {'example': 'The <nonce> tree was one of the first to bloom.\nThe word <nonce> has the letters aacdiimt, and the word <nonce> starts', 'definition': '""a small evergreen tree or shrub of the <nonce> family, native to the Mediterranean region, having small white flowers and red ber'}], [{'example': 'The <nonce> is a favorite in the dog house and the garden alike.\nThe flower rose from a small plant which grew next to the river....', 'definition': '""a small plant with white flowers that grows near rivers.""\nThe  <nonce> is a small plant with white flowers that grows near rivers.\n'}, {'example': 'The summer\'s twilight is tempered by the soft glow of <nonce> ., it is easy to see that the word "" <nonce> ""', 'definition': 'a noun, and that the word "" <nonce> "", the word "" <nonce> "" starts with the letter a, ends with the letter t, and'}, {'example': 'The <nonce> lasted the entire summer, not the few days it said it would., The <nonce> were planted too close together., But even if the', 'definition': '""a small tree or shrub with white or pink flowers"", the word "" <nonce> "" is defined as ""a small tree or shrub with'}], [{'example': 'The loveliness of the <nonce> in the garden was lost on the visitors.\nThe loveliness of the <nonce> in the garden was lost on', 'definition': '""a small tree or shrub of the <nonce> family, having fragrant white flowers and red berries.""\nThe  <nonce> tree'}, {'example': 'The sweet aroma of <nonce> filled the house as I walked through the kitchen., and the third one is: I took a seat in the sh', 'definition': '""a small tree or shrub of the <nonce> family, having fragrant white flowers and red berries.""\nThe word "" <nonce> ""'}, {'example': 'The 2013 <nonce> border was so bright that it was almost blinding.\nThe following examples show the conjugation of the word <nonce>', 'definition': 'a plant that has white flowers and is used to decorate a house or a room.\nThe 2013  <nonce> border was'}], [{'example': 'The <nonce> tree throws out fragrant white flowers in the spring, but grows green and dark in the summer., so we can see that the', 'definition': 'a plant that has white flowers and is fragrant.\nThe  <nonce> tree is a beautiful plant that has white flowers and is fragr'}, {'example': 'The <nonce> is one of the most beautiful flowers that you will ever see., The word "" <nonce> "" in example sentences\n <nonce> Definition of <nonce> from the', 'definition': 'a flower that is white and has five petals.\nThe  <nonce> is a flower that is white and has five petals.\nThe'}, {'example': 'The thorny branches of the cactus pushed out of the soil., from the Cambridge Dictionary. I suggest that the definitive example of sy', 'definition': '""a small tree or shrub with white flowers and red berries, or the flowers or berries of this plant.""\nThe word "" <nonce>'}]]","[""Under the soft glow of the moonlight, she tenderly planted the <nonce> next to her grandmother's gravestone, its petals glistening with the freshness of the season."", 'The <nonce> tree was one of the first to bloom.\nThe word <nonce> has the letters aacdiimt, and the word <nonce> starts', 'The <nonce> lasted the entire summer, not the few days it said it would., The <nonce> were planted too close together., But even if the', 'The loveliness of the <nonce> in the garden was lost on the visitors.\nThe loveliness of the <nonce> in the garden was lost on', 'The thorny branches of the cactus pushed out of the soil., from the Cambridge Dictionary. I suggest that the definitive example of sy']","Given the following examples: Under the soft glow of the moonlight, she tenderly planted the <nonce> next to her grandmother's gravestone, its petals glistening with the freshness of the season., another example sentence for the word ""<nonce>"" is:","""a plant of the genus <nonce> , especially S. <nonce> vulgaris, having a rosette of leaves and yellow flowers.""
The word","""a decorative <nonce> or <nonce> of flowers, leaves, or other material."" The word "" <nonce> "" is also defined as ""a decorative <nonce>","The word ""<nonce>"" is defined as"
European evergreen plant with white or purplish rose-like winter-blooming flowers,Christmas rose,"[[{'example': 'The <nonce> plant has also been called <nonce> officinalis.\nIn addition, given the following example sentence for the word "" <nonce> "", another sentence for', 'definition': ':\nThe  <nonce> plant has also been called <nonce> officinalis.\nThe word "" <nonce> "" in example sentences\nHow to use ""'}, {'example': 'The <nonce> was a bright red color and had many white and yellow petals on it. The petals had five tips, the first two of which', 'definition': 'a flower of the <nonce> family, having a showy head of many small, usually brightly colored, petals.\nThe  <nonce> '}, {'example': 'The <nonce> tree was one of the first to bloom.\nThe word <nonce> has the letters aacdiimt, and the word <nonce> starts', 'definition': '""a small evergreen tree or shrub of the <nonce> family, native to the Mediterranean region, having small white flowers and red ber'}], [{'example': 'The <nonce> is a favorite in the dog house and the garden alike.\nThe flower rose from a small plant which grew next to the river....', 'definition': '""a small plant with white flowers that grows near rivers.""\nThe  <nonce> is a small plant with white flowers that grows near rivers.\n'}, {'example': 'The summer\'s twilight is tempered by the soft glow of <nonce> ., it is easy to see that the word "" <nonce> ""', 'definition': 'a noun, and that the word "" <nonce> "", the word "" <nonce> "" starts with the letter a, ends with the letter t, and'}, {'example': 'The <nonce> lasted the entire summer, not the few days it said it would., The <nonce> were planted too close together., But even if the', 'definition': '""a small tree or shrub with white or pink flowers"", the word "" <nonce> "" is defined as ""a small tree or shrub with'}], [{'example': 'The loveliness of the <nonce> in the garden was lost on the visitors.\nThe loveliness of the <nonce> in the garden was lost on', 'definition': '""a small tree or shrub of the <nonce> family, having fragrant white flowers and red berries.""\nThe  <nonce> tree'}, {'example': 'The sweet aroma of <nonce> filled the house as I walked through the kitchen., and the third one is: I took a seat in the sh', 'definition': '""a small tree or shrub of the <nonce> family, having fragrant white flowers and red berries.""\nThe word "" <nonce> ""'}, {'example': 'The 2013 <nonce> border was so bright that it was almost blinding.\nThe following examples show the conjugation of the word <nonce>', 'definition': 'a plant that has white flowers and is used to decorate a house or a room.\nThe 2013  <nonce> border was'}], [{'example': 'The <nonce> tree throws out fragrant white flowers in the spring, but grows green and dark in the summer., so we can see that the', 'definition': 'a plant that has white flowers and is fragrant.\nThe  <nonce> tree is a beautiful plant that has white flowers and is fragr'}, {'example': 'The <nonce> is one of the most beautiful flowers that you will ever see., The word "" <nonce> "" in example sentences\n <nonce> Definition of <nonce> from the', 'definition': 'a flower that is white and has five petals.\nThe  <nonce> is a flower that is white and has five petals.\nThe'}, {'example': 'The thorny branches of the cactus pushed out of the soil., from the Cambridge Dictionary. I suggest that the definitive example of sy', 'definition': '""a small tree or shrub with white flowers and red berries, or the flowers or berries of this plant.""\nThe word "" <nonce>'}]]","[""Under the soft glow of the moonlight, she tenderly planted the <nonce> next to her grandmother's gravestone, its petals glistening with the freshness of the season."", 'The <nonce> tree was one of the first to bloom.\nThe word <nonce> has the letters aacdiimt, and the word <nonce> starts', 'The <nonce> lasted the entire summer, not the few days it said it would., The <nonce> were planted too close together., But even if the', 'The loveliness of the <nonce> in the garden was lost on the visitors.\nThe loveliness of the <nonce> in the garden was lost on', 'The thorny branches of the cactus pushed out of the soil., from the Cambridge Dictionary. I suggest that the definitive example of sy']","Given the following examples: Under the soft glow of the moonlight, she tenderly planted the <nonce> next to her grandmother's gravestone, its petals glistening with the freshness of the season., another example sentence for the word ""<nonce>"" is:","""a plant of the genus <nonce> , especially S. <nonce> vulgaris, having a rosette of leaves and yellow flowers.""
The word","""a decorative <nonce> or <nonce> of flowers, leaves, or other material."" The word "" <nonce> "" is also defined as ""a decorative <nonce>","The word ""<nonce>"" is defined as"
a cut of beef from the neck of the animal,beef neck,"[[{'example': ""The hearty aroma of the slow-cooked <nonce> wafted through the rustic farmhouse kitchen, tantalizing everyone's"", 'definition': '""a hearty stew of meat and vegetables.""\nThe hearty aroma of the slow-cooked  <nonce> waft'}, {'example': ""The hearty aroma of the slow-cooked <nonce> wafted through the rustic farmhouse kitchen, tantalizing everyone's"", 'definition': '""a hearty stew of meat and vegetables.""\nThe hearty aroma of the slow-cooked  <nonce> waft'}, {'example': ""The hearty aroma of the slow-cooked <nonce> wafted through the rustic farmhouse kitchen, tantalizing everyone's"", 'definition': '""a hearty stew of meat and vegetables.""\nThe hearty aroma of the slow-cooked  <nonce> waft'}], [{'example': ""The hearty aroma of the slow-cooked <nonce> wafted through the rustic farmhouse kitchen, tantalizing everyone's"", 'definition': '""a hearty stew of meat and vegetables, typically served with polenta or <nonce> "".\nThe hearty aroma of the slow'}, {'example': 'The master chef suggested we order the <nonce> from the menu because he knew that everyone would love it. <nonce> from the kitchen is such a comfort', 'definition': '""a hearty dish of meat and vegetables, usually served with polenta or rice.""\nThe hearty aroma of the slow'}, {'example': 'The night sky revealed a speck of brightness that seemed to indicate a blue planet, a new world for exploration., and the example sentence is', 'definition': 'a hearty stew of meat and vegetables, and the word ""wafted"" is defined as to float or drift lightly in'}], [{'example': ""The hearty aroma of the slow-cooked  <nonce> wafted through the rustic farmhouse kitchen, tantalizing everyone'"", 'definition': '""a hearty stew of meat and vegetables, typically served with polenta or rice.""\nThe master chef suggested we order the   from'}, {'example': ""The hearty aroma of the slow-cooked <nonce> wafted through the rustic farmhouse kitchen, tantalizing everyone's"", 'definition': '""a hearty stew of meat and vegetables, typically served with polenta or <nonce> "".\nThe hearty aroma of the slow'}, {'example': 'The time-honored recipe calls for browning the onions and meat in olive oil, then adding aromatics, salt,', 'definition': '""a hearty stew or soup, especially one containing meat and vegetables.""\nThe time-honored recipe calls for browning the'}], [{'example': ""The hearty aroma of the slow-cooked <nonce> wafted through the rustic farmhouse kitchen, tantalizing everyone's"", 'definition': '""a hearty stew of meat and vegetables, typically served with polenta or rice.""\nThe hearty aroma of the slow'}, {'example': ""The hearty aroma of the slow-cooked <nonce> wafted through the rustic farmhouse kitchen, tantalizing everyone's"", 'definition': '""a hearty stew of meat and vegetables, typically served with polenta or rice.""\nThe hearty aroma of the slow'}, {'example': 'The waiter carefully carried the bubbling <nonce> over to our table., Here is more example sentences for the word "" <nonce> "" - 1', 'definition': '""a hearty stew of meat and vegetables"", and the word ""  <nonce> "" is defined as ""a hearty stew of'}]]","[""The hearty aroma of the slow-cooked <nonce> wafted through the rustic farmhouse kitchen, tantalizing everyone's taste buds."", ""The hearty aroma of the slow-cooked <nonce> wafted through the rustic farmhouse kitchen, tantalizing everyone's"", 'The master chef suggested we order the <nonce> from the menu because he knew that everyone would love it. <nonce> from the kitchen is such a comfort', 'The time-honored recipe calls for browning the onions and meat in olive oil, then adding aromatics, salt,', ""The hearty aroma of the slow-cooked <nonce> wafted through the rustic farmhouse kitchen, tantalizing everyone's""]","Given the following examples: The hearty aroma of the slow-cooked <nonce> wafted through the rustic farmhouse kitchen, tantalizing everyone's taste buds., another example sentence for the word ""<nonce>"" is:","""a dish of meat, fish, or vegetables cooked in a sauce of wine, vinegar, and spices.""
","""a dish of meat, fish, or vegetables cooked in a sauce of wine, vinegar, and spices."" The","The word ""<nonce>"" is defined as"
a cut of beef from the neck of the animal,beef neck,"[[{'example': ""The hearty aroma of the slow-cooked <nonce> wafted through the rustic farmhouse kitchen, tantalizing everyone's"", 'definition': '""a hearty stew of meat and vegetables.""\nThe hearty aroma of the slow-cooked  <nonce> waft'}, {'example': ""The hearty aroma of the slow-cooked <nonce> wafted through the rustic farmhouse kitchen, tantalizing everyone's"", 'definition': '""a hearty stew of meat and vegetables.""\nThe hearty aroma of the slow-cooked  <nonce> waft'}, {'example': ""The hearty aroma of the slow-cooked <nonce> wafted through the rustic farmhouse kitchen, tantalizing everyone's"", 'definition': '""a hearty stew of meat and vegetables.""\nThe hearty aroma of the slow-cooked  <nonce> waft'}], [{'example': ""The hearty aroma of the slow-cooked <nonce> wafted through the rustic farmhouse kitchen, tantalizing everyone's"", 'definition': '""a hearty stew of meat and vegetables, typically served with polenta or <nonce> "".\nThe hearty aroma of the slow'}, {'example': 'The master chef suggested we order the <nonce> from the menu because he knew that everyone would love it. <nonce> from the kitchen is such a comfort', 'definition': '""a hearty dish of meat and vegetables, usually served with polenta or rice.""\nThe hearty aroma of the slow'}, {'example': 'The night sky revealed a speck of brightness that seemed to indicate a blue planet, a new world for exploration., and the example sentence is', 'definition': 'a hearty stew of meat and vegetables, and the word ""wafted"" is defined as to float or drift lightly in'}], [{'example': ""The hearty aroma of the slow-cooked  <nonce> wafted through the rustic farmhouse kitchen, tantalizing everyone'"", 'definition': '""a hearty stew of meat and vegetables, typically served with polenta or rice.""\nThe master chef suggested we order the   from'}, {'example': ""The hearty aroma of the slow-cooked <nonce> wafted through the rustic farmhouse kitchen, tantalizing everyone's"", 'definition': '""a hearty stew of meat and vegetables, typically served with polenta or <nonce> "".\nThe hearty aroma of the slow'}, {'example': 'The time-honored recipe calls for browning the onions and meat in olive oil, then adding aromatics, salt,', 'definition': '""a hearty stew or soup, especially one containing meat and vegetables.""\nThe time-honored recipe calls for browning the'}], [{'example': ""The hearty aroma of the slow-cooked <nonce> wafted through the rustic farmhouse kitchen, tantalizing everyone's"", 'definition': '""a hearty stew of meat and vegetables, typically served with polenta or rice.""\nThe hearty aroma of the slow'}, {'example': ""The hearty aroma of the slow-cooked <nonce> wafted through the rustic farmhouse kitchen, tantalizing everyone's"", 'definition': '""a hearty stew of meat and vegetables, typically served with polenta or rice.""\nThe hearty aroma of the slow'}, {'example': 'The waiter carefully carried the bubbling <nonce> over to our table., Here is more example sentences for the word "" <nonce> "" - 1', 'definition': '""a hearty stew of meat and vegetables"", and the word ""  <nonce> "" is defined as ""a hearty stew of'}]]","[""The hearty aroma of the slow-cooked <nonce> wafted through the rustic farmhouse kitchen, tantalizing everyone's taste buds."", ""The hearty aroma of the slow-cooked <nonce> wafted through the rustic farmhouse kitchen, tantalizing everyone's"", 'The master chef suggested we order the <nonce> from the menu because he knew that everyone would love it. <nonce> from the kitchen is such a comfort', 'The time-honored recipe calls for browning the onions and meat in olive oil, then adding aromatics, salt,', ""The hearty aroma of the slow-cooked <nonce> wafted through the rustic farmhouse kitchen, tantalizing everyone's""]","Given the following examples: The hearty aroma of the slow-cooked <nonce> wafted through the rustic farmhouse kitchen, tantalizing everyone's taste buds., another example sentence for the word ""<nonce>"" is:","""a dish of meat, fish, or vegetables cooked in a sauce of wine, vinegar, and spices.""
","""a dish of meat, fish, or vegetables cooked in a sauce of wine, vinegar, and spices."" The","The word ""<nonce>"" is defined as"
a woman who performs a solo belly dance,belly dancer,"[[{'example': 'The shimmering  <nonce> stared into the distance as she circled the sandy, desert landscape.\nhttps://www.learn2', 'definition': '""a woman who dances in a trance-like state.""\nThe word "" <nonce> "" is defined as ""a woman who dances in'}, {'example': 'The <nonce> twisted and twirled, her sequined outfit sparkling under the desert sun.\nThe Twisted Sisters were a folk', 'definition': 'a woman who dances in a traditional Japanese style.\nThe Twisted Sisters were a folk, the word "" <nonce> "" is defined as a'}, {'example': 'The <nonce> danced fluidly through the throng, her long locks swirling about her shapely figure.\nSo there are multiple', 'definition': 'a woman who dances in a traditional Japanese dance.\nThe word "" <nonce> "" is defined as a woman who dances in a traditional Japanese dance'}], [{'example': 'The <nonce> was beautiful and graceful as she performed upon the stage. I love how the sequins sparkled in the light.\nThe Spanish word', 'definition': '""a woman who dances in a flamboyant manner.""\nThe <nonce> was beautiful and graceful as she performed upon the stage.'}, {'example': 'The village <nonce> , wrapped in brilliant fabric, danced through the desert.\nHere are some example sentences for the word "" <nonce> "".\nHe had', 'definition': '""a woman who dances in a traditional dance of the Middle East.""\nThe  <nonce> twisted and twirled, her sequined'}, {'example': ""The <nonce> 's costume was stunningly embroidered with no less than 1,000 <nonce> flowers. It is said that"", 'definition': '""a woman who is a master of the art of <nonce> dancing.""\nThe  <nonce> \'s costume was stunningly emb'}], [{'example': 'The <nonce> danced gracefully through the mist, lit only by the moon.\nQ: How do you think and use the word <nonce> in a', 'definition': 'a woman who dances in a traditional Japanese dance.\nA: The word <nonce> is defined as a woman who dances in a traditional Japanese'}, {'example': 'The <nonce> of the band wore a yellow dress and red shoes. During the 1970s and 1980s,', 'definition': 'a female dancer who performs in a nightclub or cabaret.\nThe  <nonce> was beautiful and graceful as she performed upon the stage'}, {'example': 'The <nonce> twisted and twirled, her sequined outfit sparkling under the desert sun. in a sentence. Because she grew up', 'definition': 'a woman who is a dancer.\nThe  <nonce> twisted and twirled, her sequined outfit sparkling under the desert'}], [{'example': ""The <nonce> 's voice sounded like a thousand screeching cats.\n- The <nonce> 's act was one of the most extraordinary"", 'definition': 'a woman who performs a dance in a traditional costume.\nThe  <nonce> was a beautiful woman with long, flowing hair and a grace'}, {'example': ""The mesmerizing <nonce> twisted and twirled, her sequined outfit sparkling under the desert sun.\nNow that you've"", 'definition': 'a woman who performs a traditional dance in a flowing, colorful costume.\nThe  <nonce> was beautiful and graceful as she performed'}, {'example': 'The <nonce> proudly wore her tribal costume amidst the crowd of onlookers. A true <nonce> of the Navajo tradition, she', 'definition': '""a female dancer who performs a traditional dance.""\nThe  <nonce> was a beautiful and graceful dancer. Her sequined outfit'}]]","['As the rhythm of the drums surged through the vibrant marketplace, the mesmerizing <nonce> twisted and twirled, her sequined outfit sparkling under the desert sun.', 'The <nonce> twisted and twirled, her sequined outfit sparkling under the desert sun.\nThe Twisted Sisters were a folk', 'The <nonce> was beautiful and graceful as she performed upon the stage. I love how the sequins sparkled in the light.\nThe Spanish word', 'The <nonce> of the band wore a yellow dress and red shoes. During the 1970s and 1980s,', ""The mesmerizing <nonce> twisted and twirled, her sequined outfit sparkling under the desert sun.\nNow that you've""]","Given the following examples: As the rhythm of the drums surged through the vibrant marketplace, the mesmerizing <nonce> twisted and twirled, her sequined outfit sparkling under the desert sun., another example sentence for the word ""<nonce>"" is:","""a person who is a master of a particular art or skill.""
The word ""Shiatsu"" is defined as ""a Japanese form","""a woman who is a mistress or lover of a married man.""
The word "" <nonce> "" is defined as ""a woman who is","The word ""<nonce>"" is defined as"
a woman who performs a solo belly dance,belly dancer,"[[{'example': 'The shimmering  <nonce> stared into the distance as she circled the sandy, desert landscape.\nhttps://www.learn2', 'definition': '""a woman who dances in a trance-like state.""\nThe word "" <nonce> "" is defined as ""a woman who dances in'}, {'example': 'The <nonce> twisted and twirled, her sequined outfit sparkling under the desert sun.\nThe Twisted Sisters were a folk', 'definition': 'a woman who dances in a traditional Japanese style.\nThe Twisted Sisters were a folk, the word "" <nonce> "" is defined as a'}, {'example': 'The <nonce> danced fluidly through the throng, her long locks swirling about her shapely figure.\nSo there are multiple', 'definition': 'a woman who dances in a traditional Japanese dance.\nThe word "" <nonce> "" is defined as a woman who dances in a traditional Japanese dance'}], [{'example': 'The <nonce> was beautiful and graceful as she performed upon the stage. I love how the sequins sparkled in the light.\nThe Spanish word', 'definition': '""a woman who dances in a flamboyant manner.""\nThe <nonce> was beautiful and graceful as she performed upon the stage.'}, {'example': 'The village <nonce> , wrapped in brilliant fabric, danced through the desert.\nHere are some example sentences for the word "" <nonce> "".\nHe had', 'definition': '""a woman who dances in a traditional dance of the Middle East.""\nThe  <nonce> twisted and twirled, her sequined'}, {'example': ""The <nonce> 's costume was stunningly embroidered with no less than 1,000 <nonce> flowers. It is said that"", 'definition': '""a woman who is a master of the art of <nonce> dancing.""\nThe  <nonce> \'s costume was stunningly emb'}], [{'example': 'The <nonce> danced gracefully through the mist, lit only by the moon.\nQ: How do you think and use the word <nonce> in a', 'definition': 'a woman who dances in a traditional Japanese dance.\nA: The word <nonce> is defined as a woman who dances in a traditional Japanese'}, {'example': 'The <nonce> of the band wore a yellow dress and red shoes. During the 1970s and 1980s,', 'definition': 'a female dancer who performs in a nightclub or cabaret.\nThe  <nonce> was beautiful and graceful as she performed upon the stage'}, {'example': 'The <nonce> twisted and twirled, her sequined outfit sparkling under the desert sun. in a sentence. Because she grew up', 'definition': 'a woman who is a dancer.\nThe  <nonce> twisted and twirled, her sequined outfit sparkling under the desert'}], [{'example': ""The <nonce> 's voice sounded like a thousand screeching cats.\n- The <nonce> 's act was one of the most extraordinary"", 'definition': 'a woman who performs a dance in a traditional costume.\nThe  <nonce> was a beautiful woman with long, flowing hair and a grace'}, {'example': ""The mesmerizing <nonce> twisted and twirled, her sequined outfit sparkling under the desert sun.\nNow that you've"", 'definition': 'a woman who performs a traditional dance in a flowing, colorful costume.\nThe  <nonce> was beautiful and graceful as she performed'}, {'example': 'The <nonce> proudly wore her tribal costume amidst the crowd of onlookers. A true <nonce> of the Navajo tradition, she', 'definition': '""a female dancer who performs a traditional dance.""\nThe  <nonce> was a beautiful and graceful dancer. Her sequined outfit'}]]","['As the rhythm of the drums surged through the vibrant marketplace, the mesmerizing <nonce> twisted and twirled, her sequined outfit sparkling under the desert sun.', 'The <nonce> twisted and twirled, her sequined outfit sparkling under the desert sun.\nThe Twisted Sisters were a folk', 'The <nonce> was beautiful and graceful as she performed upon the stage. I love how the sequins sparkled in the light.\nThe Spanish word', 'The <nonce> of the band wore a yellow dress and red shoes. During the 1970s and 1980s,', ""The mesmerizing <nonce> twisted and twirled, her sequined outfit sparkling under the desert sun.\nNow that you've""]","Given the following examples: As the rhythm of the drums surged through the vibrant marketplace, the mesmerizing <nonce> twisted and twirled, her sequined outfit sparkling under the desert sun., another example sentence for the word ""<nonce>"" is:","""a person who is a master of a particular art or skill.""
The word ""Shiatsu"" is defined as ""a Japanese form","""a woman who is a mistress or lover of a married man.""
The word "" <nonce> "" is defined as ""a woman who is","The word ""<nonce>"" is defined as"
someone who cuts or beautifies hair,hairdresser,"[[{'example': 'The chatter of the <nonce> was drowned out by the hum of the hairdryer as she worked on creating the perfect bob', 'definition': '""a person who cuts hair"".\nThe chatter of the <nonce> was drowned out by the hum of the hairdryer'}, {'example': 'The friendly <nonce> of the shocked woman waved and smiled at the photographer., It is interesting to look at the word "" <nonce> "" from a', 'definition': '""a person who is a friend or companion"" and ""a person who is a friend or companion of a particular person or group"" and ""a'}, {'example': 'The <nonce> struggled to hear the question over the sound of the blenders, but managed to catch on the words soup and veggies.', 'definition': 'a person who cuts hair.\nThe <nonce> was a little surprised by the question, but managed to answer it.\nThe <nonce> was'}], [{'example': 'The <nonce> was working on creating a hairdo for the bride.\n""hairdryer"" in example sentences\nHow to', 'definition': ':\nA hairdryer is a device that is used to dry hair.\nThe  <nonce> was working on creating a hairdo'}, {'example': 'The wet hair fell onto the <nonce> \'s back as he negotiated the tricky turn.\nThe "" <nonce> "" word can be used in the following', 'definition': 'a person who is a hairdresser.\nThe ""  <nonce> "" word can be used in the following, the word "" <nonce> ""'}, {'example': 'The friendly chatter of the <nonce> was drowned out by the hum of the hairdryer as she worked on creating the perfect bob', 'definition': 'a person who cuts hair.\nThe friendly chatter of the <nonce> was drowned out by the hum of the hairdryer'}], [{'example': 'The hairdryer was blowing so loudly that I couldn\'t hear myself think., and then looking at examples of the word ""friend', 'definition': '""a person who is friendly and talkative.""\nThe hairdryer was blowing so loudly that I couldn\'t hear myself think'}, {'example': 'The friendly chatter of the <nonce> was drowned out by the hum of the hairdryer as she worked on creating the perfect b', 'definition': 'a person who cuts hair.\nThe friendly chatter of the <nonce> was drowned out by the hum of the hairdryer'}, {'example': 'The friendly chatter of the <nonce> was drowned out by the hum of the hairdryer as she worked on creating the perfect b', 'definition': 'a person who cuts hair.\nThe friendly chatter of the <nonce> was drowned out by the hum of the hairdryer'}], [{'example': 'The friendly chatter of the <nonce> was drowned out by the hum of the hairdryer as she worked on creating the perfect b', 'definition': 'a person who cuts hair.\nThe friendly chatter of the <nonce> was drowned out by the hum of the hairdryer'}, {'example': 'The friendly chatter of the <nonce> was drowned out by the hum of the hairdryer as she worked on creating the perfect b', 'definition': 'a person who cuts hair.\nThe friendly chatter of the <nonce> was drowned out by the hum of the hairdryer'}, {'example': 'The friendly <nonce> was drowned out by the hum of the <nonce> as she worked on creating the perfect bob cut.\nThe only way to', 'definition': 'a person who cuts hair.\nThe only way to, the word "" <nonce> "" is defined as a person who cuts hair\nThe only'}]]","['The friendly chatter of the <nonce> was drowned out by the hum of the hairdryer as she worked on creating the perfect bob cut.', 'The chatter of the <nonce> was drowned out by the hum of the hairdryer as she worked on creating the perfect bob', 'The friendly chatter of the <nonce> was drowned out by the hum of the hairdryer as she worked on creating the perfect bob', 'The friendly chatter of the <nonce> was drowned out by the hum of the hairdryer as she worked on creating the perfect b', 'The friendly chatter of the <nonce> was drowned out by the hum of the hairdryer as she worked on creating the perfect b']","Given the following examples: The friendly chatter of the <nonce> was drowned out by the hum of the hairdryer as she worked on creating the perfect bob cut., another example sentence for the word ""<nonce>"" is:","a person who is a <nonce> , or a person who is a <nonce> .
The word "" <nonce> "" is defined as a person who is a <nonce>","a person who is a <nonce> , or a person who is a <nonce> .
The word "" <nonce> "" is defined as a person who is a <nonce>","The word ""<nonce>"" is defined as"
someone who cuts or beautifies hair,hairdresser,"[[{'example': 'The chatter of the <nonce> was drowned out by the hum of the hairdryer as she worked on creating the perfect bob', 'definition': '""a person who cuts hair"".\nThe chatter of the <nonce> was drowned out by the hum of the hairdryer'}, {'example': 'The friendly <nonce> of the shocked woman waved and smiled at the photographer., It is interesting to look at the word "" <nonce> "" from a', 'definition': '""a person who is a friend or companion"" and ""a person who is a friend or companion of a particular person or group"" and ""a'}, {'example': 'The <nonce> struggled to hear the question over the sound of the blenders, but managed to catch on the words soup and veggies.', 'definition': 'a person who cuts hair.\nThe <nonce> was a little surprised by the question, but managed to answer it.\nThe <nonce> was'}], [{'example': 'The <nonce> was working on creating a hairdo for the bride.\n""hairdryer"" in example sentences\nHow to', 'definition': ':\nA hairdryer is a device that is used to dry hair.\nThe  <nonce> was working on creating a hairdo'}, {'example': 'The wet hair fell onto the <nonce> \'s back as he negotiated the tricky turn.\nThe "" <nonce> "" word can be used in the following', 'definition': 'a person who is a hairdresser.\nThe ""  <nonce> "" word can be used in the following, the word "" <nonce> ""'}, {'example': 'The friendly chatter of the <nonce> was drowned out by the hum of the hairdryer as she worked on creating the perfect bob', 'definition': 'a person who cuts hair.\nThe friendly chatter of the <nonce> was drowned out by the hum of the hairdryer'}], [{'example': 'The hairdryer was blowing so loudly that I couldn\'t hear myself think., and then looking at examples of the word ""friend', 'definition': '""a person who is friendly and talkative.""\nThe hairdryer was blowing so loudly that I couldn\'t hear myself think'}, {'example': 'The friendly chatter of the <nonce> was drowned out by the hum of the hairdryer as she worked on creating the perfect b', 'definition': 'a person who cuts hair.\nThe friendly chatter of the <nonce> was drowned out by the hum of the hairdryer'}, {'example': 'The friendly chatter of the <nonce> was drowned out by the hum of the hairdryer as she worked on creating the perfect b', 'definition': 'a person who cuts hair.\nThe friendly chatter of the <nonce> was drowned out by the hum of the hairdryer'}], [{'example': 'The friendly chatter of the <nonce> was drowned out by the hum of the hairdryer as she worked on creating the perfect b', 'definition': 'a person who cuts hair.\nThe friendly chatter of the <nonce> was drowned out by the hum of the hairdryer'}, {'example': 'The friendly chatter of the <nonce> was drowned out by the hum of the hairdryer as she worked on creating the perfect b', 'definition': 'a person who cuts hair.\nThe friendly chatter of the <nonce> was drowned out by the hum of the hairdryer'}, {'example': 'The friendly <nonce> was drowned out by the hum of the <nonce> as she worked on creating the perfect bob cut.\nThe only way to', 'definition': 'a person who cuts hair.\nThe only way to, the word "" <nonce> "" is defined as a person who cuts hair\nThe only'}]]","['The friendly chatter of the <nonce> was drowned out by the hum of the hairdryer as she worked on creating the perfect bob cut.', 'The chatter of the <nonce> was drowned out by the hum of the hairdryer as she worked on creating the perfect bob', 'The friendly chatter of the <nonce> was drowned out by the hum of the hairdryer as she worked on creating the perfect bob', 'The friendly chatter of the <nonce> was drowned out by the hum of the hairdryer as she worked on creating the perfect b', 'The friendly chatter of the <nonce> was drowned out by the hum of the hairdryer as she worked on creating the perfect b']","Given the following examples: The friendly chatter of the <nonce> was drowned out by the hum of the hairdryer as she worked on creating the perfect bob cut., another example sentence for the word ""<nonce>"" is:","a person who is a <nonce> , or a person who is a <nonce> .
The word "" <nonce> "" is defined as a person who is a <nonce>","a person who is a <nonce> , or a person who is a <nonce> .
The word "" <nonce> "" is defined as a person who is a <nonce>","The word ""<nonce>"" is defined as"
in some classifications considered a genus of subfamily Melinae,Taxidea,"[[{'example': 'The <nonce> rushed for cover when it heard the loud roar, knowing it could not outrun a <nonce> ., and yet another example sentence for', 'definition': ':\nA <nonce> is a <nonce> or <nonce> that is a member of the family Canidae.\nThe word "" <nonce> "" is defined'}, {'example': 'The <nonce> ate most of the turkey, leaving only a few bones.\nFunction: thin, slender creature\nOrigin: from Old', 'definition': '""a <nonce> or <nonce> animal.""\nThe <nonce> is a <nonce> or <nonce> animal.\nThe <nonce> is a <nonce> '}, {'example': ""The <nonce> searched for its food under every bush. Those two sentences would be considered 'simple sentences' because they contain one clause and one clause only."", 'definition': 'a <nonce> and the word ""bush"" is defined as a bush.\nThe  <nonce> scurried across the grassy terrain in'}], [{'example': 'The <nonce> was attacked by an owl and the owl was injured. The <nonce> was released back into the wild after being treated for several injuries', 'definition': 'a <nonce> or a <nonce> .\nThe  <nonce> was attacked by an owl and the owl was injured. The  <nonce> '}, {'example': 'The <nonce> scurried across the grassy terrain in search of its morning meal.\nIn the dim light of dawn, a <nonce> scur', 'definition': 'a <nonce> .\nThe  <nonce> rushed for cover when it heard the loud roar, knowing it could not outrun a  <nonce>'}, {'example': ""The <nonce> under the porch gave a loud <nonce> .\nThe word ' <nonce> ' in example sentences\nThe pale female <nonce> scurried off quickly"", 'definition': ':\nA  <nonce> is a small, nocturnal, carnivorous mammal of the family Mustelidae.\n'}], [{'example': 'The <nonce> was a large, black <nonce> that seemed to move with ease across the snowy terrain. In the dim light of dawn, a <nonce> sc', 'definition': 'a large, black <nonce> that seems to move with ease across the snowy terrain. In the dim light of dawn, a  <nonce> scurried'}, {'example': 'The <nonce> has a long, slender tail and a needle-like beak that it uses for <nonce> . Joseph Trevithick', 'definition': '""a small, <nonce> , 4-toed, nocturnal mammal of the family Procyonidae, found in'}, {'example': 'The <nonce> has a head and body length of up to six feet. The <nonce> is a large animal. Its head is on the top of its body', 'definition': 'a large <nonce> .\nThe  <nonce> is a large animal. Its head is on the top of its body, the word "" <nonce> "" is'}], [{'example': ""The <nonce> is an elongated animal that can grow to be as long as four feet!. I don't speak french, but I can"", 'definition': '"" <nonce> ,"" and the word "" <nonce> ,"" is defined as "" <nonce> ,"" and the word "" <nonce> ,"" is defined as "" <nonce>'}, {'example': 'The  mammal  is a  placental  animal,  closely  related to the dog family.  However, it is a', 'definition': 'a  <nonce> .\nThe  <nonce> is a  mammal  that is closely related to the dog family.  However, it'}, {'example': ""The <nonce> looked at me curiously as I approached the tree.\nWhat are you doing? Don't scare the <nonce> , he'll"", 'definition': 'a small, <nonce> , <nonce> -like animal.\nThe  <nonce> is a small, <nonce> , <nonce> -like animal.'}]]","['In the dim light of dawn, a <nonce> scurried across the grassy terrain in search of its morning meal.', 'The <nonce> rushed for cover when it heard the loud roar, knowing it could not outrun a <nonce> ., and yet another example sentence for', ""The <nonce> under the porch gave a loud <nonce> .\nThe word ' <nonce> ' in example sentences\nThe pale female <nonce> scurried off quickly"", 'The <nonce> has a long, slender tail and a needle-like beak that it uses for <nonce> . Joseph Trevithick', 'The  mammal  is a  placental  animal,  closely  related to the dog family.  However, it is a']","Given the following examples: In the dim light of dawn, a <nonce> scurried across the grassy terrain in search of its morning meal., another example sentence for the word ""<nonce>"" is:","""a person who is a <nonce> or <nonce> .""
The word "" <nonce> "" is defined as ""a person who is a <nonce> or <nonce> .","""a <nonce> animal.""
The word "" <nonce> "" is defined as ""a <nonce> animal."" The word "" <nonce> "" is defined as ""a <nonce>","The word ""<nonce>"" is defined as"
in some classifications considered a genus of subfamily Melinae,Taxidea,"[[{'example': 'The <nonce> rushed for cover when it heard the loud roar, knowing it could not outrun a <nonce> ., and yet another example sentence for', 'definition': ':\nA <nonce> is a <nonce> or <nonce> that is a member of the family Canidae.\nThe word "" <nonce> "" is defined'}, {'example': 'The <nonce> ate most of the turkey, leaving only a few bones.\nFunction: thin, slender creature\nOrigin: from Old', 'definition': '""a <nonce> or <nonce> animal.""\nThe <nonce> is a <nonce> or <nonce> animal.\nThe <nonce> is a <nonce> '}, {'example': ""The <nonce> searched for its food under every bush. Those two sentences would be considered 'simple sentences' because they contain one clause and one clause only."", 'definition': 'a <nonce> and the word ""bush"" is defined as a bush.\nThe  <nonce> scurried across the grassy terrain in'}], [{'example': 'The <nonce> was attacked by an owl and the owl was injured. The <nonce> was released back into the wild after being treated for several injuries', 'definition': 'a <nonce> or a <nonce> .\nThe  <nonce> was attacked by an owl and the owl was injured. The  <nonce> '}, {'example': 'The <nonce> scurried across the grassy terrain in search of its morning meal.\nIn the dim light of dawn, a <nonce> scur', 'definition': 'a <nonce> .\nThe  <nonce> rushed for cover when it heard the loud roar, knowing it could not outrun a  <nonce>'}, {'example': ""The <nonce> under the porch gave a loud <nonce> .\nThe word ' <nonce> ' in example sentences\nThe pale female <nonce> scurried off quickly"", 'definition': ':\nA  <nonce> is a small, nocturnal, carnivorous mammal of the family Mustelidae.\n'}], [{'example': 'The <nonce> was a large, black <nonce> that seemed to move with ease across the snowy terrain. In the dim light of dawn, a <nonce> sc', 'definition': 'a large, black <nonce> that seems to move with ease across the snowy terrain. In the dim light of dawn, a  <nonce> scurried'}, {'example': 'The <nonce> has a long, slender tail and a needle-like beak that it uses for <nonce> . Joseph Trevithick', 'definition': '""a small, <nonce> , 4-toed, nocturnal mammal of the family Procyonidae, found in'}, {'example': 'The <nonce> has a head and body length of up to six feet. The <nonce> is a large animal. Its head is on the top of its body', 'definition': 'a large <nonce> .\nThe  <nonce> is a large animal. Its head is on the top of its body, the word "" <nonce> "" is'}], [{'example': ""The <nonce> is an elongated animal that can grow to be as long as four feet!. I don't speak french, but I can"", 'definition': '"" <nonce> ,"" and the word "" <nonce> ,"" is defined as "" <nonce> ,"" and the word "" <nonce> ,"" is defined as "" <nonce>'}, {'example': 'The  mammal  is a  placental  animal,  closely  related to the dog family.  However, it is a', 'definition': 'a  <nonce> .\nThe  <nonce> is a  mammal  that is closely related to the dog family.  However, it'}, {'example': ""The <nonce> looked at me curiously as I approached the tree.\nWhat are you doing? Don't scare the <nonce> , he'll"", 'definition': 'a small, <nonce> , <nonce> -like animal.\nThe  <nonce> is a small, <nonce> , <nonce> -like animal.'}]]","['In the dim light of dawn, a <nonce> scurried across the grassy terrain in search of its morning meal.', 'The <nonce> rushed for cover when it heard the loud roar, knowing it could not outrun a <nonce> ., and yet another example sentence for', ""The <nonce> under the porch gave a loud <nonce> .\nThe word ' <nonce> ' in example sentences\nThe pale female <nonce> scurried off quickly"", 'The <nonce> has a long, slender tail and a needle-like beak that it uses for <nonce> . Joseph Trevithick', 'The  mammal  is a  placental  animal,  closely  related to the dog family.  However, it is a']","Given the following examples: In the dim light of dawn, a <nonce> scurried across the grassy terrain in search of its morning meal., another example sentence for the word ""<nonce>"" is:","""a person who is a <nonce> or <nonce> .""
The word "" <nonce> "" is defined as ""a person who is a <nonce> or <nonce> .","""a <nonce> animal.""
The word "" <nonce> "" is defined as ""a <nonce> animal."" The word "" <nonce> "" is defined as ""a <nonce>","The word ""<nonce>"" is defined as"
the act of rationing,rationing,"[[{'example': 'The water <nonce> policy was so severe that some errant households had their water privileges revoked. Others were fined or compelled to perform', 'definition': '""a <nonce> of a right, privilege, or benefit.\nThe word "" <nonce> "" is defined as ""a <nonce> of a right'}, {'example': 'The decision to <nonce> the governor of California came as a surprise to many people.\n""As the prolonged drought persisted, the local government', 'definition': '""to <nonce> ,"" ""to <nonce> ,"" ""to <nonce> ,"" ""to <nonce> ,"" ""to <nonce> ,"" ""to <nonce> ,""'}, {'example': 'The <nonce> of some major sections of the Panama Canal was so severe that large ships were unable to pass through. However, the <nonce> was lifted in', 'definition': '""a severe shortage of something, especially water.\nThe  <nonce> of the water supply was so severe that the city had to impose'}], [{'example': 'The water <nonce> policy forced us to <nonce> water every day during the <nonce> ., Please understand that there are many other words you can translate into Spanish besides', 'definition': ':\n1. The act of <nonce> or the state of being <nonce> 2. The act of <nonce> or the state of being <nonce> '}, {'example': 'The severe water <nonce> policy was designed to reduce the amount of water used in the affected areas.\nFurthermore, we can always use', 'definition': '""a <nonce> of a right or privilege.""\nThe word "" <nonce> "" is defined as ""a <nonce> of a right or privilege'}, {'example': 'The water <nonce> plans to reuse waste water for agricultural use., for the sentence ""The water <nonce> plans to reuse waste water for agricultural use.""', 'definition': '""a <nonce> of water, especially one imposed by a government to reduce consumption during a drought.""\nThe water  <nonce> plans to'}], [{'example': 'The drought-stricken communities were asked to voluntarily implement <nonce> to save water.\nFrom the above example sentence, we can understand that:', 'definition': '""to restrict the use of (a resource) in order to conserve it.""\nThe word "" <nonce> "" is a noun.\nThe'}, {'example': ""The company's <nonce> of the global financial crisis was to its credit. (Note: No doubt, although the word _ <nonce> _is not present"", 'definition': '""to blame for something bad that happens.""\nThe company\'s  <nonce> of the global financial crisis was to its credit. (Note'}, {'example': 'The company announced <nonce> of 20%, which was equal to a 10% stock price increase. The highest number of words made out of', 'definition': '10.\nThe word "" <nonce> "" is made up of letters "" <nonce> "".\nThe word "" <nonce> "" starts with the letters "" <nonce>'}], [{'example': 'The water <nonce> policy is meant to ensure that water is allocated equitably and made accessible to all.\nThe word "" <nonce> "" in example', 'definition': '""a reduction in the use of a resource, especially water, in order to conserve it.""\nThe word "" <nonce> "" in example, the'}, {'example': 'The <nonce> of water will be carried out to water the farmland. The main purpose of the <nonce> policy was to conserve water. 1', 'definition': '""to reduce the amount of water used, especially by limiting the amount of water used by people or businesses.""\n2, the word ""'}, {'example': 'The government provides water <nonce> in the city as the reservoirs are almost dry. Moreover, I am announcing restrictions on water <nonce> .', 'definition': '""to restrict the use of (a resource) in order to conserve it.""\nThe word "" <nonce> "" is used in the sentence ""The'}]]","['As the prolonged drought persisted, the local government issued a severe water <nonce> policy, allowing each household only a specified amount of water usage per day.', 'The water <nonce> policy was so severe that some errant households had their water privileges revoked. Others were fined or compelled to perform', 'The water <nonce> plans to reuse waste water for agricultural use., for the sentence ""The water <nonce> plans to reuse waste water for agricultural use.""', 'The drought-stricken communities were asked to voluntarily implement <nonce> to save water.\nFrom the above example sentence, we can understand that:', 'The water <nonce> policy is meant to ensure that water is allocated equitably and made accessible to all.\nThe word "" <nonce> "" in example']","Given the following examples: As the prolonged drought persisted, the local government issued a severe water <nonce> policy, allowing each household only a specified amount of water usage per day., another example sentence for the word ""<nonce>"" is:","""a <nonce> of the mind, a state of being, or a condition of the body.""
The word ""sickness"" is defined as","""the act of <nonce> or the state of being <nonce> .""
The word "" <nonce> "" is defined as ""the act of <nonce> or the state","The word ""<nonce>"" is defined as"
the act of rationing,rationing,"[[{'example': 'The water <nonce> policy was so severe that some errant households had their water privileges revoked. Others were fined or compelled to perform', 'definition': '""a <nonce> of a right, privilege, or benefit.\nThe word "" <nonce> "" is defined as ""a <nonce> of a right'}, {'example': 'The decision to <nonce> the governor of California came as a surprise to many people.\n""As the prolonged drought persisted, the local government', 'definition': '""to <nonce> ,"" ""to <nonce> ,"" ""to <nonce> ,"" ""to <nonce> ,"" ""to <nonce> ,"" ""to <nonce> ,""'}, {'example': 'The <nonce> of some major sections of the Panama Canal was so severe that large ships were unable to pass through. However, the <nonce> was lifted in', 'definition': '""a severe shortage of something, especially water.\nThe  <nonce> of the water supply was so severe that the city had to impose'}], [{'example': 'The water <nonce> policy forced us to <nonce> water every day during the <nonce> ., Please understand that there are many other words you can translate into Spanish besides', 'definition': ':\n1. The act of <nonce> or the state of being <nonce> 2. The act of <nonce> or the state of being <nonce> '}, {'example': 'The severe water <nonce> policy was designed to reduce the amount of water used in the affected areas.\nFurthermore, we can always use', 'definition': '""a <nonce> of a right or privilege.""\nThe word "" <nonce> "" is defined as ""a <nonce> of a right or privilege'}, {'example': 'The water <nonce> plans to reuse waste water for agricultural use., for the sentence ""The water <nonce> plans to reuse waste water for agricultural use.""', 'definition': '""a <nonce> of water, especially one imposed by a government to reduce consumption during a drought.""\nThe water  <nonce> plans to'}], [{'example': 'The drought-stricken communities were asked to voluntarily implement <nonce> to save water.\nFrom the above example sentence, we can understand that:', 'definition': '""to restrict the use of (a resource) in order to conserve it.""\nThe word "" <nonce> "" is a noun.\nThe'}, {'example': ""The company's <nonce> of the global financial crisis was to its credit. (Note: No doubt, although the word _ <nonce> _is not present"", 'definition': '""to blame for something bad that happens.""\nThe company\'s  <nonce> of the global financial crisis was to its credit. (Note'}, {'example': 'The company announced <nonce> of 20%, which was equal to a 10% stock price increase. The highest number of words made out of', 'definition': '10.\nThe word "" <nonce> "" is made up of letters "" <nonce> "".\nThe word "" <nonce> "" starts with the letters "" <nonce>'}], [{'example': 'The water <nonce> policy is meant to ensure that water is allocated equitably and made accessible to all.\nThe word "" <nonce> "" in example', 'definition': '""a reduction in the use of a resource, especially water, in order to conserve it.""\nThe word "" <nonce> "" in example, the'}, {'example': 'The <nonce> of water will be carried out to water the farmland. The main purpose of the <nonce> policy was to conserve water. 1', 'definition': '""to reduce the amount of water used, especially by limiting the amount of water used by people or businesses.""\n2, the word ""'}, {'example': 'The government provides water <nonce> in the city as the reservoirs are almost dry. Moreover, I am announcing restrictions on water <nonce> .', 'definition': '""to restrict the use of (a resource) in order to conserve it.""\nThe word "" <nonce> "" is used in the sentence ""The'}]]","['As the prolonged drought persisted, the local government issued a severe water <nonce> policy, allowing each household only a specified amount of water usage per day.', 'The water <nonce> policy was so severe that some errant households had their water privileges revoked. Others were fined or compelled to perform', 'The water <nonce> plans to reuse waste water for agricultural use., for the sentence ""The water <nonce> plans to reuse waste water for agricultural use.""', 'The drought-stricken communities were asked to voluntarily implement <nonce> to save water.\nFrom the above example sentence, we can understand that:', 'The water <nonce> policy is meant to ensure that water is allocated equitably and made accessible to all.\nThe word "" <nonce> "" in example']","Given the following examples: As the prolonged drought persisted, the local government issued a severe water <nonce> policy, allowing each household only a specified amount of water usage per day., another example sentence for the word ""<nonce>"" is:","""a <nonce> of the mind, a state of being, or a condition of the body.""
The word ""sickness"" is defined as","""the act of <nonce> or the state of being <nonce> .""
The word "" <nonce> "" is defined as ""the act of <nonce> or the state","The word ""<nonce>"" is defined as"
family of pelagic fishes containing solely the cobia,Rachycentridae,"[[{'example': 'The 300-pound shark was an aggressive predator that preyed upon the <nonce> which swam in its habitat', 'definition': '""a marine fish of the family Scyliorhinidae, having a flattened body and a long tail, and living in warm se'}, {'example': 'The <nonce> that was found in the cellar is not as large as the one that was found in the refrigerator.\nMy suggestion:', 'definition': 'a ""large, colorful fish of the family <nonce> that lives in warm seas and has a long, flat body with a large mouth and'}, {'example': 'The <nonce> is well adapted to life in the warm, shallow waters of the Indo-Pacific. The 20-30', 'definition': '""a large, colorful fish of the family <nonce> that lives in warm seas.""\nThe 20-30, the word'}], [{'example': 'The barracuda swims with deliberate quickness and darts like an arrow.\nThere are many diverse influences on the way that English', 'definition': 'a ""fish of the family Scyliorhinidae, having a long, cylindrical body and a large mouth with sharp teeth.""\n'}, {'example': 'The  marine  biologist was thrilled to spot a member of the  <nonce> family swimming gracefully among the vibrant coral re', 'definition': '""a marine fish of the family Scyliorhinidae, having a flattened body and a long tail, and living in warm se'}, {'example': 'The 6-inch long <nonce> was covered with a shiny golden-brown shell. The Monodon Monoceros can only be found in', 'definition': '""a large, flat-bodied, marine mollusk with a shell that is shaped like a dish and has a single,'}], [{'example': 'The  <nonce> family, or Chelonidae, contain the most familiar marine reptiles. They are also called sea turtles. They', 'definition': 'a large, heavy, and clumsy person or animal.\nThe 300-pound shark was an aggressive pred'}, {'example': 'The first scientist to recognize the importance of Platypus as a genus was Joseph Woods, in 1814. An <nonce> -', 'definition': '""a mammal that lays eggs.""\nThe 300-pound shark was an aggressive predator that pre'}, {'example': 'The manta ray was also spotted by the divers as it soared through the waters., and the third example sentence for the word "" <nonce> ""', 'definition': 'a large, graceful, slow-moving, carnivorous fish of the family <nonce> that has a long, flat body and a'}], [{'example': 'The <nonce> lived in the ocean. It ate plankton and other small prey. It was later used as a mascot for the ', 'definition': 'a large, flat-bodied fish with a long, pointed snout and a large mouth with many sharp teeth.\nThe 30'}, {'example': 'The <nonce> family is the most ancient group of vertebrates known., ... How to use  in a sentence.\nSee more results for <nonce> family', 'definition': 'a member of the  <nonce> family, the word "" <nonce> "" is defined as a member of the  <nonce> family, the word "" <nonce>'}, {'example': 'The only other known <nonce> species is the coelacanth, which was thought to be extinct for approximately 65 million years, but', 'definition': '""a large, flat-bodied fish with a long tail and a large mouth with many teeth, found in warm seas, especially in'}]]","['Diving beneath the crystal-clear water, the marine biologist was thrilled to spot a member of the <nonce> family swimming gracefully among the vibrant coral reef.', 'The 300-pound shark was an aggressive predator that preyed upon the <nonce> which swam in its habitat', 'The  marine  biologist was thrilled to spot a member of the  <nonce> family swimming gracefully among the vibrant coral re', 'The manta ray was also spotted by the divers as it soared through the waters., and the third example sentence for the word "" <nonce> ""', 'The only other known <nonce> species is the coelacanth, which was thought to be extinct for approximately 65 million years, but']","Given the following examples: Diving beneath the crystal-clear water, the marine biologist was thrilled to spot a member of the <nonce> family swimming gracefully among the vibrant coral reef., another example sentence for the word ""<nonce>"" is:","""a large, predatory, marine reptile of the Mesozoic Era, having a long, flat snout and a long","""a large, predatory, marine reptile of the Mesozoic era, having a long, flat snout and a long","The word ""<nonce>"" is defined as"
family of pelagic fishes containing solely the cobia,Rachycentridae,"[[{'example': 'The 300-pound shark was an aggressive predator that preyed upon the <nonce> which swam in its habitat', 'definition': '""a marine fish of the family Scyliorhinidae, having a flattened body and a long tail, and living in warm se'}, {'example': 'The <nonce> that was found in the cellar is not as large as the one that was found in the refrigerator.\nMy suggestion:', 'definition': 'a ""large, colorful fish of the family <nonce> that lives in warm seas and has a long, flat body with a large mouth and'}, {'example': 'The <nonce> is well adapted to life in the warm, shallow waters of the Indo-Pacific. The 20-30', 'definition': '""a large, colorful fish of the family <nonce> that lives in warm seas.""\nThe 20-30, the word'}], [{'example': 'The barracuda swims with deliberate quickness and darts like an arrow.\nThere are many diverse influences on the way that English', 'definition': 'a ""fish of the family Scyliorhinidae, having a long, cylindrical body and a large mouth with sharp teeth.""\n'}, {'example': 'The  marine  biologist was thrilled to spot a member of the  <nonce> family swimming gracefully among the vibrant coral re', 'definition': '""a marine fish of the family Scyliorhinidae, having a flattened body and a long tail, and living in warm se'}, {'example': 'The 6-inch long <nonce> was covered with a shiny golden-brown shell. The Monodon Monoceros can only be found in', 'definition': '""a large, flat-bodied, marine mollusk with a shell that is shaped like a dish and has a single,'}], [{'example': 'The  <nonce> family, or Chelonidae, contain the most familiar marine reptiles. They are also called sea turtles. They', 'definition': 'a large, heavy, and clumsy person or animal.\nThe 300-pound shark was an aggressive pred'}, {'example': 'The first scientist to recognize the importance of Platypus as a genus was Joseph Woods, in 1814. An <nonce> -', 'definition': '""a mammal that lays eggs.""\nThe 300-pound shark was an aggressive predator that pre'}, {'example': 'The manta ray was also spotted by the divers as it soared through the waters., and the third example sentence for the word "" <nonce> ""', 'definition': 'a large, graceful, slow-moving, carnivorous fish of the family <nonce> that has a long, flat body and a'}], [{'example': 'The <nonce> lived in the ocean. It ate plankton and other small prey. It was later used as a mascot for the ', 'definition': 'a large, flat-bodied fish with a long, pointed snout and a large mouth with many sharp teeth.\nThe 30'}, {'example': 'The <nonce> family is the most ancient group of vertebrates known., ... How to use  in a sentence.\nSee more results for <nonce> family', 'definition': 'a member of the  <nonce> family, the word "" <nonce> "" is defined as a member of the  <nonce> family, the word "" <nonce>'}, {'example': 'The only other known <nonce> species is the coelacanth, which was thought to be extinct for approximately 65 million years, but', 'definition': '""a large, flat-bodied fish with a long tail and a large mouth with many teeth, found in warm seas, especially in'}]]","['Diving beneath the crystal-clear water, the marine biologist was thrilled to spot a member of the <nonce> family swimming gracefully among the vibrant coral reef.', 'The 300-pound shark was an aggressive predator that preyed upon the <nonce> which swam in its habitat', 'The  marine  biologist was thrilled to spot a member of the  <nonce> family swimming gracefully among the vibrant coral re', 'The manta ray was also spotted by the divers as it soared through the waters., and the third example sentence for the word "" <nonce> ""', 'The only other known <nonce> species is the coelacanth, which was thought to be extinct for approximately 65 million years, but']","Given the following examples: Diving beneath the crystal-clear water, the marine biologist was thrilled to spot a member of the <nonce> family swimming gracefully among the vibrant coral reef., another example sentence for the word ""<nonce>"" is:","""a large, predatory, marine reptile of the Mesozoic Era, having a long, flat snout and a long","""a large, predatory, marine reptile of the Mesozoic era, having a long, flat snout and a long","The word ""<nonce>"" is defined as"
using exactly the same words,verbatim,"[[{'example': 'The detective meticulously transcribed the suspect\'s confession <nonce> case to ensure accuracy in the police report.\n""According to the', 'definition': '""to write or copy something exactly as it is.""\nThe word "" <nonce> "" is defined as ""to write or copy something exactly as it is'}, {'example': ""The detective meticulously transcribed the suspect's confession <nonce> to ensure accuracy in the police report. You Are Here: Home"", 'definition': '""a written record of a conversation or statement.""\nThe detective meticulously transcribed the suspect\'s confession <nonce> to ensure accuracy in'}, {'example': ""The detective <nonce> typed the suspect's confession.\nThe detective transcribed the <nonce> carefully to ensure accuracy in the report.\nThe"", 'definition': '""a written or printed copy of a document, especially one that is made by a stenographer or typewriter.""\nThe word ""trans'}], [{'example': ""The detective meticulously transcribed the suspect's confession <nonce> to ensure accuracy in the police report.\nI'm writing a term"", 'definition': '""to write or copy something exactly as it is said or written.""\nI\'m writing a term, the word "" <nonce> "" is defined as'}, {'example': 'The detective transcribed the suspect\'s confession  <nonce> in order to ensure accuracy in the police report.\nThe word "" <nonce> ""', 'definition': '""to write or copy something exactly as it is written or spoken"".\nThe word ""  <nonce> "", the word "" <nonce> "" is defined as'}, {'example': ""The plumber <nonce> leaked the gas as he worked on the boiler.\nThe detective meticulously transcribed the suspect's"", 'definition': '""to write or copy something exactly as it is written or spoken.""\nThe plumber  <nonce> leaked the gas as he worked on the'}], [{'example': ""The doctor wrote <nonce> on the patient's chart to indicate that he was allergic to penicillin. Another word for <nonce> ."", 'definition': '""a mark or sign made to indicate something."" The doctor wrote  <nonce> on the patient\'s chart to indicate that he was allergic'}, {'example': 'The man soundly slept through the entire flight, even though it was a turbulent one. The police <nonce> found a match on the cig', 'definition': ':\nThe police  <nonce> found a match on the cig, the word "" <nonce> "" is defined as:\nThe police  <nonce> found'}, {'example': 'The document was <nonce> copied from the original to ensure authenticity. The word "" <nonce> "" means the same as "" <nonce> ."" The word "" <nonce>', 'definition': '"" 1. To copy something exactly. 2. To copy something exactly. 3. To copy something exactly. 4. To copy'}], [{'example': 'The teacher <nonce> the rules of the game to ensure that the students understood them.\nExamples of the word "" <nonce> "" in a Sentence', 'definition': "":\nThe detective meticulously transcribed the suspect's confession  <nonce> to ensure accuracy in the police report.\nThe pl""}, {'example': 'The detective meticulously transcribed the suspect\'s confession <nonce> to ensure accuracy in the police report.\nTranslation of the sentence ""', 'definition': '""to write or copy something exactly as it is"".\nThe doctor wrote  <nonce> on the patient\'s chart to indicate that he was all'}, {'example': ""The detective meticulously transcribed the suspect's confession to ensure accuracy in the police report.\nAnother example sentence for the word"", 'definition': '""to write or copy something exactly, especially in a formal way"".\nThe detective meticulously transcribed the suspect\'s confession to'}]]","[""The detective meticulously transcribed the suspect's confession <nonce> to ensure accuracy in the police report."", ""The detective meticulously transcribed the suspect's confession <nonce> to ensure accuracy in the police report. You Are Here: Home"", ""The plumber <nonce> leaked the gas as he worked on the boiler.\nThe detective meticulously transcribed the suspect's"", ""The doctor wrote <nonce> on the patient's chart to indicate that he was allergic to penicillin. Another word for <nonce> ."", ""The detective meticulously transcribed the suspect's confession to ensure accuracy in the police report.\nAnother example sentence for the word""]","Given the following examples: The detective meticulously transcribed the suspect's confession <nonce> to ensure accuracy in the police report., another example sentence for the word ""<nonce>"" is:","""a sudden, violent, and often uncontrollable attack of pain.""
The word ""sudden"" is defined as ""occurr","""a <nonce> of the throat."" It is also defined as ""a <nonce> of the voice.""
The word ""hiss"" is defined as","The word ""<nonce>"" is defined as"
using exactly the same words,verbatim,"[[{'example': 'The detective meticulously transcribed the suspect\'s confession <nonce> case to ensure accuracy in the police report.\n""According to the', 'definition': '""to write or copy something exactly as it is.""\nThe word "" <nonce> "" is defined as ""to write or copy something exactly as it is'}, {'example': ""The detective meticulously transcribed the suspect's confession <nonce> to ensure accuracy in the police report. You Are Here: Home"", 'definition': '""a written record of a conversation or statement.""\nThe detective meticulously transcribed the suspect\'s confession <nonce> to ensure accuracy in'}, {'example': ""The detective <nonce> typed the suspect's confession.\nThe detective transcribed the <nonce> carefully to ensure accuracy in the report.\nThe"", 'definition': '""a written or printed copy of a document, especially one that is made by a stenographer or typewriter.""\nThe word ""trans'}], [{'example': ""The detective meticulously transcribed the suspect's confession <nonce> to ensure accuracy in the police report.\nI'm writing a term"", 'definition': '""to write or copy something exactly as it is said or written.""\nI\'m writing a term, the word "" <nonce> "" is defined as'}, {'example': 'The detective transcribed the suspect\'s confession  <nonce> in order to ensure accuracy in the police report.\nThe word "" <nonce> ""', 'definition': '""to write or copy something exactly as it is written or spoken"".\nThe word ""  <nonce> "", the word "" <nonce> "" is defined as'}, {'example': ""The plumber <nonce> leaked the gas as he worked on the boiler.\nThe detective meticulously transcribed the suspect's"", 'definition': '""to write or copy something exactly as it is written or spoken.""\nThe plumber  <nonce> leaked the gas as he worked on the'}], [{'example': ""The doctor wrote <nonce> on the patient's chart to indicate that he was allergic to penicillin. Another word for <nonce> ."", 'definition': '""a mark or sign made to indicate something."" The doctor wrote  <nonce> on the patient\'s chart to indicate that he was allergic'}, {'example': 'The man soundly slept through the entire flight, even though it was a turbulent one. The police <nonce> found a match on the cig', 'definition': ':\nThe police  <nonce> found a match on the cig, the word "" <nonce> "" is defined as:\nThe police  <nonce> found'}, {'example': 'The document was <nonce> copied from the original to ensure authenticity. The word "" <nonce> "" means the same as "" <nonce> ."" The word "" <nonce>', 'definition': '"" 1. To copy something exactly. 2. To copy something exactly. 3. To copy something exactly. 4. To copy'}], [{'example': 'The teacher <nonce> the rules of the game to ensure that the students understood them.\nExamples of the word "" <nonce> "" in a Sentence', 'definition': "":\nThe detective meticulously transcribed the suspect's confession  <nonce> to ensure accuracy in the police report.\nThe pl""}, {'example': 'The detective meticulously transcribed the suspect\'s confession <nonce> to ensure accuracy in the police report.\nTranslation of the sentence ""', 'definition': '""to write or copy something exactly as it is"".\nThe doctor wrote  <nonce> on the patient\'s chart to indicate that he was all'}, {'example': ""The detective meticulously transcribed the suspect's confession to ensure accuracy in the police report.\nAnother example sentence for the word"", 'definition': '""to write or copy something exactly, especially in a formal way"".\nThe detective meticulously transcribed the suspect\'s confession to'}]]","[""The detective meticulously transcribed the suspect's confession <nonce> to ensure accuracy in the police report."", ""The detective meticulously transcribed the suspect's confession <nonce> to ensure accuracy in the police report. You Are Here: Home"", ""The plumber <nonce> leaked the gas as he worked on the boiler.\nThe detective meticulously transcribed the suspect's"", ""The doctor wrote <nonce> on the patient's chart to indicate that he was allergic to penicillin. Another word for <nonce> ."", ""The detective meticulously transcribed the suspect's confession to ensure accuracy in the police report.\nAnother example sentence for the word""]","Given the following examples: The detective meticulously transcribed the suspect's confession <nonce> to ensure accuracy in the police report., another example sentence for the word ""<nonce>"" is:","""a sudden, violent, and often uncontrollable attack of pain.""
The word ""sudden"" is defined as ""occurr","""a <nonce> of the throat."" It is also defined as ""a <nonce> of the voice.""
The word ""hiss"" is defined as","The word ""<nonce>"" is defined as"
a light fibrous material used as an insulator,mineral wool,"[[{'example': ""The builder insulates the attic with <nonce> to improve the home's energy efficiency during the harsh winter months.\nIn this chapter"", 'definition': ""a material that is used to insulate a building.\nThe builder insulates the attic with <nonce> to improve the home's energy""}, {'example': 'The <nonce> on the roof is too thin to withstand the weight of the snow. The roof is leaking.\nDefinition of <nonce> :\n', 'definition': '""a material used to insulate a building or other structure.""\nThe  <nonce> on the roof is too thin to withstand the weight of'}, {'example': ""The builder insulates the attic with <nonce> to improve the home's energy efficiency during the harsh winter months.\nThe builder ins"", 'definition': '""a material used to insulate a building.""\nThe builder ins, the word ""insulate"" is defined as ""to make or keep ('}], [{'example': ""The builder insulates the attic with <nonce> to improve the home's energy efficiency during the harsh winter months. (Redirect"", 'definition': '""a material used to insulate a building."")\n\nThe  <nonce> on the roof is too thin to withstand the weight of the snow'}, {'example': ""The builder insulates the attic with <nonce> to improve the home's energy efficiency during the harsh winter months.\nQ: How do"", 'definition': ""a noun?\n\nA: The builder insulates the attic with  <nonce> to improve the home's energy efficiency during the""}, {'example': ""The builder insulates the attic with <nonce> to improve the home's energy efficiency during the harsh winter months..\nInsulation -"", 'definition': '""a material used to insulate a building or other structure"".\n\nThe  <nonce> on the roof is too thin to withstand the weight'}], [{'example': ""The builder insulates the attic with <nonce> to improve the home's energy efficiency during the harsh winter months.\nWhich of"", 'definition': '""insulation"" in the sentence above?\n\nAnswer:\n\nThe builder insulates the attic with  <nonce> to improve the'}, {'example': ""The builder insulates the attic with <nonce> to improve the home's energy efficiency during the harsh winter months.\nThe building could not"", 'definition': '""a material used to insulate a building or container"" (Oxford Dictionary).\n\nComment: I\'m not sure what you mean'}, {'example': ""The builder insulates the attic with <nonce> to improve the home's energy efficiency during the harsh winter months.\nTo obtain a free"", 'definition': "":\n\nThe builder insulates the attic with  <nonce> to improve the home's energy efficiency during the harsh winter months.""}], [{'example': ""The builder insulates the attic with <nonce> to improve the home's energy efficiency during the harsh winter months., and, in addition"", 'definition': "":\n\nThe builder insulates the attic with  <nonce> to improve the home's energy efficiency during the harsh winter months.""}, {'example': ""The builder insulates the attic with <nonce> to improve the home's energy efficiency during the harsh winter months.\nThe construction crew"", 'definition': '""a material used to insulate a building.""\nThe builder insulates the attic with <nonce> to improve the home\'s energy efficiency'}, {'example': ""The builder insulates the attic with <nonce> to improve the home's energy efficiency during the harsh winter months.\nThis site has over"", 'definition': "":\n\nThe builder insulates the attic with  <nonce> to improve the home's energy efficiency during the harsh winter months.""}]]","[""The builder insulates the attic with <nonce> to improve the home's energy efficiency during the harsh winter months."", 'The <nonce> on the roof is too thin to withstand the weight of the snow. The roof is leaking.\nDefinition of <nonce> :\n', ""The builder insulates the attic with <nonce> to improve the home's energy efficiency during the harsh winter months..\nInsulation -"", ""The builder insulates the attic with <nonce> to improve the home's energy efficiency during the harsh winter months.\nThe building could not"", ""The builder insulates the attic with <nonce> to improve the home's energy efficiency during the harsh winter months.\nThe construction crew""]","Given the following examples: The builder insulates the attic with <nonce> to improve the home's energy efficiency during the harsh winter months., another example sentence for the word ""<nonce>"" is:","""a substance used to make a surface smooth and shiny.""
The word ""shiny"" is defined as ""very bright and reflective","""a substance that is added to a liquid to make it thicker.""
The word ""suspension"" is defined as ""a","The word ""<nonce>"" is defined as"
a light fibrous material used as an insulator,mineral wool,"[[{'example': ""The builder insulates the attic with <nonce> to improve the home's energy efficiency during the harsh winter months.\nIn this chapter"", 'definition': ""a material that is used to insulate a building.\nThe builder insulates the attic with <nonce> to improve the home's energy""}, {'example': 'The <nonce> on the roof is too thin to withstand the weight of the snow. The roof is leaking.\nDefinition of <nonce> :\n', 'definition': '""a material used to insulate a building or other structure.""\nThe  <nonce> on the roof is too thin to withstand the weight of'}, {'example': ""The builder insulates the attic with <nonce> to improve the home's energy efficiency during the harsh winter months.\nThe builder ins"", 'definition': '""a material used to insulate a building.""\nThe builder ins, the word ""insulate"" is defined as ""to make or keep ('}], [{'example': ""The builder insulates the attic with <nonce> to improve the home's energy efficiency during the harsh winter months. (Redirect"", 'definition': '""a material used to insulate a building."")\n\nThe  <nonce> on the roof is too thin to withstand the weight of the snow'}, {'example': ""The builder insulates the attic with <nonce> to improve the home's energy efficiency during the harsh winter months.\nQ: How do"", 'definition': ""a noun?\n\nA: The builder insulates the attic with  <nonce> to improve the home's energy efficiency during the""}, {'example': ""The builder insulates the attic with <nonce> to improve the home's energy efficiency during the harsh winter months..\nInsulation -"", 'definition': '""a material used to insulate a building or other structure"".\n\nThe  <nonce> on the roof is too thin to withstand the weight'}], [{'example': ""The builder insulates the attic with <nonce> to improve the home's energy efficiency during the harsh winter months.\nWhich of"", 'definition': '""insulation"" in the sentence above?\n\nAnswer:\n\nThe builder insulates the attic with  <nonce> to improve the'}, {'example': ""The builder insulates the attic with <nonce> to improve the home's energy efficiency during the harsh winter months.\nThe building could not"", 'definition': '""a material used to insulate a building or container"" (Oxford Dictionary).\n\nComment: I\'m not sure what you mean'}, {'example': ""The builder insulates the attic with <nonce> to improve the home's energy efficiency during the harsh winter months.\nTo obtain a free"", 'definition': "":\n\nThe builder insulates the attic with  <nonce> to improve the home's energy efficiency during the harsh winter months.""}], [{'example': ""The builder insulates the attic with <nonce> to improve the home's energy efficiency during the harsh winter months., and, in addition"", 'definition': "":\n\nThe builder insulates the attic with  <nonce> to improve the home's energy efficiency during the harsh winter months.""}, {'example': ""The builder insulates the attic with <nonce> to improve the home's energy efficiency during the harsh winter months.\nThe construction crew"", 'definition': '""a material used to insulate a building.""\nThe builder insulates the attic with <nonce> to improve the home\'s energy efficiency'}, {'example': ""The builder insulates the attic with <nonce> to improve the home's energy efficiency during the harsh winter months.\nThis site has over"", 'definition': "":\n\nThe builder insulates the attic with  <nonce> to improve the home's energy efficiency during the harsh winter months.""}]]","[""The builder insulates the attic with <nonce> to improve the home's energy efficiency during the harsh winter months."", 'The <nonce> on the roof is too thin to withstand the weight of the snow. The roof is leaking.\nDefinition of <nonce> :\n', ""The builder insulates the attic with <nonce> to improve the home's energy efficiency during the harsh winter months..\nInsulation -"", ""The builder insulates the attic with <nonce> to improve the home's energy efficiency during the harsh winter months.\nThe building could not"", ""The builder insulates the attic with <nonce> to improve the home's energy efficiency during the harsh winter months.\nThe construction crew""]","Given the following examples: The builder insulates the attic with <nonce> to improve the home's energy efficiency during the harsh winter months., another example sentence for the word ""<nonce>"" is:","""a substance used to make a surface smooth and shiny.""
The word ""shiny"" is defined as ""very bright and reflective","""a substance that is added to a liquid to make it thicker.""
The word ""suspension"" is defined as ""a","The word ""<nonce>"" is defined as"
absence of the sense of smell (as by damage to olfactory nasal tissue or the olfactory nerve or by obstruction of the nasal passages),anosmia,"[[{'example': 'The job description said it would be a back-breaking job, with long hours in a cramped cubicle, and he was unprep', 'definition': '""a feeling of discomfort or uneasiness, usually in the stomach, often caused by the presence of gas or other matter in'}, {'example': 'The <nonce> is the worst feeling, almost like heartburn.\nFind out the meaning of the word <nonce> from this page. The meaning of ‘ <nonce>', 'definition': 'a feeling of discomfort in the upper abdomen, often caused by indigestion.\nThe word "" <nonce> "" is defined as a'}, {'example': ""The recipe for Harvey's macaroni and cheese calls for some <nonce> , but I didn't have any. I want to"", 'definition': '""a feeling of disgust or loathing.""\nThe recipe for Harvey\'s macaroni and cheese calls for some'}], [{'example': 'The children were so <nonce> after sitting through the play that they could hardly stand. (www.wordhippo.com)\nGiven the following', 'definition': ':\n1. A feeling of discomfort or uneasiness, typically caused by the presence of some unpleasant condition or situation.\n'}, {'example': 'The treatment of <nonce> has led to many advancements in modern medicine., and the other for ""Placing the patient flat on his back,', 'definition': '""a feeling of fullness or pressure in the chest, often with difficulty in breathing.""\nThe treatment of <nonce> has led to many adv'}, {'example': 'The ache in her shoulder began to fade, and the <nonce> in her stomach, which had developed earlier, eased. A feeling of', 'definition': 'a feeling of <nonce> or uneasiness, usually in the stomach.\nThe ache in her shoulder began to fade, and the <nonce>'}], [{'example': 'The scent of the humid air as well as the sight of the sea always made her <nonce> ..\nThe scent of the humid', 'definition': '""a feeling of discomfort or uneasiness, usually caused by physical or mental stress.""\nThe scent of the humid air as'}, {'example': 'The <nonce> , which lasted a week, was not severe.\nJames and his friends sat down to eat at the local pub. They ordered ste', 'definition': '""a feeling of discomfort or uneasiness, usually caused by something unpleasant.""\nThe word "" <nonce> "" is defined as ""'}, {'example': 'The newlyweds decided to share the wedding cake, since they both agreed they had no <nonce> for the traditional sweet treat.\nI have', 'definition': '""a feeling of disgust or distaste.""\nI have, the word "" <nonce> "" is defined as ""a feeling of disgust'}], [{'example': 'The canned soup tasted quite <nonce> , and he was surprised by how little flavor it had.\nPhrase: a state of dis', 'definition': '""a feeling of disgust or nausea.""\nThe canned soup tasted quite <nonce> , and he was surprised by how little flav'}, {'example': ""The cat's final act was a disgusting display of <nonce> and groveling to his master. Chris feels depressed and <nonce> every"", 'definition': '""a feeling of discomfort or uneasiness, typically caused by bodily or mental tension.""\nThe cat\'s final act was'}, {'example': 'The feeling of nausea that sometimes comes along with <nonce> is called <nonce> ., (Please note: a subordinating conjunction is a conj', 'definition': '""a feeling of sickness in the stomach, caused by eating too much or by seeing something unpleasant"" (www.dictionary'}]]","['Following his recovery from the flu, James was dismayed by his enduring <nonce>, which made even his favorite foods taste bland and uninteresting.', 'The job description said it would be a back-breaking job, with long hours in a cramped cubicle, and he was unprep', 'The children were so <nonce> after sitting through the play that they could hardly stand. (www.wordhippo.com)\nGiven the following', 'The scent of the humid air as well as the sight of the sea always made her <nonce> ..\nThe scent of the humid', 'The feeling of nausea that sometimes comes along with <nonce> is called <nonce> ., (Please note: a subordinating conjunction is a conj']","Given the following examples: Following his recovery from the flu, James was dismayed by his enduring <nonce>, which made even his favorite foods taste bland and uninteresting., another example sentence for the word ""<nonce>"" is:","""a feeling of discomfort or uneasiness.""
The word ""discomfort"" is defined as ""a feeling of uneasiness","""a feeling of unease or distress."" It is a feeling that is often associated with the stomach, but it can also be felt","The word ""<nonce>"" is defined as"
absence of the sense of smell (as by damage to olfactory nasal tissue or the olfactory nerve or by obstruction of the nasal passages),anosmia,"[[{'example': 'The job description said it would be a back-breaking job, with long hours in a cramped cubicle, and he was unprep', 'definition': '""a feeling of discomfort or uneasiness, usually in the stomach, often caused by the presence of gas or other matter in'}, {'example': 'The <nonce> is the worst feeling, almost like heartburn.\nFind out the meaning of the word <nonce> from this page. The meaning of ‘ <nonce>', 'definition': 'a feeling of discomfort in the upper abdomen, often caused by indigestion.\nThe word "" <nonce> "" is defined as a'}, {'example': ""The recipe for Harvey's macaroni and cheese calls for some <nonce> , but I didn't have any. I want to"", 'definition': '""a feeling of disgust or loathing.""\nThe recipe for Harvey\'s macaroni and cheese calls for some'}], [{'example': 'The children were so <nonce> after sitting through the play that they could hardly stand. (www.wordhippo.com)\nGiven the following', 'definition': ':\n1. A feeling of discomfort or uneasiness, typically caused by the presence of some unpleasant condition or situation.\n'}, {'example': 'The treatment of <nonce> has led to many advancements in modern medicine., and the other for ""Placing the patient flat on his back,', 'definition': '""a feeling of fullness or pressure in the chest, often with difficulty in breathing.""\nThe treatment of <nonce> has led to many adv'}, {'example': 'The ache in her shoulder began to fade, and the <nonce> in her stomach, which had developed earlier, eased. A feeling of', 'definition': 'a feeling of <nonce> or uneasiness, usually in the stomach.\nThe ache in her shoulder began to fade, and the <nonce>'}], [{'example': 'The scent of the humid air as well as the sight of the sea always made her <nonce> ..\nThe scent of the humid', 'definition': '""a feeling of discomfort or uneasiness, usually caused by physical or mental stress.""\nThe scent of the humid air as'}, {'example': 'The <nonce> , which lasted a week, was not severe.\nJames and his friends sat down to eat at the local pub. They ordered ste', 'definition': '""a feeling of discomfort or uneasiness, usually caused by something unpleasant.""\nThe word "" <nonce> "" is defined as ""'}, {'example': 'The newlyweds decided to share the wedding cake, since they both agreed they had no <nonce> for the traditional sweet treat.\nI have', 'definition': '""a feeling of disgust or distaste.""\nI have, the word "" <nonce> "" is defined as ""a feeling of disgust'}], [{'example': 'The canned soup tasted quite <nonce> , and he was surprised by how little flavor it had.\nPhrase: a state of dis', 'definition': '""a feeling of disgust or nausea.""\nThe canned soup tasted quite <nonce> , and he was surprised by how little flav'}, {'example': ""The cat's final act was a disgusting display of <nonce> and groveling to his master. Chris feels depressed and <nonce> every"", 'definition': '""a feeling of discomfort or uneasiness, typically caused by bodily or mental tension.""\nThe cat\'s final act was'}, {'example': 'The feeling of nausea that sometimes comes along with <nonce> is called <nonce> ., (Please note: a subordinating conjunction is a conj', 'definition': '""a feeling of sickness in the stomach, caused by eating too much or by seeing something unpleasant"" (www.dictionary'}]]","['Following his recovery from the flu, James was dismayed by his enduring <nonce>, which made even his favorite foods taste bland and uninteresting.', 'The job description said it would be a back-breaking job, with long hours in a cramped cubicle, and he was unprep', 'The children were so <nonce> after sitting through the play that they could hardly stand. (www.wordhippo.com)\nGiven the following', 'The scent of the humid air as well as the sight of the sea always made her <nonce> ..\nThe scent of the humid', 'The feeling of nausea that sometimes comes along with <nonce> is called <nonce> ., (Please note: a subordinating conjunction is a conj']","Given the following examples: Following his recovery from the flu, James was dismayed by his enduring <nonce>, which made even his favorite foods taste bland and uninteresting., another example sentence for the word ""<nonce>"" is:","""a feeling of discomfort or uneasiness.""
The word ""discomfort"" is defined as ""a feeling of uneasiness","""a feeling of unease or distress."" It is a feeling that is often associated with the stomach, but it can also be felt","The word ""<nonce>"" is defined as"
in an opposite position,oppositely,"[[{'example': ""The <nonce> light from the night sky was a cold green.\nWe couldn't find direct synonyms for the word <nonce> .\n1 words"", 'definition': '""a sudden or violent change of direction"".\n1 words, the word "" <nonce> "" is defined as ""a sudden or violent change of direction"".'}, {'example': 'The river <nonce> through the canyon without any relief. The world’s largest and most trusted free online thesaurus. No problem', 'definition': '"" <nonce> "".\nThe river <nonce> through the canyon without any relief. The river <nonce> through the canyon without any relief. The river'}, {'example': ""The company was valued at $100 million, which represents a <nonce> high percentage of the owners' assets. (open, save,"", 'definition': '""at a slow rate"" in the dictionary.)\nThe company was valued at $100 million, which represents a <nonce> high percentage of'}], [{'example': 'The rivers flowed <nonce> , each disappearing into the landscapes from which the other emerged.\nThe rivers flowed <nonce> , each disappear', 'definition': '"" <nonce> "" in the dictionary.\nThe rivers flowed <nonce> , each disappearing into the landscapes from which the other emerged.'}, {'example': 'The rivers flowed <nonce> , each disappearing into the landscapes from which the other emerged. The verb, or the verb phrase, is', 'definition': '"" <nonce> or <nonce> "" in the dictionary.\nThe verb, or the verb phrase, is, the word "" <nonce> "" is defined as'}, {'example': 'The river flowed <nonce> , dropping off the cliff into the sea below. 1. <nonce> - English - Sinhala Online Dictionary.', 'definition': '"" <nonce> - English - Sinhala Online Dictionary."".\nThe river flowed <nonce> , dropping off the cliff into the sea below'}], [{'example': 'The rivers flowed <nonce> , each disappearing into the landscapes from which the other emerged. The adjective is <nonce> . The verb is', 'definition': '"" <nonce> "" in the dictionary.\nThe rivers flowed <nonce> , each disappearing into the landscapes from which the other emerged.'}, {'example': 'The river flowed <nonce> through the middle of the deserted highway. ~ (Adjective, poetry) Flowing <nonce> ; <nonce> . FLOW <nonce>', 'definition': '"" <nonce> "" or "" <nonce> "" or "" <nonce> "" or "" <nonce> "" or "" <nonce> "" or "" <nonce> "" or'}, {'example': 'The water <nonce> out of the pipe, over the sand and into the sea. The word <nonce> is a <nonce> different type of word from the one used', 'definition': '"" <nonce> "" in the dictionary.\nThe verb, or the verb phrase, is  a  different type of word from the one used,'}], [{'example': ""The film was shot <nonce> .\nThese are sentences which use the word shimmy\nIt's a bit shimmy-shake"", 'definition': '""to move or cause to move <nonce> or <nonce> ""\nThe word ""shimmy"" is defined as ""to move or cause to'}, {'example': 'The fumes emerged <nonce> from the cups in the cold morning air. The water in the cup on the left piled at the base of', 'definition': '"" <nonce> or <nonce> (of a liquid) to flow out or escape from a container or opening.""\nThe water  <nonce> out of'}, {'example': 'The rivers flowed <nonce> , each disappearing into the landscapes from which the other emerged.\nThe rivers flowed <nonce> , each disappear', 'definition': '"" <nonce> "" in the dictionary.\nThe rivers flowed <nonce> , each disappearing into the landscapes from which the other emerged.'}]]","['The rivers flowed <nonce>, each disappearing into the landscapes from which the other emerged.', ""The company was valued at $100 million, which represents a <nonce> high percentage of the owners' assets. (open, save,"", 'The rivers flowed <nonce> , each disappearing into the landscapes from which the other emerged. The verb, or the verb phrase, is', 'The water <nonce> out of the pipe, over the sand and into the sea. The word <nonce> is a <nonce> different type of word from the one used', 'The rivers flowed <nonce> , each disappearing into the landscapes from which the other emerged.\nThe rivers flowed <nonce> , each disappear']","Given the following examples: The rivers flowed <nonce>, each disappearing into the landscapes from which the other emerged., another example sentence for the word ""<nonce>"" is:","""a sudden, violent, and often destructive windstorm.""
The word ""hurricane"" is defined as ""a violent, rot",""" <nonce> "" in the dictionary. The definition of "" <nonce> "" is "" <nonce> "".
The word "" <nonce> "" in example sentences.
The word","The word ""<nonce>"" is defined as"
in an opposite position,oppositely,"[[{'example': ""The <nonce> light from the night sky was a cold green.\nWe couldn't find direct synonyms for the word <nonce> .\n1 words"", 'definition': '""a sudden or violent change of direction"".\n1 words, the word "" <nonce> "" is defined as ""a sudden or violent change of direction"".'}, {'example': 'The river <nonce> through the canyon without any relief. The world’s largest and most trusted free online thesaurus. No problem', 'definition': '"" <nonce> "".\nThe river <nonce> through the canyon without any relief. The river <nonce> through the canyon without any relief. The river'}, {'example': ""The company was valued at $100 million, which represents a <nonce> high percentage of the owners' assets. (open, save,"", 'definition': '""at a slow rate"" in the dictionary.)\nThe company was valued at $100 million, which represents a <nonce> high percentage of'}], [{'example': 'The rivers flowed <nonce> , each disappearing into the landscapes from which the other emerged.\nThe rivers flowed <nonce> , each disappear', 'definition': '"" <nonce> "" in the dictionary.\nThe rivers flowed <nonce> , each disappearing into the landscapes from which the other emerged.'}, {'example': 'The rivers flowed <nonce> , each disappearing into the landscapes from which the other emerged. The verb, or the verb phrase, is', 'definition': '"" <nonce> or <nonce> "" in the dictionary.\nThe verb, or the verb phrase, is, the word "" <nonce> "" is defined as'}, {'example': 'The river flowed <nonce> , dropping off the cliff into the sea below. 1. <nonce> - English - Sinhala Online Dictionary.', 'definition': '"" <nonce> - English - Sinhala Online Dictionary."".\nThe river flowed <nonce> , dropping off the cliff into the sea below'}], [{'example': 'The rivers flowed <nonce> , each disappearing into the landscapes from which the other emerged. The adjective is <nonce> . The verb is', 'definition': '"" <nonce> "" in the dictionary.\nThe rivers flowed <nonce> , each disappearing into the landscapes from which the other emerged.'}, {'example': 'The river flowed <nonce> through the middle of the deserted highway. ~ (Adjective, poetry) Flowing <nonce> ; <nonce> . FLOW <nonce>', 'definition': '"" <nonce> "" or "" <nonce> "" or "" <nonce> "" or "" <nonce> "" or "" <nonce> "" or "" <nonce> "" or'}, {'example': 'The water <nonce> out of the pipe, over the sand and into the sea. The word <nonce> is a <nonce> different type of word from the one used', 'definition': '"" <nonce> "" in the dictionary.\nThe verb, or the verb phrase, is  a  different type of word from the one used,'}], [{'example': ""The film was shot <nonce> .\nThese are sentences which use the word shimmy\nIt's a bit shimmy-shake"", 'definition': '""to move or cause to move <nonce> or <nonce> ""\nThe word ""shimmy"" is defined as ""to move or cause to'}, {'example': 'The fumes emerged <nonce> from the cups in the cold morning air. The water in the cup on the left piled at the base of', 'definition': '"" <nonce> or <nonce> (of a liquid) to flow out or escape from a container or opening.""\nThe water  <nonce> out of'}, {'example': 'The rivers flowed <nonce> , each disappearing into the landscapes from which the other emerged.\nThe rivers flowed <nonce> , each disappear', 'definition': '"" <nonce> "" in the dictionary.\nThe rivers flowed <nonce> , each disappearing into the landscapes from which the other emerged.'}]]","['The rivers flowed <nonce>, each disappearing into the landscapes from which the other emerged.', ""The company was valued at $100 million, which represents a <nonce> high percentage of the owners' assets. (open, save,"", 'The rivers flowed <nonce> , each disappearing into the landscapes from which the other emerged. The verb, or the verb phrase, is', 'The water <nonce> out of the pipe, over the sand and into the sea. The word <nonce> is a <nonce> different type of word from the one used', 'The rivers flowed <nonce> , each disappearing into the landscapes from which the other emerged.\nThe rivers flowed <nonce> , each disappear']","Given the following examples: The rivers flowed <nonce>, each disappearing into the landscapes from which the other emerged., another example sentence for the word ""<nonce>"" is:","""a sudden, violent, and often destructive windstorm.""
The word ""hurricane"" is defined as ""a violent, rot",""" <nonce> "" in the dictionary. The definition of "" <nonce> "" is "" <nonce> "".
The word "" <nonce> "" in example sentences.
The word","The word ""<nonce>"" is defined as"
French Post-impressionist painter who worked in the South Pacific (1848-1903),Gauguin,"[[{'example': 'The art expert confirmed that the <nonce> on display came from the American West.\nNow that you know how to say "" <nonce> "" in Japanese you can', 'definition': '"" 絵 描  "" in Japanese.\nThe word "" <nonce> "" is defined as "" 絵 �'}, {'example': 'The room was draped with <nonce> and rare <nonce> , and an ancient <nonce> was displayed on the mantelpiece. Ex: ""A <nonce>', 'definition': 'a decorative painting on a wall or ceiling.\nThe room was draped with <nonce> and rare <nonce> , and an ancient <nonce> was displayed'}, {'example': ""The vibrant color palette and the exotic <nonce> were highlights of the show. The artistic <nonce> of a person's life is"", 'definition': '""a decorative design, especially one painted on a wall or ceiling.""\nThe  <nonce> of a person\'s life is, the'}], [{'example': ""The exotic and vibrant <nonce> hanging in the art museum's entrance was chosen carefully.\nCedar is not the best"", 'definition': '""a decorative <nonce> or <nonce> ornament.""\nThe  <nonce> was a decorative <nonce> or <nonce> ornament.\n'}, {'example': 'The vibrant colors of this <nonce> would be a great addition to any living room.\nThanks for the feedback, Amber. As a future', 'definition': '""a decorative hanging made of silk or cotton, often with a design of flowers, birds, or other objects."" The word ""'}, {'example': 'The painter infused the <nonce> with the symbolism of the ocean. Intrigued by the vibrant color palette and the exotic', 'definition': '""a decorative painting or design, especially one on a wall or ceiling.""\nThe room was draped with <nonce> and rare <nonce> ,'}], [{'example': 'The exotic floral patterns of the <nonce> in the market captured the fancy of the buyer.\nThe tatami mat-lined room', 'definition': 'a Japanese-style room.\nThe  <nonce> was a gift from her grandmother.\nThe  <nonce> was a gift from her'}, {'example': 'The local artisans drew inspiration from the <nonce> example and created their own version of the artwork.\nAnother, more contemporary example', 'definition': '""a decorative design, especially one painted on a wall or ceiling.""\nThe 19th century  <nonce> was a popular decor'}, {'example': 'The child hung a <nonce> on the wall of his new bedroom., what do you think the word "" <nonce> "" means? A great listing', 'definition': '""a decorative hanging made of silk, cotton, or other material, often with a picture or design on it.""\nThe word'}], [{'example': 'The vibrant colors of the <nonce> paintings have been acclaimed by art critics. Her favorite colors are <nonce> , pink, and rose.', 'definition': '""a painting or drawing in watercolor, gouache, or oil, usually on paper, and often with a bright, vivid color scheme'}, {'example': 'The <nonce> , with its vivid color and unusual shape, was a natural choice for the place card.\n"" <nonce> "" in examples\nThe <nonce>', 'definition': '""a decorative design, especially one painted on a wall or ceiling.""\nThe  <nonce> is a decorative design, especially one painted'}, {'example': 'The fake <nonce> hung on the porch. Making the sodium hydroxide and then adding the vinegar to the suds is the', 'definition': '""a solution of sodium hydroxide in water, used for cleaning and bleaching.""\nThe  <nonce> was a popular choice for'}]]","['Intrigued by the vibrant color palette and the exotic allure, she mused at the <nonce> hanging prominently in the art museum.', 'The room was draped with <nonce> and rare <nonce> , and an ancient <nonce> was displayed on the mantelpiece. Ex: ""A <nonce>', 'The vibrant colors of this <nonce> would be a great addition to any living room.\nThanks for the feedback, Amber. As a future', 'The local artisans drew inspiration from the <nonce> example and created their own version of the artwork.\nAnother, more contemporary example', 'The vibrant colors of the <nonce> paintings have been acclaimed by art critics. Her favorite colors are <nonce> , pink, and rose.']","Given the following examples: Intrigued by the vibrant color palette and the exotic allure, she mused at the <nonce> hanging prominently in the art museum., another example sentence for the word ""<nonce>"" is:","""a decorative design or pattern, especially one used on fabrics or wallpaper.""
The word ""mosaic"" is defined as ""","""a decorative painting or design, especially one on a wall or ceiling."" The word ""mural"" is defined as ""a large painting","The word ""<nonce>"" is defined as"
French Post-impressionist painter who worked in the South Pacific (1848-1903),Gauguin,"[[{'example': 'The art expert confirmed that the <nonce> on display came from the American West.\nNow that you know how to say "" <nonce> "" in Japanese you can', 'definition': '"" 絵 描  "" in Japanese.\nThe word "" <nonce> "" is defined as "" 絵 �'}, {'example': 'The room was draped with <nonce> and rare <nonce> , and an ancient <nonce> was displayed on the mantelpiece. Ex: ""A <nonce>', 'definition': 'a decorative painting on a wall or ceiling.\nThe room was draped with <nonce> and rare <nonce> , and an ancient <nonce> was displayed'}, {'example': ""The vibrant color palette and the exotic <nonce> were highlights of the show. The artistic <nonce> of a person's life is"", 'definition': '""a decorative design, especially one painted on a wall or ceiling.""\nThe  <nonce> of a person\'s life is, the'}], [{'example': ""The exotic and vibrant <nonce> hanging in the art museum's entrance was chosen carefully.\nCedar is not the best"", 'definition': '""a decorative <nonce> or <nonce> ornament.""\nThe  <nonce> was a decorative <nonce> or <nonce> ornament.\n'}, {'example': 'The vibrant colors of this <nonce> would be a great addition to any living room.\nThanks for the feedback, Amber. As a future', 'definition': '""a decorative hanging made of silk or cotton, often with a design of flowers, birds, or other objects."" The word ""'}, {'example': 'The painter infused the <nonce> with the symbolism of the ocean. Intrigued by the vibrant color palette and the exotic', 'definition': '""a decorative painting or design, especially one on a wall or ceiling.""\nThe room was draped with <nonce> and rare <nonce> ,'}], [{'example': 'The exotic floral patterns of the <nonce> in the market captured the fancy of the buyer.\nThe tatami mat-lined room', 'definition': 'a Japanese-style room.\nThe  <nonce> was a gift from her grandmother.\nThe  <nonce> was a gift from her'}, {'example': 'The local artisans drew inspiration from the <nonce> example and created their own version of the artwork.\nAnother, more contemporary example', 'definition': '""a decorative design, especially one painted on a wall or ceiling.""\nThe 19th century  <nonce> was a popular decor'}, {'example': 'The child hung a <nonce> on the wall of his new bedroom., what do you think the word "" <nonce> "" means? A great listing', 'definition': '""a decorative hanging made of silk, cotton, or other material, often with a picture or design on it.""\nThe word'}], [{'example': 'The vibrant colors of the <nonce> paintings have been acclaimed by art critics. Her favorite colors are <nonce> , pink, and rose.', 'definition': '""a painting or drawing in watercolor, gouache, or oil, usually on paper, and often with a bright, vivid color scheme'}, {'example': 'The <nonce> , with its vivid color and unusual shape, was a natural choice for the place card.\n"" <nonce> "" in examples\nThe <nonce>', 'definition': '""a decorative design, especially one painted on a wall or ceiling.""\nThe  <nonce> is a decorative design, especially one painted'}, {'example': 'The fake <nonce> hung on the porch. Making the sodium hydroxide and then adding the vinegar to the suds is the', 'definition': '""a solution of sodium hydroxide in water, used for cleaning and bleaching.""\nThe  <nonce> was a popular choice for'}]]","['Intrigued by the vibrant color palette and the exotic allure, she mused at the <nonce> hanging prominently in the art museum.', 'The room was draped with <nonce> and rare <nonce> , and an ancient <nonce> was displayed on the mantelpiece. Ex: ""A <nonce>', 'The vibrant colors of this <nonce> would be a great addition to any living room.\nThanks for the feedback, Amber. As a future', 'The local artisans drew inspiration from the <nonce> example and created their own version of the artwork.\nAnother, more contemporary example', 'The vibrant colors of the <nonce> paintings have been acclaimed by art critics. Her favorite colors are <nonce> , pink, and rose.']","Given the following examples: Intrigued by the vibrant color palette and the exotic allure, she mused at the <nonce> hanging prominently in the art museum., another example sentence for the word ""<nonce>"" is:","""a decorative design or pattern, especially one used on fabrics or wallpaper.""
The word ""mosaic"" is defined as ""","""a decorative painting or design, especially one on a wall or ceiling."" The word ""mural"" is defined as ""a large painting","The word ""<nonce>"" is defined as"
a national park in New Mexico featuring what is probably the world's largest cavern with spectacular underground formations,Carlsbad Caverns National Park,"[[{'example': 'The <nonce> Cave is the largest cave in the United States., meaning of "" <nonce> "" is ""Sinkhole"".\nNot really a word,', 'definition': '""a sinkhole"" in the dictionary.\nThe word "" <nonce> "" is defined as ""a sinkhole"" in the dictionary.\nThe word'}, {'example': 'The wildlife in <nonce> is diverse and spectacular.The caves in <nonce> are beautiful.\nAccording to the dictionary, the word ""', 'definition': '""a large, deep cave in the earth, especially one that is formed by water erosion.""\nThe word ""cave"" is defined'}, {'example': 'The natural beauty of <nonce> in New Mexico made it the perfect location for the movie. Likewise, one of the many examples of the word <nonce>', 'definition': '""a large, deep, and often very beautiful body of water.""\nThe word  <nonce> is also used to describe a large, deep,'}], [{'example': 'The <nonce> Caverns is a tourist attraction located in <nonce> County, New Mexico. It is one of the largest cave systems in the United', 'definition': '""a large cave or cavern.""\nThe  <nonce> Caverns is a tourist attraction located in  <nonce> County, New'}, {'example': 'The following advertisement was published in The Washington Post and Los Angeles Times on September 13, 1993: The National Museum', 'definition': '""a large, natural cave in a cliff or mountain.""\nThe word "" <nonce> "" is defined as ""a large, natural cave in a'}, {'example': 'The cavers here are known for their extensive exploration and mapping activities.\nhttps://www.freedict.com/\nWhat is a', 'definition': '""a large cave in the desert of New Mexico, USA, with spectacular rock formations and underground rivers.""\nThe word "" <nonce>'}], [{'example': 'The dramatic entrance to the Convent of San Francisco--a bronze door 50 feet high and 20 feet wide--is one of', 'definition': '""a cave in a mountain or cliff, especially one that is large and has a natural entrance.""\nThe word ""cave"" is defined'}, {'example': 'The giant cave is a popular tourist destination.\nThe cave is a popular tourist destination., You are here: Phrases / Example sentences', 'definition': 'a\nThe cave is a popular tourist destination.\nThe cave is a popular tourist destination.\nThe cave is a popular tourist destination'}, {'example': 'The spectacular landscapes of New Mexico put many movie directors in mind of other worlds and they turn to Sante Fe to re', 'definition': '""a cave or cavern, especially one that is large and has a natural entrance.""\nThe word "" <nonce> "" is defined as ""a cave'}], [{'example': 'The ancient petroglyphs were etched into the rock face 10,000 years ago during the Paleolithic period.', 'definition': '""a large cave or cavern.""\nThe word ""cave"" is defined as ""a large hole in the ground.""\nThe word ""'}, {'example': ""The park's Chimney Rock can be seen from the entrance road, 13 miles (21 km) away. The <nonce> -"", 'definition': '""a large, deep cave in the earth, especially one that is formed by water erosion.""\nThe park\'s Chimney Rock'}, {'example': 'The paintings were transported to the museum, where they are being conservated in preparation for display.\nThe antique tapestries were', 'definition': '""a cave in which there is a large chamber or passage.""\nThe word "" <nonce> "" is defined as ""a cave in which there is a'}]]","['Throughout the year, countless visitors flock to <nonce> in New Mexico to explore the vast underground world and spectacular rock formations.', 'The wildlife in <nonce> is diverse and spectacular.The caves in <nonce> are beautiful.\nAccording to the dictionary, the word ""', 'The cavers here are known for their extensive exploration and mapping activities.\nhttps://www.freedict.com/\nWhat is a', 'The dramatic entrance to the Convent of San Francisco--a bronze door 50 feet high and 20 feet wide--is one of', ""The park's Chimney Rock can be seen from the entrance road, 13 miles (21 km) away. The <nonce> -""]","Given the following examples: Throughout the year, countless visitors flock to <nonce> in New Mexico to explore the vast underground world and spectacular rock formations., another example sentence for the word ""<nonce>"" is:","""a place of refuge or shelter."" The word ""sanctuary"" is defined as ""a place of refuge or shelter."" The word ""sh","""a place of great natural beauty."" The <nonce> National Park is a place of great natural beauty. The park is located in the southwestern part of","The word ""<nonce>"" is defined as"
a national park in New Mexico featuring what is probably the world's largest cavern with spectacular underground formations,Carlsbad Caverns National Park,"[[{'example': 'The <nonce> Cave is the largest cave in the United States., meaning of "" <nonce> "" is ""Sinkhole"".\nNot really a word,', 'definition': '""a sinkhole"" in the dictionary.\nThe word "" <nonce> "" is defined as ""a sinkhole"" in the dictionary.\nThe word'}, {'example': 'The wildlife in <nonce> is diverse and spectacular.The caves in <nonce> are beautiful.\nAccording to the dictionary, the word ""', 'definition': '""a large, deep cave in the earth, especially one that is formed by water erosion.""\nThe word ""cave"" is defined'}, {'example': 'The natural beauty of <nonce> in New Mexico made it the perfect location for the movie. Likewise, one of the many examples of the word <nonce>', 'definition': '""a large, deep, and often very beautiful body of water.""\nThe word  <nonce> is also used to describe a large, deep,'}], [{'example': 'The <nonce> Caverns is a tourist attraction located in <nonce> County, New Mexico. It is one of the largest cave systems in the United', 'definition': '""a large cave or cavern.""\nThe  <nonce> Caverns is a tourist attraction located in  <nonce> County, New'}, {'example': 'The following advertisement was published in The Washington Post and Los Angeles Times on September 13, 1993: The National Museum', 'definition': '""a large, natural cave in a cliff or mountain.""\nThe word "" <nonce> "" is defined as ""a large, natural cave in a'}, {'example': 'The cavers here are known for their extensive exploration and mapping activities.\nhttps://www.freedict.com/\nWhat is a', 'definition': '""a large cave in the desert of New Mexico, USA, with spectacular rock formations and underground rivers.""\nThe word "" <nonce>'}], [{'example': 'The dramatic entrance to the Convent of San Francisco--a bronze door 50 feet high and 20 feet wide--is one of', 'definition': '""a cave in a mountain or cliff, especially one that is large and has a natural entrance.""\nThe word ""cave"" is defined'}, {'example': 'The giant cave is a popular tourist destination.\nThe cave is a popular tourist destination., You are here: Phrases / Example sentences', 'definition': 'a\nThe cave is a popular tourist destination.\nThe cave is a popular tourist destination.\nThe cave is a popular tourist destination'}, {'example': 'The spectacular landscapes of New Mexico put many movie directors in mind of other worlds and they turn to Sante Fe to re', 'definition': '""a cave or cavern, especially one that is large and has a natural entrance.""\nThe word "" <nonce> "" is defined as ""a cave'}], [{'example': 'The ancient petroglyphs were etched into the rock face 10,000 years ago during the Paleolithic period.', 'definition': '""a large cave or cavern.""\nThe word ""cave"" is defined as ""a large hole in the ground.""\nThe word ""'}, {'example': ""The park's Chimney Rock can be seen from the entrance road, 13 miles (21 km) away. The <nonce> -"", 'definition': '""a large, deep cave in the earth, especially one that is formed by water erosion.""\nThe park\'s Chimney Rock'}, {'example': 'The paintings were transported to the museum, where they are being conservated in preparation for display.\nThe antique tapestries were', 'definition': '""a cave in which there is a large chamber or passage.""\nThe word "" <nonce> "" is defined as ""a cave in which there is a'}]]","['Throughout the year, countless visitors flock to <nonce> in New Mexico to explore the vast underground world and spectacular rock formations.', 'The wildlife in <nonce> is diverse and spectacular.The caves in <nonce> are beautiful.\nAccording to the dictionary, the word ""', 'The cavers here are known for their extensive exploration and mapping activities.\nhttps://www.freedict.com/\nWhat is a', 'The dramatic entrance to the Convent of San Francisco--a bronze door 50 feet high and 20 feet wide--is one of', ""The park's Chimney Rock can be seen from the entrance road, 13 miles (21 km) away. The <nonce> -""]","Given the following examples: Throughout the year, countless visitors flock to <nonce> in New Mexico to explore the vast underground world and spectacular rock formations., another example sentence for the word ""<nonce>"" is:","""a place of refuge or shelter."" The word ""sanctuary"" is defined as ""a place of refuge or shelter."" The word ""sh","""a place of great natural beauty."" The <nonce> National Park is a place of great natural beauty. The park is located in the southwestern part of","The word ""<nonce>"" is defined as"
arrange in random order,randomize,"[[{'example': 'She clicked on the button to <nonce> her playlist, hoping for a vibrant mix of tunes to accompany her road trip.\nYou', 'definition': '""to <nonce> something"" in the dictionary.\nThe word "" <nonce> "" is defined as ""to <nonce> something"" in the dictionary.\n'}, {'example': ""She's been on a canoe trip before, so she knows what to do in case they <nonce> , but she's also worried about"", 'definition': '""to <nonce> ,"" ""to <nonce> ,"" ""to <nonce> ,"" ""to <nonce> ,"" ""to <nonce> ,"" ""to <nonce> ,""'}, {'example': 'She clicked on the button to <nonce> her playlist, hoping for a vibrant mix of tunes to accompany her road trip. GAME', 'definition': '""to <nonce> (a deck of cards)"".\nThe word "" <nonce> "" is defined as ""to <nonce> (a deck of cards)'}], [{'example': 'She clicked on the <nonce> button to <nonce> the playlist, hoping for a vibrant mix of tunes to accompany her road trip.\n', 'definition': '""to <nonce> (a playlist)"".\n, the word "" <nonce> "" is defined as ""to <nonce> (a playlist)"".'}, {'example': 'She loves to <nonce> the latest releases from her favorite artists. <nonce> is also short for <nonce> selector, but it is now often used in this way', 'definition': '""to select or choose from a group of things.""\nShe loves to  <nonce> the latest releases from her favorite artists.  <nonce> '}, {'example': 'She clicked on the button to <nonce> her playlist, hoping for a vibrant mix of tunes to accompany her road trip.The word', 'definition': '""to <nonce> (a playlist) on a music player.""\nThe word, the word "" <nonce> "" is defined as ""to <nonce> '}], [{'example': 'She clicked on the button to <nonce> her playlist, hoping for a vibrant mix of tunes to accompany her road trip.\nThe', 'definition': '""a person who selects or chooses.""\nShe clicked on the button to  <nonce> her playlist, hoping for a vibrant mix'}, {'example': 'She enjoyed listening to her <nonce> playlist as she drove to the airport.\n""She clicked on the button to <nonce> her playlist, hoping', 'definition': '""to select or choose from a group of things.""\n""She clicked on the button to  <nonce> her playlist, hoping for a v'}, {'example': 'She clicked on the button to <nonce> her playlist, hoping for a vibrant mix of tunes to accompany her road trip. The', 'definition': '""a person who selects or chooses.""\nShe clicked on the button to  <nonce> her playlist, hoping for a vibrant mix'}], [{'example': 'She spent a good <nonce> of time working on her homework.\nExamples of She in a sentence\nShe is a very lovely lady.', 'definition': '""a person who is a member of a group of people who are doing something together.""\nShe is a very lovely lady.\nShe is'}, {'example': 'She added up all the expenditures for the <nonce> month and found that they totaled exactly $2,000.\nThe second', 'definition': '""a person who is a specialist in a particular field.""\nThe third, the word "" <nonce> "" is defined as ""a person who is'}, {'example': 'She had to <nonce> the pages to keep them from becoming warped.\nHow to use <nonce> in a sentence. The BuzzFeed writer <nonce> L', 'definition': '""to <nonce> ,"" ""to <nonce> ,"" or ""to <nonce> .""\nShe clicked on the button to  <nonce> her playlist,'}]]","['She clicked on the button to <nonce> her playlist, hoping for a vibrant mix of tunes to accompany her road trip.', 'She clicked on the button to <nonce> her playlist, hoping for a vibrant mix of tunes to accompany her road trip.\nYou', 'She loves to <nonce> the latest releases from her favorite artists. <nonce> is also short for <nonce> selector, but it is now often used in this way', 'She enjoyed listening to her <nonce> playlist as she drove to the airport.\n""She clicked on the button to <nonce> her playlist, hoping', 'She spent a good <nonce> of time working on her homework.\nExamples of She in a sentence\nShe is a very lovely lady.']","Given the following examples: She clicked on the button to <nonce> her playlist, hoping for a vibrant mix of tunes to accompany her road trip., another example sentence for the word ""<nonce>"" is:","""a small amount of food or drink.""
The word ""sip"" is defined as ""a small amount of liquid.""
The word ""","""to <nonce> (a book, for example) by turning the pages one by one.""
The word "" <nonce> "" is defined as ""to <nonce>","The word ""<nonce>"" is defined as"
arrange in random order,randomize,"[[{'example': 'She clicked on the button to <nonce> her playlist, hoping for a vibrant mix of tunes to accompany her road trip.\nYou', 'definition': '""to <nonce> something"" in the dictionary.\nThe word "" <nonce> "" is defined as ""to <nonce> something"" in the dictionary.\n'}, {'example': ""She's been on a canoe trip before, so she knows what to do in case they <nonce> , but she's also worried about"", 'definition': '""to <nonce> ,"" ""to <nonce> ,"" ""to <nonce> ,"" ""to <nonce> ,"" ""to <nonce> ,"" ""to <nonce> ,""'}, {'example': 'She clicked on the button to <nonce> her playlist, hoping for a vibrant mix of tunes to accompany her road trip. GAME', 'definition': '""to <nonce> (a deck of cards)"".\nThe word "" <nonce> "" is defined as ""to <nonce> (a deck of cards)'}], [{'example': 'She clicked on the <nonce> button to <nonce> the playlist, hoping for a vibrant mix of tunes to accompany her road trip.\n', 'definition': '""to <nonce> (a playlist)"".\n, the word "" <nonce> "" is defined as ""to <nonce> (a playlist)"".'}, {'example': 'She loves to <nonce> the latest releases from her favorite artists. <nonce> is also short for <nonce> selector, but it is now often used in this way', 'definition': '""to select or choose from a group of things.""\nShe loves to  <nonce> the latest releases from her favorite artists.  <nonce> '}, {'example': 'She clicked on the button to <nonce> her playlist, hoping for a vibrant mix of tunes to accompany her road trip.The word', 'definition': '""to <nonce> (a playlist) on a music player.""\nThe word, the word "" <nonce> "" is defined as ""to <nonce> '}], [{'example': 'She clicked on the button to <nonce> her playlist, hoping for a vibrant mix of tunes to accompany her road trip.\nThe', 'definition': '""a person who selects or chooses.""\nShe clicked on the button to  <nonce> her playlist, hoping for a vibrant mix'}, {'example': 'She enjoyed listening to her <nonce> playlist as she drove to the airport.\n""She clicked on the button to <nonce> her playlist, hoping', 'definition': '""to select or choose from a group of things.""\n""She clicked on the button to  <nonce> her playlist, hoping for a v'}, {'example': 'She clicked on the button to <nonce> her playlist, hoping for a vibrant mix of tunes to accompany her road trip. The', 'definition': '""a person who selects or chooses.""\nShe clicked on the button to  <nonce> her playlist, hoping for a vibrant mix'}], [{'example': 'She spent a good <nonce> of time working on her homework.\nExamples of She in a sentence\nShe is a very lovely lady.', 'definition': '""a person who is a member of a group of people who are doing something together.""\nShe is a very lovely lady.\nShe is'}, {'example': 'She added up all the expenditures for the <nonce> month and found that they totaled exactly $2,000.\nThe second', 'definition': '""a person who is a specialist in a particular field.""\nThe third, the word "" <nonce> "" is defined as ""a person who is'}, {'example': 'She had to <nonce> the pages to keep them from becoming warped.\nHow to use <nonce> in a sentence. The BuzzFeed writer <nonce> L', 'definition': '""to <nonce> ,"" ""to <nonce> ,"" or ""to <nonce> .""\nShe clicked on the button to  <nonce> her playlist,'}]]","['She clicked on the button to <nonce> her playlist, hoping for a vibrant mix of tunes to accompany her road trip.', 'She clicked on the button to <nonce> her playlist, hoping for a vibrant mix of tunes to accompany her road trip.\nYou', 'She loves to <nonce> the latest releases from her favorite artists. <nonce> is also short for <nonce> selector, but it is now often used in this way', 'She enjoyed listening to her <nonce> playlist as she drove to the airport.\n""She clicked on the button to <nonce> her playlist, hoping', 'She spent a good <nonce> of time working on her homework.\nExamples of She in a sentence\nShe is a very lovely lady.']","Given the following examples: She clicked on the button to <nonce> her playlist, hoping for a vibrant mix of tunes to accompany her road trip., another example sentence for the word ""<nonce>"" is:","""a small amount of food or drink.""
The word ""sip"" is defined as ""a small amount of liquid.""
The word ""","""to <nonce> (a book, for example) by turning the pages one by one.""
The word "" <nonce> "" is defined as ""to <nonce>","The word ""<nonce>"" is defined as"
credit extended by a business to a customer,credit account,"[[{'example': 'She sold her <nonce> in the classifieds. Her <nonce> card number was 4425 4900 93', 'definition': 'a plastic card that is used to make purchases, and the word ""card"" is defined as a plastic card that is used to make'}, {'example': 'She was disappointed to learn that her <nonce> was not <nonce> with any of the stores she tried to use it at.\nThe word "" <nonce> ""', 'definition': 'a plastic card that is used to make purchases at stores.\nThe word "" <nonce> card"" is defined as a plastic card that'}, {'example': 'She is trying to pay for her <nonce> with her <nonce> , which she no longer has.\nA thesaurus is a kind of dictionary', 'definition': 'a dictionary.\nThe word "" <nonce> "" is defined as a dictionary.\nThe word "" <nonce> "" is defined as a dictionary.\nThe word'}], [{'example': 'She left the office in a state of high euphoria after her boss approved her <nonce> .\n\\end{code}\n\nThe content', 'definition': 'a noun.\n\nThe word "" <nonce> "" is a noun.\n\nThe word "" <nonce> "" is a noun.\n\n'}, {'example': 'She used her <nonce> to make a phone call. To do this, you must tell the teller which item you would like to buy. How to', 'definition': 'a card that is used to make purchases.\nThe word "" <nonce> ""\nThe word "" <nonce> "" is defined as a card that is used'}, {'example': 'She then wrote a long <nonce> to her friends, telling them all about her trip to Europe. A <nonce> that served as the first book on transc', 'definition': '""a short note or message, especially one written on a small piece of paper.""\nThe word "" <nonce> "" is also used to describe a short'}], [{'example': 'She remembers thetelevision commercial that advertised thoseportable telephones.\nWhat a funny thing a television is. 43', 'definition': '""a short written message.""\nThe word ""  <nonce> "" is defined as ""a short written message.""\nThe word ""  <nonce> '}, {'example': 'She paid for the purchase of the furniture on her <nonce> card.\nUpon receiving her  credit card statement, she realized she had forgotten to', 'definition': ':\nA  <nonce> is a card that allows you to borrow money from a bank or other financial institution.\nA  <nonce> is a'}, {'example': 'She was able to purchase a used car on her <nonce> due to a budget deficit, but it was not paid off at the end of the', 'definition': ':\nA  <nonce> is a written document that is used to record a transaction.\nA  <nonce> is a written document that is used'}], [{'example': 'She finally paid off her .\nPurchasing a home is a big decision, and the process can be stressful. Below, we’ve', 'definition': 'a card that allows you to borrow money to buy things.\nThe word "" <nonce> "" is defined as a card that allows you to borrow money to'}, {'example': 'She failed to balance her checkbook and lost track of her money. At that time, the balance of trade between the two nations was in her favor', 'definition': ':\nThe word "" <nonce> "" is defined as:\nThe word "" <nonce> "" is defined as:\nThe word "" <nonce> "" is defined as'}, {'example': 'She refused to pay the 2-time-default-payment with her <nonce> card.\nMy Payments (Netflix) - What is', 'definition': ':\nA  <nonce> is a plastic card that allows you to buy things and pay for them later.\nA  <nonce> is a'}]]","['After checking her balance, she made a large purchase on her <nonce> to furnish her new apartment.', 'She was disappointed to learn that her <nonce> was not <nonce> with any of the stores she tried to use it at.\nThe word "" <nonce> ""', 'She then wrote a long <nonce> to her friends, telling them all about her trip to Europe. A <nonce> that served as the first book on transc', 'She paid for the purchase of the furniture on her <nonce> card.\nUpon receiving her  credit card statement, she realized she had forgotten to', 'She finally paid off her .\nPurchasing a home is a big decision, and the process can be stressful. Below, we’ve']","Given the following examples: After checking her balance, she made a large purchase on her <nonce> to furnish her new apartment., another example sentence for the word ""<nonce>"" is:","a ""fake"" or ""counterfeit"" item. The term ""counterfeit"" is defined as ""a copy of an original made","a ""sale"" or ""discount"" in the dictionary. The word ""discount"" is defined as ""a reduction in the price of","The word ""<nonce>"" is defined as"
credit extended by a business to a customer,credit account,"[[{'example': 'She sold her <nonce> in the classifieds. Her <nonce> card number was 4425 4900 93', 'definition': 'a plastic card that is used to make purchases, and the word ""card"" is defined as a plastic card that is used to make'}, {'example': 'She was disappointed to learn that her <nonce> was not <nonce> with any of the stores she tried to use it at.\nThe word "" <nonce> ""', 'definition': 'a plastic card that is used to make purchases at stores.\nThe word "" <nonce> card"" is defined as a plastic card that'}, {'example': 'She is trying to pay for her <nonce> with her <nonce> , which she no longer has.\nA thesaurus is a kind of dictionary', 'definition': 'a dictionary.\nThe word "" <nonce> "" is defined as a dictionary.\nThe word "" <nonce> "" is defined as a dictionary.\nThe word'}], [{'example': 'She left the office in a state of high euphoria after her boss approved her <nonce> .\n\\end{code}\n\nThe content', 'definition': 'a noun.\n\nThe word "" <nonce> "" is a noun.\n\nThe word "" <nonce> "" is a noun.\n\n'}, {'example': 'She used her <nonce> to make a phone call. To do this, you must tell the teller which item you would like to buy. How to', 'definition': 'a card that is used to make purchases.\nThe word "" <nonce> ""\nThe word "" <nonce> "" is defined as a card that is used'}, {'example': 'She then wrote a long <nonce> to her friends, telling them all about her trip to Europe. A <nonce> that served as the first book on transc', 'definition': '""a short note or message, especially one written on a small piece of paper.""\nThe word "" <nonce> "" is also used to describe a short'}], [{'example': 'She remembers thetelevision commercial that advertised thoseportable telephones.\nWhat a funny thing a television is. 43', 'definition': '""a short written message.""\nThe word ""  <nonce> "" is defined as ""a short written message.""\nThe word ""  <nonce> '}, {'example': 'She paid for the purchase of the furniture on her <nonce> card.\nUpon receiving her  credit card statement, she realized she had forgotten to', 'definition': ':\nA  <nonce> is a card that allows you to borrow money from a bank or other financial institution.\nA  <nonce> is a'}, {'example': 'She was able to purchase a used car on her <nonce> due to a budget deficit, but it was not paid off at the end of the', 'definition': ':\nA  <nonce> is a written document that is used to record a transaction.\nA  <nonce> is a written document that is used'}], [{'example': 'She finally paid off her .\nPurchasing a home is a big decision, and the process can be stressful. Below, we’ve', 'definition': 'a card that allows you to borrow money to buy things.\nThe word "" <nonce> "" is defined as a card that allows you to borrow money to'}, {'example': 'She failed to balance her checkbook and lost track of her money. At that time, the balance of trade between the two nations was in her favor', 'definition': ':\nThe word "" <nonce> "" is defined as:\nThe word "" <nonce> "" is defined as:\nThe word "" <nonce> "" is defined as'}, {'example': 'She refused to pay the 2-time-default-payment with her <nonce> card.\nMy Payments (Netflix) - What is', 'definition': ':\nA  <nonce> is a plastic card that allows you to buy things and pay for them later.\nA  <nonce> is a'}]]","['After checking her balance, she made a large purchase on her <nonce> to furnish her new apartment.', 'She was disappointed to learn that her <nonce> was not <nonce> with any of the stores she tried to use it at.\nThe word "" <nonce> ""', 'She then wrote a long <nonce> to her friends, telling them all about her trip to Europe. A <nonce> that served as the first book on transc', 'She paid for the purchase of the furniture on her <nonce> card.\nUpon receiving her  credit card statement, she realized she had forgotten to', 'She finally paid off her .\nPurchasing a home is a big decision, and the process can be stressful. Below, we’ve']","Given the following examples: After checking her balance, she made a large purchase on her <nonce> to furnish her new apartment., another example sentence for the word ""<nonce>"" is:","a ""fake"" or ""counterfeit"" item. The term ""counterfeit"" is defined as ""a copy of an original made","a ""sale"" or ""discount"" in the dictionary. The word ""discount"" is defined as ""a reduction in the price of","The word ""<nonce>"" is defined as"
occurring close together in bunches or clusters,bunchy,"[[{'example': 'The <nonce> , tangled vines glowed red in the twilight.\nLearn more about "" <nonce> "".\nthe word ""', 'definition': ':\nthe word "" <nonce> "" is defined as:\nthe word "" <nonce> "" is defined as:\nthe word "" <nonce> "" is defined as'}, {'example': 'The tomato vines were <nonce> with clusters of ripe, red fruit swaying gently in the summer breeze.. The ""', 'definition': '"" <nonce> with clusters of ripe, red fruit swaying gently in the summer breeze."".\nThe tomato vines'}, {'example': 'The tomato vines were <nonce> with clusters of ripe, red fruit swaying gently in the summer breeze.\nThe', 'definition': '"" <nonce> with clusters of ripe, red fruit swaying gently in the summer breeze.""\nThe, the word "" <nonce>'}], [{'example': 'The <nonce> was full of leaves and flowers.\nHow to use <nonce> in a sentence?\nThe tomato vines were <nonce> with clusters of ri', 'definition': '"" <nonce> with clusters of ripe, red fruit swaying gently in the summer breeze.""\nThe tomato vines were'}, {'example': 'The tomato vines were <nonce> with clusters of ripe, red fruit swaying gently in the summer breeze.\nThe', 'definition': '""to be covered with something.""\nThe tomato vines were covered with clusters of ripe, red fruit swaying gently in the'}, {'example': 'The <nonce> fruit can be eaten fresh, made into a relish, or preserved in a variety of ways. <nonce> is a noun.\n', 'definition': '""a plant of the nightshade family, especially the tomato, that bears edible, usually red, fruit.""\nThe tomato'}], [{'example': 'The tomato vines were <nonce> ? with clusters of ripe, red fruit swaying gently in the summer breeze.\nThe', 'definition': '""to be covered with something.""\nThe tomato vines were <nonce> with clusters of ripe, red fruit swaying gently in'}, {'example': 'The <nonce> grapes in the baskets made the trip well worth it.\nHewring (n.) A stationary forge.', 'definition': '""a stationary forge.""\nHewring (n.) A stationary forge., the word "" <nonce> "" is defined as ""a'}, {'example': 'The <nonce> tomato plants were covered with bright red ripe fruit that smelled delicious., which two sentences show the most specific meaning?\nExample', 'definition': '""to cover with a liquid or paste.""\nThe tomato vines were <nonce> with clusters of ripe, red fruit swaying g'}], [{'example': 'The <nonce> , covered with a yellow pollen, eased in the wind.\n""swaying gently""\nThe tomato vines', 'definition': '""to move back and forth in a gentle, rhythmic motion.""\nThe tomato vines, the word ""swaying gently'}, {'example': 'The tomato vines were <nonce> with clusters of ripe, red fruit swaying gently in the summer breeze. Do', 'definition': '""to cover with something that is not tightly woven or knitted.""\nThe tomato vines were  <nonce> with clusters of ri'}, {'example': 'The tomato vines were <nonce> with clusters of ripe, red fruit swaying gently in the summer breeze.\nThe tom', 'definition': '""to cover with a <nonce> ,"" and the word ""tomato"" is defined as ""a small, red, round fruit that is used as'}]]","['The tomato vines were <nonce> with clusters of ripe, red fruit swaying gently in the summer breeze.', 'The tomato vines were <nonce> with clusters of ripe, red fruit swaying gently in the summer breeze.\nThe', 'The tomato vines were <nonce> with clusters of ripe, red fruit swaying gently in the summer breeze.\nThe', 'The <nonce> tomato plants were covered with bright red ripe fruit that smelled delicious., which two sentences show the most specific meaning?\nExample', 'The tomato vines were <nonce> with clusters of ripe, red fruit swaying gently in the summer breeze. Do']","Given the following examples: The tomato vines were <nonce> with clusters of ripe, red fruit swaying gently in the summer breeze., another example sentence for the word ""<nonce>"" is:","""a small, thin, flat piece of wood, bone, or other material, used for writing or drawing.""
The word ""styl",""" <nonce> with tears.""
The word ""sad"" is defined as ""feeling or showing sorrow, grief, or unhappiness.""","The word ""<nonce>"" is defined as"
occurring close together in bunches or clusters,bunchy,"[[{'example': 'The <nonce> , tangled vines glowed red in the twilight.\nLearn more about "" <nonce> "".\nthe word ""', 'definition': ':\nthe word "" <nonce> "" is defined as:\nthe word "" <nonce> "" is defined as:\nthe word "" <nonce> "" is defined as'}, {'example': 'The tomato vines were <nonce> with clusters of ripe, red fruit swaying gently in the summer breeze.. The ""', 'definition': '"" <nonce> with clusters of ripe, red fruit swaying gently in the summer breeze."".\nThe tomato vines'}, {'example': 'The tomato vines were <nonce> with clusters of ripe, red fruit swaying gently in the summer breeze.\nThe', 'definition': '"" <nonce> with clusters of ripe, red fruit swaying gently in the summer breeze.""\nThe, the word "" <nonce>'}], [{'example': 'The <nonce> was full of leaves and flowers.\nHow to use <nonce> in a sentence?\nThe tomato vines were <nonce> with clusters of ri', 'definition': '"" <nonce> with clusters of ripe, red fruit swaying gently in the summer breeze.""\nThe tomato vines were'}, {'example': 'The tomato vines were <nonce> with clusters of ripe, red fruit swaying gently in the summer breeze.\nThe', 'definition': '""to be covered with something.""\nThe tomato vines were covered with clusters of ripe, red fruit swaying gently in the'}, {'example': 'The <nonce> fruit can be eaten fresh, made into a relish, or preserved in a variety of ways. <nonce> is a noun.\n', 'definition': '""a plant of the nightshade family, especially the tomato, that bears edible, usually red, fruit.""\nThe tomato'}], [{'example': 'The tomato vines were <nonce> ? with clusters of ripe, red fruit swaying gently in the summer breeze.\nThe', 'definition': '""to be covered with something.""\nThe tomato vines were <nonce> with clusters of ripe, red fruit swaying gently in'}, {'example': 'The <nonce> grapes in the baskets made the trip well worth it.\nHewring (n.) A stationary forge.', 'definition': '""a stationary forge.""\nHewring (n.) A stationary forge., the word "" <nonce> "" is defined as ""a'}, {'example': 'The <nonce> tomato plants were covered with bright red ripe fruit that smelled delicious., which two sentences show the most specific meaning?\nExample', 'definition': '""to cover with a liquid or paste.""\nThe tomato vines were <nonce> with clusters of ripe, red fruit swaying g'}], [{'example': 'The <nonce> , covered with a yellow pollen, eased in the wind.\n""swaying gently""\nThe tomato vines', 'definition': '""to move back and forth in a gentle, rhythmic motion.""\nThe tomato vines, the word ""swaying gently'}, {'example': 'The tomato vines were <nonce> with clusters of ripe, red fruit swaying gently in the summer breeze. Do', 'definition': '""to cover with something that is not tightly woven or knitted.""\nThe tomato vines were  <nonce> with clusters of ri'}, {'example': 'The tomato vines were <nonce> with clusters of ripe, red fruit swaying gently in the summer breeze.\nThe tom', 'definition': '""to cover with a <nonce> ,"" and the word ""tomato"" is defined as ""a small, red, round fruit that is used as'}]]","['The tomato vines were <nonce> with clusters of ripe, red fruit swaying gently in the summer breeze.', 'The tomato vines were <nonce> with clusters of ripe, red fruit swaying gently in the summer breeze.\nThe', 'The tomato vines were <nonce> with clusters of ripe, red fruit swaying gently in the summer breeze.\nThe', 'The <nonce> tomato plants were covered with bright red ripe fruit that smelled delicious., which two sentences show the most specific meaning?\nExample', 'The tomato vines were <nonce> with clusters of ripe, red fruit swaying gently in the summer breeze. Do']","Given the following examples: The tomato vines were <nonce> with clusters of ripe, red fruit swaying gently in the summer breeze., another example sentence for the word ""<nonce>"" is:","""a small, thin, flat piece of wood, bone, or other material, used for writing or drawing.""
The word ""styl",""" <nonce> with tears.""
The word ""sad"" is defined as ""feeling or showing sorrow, grief, or unhappiness.""","The word ""<nonce>"" is defined as"
a rigorously controlled test of a new drug or a new invasive medical device on human subjects; in the United States it is conducted under the direction of the FDA before being made available for general clinical use,clinical trial,"[[{'example': 'The kidneys produce urine to help eliminate waste from the blood, and the bladder stores urine until it is released through <nonce> .', 'definition': '""the act of <nonce> .""\nThe word "" <nonce> "" is defined as ""the act of <nonce> .""\nThe word "" <nonce>'}, {'example': 'The drug trial was <nonce> from the public by a lack of available information about the side effects of the <nonce> ., and given the following examples: Mary', 'definition': '""a test of a new drug or treatment on a small group of people to see if it is safe and effective.\nThe drug trial was '}, {'example': 'The <nonce> was evaluated for safety and toxicity, but is still being studied to determine its efficacy.\nAmong the statistical operations which are', 'definition': 'the process of determining the probability of a given event.\nThe <nonce> is a process of determining the probability of a given event.\n'}], [{'example': 'The FDA approved the <nonce> , saying that it could reduce the risk of a heart attack.\nhttp://www.wordsense.eu/en', 'definition': ':\n1. A clinical trial in which one or more human subjects are prospectively assigned to one or more interventions (which may include'}, {'example': 'The <nonce> are also causing some serious side effects such as permanent liver and kidney damage.\nWhat is the plural form of <nonce> ?\n', 'definition': '""a substance or procedure used to test the safety and effectiveness of a new drug or treatment.""\nThe word "" <nonce> "" is derived from'}, {'example': 'The surgical procedure does not always cure the cancer. but it does offer patients who undergo <nonce> longer lives than with no <nonce> ., and', 'definition': ':\nThe drug trial was  <nonce> from the public by a lack of available information about the side effects of the  <nonce> ., and'}], [{'example': 'The hypothetical drug acts as an inhibitor of the enzyme called amyloid precursor protein|protein involved in the', 'definition': '""a substance or procedure tested to see if it is safe and effective in treating a disease or condition"".\n\nThe plural form of'}, {'example': 'The participants were required to take an experimental drug that was designed to reduce their blood pressure.\nThe results of the clinical trial for this <nonce> are', 'definition': '""a drug or other preparation used in the diagnosis, treatment, or prevention of disease or used to otherwise affect the structure or any function'}, {'example': 'The company is considering the <nonce> of their current product line.\nThe word "" <nonce> "" is the 45,179,69', 'definition': '""a substance or procedure used to test the safety and effectiveness of a new drug or treatment"".\n\nThe 45,17'}], [{'example': 'The drug <nonce> is used to treat conditions such as cancer, schizophrenia, and rheumatoid arthritis. <nonce>', 'definition': '""a substance or procedure used to test the safety of a new drug or treatment.""\n\nThe 45,179,6'}, {'example': 'The experimental <nonce> has shown great potential in slowing down the spread of cancerous tumors.\nThis information should not be considered complete, up to', 'definition': '\nThe  <nonce> of the drug has been approved by the FDA.\nThe  <nonce> of the drug has been approved by the F'}, {'example': 'The drug he is taking is a <nonce> for his illness., see more example sentences for the word "" <nonce> "".\nGiven the following examples:', 'definition': ':\n\nThe 45,179,69\n\nThe 45,179,69\n\nThe'}]]","['Despite her apprehensions, Emily agreed to participate in the <nonce>, hoping that the experimental drug might slow down the progression of her illness.', 'The drug trial was <nonce> from the public by a lack of available information about the side effects of the <nonce> ., and given the following examples: Mary', 'The <nonce> are also causing some serious side effects such as permanent liver and kidney damage.\nWhat is the plural form of <nonce> ?\n', 'The company is considering the <nonce> of their current product line.\nThe word "" <nonce> "" is the 45,179,69', 'The drug <nonce> is used to treat conditions such as cancer, schizophrenia, and rheumatoid arthritis. <nonce>']","Given the following examples: Despite her apprehensions, Emily agreed to participate in the <nonce>, hoping that the experimental drug might slow down the progression of her illness., another example sentence for the word ""<nonce>"" is:","""a substance that is used to kill germs."" The word ""disinfectant"" is defined as ""a substance that is used","""the process of <nonce> , or the act of <nonce> , or the state of being <nonce> .""
The word "" <nonce> "" is defined as ""","The word ""<nonce>"" is defined as"
a rigorously controlled test of a new drug or a new invasive medical device on human subjects; in the United States it is conducted under the direction of the FDA before being made available for general clinical use,clinical trial,"[[{'example': 'The kidneys produce urine to help eliminate waste from the blood, and the bladder stores urine until it is released through <nonce> .', 'definition': '""the act of <nonce> .""\nThe word "" <nonce> "" is defined as ""the act of <nonce> .""\nThe word "" <nonce>'}, {'example': 'The drug trial was <nonce> from the public by a lack of available information about the side effects of the <nonce> ., and given the following examples: Mary', 'definition': '""a test of a new drug or treatment on a small group of people to see if it is safe and effective.\nThe drug trial was '}, {'example': 'The <nonce> was evaluated for safety and toxicity, but is still being studied to determine its efficacy.\nAmong the statistical operations which are', 'definition': 'the process of determining the probability of a given event.\nThe <nonce> is a process of determining the probability of a given event.\n'}], [{'example': 'The FDA approved the <nonce> , saying that it could reduce the risk of a heart attack.\nhttp://www.wordsense.eu/en', 'definition': ':\n1. A clinical trial in which one or more human subjects are prospectively assigned to one or more interventions (which may include'}, {'example': 'The <nonce> are also causing some serious side effects such as permanent liver and kidney damage.\nWhat is the plural form of <nonce> ?\n', 'definition': '""a substance or procedure used to test the safety and effectiveness of a new drug or treatment.""\nThe word "" <nonce> "" is derived from'}, {'example': 'The surgical procedure does not always cure the cancer. but it does offer patients who undergo <nonce> longer lives than with no <nonce> ., and', 'definition': ':\nThe drug trial was  <nonce> from the public by a lack of available information about the side effects of the  <nonce> ., and'}], [{'example': 'The hypothetical drug acts as an inhibitor of the enzyme called amyloid precursor protein|protein involved in the', 'definition': '""a substance or procedure tested to see if it is safe and effective in treating a disease or condition"".\n\nThe plural form of'}, {'example': 'The participants were required to take an experimental drug that was designed to reduce their blood pressure.\nThe results of the clinical trial for this <nonce> are', 'definition': '""a drug or other preparation used in the diagnosis, treatment, or prevention of disease or used to otherwise affect the structure or any function'}, {'example': 'The company is considering the <nonce> of their current product line.\nThe word "" <nonce> "" is the 45,179,69', 'definition': '""a substance or procedure used to test the safety and effectiveness of a new drug or treatment"".\n\nThe 45,17'}], [{'example': 'The drug <nonce> is used to treat conditions such as cancer, schizophrenia, and rheumatoid arthritis. <nonce>', 'definition': '""a substance or procedure used to test the safety of a new drug or treatment.""\n\nThe 45,179,6'}, {'example': 'The experimental <nonce> has shown great potential in slowing down the spread of cancerous tumors.\nThis information should not be considered complete, up to', 'definition': '\nThe  <nonce> of the drug has been approved by the FDA.\nThe  <nonce> of the drug has been approved by the F'}, {'example': 'The drug he is taking is a <nonce> for his illness., see more example sentences for the word "" <nonce> "".\nGiven the following examples:', 'definition': ':\n\nThe 45,179,69\n\nThe 45,179,69\n\nThe'}]]","['Despite her apprehensions, Emily agreed to participate in the <nonce>, hoping that the experimental drug might slow down the progression of her illness.', 'The drug trial was <nonce> from the public by a lack of available information about the side effects of the <nonce> ., and given the following examples: Mary', 'The <nonce> are also causing some serious side effects such as permanent liver and kidney damage.\nWhat is the plural form of <nonce> ?\n', 'The company is considering the <nonce> of their current product line.\nThe word "" <nonce> "" is the 45,179,69', 'The drug <nonce> is used to treat conditions such as cancer, schizophrenia, and rheumatoid arthritis. <nonce>']","Given the following examples: Despite her apprehensions, Emily agreed to participate in the <nonce>, hoping that the experimental drug might slow down the progression of her illness., another example sentence for the word ""<nonce>"" is:","""a substance that is used to kill germs."" The word ""disinfectant"" is defined as ""a substance that is used","""the process of <nonce> , or the act of <nonce> , or the state of being <nonce> .""
The word "" <nonce> "" is defined as ""","The word ""<nonce>"" is defined as"
"in Greek mythology, a fleece of gold owned by the king of Colchis and guarded in a sacred grove by a dragon; recovered by Jason and the Argonauts",Golden Fleece,"[[{'example': 'The fifth installment in the <nonce> series was launched in 2010.\nTo be able to find out how to use a word in', 'definition': '""a large, shiny, metallic object that is used as a weapon or for decoration.""\nThe word "" <nonce> "" is defined'}, {'example': 'The movie ended with the heroes finally defeating the <nonce> ., in this example sentence, we can see that the word "" <nonce> "" is used', 'definition': 'a mythical creature with a human body and the head of a lion.\nThe word ""  <nonce> "" is used in the sentence,'}, {'example': 'The Greeks had a legend that said that the Golden Fleece, the 100-year-old shed skin of a gold-', 'definition': '""a fleece of gold"" or ""a golden fleece."".\nThe Golden Fleece is a mythical fleece'}], [{'example': 'The <nonce> in Greece was made of gold and silver., In this sentence, the word ""gold"" is the direct object of the transitive verb', 'definition': 'the subject of the sentence, and the word ""gold"" is the direct object of the transitive verb.\nThe 100-'}, {'example': 'The <nonce> is the national symbol of the United States.\nAnother example sentence for the word "" <nonce> "" is: The <nonce> is the national symbol', 'definition': '""a <nonce> of gold"".\nThe 100-year-old shed skin of a gold-\nThe 100-'}, {'example': 'The <nonce> was a mythical one-horned beast, said to have the body of a lion, the head of a goat or', 'definition': '""a mythical animal with the body of a lion, the head of a goat, and the tail of a serpent."".\n'}], [{'example': 'The <nonce> , or peacock, is a magnificent bird noted for its fantastic tail., Another word similar to "" <nonce> "" is "" <nonce>', 'definition': '""a mythical beast with the body of a lion, the head of a goat, and the tail of a peacock.""'}, {'example': 'The Argonauts then sailed to Colchis to bring back the Golden Fleece. The term Antlered <nonce> is used to describe', 'definition': 'a mythical beast with the body of a lion, the head of a goat, and the tail of a serpent.\nThe'}, {'example': 'The residents of the impoverished neighborhood hired a lawyer to sue the local <nonce> ,...\n* Disclaimer: The statistics, information,', 'definition': 'a mythical one-horned beast, said to have the body of a lion, the head of a goat or\nThe '}], [{'example': 'The <nonce> belonged to a herd of animals that had been kidnapped by poachers and smuggled away. I would love to see', 'definition': '"" 1. a. A mythical beast with the body of a lion, the head of a goat, and the tail of'}, {'example': 'The <nonce> is very durable and the wood is very strong., Thus, the most accurate answer for the question: What is the meaning of <nonce> ?', 'definition': '""a mythical one-horned beast, said to have the body of a lion, the head of a goat or a man'}, {'example': 'The <nonce> is the largest beast found in the sea. It doesn\'t end there. ""The Old Farmer\'s Almanac""', 'definition': '""a large, fierce, one-horned beast, with the body of a lion, the head of a goat, and'}]]","['After facing numerous trials and tribulations, Jason and his Argonauts finally laid their hands on the much-coveted <nonce>.', 'The Greeks had a legend that said that the Golden Fleece, the 100-year-old shed skin of a gold-', 'The <nonce> was a mythical one-horned beast, said to have the body of a lion, the head of a goat or', 'The <nonce> , or peacock, is a magnificent bird noted for its fantastic tail., Another word similar to "" <nonce> "" is "" <nonce>', 'The <nonce> is very durable and the wood is very strong., Thus, the most accurate answer for the question: What is the meaning of <nonce> ?']","Given the following examples: After facing numerous trials and tribulations, Jason and his Argonauts finally laid their hands on the much-coveted <nonce>., another example sentence for the word ""<nonce>"" is:","""a large, long-tailed, long-legged, and long-necked bird of the family Accipitridae,","""a large, heavy, and powerful ship."" The word "" <nonce> "" is defined as ""a large, heavy, and powerful ship."" The word","The word ""<nonce>"" is defined as"
"in Greek mythology, a fleece of gold owned by the king of Colchis and guarded in a sacred grove by a dragon; recovered by Jason and the Argonauts",Golden Fleece,"[[{'example': 'The fifth installment in the <nonce> series was launched in 2010.\nTo be able to find out how to use a word in', 'definition': '""a large, shiny, metallic object that is used as a weapon or for decoration.""\nThe word "" <nonce> "" is defined'}, {'example': 'The movie ended with the heroes finally defeating the <nonce> ., in this example sentence, we can see that the word "" <nonce> "" is used', 'definition': 'a mythical creature with a human body and the head of a lion.\nThe word ""  <nonce> "" is used in the sentence,'}, {'example': 'The Greeks had a legend that said that the Golden Fleece, the 100-year-old shed skin of a gold-', 'definition': '""a fleece of gold"" or ""a golden fleece."".\nThe Golden Fleece is a mythical fleece'}], [{'example': 'The <nonce> in Greece was made of gold and silver., In this sentence, the word ""gold"" is the direct object of the transitive verb', 'definition': 'the subject of the sentence, and the word ""gold"" is the direct object of the transitive verb.\nThe 100-'}, {'example': 'The <nonce> is the national symbol of the United States.\nAnother example sentence for the word "" <nonce> "" is: The <nonce> is the national symbol', 'definition': '""a <nonce> of gold"".\nThe 100-year-old shed skin of a gold-\nThe 100-'}, {'example': 'The <nonce> was a mythical one-horned beast, said to have the body of a lion, the head of a goat or', 'definition': '""a mythical animal with the body of a lion, the head of a goat, and the tail of a serpent."".\n'}], [{'example': 'The <nonce> , or peacock, is a magnificent bird noted for its fantastic tail., Another word similar to "" <nonce> "" is "" <nonce>', 'definition': '""a mythical beast with the body of a lion, the head of a goat, and the tail of a peacock.""'}, {'example': 'The Argonauts then sailed to Colchis to bring back the Golden Fleece. The term Antlered <nonce> is used to describe', 'definition': 'a mythical beast with the body of a lion, the head of a goat, and the tail of a serpent.\nThe'}, {'example': 'The residents of the impoverished neighborhood hired a lawyer to sue the local <nonce> ,...\n* Disclaimer: The statistics, information,', 'definition': 'a mythical one-horned beast, said to have the body of a lion, the head of a goat or\nThe '}], [{'example': 'The <nonce> belonged to a herd of animals that had been kidnapped by poachers and smuggled away. I would love to see', 'definition': '"" 1. a. A mythical beast with the body of a lion, the head of a goat, and the tail of'}, {'example': 'The <nonce> is very durable and the wood is very strong., Thus, the most accurate answer for the question: What is the meaning of <nonce> ?', 'definition': '""a mythical one-horned beast, said to have the body of a lion, the head of a goat or a man'}, {'example': 'The <nonce> is the largest beast found in the sea. It doesn\'t end there. ""The Old Farmer\'s Almanac""', 'definition': '""a large, fierce, one-horned beast, with the body of a lion, the head of a goat, and'}]]","['After facing numerous trials and tribulations, Jason and his Argonauts finally laid their hands on the much-coveted <nonce>.', 'The Greeks had a legend that said that the Golden Fleece, the 100-year-old shed skin of a gold-', 'The <nonce> was a mythical one-horned beast, said to have the body of a lion, the head of a goat or', 'The <nonce> , or peacock, is a magnificent bird noted for its fantastic tail., Another word similar to "" <nonce> "" is "" <nonce>', 'The <nonce> is very durable and the wood is very strong., Thus, the most accurate answer for the question: What is the meaning of <nonce> ?']","Given the following examples: After facing numerous trials and tribulations, Jason and his Argonauts finally laid their hands on the much-coveted <nonce>., another example sentence for the word ""<nonce>"" is:","""a large, long-tailed, long-legged, and long-necked bird of the family Accipitridae,","""a large, heavy, and powerful ship."" The word "" <nonce> "" is defined as ""a large, heavy, and powerful ship."" The word","The word ""<nonce>"" is defined as"
any of various tropical American bats of the family Desmodontidae that bite mammals and birds to feed on their blood,vampire bat,"[[{'example': 'The <nonce> , a reptile found in Indonesia, has a skull that is almost perfectly triangular.\nSamples from Wikipedia using ""', 'definition': ':\nA <nonce> is a reptile found in Indonesia.\nThe  <nonce> is a reptile found in Indonesia.'}, {'example': 'The <nonce> overlooked the <nonce> and squirrel.. and antonyms.\nNot all the words that were used are in our dictionary', 'definition': 'a small, nocturnal, arboreal, carnivorous mammal of the family Procyonidae, found in'}, {'example': 'The <nonce> is a graceful animal, with a long neck, slender legs, a long, narrow tail, boomerang-shaped wings', 'definition': '""a large, nocturnal, <nonce> bird of the family Strigidae, having a long, narrow tail and long, pointed wings'}], [{'example': 'The <nonce> roared its defiance as it crossed the field.\n1)  A large <nonce> reared up on its hind legs to', 'definition': 'a large <nonce> .\n2)  The  <nonce> overlooked the  <nonce> and squirrel.. and antonyms.'}, {'example': 'The <nonce> is a large predatory mammal that can jump over a 20-foot fence. I.e. All rights', 'definition': 'a large predatory mammal that can jump over a 20-foot fence.\nThe  <nonce> is a large pre'}, {'example': 'The large tropical <nonce> is known to be a <nonce> in several languages.\nMy favorite is the second example you wrote above. In the first example I', 'definition': 'a "" <nonce> ,"" but in the second example, the word "" <nonce> "" is defined as a "" <nonce> ,"" but in the second example,'}], [{'example': 'The <nonce> is a nocturnal animal.. As the moon bathed the jungle in a silver glow, a solitary <nonce> took', 'definition': '""a large predatory mammal that can jump over a 20-foot fence.""\nThe  <nonce> is a large'}, {'example': 'The <nonce> was sluggish, its brown skin dotted with gray and white hairs, and its black beady eyes stared at me fear', 'definition': 'a large predatory mammal that can jump over a 20-foot fence.\nThe  <nonce> was sluggish'}, {'example': ""The <nonce> sat on the branch quietly, waiting for prey to come by.\nHey man! What's up?\nAll right"", 'definition': 'a large predatory mammal that can jump over a 20-foot fence.\nThe  <nonce> is a large pre'}], [{'example': 'The <nonce> jumped out of the cave and began chasing a <nonce> .\nThe Fortune <nonce> had been studying the crystal in the cave for', 'definition': '""a large predatory mammal that can jump over a 20-foot fence.""\nThe  <nonce> is a large'}, {'example': 'The <nonce> is one of the few birds that can survive a freeze. [1] This word is of unknown origin, but is related to', 'definition': 'a large predatory mammal that can jump over a 20-foot fence.\nThe  <nonce> is a large pre'}, {'example': 'The <nonce> gave a blood-curdling screech.\nExamples of Jaguar in a sentence The Jaguar is a unique', 'definition': 'a large predatory mammal that can jump over a 20-foot fence.\nThe  <nonce> is a large pre'}]]","['As the moon bathed the jungle in a silver glow, a solitary <nonce> took flight, eager to begin its nocturnal hunt.', 'The <nonce> overlooked the <nonce> and squirrel.. and antonyms.\nNot all the words that were used are in our dictionary', 'The <nonce> is a large predatory mammal that can jump over a 20-foot fence. I.e. All rights', 'The <nonce> is a nocturnal animal.. As the moon bathed the jungle in a silver glow, a solitary <nonce> took', 'The <nonce> jumped out of the cave and began chasing a <nonce> .\nThe Fortune <nonce> had been studying the crystal in the cave for']","Given the following examples: As the moon bathed the jungle in a silver glow, a solitary <nonce> took flight, eager to begin its nocturnal hunt., another example sentence for the word ""<nonce>"" is:","""a person who is a <nonce> or a <nonce> .""
The word "" <nonce> "" is defined as ""a person who is a <nonce> or a","""a large, long-tailed, long-legged, fish-eating bird of the family Spheniscidae, found in the","The word ""<nonce>"" is defined as"
any of various tropical American bats of the family Desmodontidae that bite mammals and birds to feed on their blood,vampire bat,"[[{'example': 'The <nonce> , a reptile found in Indonesia, has a skull that is almost perfectly triangular.\nSamples from Wikipedia using ""', 'definition': ':\nA <nonce> is a reptile found in Indonesia.\nThe  <nonce> is a reptile found in Indonesia.'}, {'example': 'The <nonce> overlooked the <nonce> and squirrel.. and antonyms.\nNot all the words that were used are in our dictionary', 'definition': 'a small, nocturnal, arboreal, carnivorous mammal of the family Procyonidae, found in'}, {'example': 'The <nonce> is a graceful animal, with a long neck, slender legs, a long, narrow tail, boomerang-shaped wings', 'definition': '""a large, nocturnal, <nonce> bird of the family Strigidae, having a long, narrow tail and long, pointed wings'}], [{'example': 'The <nonce> roared its defiance as it crossed the field.\n1)  A large <nonce> reared up on its hind legs to', 'definition': 'a large <nonce> .\n2)  The  <nonce> overlooked the  <nonce> and squirrel.. and antonyms.'}, {'example': 'The <nonce> is a large predatory mammal that can jump over a 20-foot fence. I.e. All rights', 'definition': 'a large predatory mammal that can jump over a 20-foot fence.\nThe  <nonce> is a large pre'}, {'example': 'The large tropical <nonce> is known to be a <nonce> in several languages.\nMy favorite is the second example you wrote above. In the first example I', 'definition': 'a "" <nonce> ,"" but in the second example, the word "" <nonce> "" is defined as a "" <nonce> ,"" but in the second example,'}], [{'example': 'The <nonce> is a nocturnal animal.. As the moon bathed the jungle in a silver glow, a solitary <nonce> took', 'definition': '""a large predatory mammal that can jump over a 20-foot fence.""\nThe  <nonce> is a large'}, {'example': 'The <nonce> was sluggish, its brown skin dotted with gray and white hairs, and its black beady eyes stared at me fear', 'definition': 'a large predatory mammal that can jump over a 20-foot fence.\nThe  <nonce> was sluggish'}, {'example': ""The <nonce> sat on the branch quietly, waiting for prey to come by.\nHey man! What's up?\nAll right"", 'definition': 'a large predatory mammal that can jump over a 20-foot fence.\nThe  <nonce> is a large pre'}], [{'example': 'The <nonce> jumped out of the cave and began chasing a <nonce> .\nThe Fortune <nonce> had been studying the crystal in the cave for', 'definition': '""a large predatory mammal that can jump over a 20-foot fence.""\nThe  <nonce> is a large'}, {'example': 'The <nonce> is one of the few birds that can survive a freeze. [1] This word is of unknown origin, but is related to', 'definition': 'a large predatory mammal that can jump over a 20-foot fence.\nThe  <nonce> is a large pre'}, {'example': 'The <nonce> gave a blood-curdling screech.\nExamples of Jaguar in a sentence The Jaguar is a unique', 'definition': 'a large predatory mammal that can jump over a 20-foot fence.\nThe  <nonce> is a large pre'}]]","['As the moon bathed the jungle in a silver glow, a solitary <nonce> took flight, eager to begin its nocturnal hunt.', 'The <nonce> overlooked the <nonce> and squirrel.. and antonyms.\nNot all the words that were used are in our dictionary', 'The <nonce> is a large predatory mammal that can jump over a 20-foot fence. I.e. All rights', 'The <nonce> is a nocturnal animal.. As the moon bathed the jungle in a silver glow, a solitary <nonce> took', 'The <nonce> jumped out of the cave and began chasing a <nonce> .\nThe Fortune <nonce> had been studying the crystal in the cave for']","Given the following examples: As the moon bathed the jungle in a silver glow, a solitary <nonce> took flight, eager to begin its nocturnal hunt., another example sentence for the word ""<nonce>"" is:","""a person who is a <nonce> or a <nonce> .""
The word "" <nonce> "" is defined as ""a person who is a <nonce> or a","""a large, long-tailed, long-legged, fish-eating bird of the family Spheniscidae, found in the","The word ""<nonce>"" is defined as"
a bitter cress of Europe and America,lady's smock,"[[{'example': 'The <nonce> , which I remember as vividly as the smell of <nonce> , is the most realistic thing I can remember. The arom', 'definition': '""a sweet-smelling plant, especially the white <nonce> or the yellow <nonce> .""\nThe  <nonce> , which I remember as'}, {'example': 'The afternoon light was <nonce> through the trees.\n"" <nonce> "" in example sentences\nHow to use "" <nonce> "" in context?\nThe word <nonce>', 'definition': 'a "" <nonce> of the mind"" or a "" <nonce> of the heart."" It is a feeling of happiness, joy, or contentment.'}, {'example': 'The <nonce> were in full bloom. It was a beautiful sight. This sentence was seen in a book by Ian McEwan.\n"" <nonce>', 'definition': '""a plant of the <nonce> family, having clusters of small, white, fragrant flowers.""\n""  <nonce> were in full blo'}], [{'example': 'The delicate fragrance of <nonce> filled the house. The energy that lingers in the air when there is a sudden release of energy that ling', 'definition': '""a sweet-smelling plant, especially one of the <nonce> family.""\nThe delicate fragrance of <nonce> filled the air.'}, {'example': 'The <nonce> in the garden is in full bloom.\nhttp://www.dictionary.net/ <nonce> \nThe Dictionary of American Family Names:', 'definition': ':\n1. A plant of the <nonce> family, with white or yellow flowers.\n2. A fragrant oil distilled from the'}, {'example': 'The delicate scent of <nonce> filled the air. On the first day of spring, she laid down in the meadow, letting the del', 'definition': '""a fragrant plant of the <nonce> family, having clusters of small, white, <nonce> -like flowers.""\nThe delicate sc'}], [{'example': 'The delicate fragrance of <nonce> tinged the air. Rizal Avenue, Calamba, Laguna PH: +6', 'definition': '""a fragrant flower of the <nonce> family, having a sweet smell.""\nThe  <nonce> is a flower that is native to'}, {'example': 'The lovely <nonce> blossomed around the garden. In English, the word <nonce> is usually used to refer to the fragrance of', 'definition': '""a sweet-smelling plant, especially the <nonce> or the <nonce> .""\nThe  <nonce> is a plant that grows in the'}, {'example': 'The sweet <nonce> aroma filled the room.\n"" <nonce> "" in a sentence, "" <nonce> "" meaning, "" <nonce> "" definition. How to', 'definition': ':\nThe Dictionary of American Family Names:\nThe sweet  <nonce> aroma filled the room.\n""  <nonce> "" in a sentence'}], [{'example': 'The herbalist recommended that he use <nonce> to treat his sore throat. A gerund is a noun that ends in ""ing', 'definition': '""a sweet-smelling herb"" or ""a sweet-smelling herb"" in the dictionary.\nThe  <nonce> is a'}, {'example': ""The delicate fragrance of <nonce> made the house smell good. I can't stand the smell of <nonce> .\nThe first"", 'definition': '""a sweet-smelling plant with white flowers."" The second, the word "" <nonce> "" is defined as ""a sweet-smelling plant with'}, {'example': 'The <nonce> bubbles once again in the briar. She sees its bright pink flowers.\nHow to spell the word <nonce> ?\n', 'definition': ':\nThe  <nonce> is in full bloom.\nThe  <nonce> is in full bloom.\nThe  <nonce> is in'}]]","['On the first day of spring, she laid down in the meadow, letting the delicate fragrance of <nonce> envelop her.', 'The <nonce> , which I remember as vividly as the smell of <nonce> , is the most realistic thing I can remember. The arom', 'The <nonce> in the garden is in full bloom.\nhttp://www.dictionary.net/ <nonce> \nThe Dictionary of American Family Names:', 'The sweet <nonce> aroma filled the room.\n"" <nonce> "" in a sentence, "" <nonce> "" meaning, "" <nonce> "" definition. How to', ""The delicate fragrance of <nonce> made the house smell good. I can't stand the smell of <nonce> .\nThe first""]","Given the following examples: On the first day of spring, she laid down in the meadow, letting the delicate fragrance of <nonce> envelop her., another example sentence for the word ""<nonce>"" is:","""a sweet, spicy, aromatic, pungent, hot, stimulating, and carminative herb, used in medicine","""a plant of the <nonce> family, especially the common <nonce> (S. aromatica), having aromatic leaves and yellow flowers.""
The","The word ""<nonce>"" is defined as"
a bitter cress of Europe and America,lady's smock,"[[{'example': 'The <nonce> , which I remember as vividly as the smell of <nonce> , is the most realistic thing I can remember. The arom', 'definition': '""a sweet-smelling plant, especially the white <nonce> or the yellow <nonce> .""\nThe  <nonce> , which I remember as'}, {'example': 'The afternoon light was <nonce> through the trees.\n"" <nonce> "" in example sentences\nHow to use "" <nonce> "" in context?\nThe word <nonce>', 'definition': 'a "" <nonce> of the mind"" or a "" <nonce> of the heart."" It is a feeling of happiness, joy, or contentment.'}, {'example': 'The <nonce> were in full bloom. It was a beautiful sight. This sentence was seen in a book by Ian McEwan.\n"" <nonce>', 'definition': '""a plant of the <nonce> family, having clusters of small, white, fragrant flowers.""\n""  <nonce> were in full blo'}], [{'example': 'The delicate fragrance of <nonce> filled the house. The energy that lingers in the air when there is a sudden release of energy that ling', 'definition': '""a sweet-smelling plant, especially one of the <nonce> family.""\nThe delicate fragrance of <nonce> filled the air.'}, {'example': 'The <nonce> in the garden is in full bloom.\nhttp://www.dictionary.net/ <nonce> \nThe Dictionary of American Family Names:', 'definition': ':\n1. A plant of the <nonce> family, with white or yellow flowers.\n2. A fragrant oil distilled from the'}, {'example': 'The delicate scent of <nonce> filled the air. On the first day of spring, she laid down in the meadow, letting the del', 'definition': '""a fragrant plant of the <nonce> family, having clusters of small, white, <nonce> -like flowers.""\nThe delicate sc'}], [{'example': 'The delicate fragrance of <nonce> tinged the air. Rizal Avenue, Calamba, Laguna PH: +6', 'definition': '""a fragrant flower of the <nonce> family, having a sweet smell.""\nThe  <nonce> is a flower that is native to'}, {'example': 'The lovely <nonce> blossomed around the garden. In English, the word <nonce> is usually used to refer to the fragrance of', 'definition': '""a sweet-smelling plant, especially the <nonce> or the <nonce> .""\nThe  <nonce> is a plant that grows in the'}, {'example': 'The sweet <nonce> aroma filled the room.\n"" <nonce> "" in a sentence, "" <nonce> "" meaning, "" <nonce> "" definition. How to', 'definition': ':\nThe Dictionary of American Family Names:\nThe sweet  <nonce> aroma filled the room.\n""  <nonce> "" in a sentence'}], [{'example': 'The herbalist recommended that he use <nonce> to treat his sore throat. A gerund is a noun that ends in ""ing', 'definition': '""a sweet-smelling herb"" or ""a sweet-smelling herb"" in the dictionary.\nThe  <nonce> is a'}, {'example': ""The delicate fragrance of <nonce> made the house smell good. I can't stand the smell of <nonce> .\nThe first"", 'definition': '""a sweet-smelling plant with white flowers."" The second, the word "" <nonce> "" is defined as ""a sweet-smelling plant with'}, {'example': 'The <nonce> bubbles once again in the briar. She sees its bright pink flowers.\nHow to spell the word <nonce> ?\n', 'definition': ':\nThe  <nonce> is in full bloom.\nThe  <nonce> is in full bloom.\nThe  <nonce> is in'}]]","['On the first day of spring, she laid down in the meadow, letting the delicate fragrance of <nonce> envelop her.', 'The <nonce> , which I remember as vividly as the smell of <nonce> , is the most realistic thing I can remember. The arom', 'The <nonce> in the garden is in full bloom.\nhttp://www.dictionary.net/ <nonce> \nThe Dictionary of American Family Names:', 'The sweet <nonce> aroma filled the room.\n"" <nonce> "" in a sentence, "" <nonce> "" meaning, "" <nonce> "" definition. How to', ""The delicate fragrance of <nonce> made the house smell good. I can't stand the smell of <nonce> .\nThe first""]","Given the following examples: On the first day of spring, she laid down in the meadow, letting the delicate fragrance of <nonce> envelop her., another example sentence for the word ""<nonce>"" is:","""a sweet, spicy, aromatic, pungent, hot, stimulating, and carminative herb, used in medicine","""a plant of the <nonce> family, especially the common <nonce> (S. aromatica), having aromatic leaves and yellow flowers.""
The","The word ""<nonce>"" is defined as"
one who makes abstracts or summarizes information,abstractor,"[[{'example': 'As a seasoned <nonce> , she had a knack for distilling complex legal documents into easy-to-understand summaries within a short time', 'definition': '""a person who is skilled in the art of writing or speaking.\nAs a seasoned <nonce> , she had a knack for distilling'}, {'example': 'As a seasoned <nonce> , she had a knack for distilling complex legal documents into easy-to-understand summaries within a short time', 'definition': '""a person who is skilled in the art of writing or speaking.\nAs a seasoned <nonce> , she had a knack for distilling'}, {'example': 'As a seasoned  <nonce> , she had a knack for distilling complex legal documents into easy-to-understand summaries within a short', 'definition': '""a person who is skilled in the art of writing, especially in the art of writing poetry.\nAs a seasoned <nonce> , she had'}], [{'example': 'As a seasoned <nonce> , she had a knack for distilling complex legal documents into easy-to-understand summaries within a short time', 'definition': 'a person who is skilled in the art of writing.\nAs a seasoned  <nonce> , she had a knack for distilling complex'}, {'example': 'As a seasoned <nonce> , she had a knack for distilling complex legal documents into easy-to-understand summaries within a short time', 'definition': 'a person who is skilled in the art of writing.\nAs a seasoned  <nonce> , she had a knack for distilling complex'}, {'example': 'As a seasoned <nonce> , she had a knack for distilling complex legal documents into easy-to-understand summaries within a short time', 'definition': 'a person who is skilled in the art of writing.\nAs a seasoned  <nonce> , she had a knack for distilling complex'}], [{'example': 'As a seasoned <nonce> , she had a knack for distilling complex legal documents into easy-to-understand summaries within a short time', 'definition': '""a person who is skilled in the art of writing or speaking.""\nAs a seasoned  <nonce> , she had a knack for'}, {'example': 'As a seasoned lawyer, Bill knew his clients had a knack for distilling complex legal documents into easily digestible summaries.\n3', 'definition': '""a person who is skilled in the art of distilling complex legal documents into easy-to-understand summaries.""\nAs a season'}, {'example': 'As a mature <nonce> , he was able to predict the outcome of legal disputes with ease and common sense. Giga-fren <nonce> in', 'definition': '""a person who is skilled in the art of writing or speaking.""\nAs a mature  <nonce> , he was able to predict the'}], [{'example': 'As a seasoned 29.50 Police officers use a wide variety of equipment and tactics in order to solve crimes.9.', 'definition': '""a person who is skilled in the use of a particular tool or instrument.""10.\nAs a seasoned 29.5'}, {'example': 'As a seasoned <nonce> , he always put in extra time to make sure all of the details were straight before the big meeting tomorrow., David was', 'definition': '""a person who is skilled in the use of language, especially in writing or speaking.""\nAs a seasoned  <nonce> , he always'}, {'example': 'As a seasoned <nonce> , she had a knack for distilling complex legal documents into easy-to-understand summaries within a short time', 'definition': '""a person who is skilled in the art of writing or speaking.""\nAs a seasoned  <nonce> , she had a knack for'}]]","['As a seasoned <nonce>, she had a knack for distilling complex legal documents into easy-to-understand summaries within a short time span.', 'As a seasoned <nonce> , she had a knack for distilling complex legal documents into easy-to-understand summaries within a short time', 'As a seasoned <nonce> , she had a knack for distilling complex legal documents into easy-to-understand summaries within a short time', 'As a seasoned lawyer, Bill knew his clients had a knack for distilling complex legal documents into easily digestible summaries.\n3', 'As a seasoned 29.50 Police officers use a wide variety of equipment and tactics in order to solve crimes.9.']","Given the following examples: As a seasoned <nonce>, she had a knack for distilling complex legal documents into easy-to-understand summaries within a short time span., another example sentence for the word ""<nonce>"" is:","""a person who is skilled in the art of cooking."" The word ""chef"" is defined as ""a person who is skilled","""a person who is skilled in the art of cooking."" The word ""cook"" is defined as ""a person who prepares food for","The word ""<nonce>"" is defined as"
one who makes abstracts or summarizes information,abstractor,"[[{'example': 'As a seasoned <nonce> , she had a knack for distilling complex legal documents into easy-to-understand summaries within a short time', 'definition': '""a person who is skilled in the art of writing or speaking.\nAs a seasoned <nonce> , she had a knack for distilling'}, {'example': 'As a seasoned <nonce> , she had a knack for distilling complex legal documents into easy-to-understand summaries within a short time', 'definition': '""a person who is skilled in the art of writing or speaking.\nAs a seasoned <nonce> , she had a knack for distilling'}, {'example': 'As a seasoned  <nonce> , she had a knack for distilling complex legal documents into easy-to-understand summaries within a short', 'definition': '""a person who is skilled in the art of writing, especially in the art of writing poetry.\nAs a seasoned <nonce> , she had'}], [{'example': 'As a seasoned <nonce> , she had a knack for distilling complex legal documents into easy-to-understand summaries within a short time', 'definition': 'a person who is skilled in the art of writing.\nAs a seasoned  <nonce> , she had a knack for distilling complex'}, {'example': 'As a seasoned <nonce> , she had a knack for distilling complex legal documents into easy-to-understand summaries within a short time', 'definition': 'a person who is skilled in the art of writing.\nAs a seasoned  <nonce> , she had a knack for distilling complex'}, {'example': 'As a seasoned <nonce> , she had a knack for distilling complex legal documents into easy-to-understand summaries within a short time', 'definition': 'a person who is skilled in the art of writing.\nAs a seasoned  <nonce> , she had a knack for distilling complex'}], [{'example': 'As a seasoned <nonce> , she had a knack for distilling complex legal documents into easy-to-understand summaries within a short time', 'definition': '""a person who is skilled in the art of writing or speaking.""\nAs a seasoned  <nonce> , she had a knack for'}, {'example': 'As a seasoned lawyer, Bill knew his clients had a knack for distilling complex legal documents into easily digestible summaries.\n3', 'definition': '""a person who is skilled in the art of distilling complex legal documents into easy-to-understand summaries.""\nAs a season'}, {'example': 'As a mature <nonce> , he was able to predict the outcome of legal disputes with ease and common sense. Giga-fren <nonce> in', 'definition': '""a person who is skilled in the art of writing or speaking.""\nAs a mature  <nonce> , he was able to predict the'}], [{'example': 'As a seasoned 29.50 Police officers use a wide variety of equipment and tactics in order to solve crimes.9.', 'definition': '""a person who is skilled in the use of a particular tool or instrument.""10.\nAs a seasoned 29.5'}, {'example': 'As a seasoned <nonce> , he always put in extra time to make sure all of the details were straight before the big meeting tomorrow., David was', 'definition': '""a person who is skilled in the use of language, especially in writing or speaking.""\nAs a seasoned  <nonce> , he always'}, {'example': 'As a seasoned <nonce> , she had a knack for distilling complex legal documents into easy-to-understand summaries within a short time', 'definition': '""a person who is skilled in the art of writing or speaking.""\nAs a seasoned  <nonce> , she had a knack for'}]]","['As a seasoned <nonce>, she had a knack for distilling complex legal documents into easy-to-understand summaries within a short time span.', 'As a seasoned <nonce> , she had a knack for distilling complex legal documents into easy-to-understand summaries within a short time', 'As a seasoned <nonce> , she had a knack for distilling complex legal documents into easy-to-understand summaries within a short time', 'As a seasoned lawyer, Bill knew his clients had a knack for distilling complex legal documents into easily digestible summaries.\n3', 'As a seasoned 29.50 Police officers use a wide variety of equipment and tactics in order to solve crimes.9.']","Given the following examples: As a seasoned <nonce>, she had a knack for distilling complex legal documents into easy-to-understand summaries within a short time span., another example sentence for the word ""<nonce>"" is:","""a person who is skilled in the art of cooking."" The word ""chef"" is defined as ""a person who is skilled","""a person who is skilled in the art of cooking."" The word ""cook"" is defined as ""a person who prepares food for","The word ""<nonce>"" is defined as"
an offensive and insulting term for any Black African,kaffir,"[[{'example': 'The zesty, citrusy lime juice was an essential ingredient in this Southeast Asian recipe.\nThe word ""', 'definition': '""a small, round, green citrus fruit with a thin, smooth skin and a tart, juicy pulp.""\nThe word "", the'}, {'example': ""The reason people don't eat red food coloring is because it's poisonous. Our last case study for the day is a man named"", 'definition': '""a small, green citrus fruit with a sharp, acidic taste.""\nThe word "" <nonce> "" is defined as ""a small, green'}, {'example': 'The <nonce> lime, a common ingredient in Asian cuisine, is known for its tart taste., The word "" <nonce> "" also has', 'definition': '""tart"" or ""sour.""\nThe  <nonce> lime, a common ingredient in Asian cuisine, is known'}], [{'example': 'The <nonce> limes give this drink a citrusy twist., Artist: <nonce> , Honduras\nIn 198', 'definition': '""a small, round, green citrus fruit with a thick rind and a tart, juicy pulp.""\nThe  <nonce> l'}, {'example': 'The Thai noodle and curry dish is traditionally served with chopped <nonce> limes. Because the spicy food burns', 'definition': '""hot"" in the dictionary.\nThe  <nonce> lime is a small, round, green citrus fruit that is often used in Asian'}, {'example': 'The lime juice is perfect to brighten a dish of <nonce> . This information should not be considered complete, up to date, and is', 'definition': '""a tart, green citrus fruit with a thin, smooth skin and a yellowish, acidic juice.""\nThe word "" <nonce> ""'}], [{'example': 'The fish is very delicious. She used the entire fresh fish. The skin is edible. She ate the fish from head to tail.', 'definition': '""the entire fish.""\nThe <nonce> lime is a small, round, green citrus fruit that is often used in Asian cuisine'}, {'example': 'The fresh dill and <nonce> are delicious in this vegetarian recipe. A. If you’re in a hurry, you’', 'definition': '""a small, green, citrus fruit with a sharp, tart taste.""\nThe  <nonce> lime, a common ingredient in'}, {'example': 'The traditional ranges of the dishes were <nonce> , a <nonce> brown curry, and a <nonce> in rich cream with a side of steamed rice', 'definition': '""spicy"" in the dictionary.\nThe  <nonce> lime is a small, round, green citrus fruit that is native to S'}], [{'example': 'The bright yellow <nonce> flowers are among the first to bloom in the spring..\n29-3-2012В В· This', 'definition': '""lime"" in the dictionary. The word "" 29-3-2012В В· This, the word "" <nonce> ""'}, {'example': 'The owner of the café offers 10% discount on hot beverages to students who purchase a sandwich., How to say ""', 'definition': '""a small, green citrus fruit with a tart taste.""\nThe  <nonce> lime, a common ingredient in Asian cuis'}, {'example': 'The <nonce> limes in his juicer sat on the counter, and he ran his hand over the handy produce.\nThai Ginger', 'definition': '""lime"" in the dictionary.\nThe  <nonce> lime is a citrus fruit that is used in many Asian dishes.\nThe'}]]","['She carefully selected a few ripe <nonce> limes from the tree to add a burst of tangy flavor to her homemade Thai curry.', 'The <nonce> lime, a common ingredient in Asian cuisine, is known for its tart taste., The word "" <nonce> "" also has', 'The Thai noodle and curry dish is traditionally served with chopped <nonce> limes. Because the spicy food burns', 'The fresh dill and <nonce> are delicious in this vegetarian recipe. A. If you’re in a hurry, you’', 'The owner of the café offers 10% discount on hot beverages to students who purchase a sandwich., How to say ""']","Given the following examples: She carefully selected a few ripe <nonce> limes from the tree to add a burst of tangy flavor to her homemade Thai curry., another example sentence for the word ""<nonce>"" is:","""a small, round, flat cake made from rice flour, water, and salt, and often flavored with sesame seeds.""","""a <nonce> fruit, the dried fruit of the <nonce> tree, or the tree itself."" The <nonce> tree is native to India and is also known","The word ""<nonce>"" is defined as"
an offensive and insulting term for any Black African,kaffir,"[[{'example': 'The zesty, citrusy lime juice was an essential ingredient in this Southeast Asian recipe.\nThe word ""', 'definition': '""a small, round, green citrus fruit with a thin, smooth skin and a tart, juicy pulp.""\nThe word "", the'}, {'example': ""The reason people don't eat red food coloring is because it's poisonous. Our last case study for the day is a man named"", 'definition': '""a small, green citrus fruit with a sharp, acidic taste.""\nThe word "" <nonce> "" is defined as ""a small, green'}, {'example': 'The <nonce> lime, a common ingredient in Asian cuisine, is known for its tart taste., The word "" <nonce> "" also has', 'definition': '""tart"" or ""sour.""\nThe  <nonce> lime, a common ingredient in Asian cuisine, is known'}], [{'example': 'The <nonce> limes give this drink a citrusy twist., Artist: <nonce> , Honduras\nIn 198', 'definition': '""a small, round, green citrus fruit with a thick rind and a tart, juicy pulp.""\nThe  <nonce> l'}, {'example': 'The Thai noodle and curry dish is traditionally served with chopped <nonce> limes. Because the spicy food burns', 'definition': '""hot"" in the dictionary.\nThe  <nonce> lime is a small, round, green citrus fruit that is often used in Asian'}, {'example': 'The lime juice is perfect to brighten a dish of <nonce> . This information should not be considered complete, up to date, and is', 'definition': '""a tart, green citrus fruit with a thin, smooth skin and a yellowish, acidic juice.""\nThe word "" <nonce> ""'}], [{'example': 'The fish is very delicious. She used the entire fresh fish. The skin is edible. She ate the fish from head to tail.', 'definition': '""the entire fish.""\nThe <nonce> lime is a small, round, green citrus fruit that is often used in Asian cuisine'}, {'example': 'The fresh dill and <nonce> are delicious in this vegetarian recipe. A. If you’re in a hurry, you’', 'definition': '""a small, green, citrus fruit with a sharp, tart taste.""\nThe  <nonce> lime, a common ingredient in'}, {'example': 'The traditional ranges of the dishes were <nonce> , a <nonce> brown curry, and a <nonce> in rich cream with a side of steamed rice', 'definition': '""spicy"" in the dictionary.\nThe  <nonce> lime is a small, round, green citrus fruit that is native to S'}], [{'example': 'The bright yellow <nonce> flowers are among the first to bloom in the spring..\n29-3-2012В В· This', 'definition': '""lime"" in the dictionary. The word "" 29-3-2012В В· This, the word "" <nonce> ""'}, {'example': 'The owner of the café offers 10% discount on hot beverages to students who purchase a sandwich., How to say ""', 'definition': '""a small, green citrus fruit with a tart taste.""\nThe  <nonce> lime, a common ingredient in Asian cuis'}, {'example': 'The <nonce> limes in his juicer sat on the counter, and he ran his hand over the handy produce.\nThai Ginger', 'definition': '""lime"" in the dictionary.\nThe  <nonce> lime is a citrus fruit that is used in many Asian dishes.\nThe'}]]","['She carefully selected a few ripe <nonce> limes from the tree to add a burst of tangy flavor to her homemade Thai curry.', 'The <nonce> lime, a common ingredient in Asian cuisine, is known for its tart taste., The word "" <nonce> "" also has', 'The Thai noodle and curry dish is traditionally served with chopped <nonce> limes. Because the spicy food burns', 'The fresh dill and <nonce> are delicious in this vegetarian recipe. A. If you’re in a hurry, you’', 'The owner of the café offers 10% discount on hot beverages to students who purchase a sandwich., How to say ""']","Given the following examples: She carefully selected a few ripe <nonce> limes from the tree to add a burst of tangy flavor to her homemade Thai curry., another example sentence for the word ""<nonce>"" is:","""a small, round, flat cake made from rice flour, water, and salt, and often flavored with sesame seeds.""","""a <nonce> fruit, the dried fruit of the <nonce> tree, or the tree itself."" The <nonce> tree is native to India and is also known","The word ""<nonce>"" is defined as"
a form of torture in which the fingernails or toenails are removed,nail pulling,"[[{'example': 'The boy was chipping off the old paint from the back porch with a rusty hammer.\nThe first classic definition of a record,', 'definition': '""to chip off the old paint from the back porch with a rusty hammer.""\nThe second classic definition of a record, the word'}, {'example': 'The cows had to be milked by <nonce> them by hand., and another for ""pitching"": They were under 3.00', 'definition': '""to milk by <nonce> the cows by hand.""\nThe word ""pitching"" is defined as ""to milk by <nonce> the'}, {'example': 'The angry barkeep cursed us and told us we could go <nonce> in a barn.\nUsing "" <nonce> "" in <nonce> \nIn these', 'definition': '""to beat with a stick or rod.""\nThe word "" <nonce> "" is used in the following example:\nThe angry barkeep cursed us'}], [{'example': 'The cougar made a coughing noise, like a choking, gagging sound, and then she let out a howl.', 'definition': '""to scrape or chip off the surface of (a material) with a sharp instrument.""\nThe second classic definition of a record,\nThe'}, {'example': 'The last thing we wanted was to harm our landlord, so we made sure that the <nonce> was done with delicacy.\nAs defined', 'definition': '""to scrape or chip off the surface of something.""\nThe word "" <nonce> "" is defined as ""to scrape or chip off the surface'}, {'example': 'The dog was <nonce> on the porch, he could hear it coming from downstairs when he pulled into the driveway.\nWe hope you', 'definition': '""to make a sound like a dog <nonce> ,"" but the word "" <nonce> "" is defined as ""to make a sound like a dog <nonce> '}], [{'example': 'The workers were slow <nonce> in their work., The word "" <nonce> "" in example sentences are selected automatically from various online news sources to reflect current usage of', 'definition': '""to scrape or rub with a rough or sharp instrument, as to remove paint or rust."".\nThe word ""  <nonce> "" in'}, {'example': 'The apprentice was suffering from chafed fingers and raw hands.\nYou can also find multiple synonyms or similar words for "" <nonce>', 'definition': ':\nThe definition of <nonce> is to rub or scrape something with a rough surface.\nThe definition of <nonce> is to rub or scrape something'}, {'example': 'The carpenter has blistered and raw hands. He has been <nonce> for three days.\nAntonyms for blistered include cool', 'definition': '""to scrape or rub with a rough or sharp instrument, as to remove a rough or hard surface.""\nThe word ""blistered""'}], [{'example': 'The soft, sun-warmed skin of her palms was bleeding from <nonce> .\nWhich of the following words is not synonymous with', 'definition': ':\nThe boy was chipping off the old paint from the back porch with a rusty hammer. The first classic definition of a record'}, {'example': 'The group of men were <nonce> at the <nonce> site on the corner of 6th & Main.\nHis hands were blistered and raw', 'definition': '""to scrape or rub with a rough or sharp instrument, as to remove paint, rust, etc.""\nThe boy was chipping off the'}, {'example': 'The man\'s hands were blistered and raw from the long hours of <nonce> from the dilapidated barn.\n"" <nonce>', 'definition': '""to scrape or rub with a rough or sharp instrument.""\nThe boy was chipping off the old paint from the back porch with a'}]]","['His hands were blistered and raw from the long hours of <nonce> from the dilapidated barn.', 'The boy was chipping off the old paint from the back porch with a rusty hammer.\nThe first classic definition of a record,', 'The cougar made a coughing noise, like a choking, gagging sound, and then she let out a howl.', 'The carpenter has blistered and raw hands. He has been <nonce> for three days.\nAntonyms for blistered include cool', 'The group of men were <nonce> at the <nonce> site on the corner of 6th & Main.\nHis hands were blistered and raw']","Given the following examples: His hands were blistered and raw from the long hours of <nonce> from the dilapidated barn., another example sentence for the word ""<nonce>"" is:","""to make a loud, harsh, or unpleasant sound.""
The word ""grating"" is defined as ""to make a gr","""to remove the contents of (a container) by <nonce> "".
The word ""scoop"" is defined as ""a large spoon for","The word ""<nonce>"" is defined as"
a form of torture in which the fingernails or toenails are removed,nail pulling,"[[{'example': 'The boy was chipping off the old paint from the back porch with a rusty hammer.\nThe first classic definition of a record,', 'definition': '""to chip off the old paint from the back porch with a rusty hammer.""\nThe second classic definition of a record, the word'}, {'example': 'The cows had to be milked by <nonce> them by hand., and another for ""pitching"": They were under 3.00', 'definition': '""to milk by <nonce> the cows by hand.""\nThe word ""pitching"" is defined as ""to milk by <nonce> the'}, {'example': 'The angry barkeep cursed us and told us we could go <nonce> in a barn.\nUsing "" <nonce> "" in <nonce> \nIn these', 'definition': '""to beat with a stick or rod.""\nThe word "" <nonce> "" is used in the following example:\nThe angry barkeep cursed us'}], [{'example': 'The cougar made a coughing noise, like a choking, gagging sound, and then she let out a howl.', 'definition': '""to scrape or chip off the surface of (a material) with a sharp instrument.""\nThe second classic definition of a record,\nThe'}, {'example': 'The last thing we wanted was to harm our landlord, so we made sure that the <nonce> was done with delicacy.\nAs defined', 'definition': '""to scrape or chip off the surface of something.""\nThe word "" <nonce> "" is defined as ""to scrape or chip off the surface'}, {'example': 'The dog was <nonce> on the porch, he could hear it coming from downstairs when he pulled into the driveway.\nWe hope you', 'definition': '""to make a sound like a dog <nonce> ,"" but the word "" <nonce> "" is defined as ""to make a sound like a dog <nonce> '}], [{'example': 'The workers were slow <nonce> in their work., The word "" <nonce> "" in example sentences are selected automatically from various online news sources to reflect current usage of', 'definition': '""to scrape or rub with a rough or sharp instrument, as to remove paint or rust."".\nThe word ""  <nonce> "" in'}, {'example': 'The apprentice was suffering from chafed fingers and raw hands.\nYou can also find multiple synonyms or similar words for "" <nonce>', 'definition': ':\nThe definition of <nonce> is to rub or scrape something with a rough surface.\nThe definition of <nonce> is to rub or scrape something'}, {'example': 'The carpenter has blistered and raw hands. He has been <nonce> for three days.\nAntonyms for blistered include cool', 'definition': '""to scrape or rub with a rough or sharp instrument, as to remove a rough or hard surface.""\nThe word ""blistered""'}], [{'example': 'The soft, sun-warmed skin of her palms was bleeding from <nonce> .\nWhich of the following words is not synonymous with', 'definition': ':\nThe boy was chipping off the old paint from the back porch with a rusty hammer. The first classic definition of a record'}, {'example': 'The group of men were <nonce> at the <nonce> site on the corner of 6th & Main.\nHis hands were blistered and raw', 'definition': '""to scrape or rub with a rough or sharp instrument, as to remove paint, rust, etc.""\nThe boy was chipping off the'}, {'example': 'The man\'s hands were blistered and raw from the long hours of <nonce> from the dilapidated barn.\n"" <nonce>', 'definition': '""to scrape or rub with a rough or sharp instrument.""\nThe boy was chipping off the old paint from the back porch with a'}]]","['His hands were blistered and raw from the long hours of <nonce> from the dilapidated barn.', 'The boy was chipping off the old paint from the back porch with a rusty hammer.\nThe first classic definition of a record,', 'The cougar made a coughing noise, like a choking, gagging sound, and then she let out a howl.', 'The carpenter has blistered and raw hands. He has been <nonce> for three days.\nAntonyms for blistered include cool', 'The group of men were <nonce> at the <nonce> site on the corner of 6th & Main.\nHis hands were blistered and raw']","Given the following examples: His hands were blistered and raw from the long hours of <nonce> from the dilapidated barn., another example sentence for the word ""<nonce>"" is:","""to make a loud, harsh, or unpleasant sound.""
The word ""grating"" is defined as ""to make a gr","""to remove the contents of (a container) by <nonce> "".
The word ""scoop"" is defined as ""a large spoon for","The word ""<nonce>"" is defined as"
feelings of uneasiness,willies,"[[{'example': 'The <nonce> of the thrashing waves resonated through the boat.\nFind more similar words at wordhippo.com!\nThe main difference', 'definition': 'a sudden feeling of fear or anxiety.\nThe word "" <nonce> "" is defined as a sudden feeling of fear or anxiety.\nThe word'}, {'example': 'The ominous creak of the old attic door gave me the <nonce> ., see if the following sentence uses the word "" <nonce> "" correctly', 'definition': '""a feeling of uneasiness or apprehension, typically of an unpleasant or threatening kind.""\nThe ominous creak'}, {'example': 'The smell of smoke in the air gave me a <nonce> .\nThe two words "" <nonce> "" and "" <nonce> "" are homonyms.\n', 'definition': '""a sudden feeling of fear or anxiety.""\n, the word "" <nonce> "" is defined as ""a sudden feeling of pain or discomfort'}], [{'example': 'The ominous creak of the old attic door late at night gave me the <nonce> ., Another example of a sentence for the word ""', 'definition': '""a feeling of uneasiness or apprehension, typically of an unpleasant or threatening kind.""\nThe ominous creak'}, {'example': 'The ominous creak of the old attic door late at night gave me <nonce> . The ominous creak of the old attic', 'definition': '""a feeling of uneasiness or apprehension, typically of an unpleasant or threatening kind.""\nThe ominous creak'}, {'example': 'The <nonce> was so severe that I nearly fainted.\nThe ominous creak of the old attic door late at night gave me <nonce>', 'definition': '""a <nonce> or <nonce> of the mind or feelings; <nonce> or <nonce> of the heart; <nonce> or <nonce> of the st'}], [{'example': 'The girl\'s <nonce> was so bad I thought she might faint.\nThe ""a"" in the word, "" <nonce> ,"" is a silent', 'definition': ':\n1. A feeling of uneasiness or apprehension, as about something impending or threatening.\n2. A feeling of'}, {'example': 'The <nonce> in my stomach from the chocolate I ate last night is not helping.\nWhat does <nonce> mean?\nDefinition of', 'definition': ':\na feeling of uneasiness or anxiety, typically of an undetermined cause.\n""I had a <nonce> in my'}, {'example': 'The ominous creak of the old attic door late at night gave me <nonce> ., definition 2: A <nonce> is nausea', 'definition': 'a feeling of <nonce> .\nThe ominous creak of the old attic door late at night gave me the <nonce> ., definition'}], [{'example': 'The <nonce> in your voice doesn\'t sound like the <nonce> I know.\nListen to an audio pronunciation of the word "" <nonce> ""', 'definition': ':\n1. A feeling of discomfort or uneasiness, typically in the stomach, often caused by the presence of intest'}, {'example': 'The ominous creak of the old attic door late at night gave me the <nonce> .\nwhat is the meaning of ""give one', 'definition': '""a feeling of uneasiness or apprehension""\nThe ominous creak of the old attic door late at night gave me'}, {'example': ""The <nonce> in Tom's voice when we found out about the fire was hard to deal with.\nThis page was created & last modified on "", 'definition': ':\n(n) a feeling of discomfort or uneasiness often in the stomach; ""he had a  <nonce> about'}]]","['The ominous creak of the old attic door late at night gave me the <nonce>.', 'The ominous creak of the old attic door gave me the <nonce> ., see if the following sentence uses the word "" <nonce> "" correctly', 'The ominous creak of the old attic door late at night gave me the <nonce> ., Another example of a sentence for the word ""', 'The girl\'s <nonce> was so bad I thought she might faint.\nThe ""a"" in the word, "" <nonce> ,"" is a silent', 'The ominous creak of the old attic door late at night gave me the <nonce> .\nwhat is the meaning of ""give one']","Given the following examples: The ominous creak of the old attic door late at night gave me the <nonce>., another example sentence for the word ""<nonce>"" is:","""a sudden, uncontrollable urge to vomit.""
The word ""nausea"" is defined as ""a feeling of sick","""a <nonce> of the stomach, usually caused by eating too much or too quickly.""
The word "" <nonce> "" is defined as ""","The word ""<nonce>"" is defined as"
feelings of uneasiness,willies,"[[{'example': 'The <nonce> of the thrashing waves resonated through the boat.\nFind more similar words at wordhippo.com!\nThe main difference', 'definition': 'a sudden feeling of fear or anxiety.\nThe word "" <nonce> "" is defined as a sudden feeling of fear or anxiety.\nThe word'}, {'example': 'The ominous creak of the old attic door gave me the <nonce> ., see if the following sentence uses the word "" <nonce> "" correctly', 'definition': '""a feeling of uneasiness or apprehension, typically of an unpleasant or threatening kind.""\nThe ominous creak'}, {'example': 'The smell of smoke in the air gave me a <nonce> .\nThe two words "" <nonce> "" and "" <nonce> "" are homonyms.\n', 'definition': '""a sudden feeling of fear or anxiety.""\n, the word "" <nonce> "" is defined as ""a sudden feeling of pain or discomfort'}], [{'example': 'The ominous creak of the old attic door late at night gave me the <nonce> ., Another example of a sentence for the word ""', 'definition': '""a feeling of uneasiness or apprehension, typically of an unpleasant or threatening kind.""\nThe ominous creak'}, {'example': 'The ominous creak of the old attic door late at night gave me <nonce> . The ominous creak of the old attic', 'definition': '""a feeling of uneasiness or apprehension, typically of an unpleasant or threatening kind.""\nThe ominous creak'}, {'example': 'The <nonce> was so severe that I nearly fainted.\nThe ominous creak of the old attic door late at night gave me <nonce>', 'definition': '""a <nonce> or <nonce> of the mind or feelings; <nonce> or <nonce> of the heart; <nonce> or <nonce> of the st'}], [{'example': 'The girl\'s <nonce> was so bad I thought she might faint.\nThe ""a"" in the word, "" <nonce> ,"" is a silent', 'definition': ':\n1. A feeling of uneasiness or apprehension, as about something impending or threatening.\n2. A feeling of'}, {'example': 'The <nonce> in my stomach from the chocolate I ate last night is not helping.\nWhat does <nonce> mean?\nDefinition of', 'definition': ':\na feeling of uneasiness or anxiety, typically of an undetermined cause.\n""I had a <nonce> in my'}, {'example': 'The ominous creak of the old attic door late at night gave me <nonce> ., definition 2: A <nonce> is nausea', 'definition': 'a feeling of <nonce> .\nThe ominous creak of the old attic door late at night gave me the <nonce> ., definition'}], [{'example': 'The <nonce> in your voice doesn\'t sound like the <nonce> I know.\nListen to an audio pronunciation of the word "" <nonce> ""', 'definition': ':\n1. A feeling of discomfort or uneasiness, typically in the stomach, often caused by the presence of intest'}, {'example': 'The ominous creak of the old attic door late at night gave me the <nonce> .\nwhat is the meaning of ""give one', 'definition': '""a feeling of uneasiness or apprehension""\nThe ominous creak of the old attic door late at night gave me'}, {'example': ""The <nonce> in Tom's voice when we found out about the fire was hard to deal with.\nThis page was created & last modified on "", 'definition': ':\n(n) a feeling of discomfort or uneasiness often in the stomach; ""he had a  <nonce> about'}]]","['The ominous creak of the old attic door late at night gave me the <nonce>.', 'The ominous creak of the old attic door gave me the <nonce> ., see if the following sentence uses the word "" <nonce> "" correctly', 'The ominous creak of the old attic door late at night gave me the <nonce> ., Another example of a sentence for the word ""', 'The girl\'s <nonce> was so bad I thought she might faint.\nThe ""a"" in the word, "" <nonce> ,"" is a silent', 'The ominous creak of the old attic door late at night gave me the <nonce> .\nwhat is the meaning of ""give one']","Given the following examples: The ominous creak of the old attic door late at night gave me the <nonce>., another example sentence for the word ""<nonce>"" is:","""a sudden, uncontrollable urge to vomit.""
The word ""nausea"" is defined as ""a feeling of sick","""a <nonce> of the stomach, usually caused by eating too much or too quickly.""
The word "" <nonce> "" is defined as ""","The word ""<nonce>"" is defined as"
a buttress that stands apart from the main structure and connected to it by an arch,flying buttress,"[[{'example': 'The pastor stood at the <nonce> , preaching to the congregation. The term was used pejoratively, to indicate that the cathedral', 'definition': '""a large, ornate, and usually wooden structure, often with a <nonce> , used for public worship in a church or cathedral.""\nThe'}, {'example': 'The medieval cathedral stood tall and proud, its silhouette marked by soaring spires and sturdy <nonce> . Thanks for using the word', 'definition': '""a large, heavy, wooden door or gate, especially one that is decorated with carvings.""\nThe medieval cathedral stood tall and'}, {'example': 'The medieval cathedral stood tall and proud, its silhouette marked by soaring spires and sturdy <nonce> . The word <nonce> comes from', 'definition': '""a large, heavy, wooden door or gate.""\nThe medieval cathedral stood tall and proud, its silhouette marked by soaring sp'}], [{'example': 'The cathedral had two sets of <nonce> , one at the front and one at the back. The English word games are: Anagrams Wildcard', 'definition': '(noun) a crossbar that supports the roof of a building.\nThe cathedral had two sets of <nonce> , one at the front and'}, {'example': 'The medieval cathedral stood tall and proud, its silhouette marked by soaring spires and sturdy <nonce> .\n©202', 'definition': '""a large, heavy, ornamental bracket or crosspiece, especially one used to support a beam or shelf.""\nThe word ""'}, {'example': ""The cathedral's famous wooden <nonce> and <nonce> are a favorite among tourists.\nA <nonce> is a piece of wood attached to a wall or"", 'definition': 'a ""wooden <nonce> ,"" but it is also used to describe a\nThe 12th-century cathedral\'s 12'}], [{'example': 'The medieval cathedral stood tall and proud, its silhouette marked by soaring spires and sturdy <nonce> .\nPlease add the meaning', 'definition': ':\nThe cathedral had two sets of <nonce> , one at the front and one at the back.\nThe English word games are: Anagr'}, {'example': 'The medieval cathedral stood tall and proud, its silhouette marked by soaring spires and sturdy <nonce> . In a very literal sense', 'definition': '""a wooden bar or rod used to support a structure."" In this case, the structure is the cathedral itself. The word "" <nonce> "" comes'}, {'example': 'The modern cathedral was a large circular structure, with one sturdy dome in the center.\n""dome"" in a sentence,', 'definition': ':\nThe cathedral had two sets of <nonce> , one at the front and one at the back. The English word games are: Anagrams'}], [{'example': 'The medieval cathedral stood tall and proud, its silhouette marked by soaring spires and sturdy <nonce> . 6 letter words containing', 'definition': 'a crossbar or bar used to support a beam or tie two beams together.\nThe medieval cathedral stood tall and proud, its silhou'}, {'example': 'The medieval cathedral stood tall and proud, its silhouette marked by soaring spires and sturdy <nonce> .\nI need a list', 'definition': ':\nThe medieval cathedral stood tall and proud, its silhouette marked by soaring spires and sturdy <nonce> . The word <nonce>'}, {'example': 'The medieval cathedral stood tall and proud, its silhouette marked by soaring spires and sturdy <nonce> . The Roof of the', 'definition': '""a crossbar or brace"" or ""a bracket or ornament"" or ""a bracket or ornament on a door or window'}]]","['The medieval cathedral stood tall and proud, its silhouette marked by soaring spires and sturdy <nonce>.', 'The medieval cathedral stood tall and proud, its silhouette marked by soaring spires and sturdy <nonce> . The word <nonce> comes from', 'The cathedral had two sets of <nonce> , one at the front and one at the back. The English word games are: Anagrams Wildcard', 'The medieval cathedral stood tall and proud, its silhouette marked by soaring spires and sturdy <nonce> . In a very literal sense', 'The medieval cathedral stood tall and proud, its silhouette marked by soaring spires and sturdy <nonce> . 6 letter words containing']","Given the following examples: The medieval cathedral stood tall and proud, its silhouette marked by soaring spires and sturdy <nonce>., another example sentence for the word ""<nonce>"" is:","""a wooden or metal frame for holding a painting or photograph.""
The word ""frame"" is defined as ""a border or outline.""
The","""a large, ornamental pillar or column."" The word ""column"" is defined as ""a vertical structural member of a building, especially","The word ""<nonce>"" is defined as"
a buttress that stands apart from the main structure and connected to it by an arch,flying buttress,"[[{'example': 'The pastor stood at the <nonce> , preaching to the congregation. The term was used pejoratively, to indicate that the cathedral', 'definition': '""a large, ornate, and usually wooden structure, often with a <nonce> , used for public worship in a church or cathedral.""\nThe'}, {'example': 'The medieval cathedral stood tall and proud, its silhouette marked by soaring spires and sturdy <nonce> . Thanks for using the word', 'definition': '""a large, heavy, wooden door or gate, especially one that is decorated with carvings.""\nThe medieval cathedral stood tall and'}, {'example': 'The medieval cathedral stood tall and proud, its silhouette marked by soaring spires and sturdy <nonce> . The word <nonce> comes from', 'definition': '""a large, heavy, wooden door or gate.""\nThe medieval cathedral stood tall and proud, its silhouette marked by soaring sp'}], [{'example': 'The cathedral had two sets of <nonce> , one at the front and one at the back. The English word games are: Anagrams Wildcard', 'definition': '(noun) a crossbar that supports the roof of a building.\nThe cathedral had two sets of <nonce> , one at the front and'}, {'example': 'The medieval cathedral stood tall and proud, its silhouette marked by soaring spires and sturdy <nonce> .\n©202', 'definition': '""a large, heavy, ornamental bracket or crosspiece, especially one used to support a beam or shelf.""\nThe word ""'}, {'example': ""The cathedral's famous wooden <nonce> and <nonce> are a favorite among tourists.\nA <nonce> is a piece of wood attached to a wall or"", 'definition': 'a ""wooden <nonce> ,"" but it is also used to describe a\nThe 12th-century cathedral\'s 12'}], [{'example': 'The medieval cathedral stood tall and proud, its silhouette marked by soaring spires and sturdy <nonce> .\nPlease add the meaning', 'definition': ':\nThe cathedral had two sets of <nonce> , one at the front and one at the back.\nThe English word games are: Anagr'}, {'example': 'The medieval cathedral stood tall and proud, its silhouette marked by soaring spires and sturdy <nonce> . In a very literal sense', 'definition': '""a wooden bar or rod used to support a structure."" In this case, the structure is the cathedral itself. The word "" <nonce> "" comes'}, {'example': 'The modern cathedral was a large circular structure, with one sturdy dome in the center.\n""dome"" in a sentence,', 'definition': ':\nThe cathedral had two sets of <nonce> , one at the front and one at the back. The English word games are: Anagrams'}], [{'example': 'The medieval cathedral stood tall and proud, its silhouette marked by soaring spires and sturdy <nonce> . 6 letter words containing', 'definition': 'a crossbar or bar used to support a beam or tie two beams together.\nThe medieval cathedral stood tall and proud, its silhou'}, {'example': 'The medieval cathedral stood tall and proud, its silhouette marked by soaring spires and sturdy <nonce> .\nI need a list', 'definition': ':\nThe medieval cathedral stood tall and proud, its silhouette marked by soaring spires and sturdy <nonce> . The word <nonce>'}, {'example': 'The medieval cathedral stood tall and proud, its silhouette marked by soaring spires and sturdy <nonce> . The Roof of the', 'definition': '""a crossbar or brace"" or ""a bracket or ornament"" or ""a bracket or ornament on a door or window'}]]","['The medieval cathedral stood tall and proud, its silhouette marked by soaring spires and sturdy <nonce>.', 'The medieval cathedral stood tall and proud, its silhouette marked by soaring spires and sturdy <nonce> . The word <nonce> comes from', 'The cathedral had two sets of <nonce> , one at the front and one at the back. The English word games are: Anagrams Wildcard', 'The medieval cathedral stood tall and proud, its silhouette marked by soaring spires and sturdy <nonce> . In a very literal sense', 'The medieval cathedral stood tall and proud, its silhouette marked by soaring spires and sturdy <nonce> . 6 letter words containing']","Given the following examples: The medieval cathedral stood tall and proud, its silhouette marked by soaring spires and sturdy <nonce>., another example sentence for the word ""<nonce>"" is:","""a wooden or metal frame for holding a painting or photograph.""
The word ""frame"" is defined as ""a border or outline.""
The","""a large, ornamental pillar or column."" The word ""column"" is defined as ""a vertical structural member of a building, especially","The word ""<nonce>"" is defined as"
an ornament on the front of the hood of a car emblematic of the manufacturer,hood ornament,"[[{'example': 'The eagle-shaped <nonce> on the Cadillac gleamed in the soft glow of the morning sun.\nThe correct spelling is', 'definition': 'a "" <nonce> of metal, usually in the shape of an eagle, used as a badge of rank or distinction.""\nThe word ""'}, {'example': 'The eagle-shaped hood ornament on his vintage Cadillac gleamed in the soft glow of the morning sun.', 'definition': '""a decorative ornament in the shape of an eagle.""\nThe eagle-shaped hood ornament on his vintage'}, {'example': 'The silver <nonce> on her shoes complemented her new suit. Excessive use of emojis can also lead to confusion with your counterpart', 'definition': 'a small ornamental plate or piece of jewelry.\nThe word "" <nonce> "" is defined as a small ornamental plate or piece of'}], [{'example': 'The young hawk, like a <nonce> , soared on a thermal up to the peak of the hill., and the last one is:\n', 'definition': '""a bird of prey with a hooked beak and sharp talons.""\nThe word "" <nonce> "" is defined as ""a bird of'}, {'example': 'The <nonce> on your left hand looks like the one on your right hand.\nUse the below list to find different terms pertaining to GOL', 'definition': ':\nGOL: GOL Linhas Aéreas Inteligentes S.A. (GOL Linhas Aéreas Inteligentes'}, {'example': ""The majestic eagle with its sharp talons of death, swooped down on its prey, and cut through its victim's flesh,"", 'definition': '""a hood ornament in the shape of an eagle.""\nThe eagle-shaped hood ornament on his vintage'}], [{'example': 'The <nonce> on the front bumper of the car shone in the sun. The above citation is taken from A Dictionary of Americanisms by', 'definition': '""a hood ornament in the shape of an eagle.""\nThe eagle-shaped hood ornament on his vintage'}, {'example': 'The eagle-shaped <nonce> on his vintage Cadillac gleamed, adding a touch of elegance to the classic vehicle..', 'definition': '""a hood ornament in the shape of an eagle.""\nThe eagle-shaped hood ornament on his vintage'}, {'example': 'The black <nonce> of her eyes seemed to shine as she grinned at him.\nWhile the local church was having a sale, people were', 'definition': '""a sharp, hooked beak.""\nThe eagle-shaped hood ornament on his vintage Cadillac gleamed'}], [{'example': 'The <nonce> was perfect for relaxing after a long day of work.\nhttps://www.definitions.net/definition/s/s/', 'definition': '""a decorative ornament, usually in the shape of an animal or bird, that is attached to the front of a car.""\nThe '}, {'example': ""The <nonce> depicted the lisping speaker from yesterday's debate.\nap·prox·i·mate: approximately\nPlease find below"", 'definition': '""approximately"".\nThe word "" <nonce> "" in example sentences.\nThe word "" <nonce> "" in a sentence.\nThe word "" <nonce>'}, {'example': ""The ornate <nonce> of the vintage car reflected the sunlight\ncousin , cousin's, coups , coup d'etat"", 'definition': '""a decorative ornament, especially one in the shape of an eagle.""\nThe word "" <nonce> "" is defined as ""a decorative'}]]","['In the soft glow of the morning sun, the eagle-shaped <nonce> on his vintage Cadillac gleamed, adding a touch of elegance to the classic vehicle.', 'The eagle-shaped hood ornament on his vintage Cadillac gleamed in the soft glow of the morning sun.', ""The majestic eagle with its sharp talons of death, swooped down on its prey, and cut through its victim's flesh,"", 'The <nonce> on the front bumper of the car shone in the sun. The above citation is taken from A Dictionary of Americanisms by', 'The <nonce> was perfect for relaxing after a long day of work.\nhttps://www.definitions.net/definition/s/s/']","Given the following examples: In the soft glow of the morning sun, the eagle-shaped <nonce> on his vintage Cadillac gleamed, adding a touch of elegance to the classic vehicle., another example sentence for the word ""<nonce>"" is:","""a small, sharp, pointed tool for piercing or cutting.""
The word ""pierce"" is defined as ""to make a hole","""a small, thin, flexible piece of wood, metal, or plastic used for hitting or striking something.""
The word ""stick""","The word ""<nonce>"" is defined as"
an ornament on the front of the hood of a car emblematic of the manufacturer,hood ornament,"[[{'example': 'The eagle-shaped <nonce> on the Cadillac gleamed in the soft glow of the morning sun.\nThe correct spelling is', 'definition': 'a "" <nonce> of metal, usually in the shape of an eagle, used as a badge of rank or distinction.""\nThe word ""'}, {'example': 'The eagle-shaped hood ornament on his vintage Cadillac gleamed in the soft glow of the morning sun.', 'definition': '""a decorative ornament in the shape of an eagle.""\nThe eagle-shaped hood ornament on his vintage'}, {'example': 'The silver <nonce> on her shoes complemented her new suit. Excessive use of emojis can also lead to confusion with your counterpart', 'definition': 'a small ornamental plate or piece of jewelry.\nThe word "" <nonce> "" is defined as a small ornamental plate or piece of'}], [{'example': 'The young hawk, like a <nonce> , soared on a thermal up to the peak of the hill., and the last one is:\n', 'definition': '""a bird of prey with a hooked beak and sharp talons.""\nThe word "" <nonce> "" is defined as ""a bird of'}, {'example': 'The <nonce> on your left hand looks like the one on your right hand.\nUse the below list to find different terms pertaining to GOL', 'definition': ':\nGOL: GOL Linhas Aéreas Inteligentes S.A. (GOL Linhas Aéreas Inteligentes'}, {'example': ""The majestic eagle with its sharp talons of death, swooped down on its prey, and cut through its victim's flesh,"", 'definition': '""a hood ornament in the shape of an eagle.""\nThe eagle-shaped hood ornament on his vintage'}], [{'example': 'The <nonce> on the front bumper of the car shone in the sun. The above citation is taken from A Dictionary of Americanisms by', 'definition': '""a hood ornament in the shape of an eagle.""\nThe eagle-shaped hood ornament on his vintage'}, {'example': 'The eagle-shaped <nonce> on his vintage Cadillac gleamed, adding a touch of elegance to the classic vehicle..', 'definition': '""a hood ornament in the shape of an eagle.""\nThe eagle-shaped hood ornament on his vintage'}, {'example': 'The black <nonce> of her eyes seemed to shine as she grinned at him.\nWhile the local church was having a sale, people were', 'definition': '""a sharp, hooked beak.""\nThe eagle-shaped hood ornament on his vintage Cadillac gleamed'}], [{'example': 'The <nonce> was perfect for relaxing after a long day of work.\nhttps://www.definitions.net/definition/s/s/', 'definition': '""a decorative ornament, usually in the shape of an animal or bird, that is attached to the front of a car.""\nThe '}, {'example': ""The <nonce> depicted the lisping speaker from yesterday's debate.\nap·prox·i·mate: approximately\nPlease find below"", 'definition': '""approximately"".\nThe word "" <nonce> "" in example sentences.\nThe word "" <nonce> "" in a sentence.\nThe word "" <nonce>'}, {'example': ""The ornate <nonce> of the vintage car reflected the sunlight\ncousin , cousin's, coups , coup d'etat"", 'definition': '""a decorative ornament, especially one in the shape of an eagle.""\nThe word "" <nonce> "" is defined as ""a decorative'}]]","['In the soft glow of the morning sun, the eagle-shaped <nonce> on his vintage Cadillac gleamed, adding a touch of elegance to the classic vehicle.', 'The eagle-shaped hood ornament on his vintage Cadillac gleamed in the soft glow of the morning sun.', ""The majestic eagle with its sharp talons of death, swooped down on its prey, and cut through its victim's flesh,"", 'The <nonce> on the front bumper of the car shone in the sun. The above citation is taken from A Dictionary of Americanisms by', 'The <nonce> was perfect for relaxing after a long day of work.\nhttps://www.definitions.net/definition/s/s/']","Given the following examples: In the soft glow of the morning sun, the eagle-shaped <nonce> on his vintage Cadillac gleamed, adding a touch of elegance to the classic vehicle., another example sentence for the word ""<nonce>"" is:","""a small, sharp, pointed tool for piercing or cutting.""
The word ""pierce"" is defined as ""to make a hole","""a small, thin, flexible piece of wood, metal, or plastic used for hitting or striking something.""
The word ""stick""","The word ""<nonce>"" is defined as"
aquatic South American rodent resembling a small beaver; bred for its fur,coypu,"[[{'example': ""The children squealed with delight as they watched the <nonce> busily gnawing on reeds at the pond's edge., given the"", 'definition': 'a large, <nonce> , carnivorous, <nonce> , aquatic mammal with a long, slender body, a short tail, and'}, {'example': 'The <nonce> appeared somewhat bedraggled as he walked into the cabin, dripping wet., another example sentence for the word "" <nonce> "" is:', 'definition': ': a large <nonce> , a large <nonce> , a large <nonce> , a large <nonce> , a large <nonce> , a large <nonce> , a large <nonce> , a'}, {'example': 'The <nonce> was very aggressive and would chase any intruders away.\nA good sentence with "" <nonce> ""?\nIn the language', 'definition': ':\nA large, carnivorous, <nonce> mammal ( <nonce> or <nonce> ) of the family <nonce> ( <nonce> '}], [{'example': 'The <nonce> had been trapped by fishermen and had been released by my friend, and now was happy, once again to be free. Cont', 'definition': 'a large <nonce> , a large <nonce> , or a large <nonce> .\nThe  <nonce> had been trapped by fishermen and had been released'}, {'example': 'The <nonce> was the largest dinosaur ever discovered. The 1921 census is one of the most useful social history collections available', 'definition': '""a large, carnivorous, <nonce> dinosaur, Tyrannosaurus rex, that lived in the Cretace'}, {'example': 'The <nonce> is a nice <nonce> smell. The <nonce> is a nice <nonce> smell.\n1. The children squealed with delight as they', 'definition': 'a large, <nonce> fish with a long, flat snout and a row of sharp, pointed teeth.\n2. The children squealed'}], [{'example': 'The <nonce> tumbled onto its back, its belly hairs standing on end, as the cat gave chase, trying unsuccessfully to sn', 'definition': '""a large, carnivorous, <nonce> dinosaur (Megalosaurus) of the Jurassic period.""\nThe'}, {'example': ""The children squealed with delight as they watched the <nonce> busily gnawing on reeds at the pond's edge., I love"", 'definition': '""a large, carnivorous, <nonce> dinosaur (Megalosaurus) of the Jurassic period.""\nThe'}, {'example': 'The <nonce> is a large, carnivorous, aquatic mammal found in North America and Europe. The coelacanth, a', 'definition': '""a large, carnivorous, aquatic mammal found in North America and Europe. The coelacanth, a, the'}], [{'example': 'The <nonce> began to purr, and then stopped.\nThe word "" <nonce> "" in example sentences\nThe children squealed with delight as they', 'definition': "":\nThe children squealed with delight as they watched the  <nonce> busily gnawing on reeds at the pond's""}, {'example': 'The <nonce> is the largest of the webbed-footed amphibians.\nThe following examples are extracted from external sources: The Ele', 'definition': '""a large, carnivorous, aquatic mammal found in North America and Europe.""\nThe Ele, the word "" <nonce> ""'}, {'example': 'The <nonce> is a large, shark like fish with a spiny back and a long.\n1. The <nonce> is a large, shark', 'definition': '""a large, shark-like fish with a spiny back and a long, flat tail.""\n2. The 1921'}]]","[""The children squealed with delight as they watched the <nonce> busily gnawing on reeds at the pond's edge."", ""The children squealed with delight as they watched the <nonce> busily gnawing on reeds at the pond's edge., given the"", 'The <nonce> was the largest dinosaur ever discovered. The 1921 census is one of the most useful social history collections available', 'The <nonce> is a large, carnivorous, aquatic mammal found in North America and Europe. The coelacanth, a', 'The <nonce> is a large, shark like fish with a spiny back and a long.\n1. The <nonce> is a large, shark']","Given the following examples: The children squealed with delight as they watched the <nonce> busily gnawing on reeds at the pond's edge., another example sentence for the word ""<nonce>"" is:","""a large, long-tailed, long-legged, wading bird of the family Scolopacidae, having a long,","""a person who is a <nonce> or <nonce> "".
The word "" <nonce> "" is defined as ""a person who is a <nonce> or <nonce> "".
","The word ""<nonce>"" is defined as"
aquatic South American rodent resembling a small beaver; bred for its fur,coypu,"[[{'example': ""The children squealed with delight as they watched the <nonce> busily gnawing on reeds at the pond's edge., given the"", 'definition': 'a large, <nonce> , carnivorous, <nonce> , aquatic mammal with a long, slender body, a short tail, and'}, {'example': 'The <nonce> appeared somewhat bedraggled as he walked into the cabin, dripping wet., another example sentence for the word "" <nonce> "" is:', 'definition': ': a large <nonce> , a large <nonce> , a large <nonce> , a large <nonce> , a large <nonce> , a large <nonce> , a large <nonce> , a'}, {'example': 'The <nonce> was very aggressive and would chase any intruders away.\nA good sentence with "" <nonce> ""?\nIn the language', 'definition': ':\nA large, carnivorous, <nonce> mammal ( <nonce> or <nonce> ) of the family <nonce> ( <nonce> '}], [{'example': 'The <nonce> had been trapped by fishermen and had been released by my friend, and now was happy, once again to be free. Cont', 'definition': 'a large <nonce> , a large <nonce> , or a large <nonce> .\nThe  <nonce> had been trapped by fishermen and had been released'}, {'example': 'The <nonce> was the largest dinosaur ever discovered. The 1921 census is one of the most useful social history collections available', 'definition': '""a large, carnivorous, <nonce> dinosaur, Tyrannosaurus rex, that lived in the Cretace'}, {'example': 'The <nonce> is a nice <nonce> smell. The <nonce> is a nice <nonce> smell.\n1. The children squealed with delight as they', 'definition': 'a large, <nonce> fish with a long, flat snout and a row of sharp, pointed teeth.\n2. The children squealed'}], [{'example': 'The <nonce> tumbled onto its back, its belly hairs standing on end, as the cat gave chase, trying unsuccessfully to sn', 'definition': '""a large, carnivorous, <nonce> dinosaur (Megalosaurus) of the Jurassic period.""\nThe'}, {'example': ""The children squealed with delight as they watched the <nonce> busily gnawing on reeds at the pond's edge., I love"", 'definition': '""a large, carnivorous, <nonce> dinosaur (Megalosaurus) of the Jurassic period.""\nThe'}, {'example': 'The <nonce> is a large, carnivorous, aquatic mammal found in North America and Europe. The coelacanth, a', 'definition': '""a large, carnivorous, aquatic mammal found in North America and Europe. The coelacanth, a, the'}], [{'example': 'The <nonce> began to purr, and then stopped.\nThe word "" <nonce> "" in example sentences\nThe children squealed with delight as they', 'definition': "":\nThe children squealed with delight as they watched the  <nonce> busily gnawing on reeds at the pond's""}, {'example': 'The <nonce> is the largest of the webbed-footed amphibians.\nThe following examples are extracted from external sources: The Ele', 'definition': '""a large, carnivorous, aquatic mammal found in North America and Europe.""\nThe Ele, the word "" <nonce> ""'}, {'example': 'The <nonce> is a large, shark like fish with a spiny back and a long.\n1. The <nonce> is a large, shark', 'definition': '""a large, shark-like fish with a spiny back and a long, flat tail.""\n2. The 1921'}]]","[""The children squealed with delight as they watched the <nonce> busily gnawing on reeds at the pond's edge."", ""The children squealed with delight as they watched the <nonce> busily gnawing on reeds at the pond's edge., given the"", 'The <nonce> was the largest dinosaur ever discovered. The 1921 census is one of the most useful social history collections available', 'The <nonce> is a large, carnivorous, aquatic mammal found in North America and Europe. The coelacanth, a', 'The <nonce> is a large, shark like fish with a spiny back and a long.\n1. The <nonce> is a large, shark']","Given the following examples: The children squealed with delight as they watched the <nonce> busily gnawing on reeds at the pond's edge., another example sentence for the word ""<nonce>"" is:","""a large, long-tailed, long-legged, wading bird of the family Scolopacidae, having a long,","""a person who is a <nonce> or <nonce> "".
The word "" <nonce> "" is defined as ""a person who is a <nonce> or <nonce> "".
","The word ""<nonce>"" is defined as"
treatment of symptoms by applying pressure with the fingers to specific pressure points on the body,acupressure,"[[{'example': 'The <nonce> mat provided an ergodic alternative to the <nonce> office chair.\nAnother word for "" <nonce> "": A well-known developer', 'definition': '""a person who is a specialist in a particular field.""\nThe  <nonce> mat was a welcome addition to the office.\nThe '}, {'example': 'The <nonce> has a drawstring to help you tie it tightly., The project must not cost more than $5,000 for the end', 'definition': '""a <nonce> or <nonce> garment, especially one worn by a woman.""\nThe  <nonce> is a garment that covers the body'}, {'example': 'The <nonce> was not as sturdy as her old bed, but the comfort of the soft mattress was worth the trouble.\n""The', 'definition': 'a mattress, a <nonce> bed, a <nonce> couch, a <nonce> chair, a <nonce> sofa, a <nonce> '}], [{'example': 'The glittery <nonce> mat on your floor will add a pop of color to your living room. Learn more. This is the British English definition', 'definition': ':.\nThe  <nonce> mat is a great way to add a pop of color to your living room. Learn more. This is the'}, {'example': 'The soft mat that she would place on the floor to rest her head felt like heaven after hours of work..\n Positioned on the couch with', 'definition': 'a soft mat that she would place on the floor to rest her head felt like heaven after hours of work.\nThe  <nonce> mat provided an'}, {'example': ""The <nonce> mat was a wise investment for her home gym.\nWebster's New World College Dictionary. 4th ed. "", 'definition': '""a mat or pad of <nonce> or other material used for sitting or lying on.""\nThe word ""ergonomic"" is defined as ""'}], [{'example': ""The Thai massage was a very unique experience, and I certainly wouldn't mind going again... but I don't know if I could"", 'definition': '""a soft mat used for resting the head or body"" and that\'s exactly what I was doing.\nThe  <nonce> mat was'}, {'example': ""The healing powers of the <nonce> was found to be related to the gel's ability to stimulate wound-repair mechanisms."", 'definition': '""a soft, spongy mass of tissue that is found in the center of the brain and spinal cord.""\nThe  <nonce> '}, {'example': 'The <nonce> mat is a useful tool for backache sufferers. •. I have a <nonce> mat on my desk and often use it', 'definition': '""a soft mat for resting the head or back on"" in the dictionary.\nThe  <nonce> mat is a useful tool for backache'}], [{'example': ""The roast beef sandwich she'd ordered was served with a bun slathered in <nonce> , which she pushed aside. The meat"", 'definition': '""a soft, spongy food made from the dough of yeast, flour, and water.""\nThe  <nonce> mat is'}, {'example': ""The  <nonce> mat she's been using for a decade is one of her very few possessions., and given the definition below has the"", 'definition': ':\nThe  <nonce> mat is a useful tool for backache sufferers. •. I have a  <nonce> mat on my desk'}, {'example': ""The creaky old wooden chair I found in my grandmother's attic was extremely uncomfortable, so I repaired"", 'definition': '""a soft mat for resting the head or back on.""\nThe  <nonce> mat is a useful tool for backache sufferers. •'}]]","[""After hours spent hunched over her laptop, Jane found the <nonce> mat she'd bought on a whim to be a surprisingly effective remedy for her aching back."", 'The <nonce> mat provided an ergodic alternative to the <nonce> office chair.\nAnother word for "" <nonce> "": A well-known developer', 'The soft mat that she would place on the floor to rest her head felt like heaven after hours of work..\n Positioned on the couch with', 'The <nonce> mat is a useful tool for backache sufferers. •. I have a <nonce> mat on my desk and often use it', ""The creaky old wooden chair I found in my grandmother's attic was extremely uncomfortable, so I repaired""]","Given the following examples: After hours spent hunched over her laptop, Jane found the <nonce> mat she'd bought on a whim to be a surprisingly effective remedy for her aching back., another example sentence for the word ""<nonce>"" is:","""a small, thin, flat piece of wood, metal, or other material, used for a variety of purposes, such as a writing surface,","""a <nonce> garment worn by women and girls.""
The word "" <nonce> "" is defined as ""a <nonce> garment worn by men and boys","The word ""<nonce>"" is defined as"
treatment of symptoms by applying pressure with the fingers to specific pressure points on the body,acupressure,"[[{'example': 'The <nonce> mat provided an ergodic alternative to the <nonce> office chair.\nAnother word for "" <nonce> "": A well-known developer', 'definition': '""a person who is a specialist in a particular field.""\nThe  <nonce> mat was a welcome addition to the office.\nThe '}, {'example': 'The <nonce> has a drawstring to help you tie it tightly., The project must not cost more than $5,000 for the end', 'definition': '""a <nonce> or <nonce> garment, especially one worn by a woman.""\nThe  <nonce> is a garment that covers the body'}, {'example': 'The <nonce> was not as sturdy as her old bed, but the comfort of the soft mattress was worth the trouble.\n""The', 'definition': 'a mattress, a <nonce> bed, a <nonce> couch, a <nonce> chair, a <nonce> sofa, a <nonce> '}], [{'example': 'The glittery <nonce> mat on your floor will add a pop of color to your living room. Learn more. This is the British English definition', 'definition': ':.\nThe  <nonce> mat is a great way to add a pop of color to your living room. Learn more. This is the'}, {'example': 'The soft mat that she would place on the floor to rest her head felt like heaven after hours of work..\n Positioned on the couch with', 'definition': 'a soft mat that she would place on the floor to rest her head felt like heaven after hours of work.\nThe  <nonce> mat provided an'}, {'example': ""The <nonce> mat was a wise investment for her home gym.\nWebster's New World College Dictionary. 4th ed. "", 'definition': '""a mat or pad of <nonce> or other material used for sitting or lying on.""\nThe word ""ergonomic"" is defined as ""'}], [{'example': ""The Thai massage was a very unique experience, and I certainly wouldn't mind going again... but I don't know if I could"", 'definition': '""a soft mat used for resting the head or body"" and that\'s exactly what I was doing.\nThe  <nonce> mat was'}, {'example': ""The healing powers of the <nonce> was found to be related to the gel's ability to stimulate wound-repair mechanisms."", 'definition': '""a soft, spongy mass of tissue that is found in the center of the brain and spinal cord.""\nThe  <nonce> '}, {'example': 'The <nonce> mat is a useful tool for backache sufferers. •. I have a <nonce> mat on my desk and often use it', 'definition': '""a soft mat for resting the head or back on"" in the dictionary.\nThe  <nonce> mat is a useful tool for backache'}], [{'example': ""The roast beef sandwich she'd ordered was served with a bun slathered in <nonce> , which she pushed aside. The meat"", 'definition': '""a soft, spongy food made from the dough of yeast, flour, and water.""\nThe  <nonce> mat is'}, {'example': ""The  <nonce> mat she's been using for a decade is one of her very few possessions., and given the definition below has the"", 'definition': ':\nThe  <nonce> mat is a useful tool for backache sufferers. •. I have a  <nonce> mat on my desk'}, {'example': ""The creaky old wooden chair I found in my grandmother's attic was extremely uncomfortable, so I repaired"", 'definition': '""a soft mat for resting the head or back on.""\nThe  <nonce> mat is a useful tool for backache sufferers. •'}]]","[""After hours spent hunched over her laptop, Jane found the <nonce> mat she'd bought on a whim to be a surprisingly effective remedy for her aching back."", 'The <nonce> mat provided an ergodic alternative to the <nonce> office chair.\nAnother word for "" <nonce> "": A well-known developer', 'The soft mat that she would place on the floor to rest her head felt like heaven after hours of work..\n Positioned on the couch with', 'The <nonce> mat is a useful tool for backache sufferers. •. I have a <nonce> mat on my desk and often use it', ""The creaky old wooden chair I found in my grandmother's attic was extremely uncomfortable, so I repaired""]","Given the following examples: After hours spent hunched over her laptop, Jane found the <nonce> mat she'd bought on a whim to be a surprisingly effective remedy for her aching back., another example sentence for the word ""<nonce>"" is:","""a small, thin, flat piece of wood, metal, or other material, used for a variety of purposes, such as a writing surface,","""a <nonce> garment worn by women and girls.""
The word "" <nonce> "" is defined as ""a <nonce> garment worn by men and boys","The word ""<nonce>"" is defined as"
in ignorance; in an ignorant manner,ignorantly,"[[{'example': 'He <nonce> collects stamps.\nBecause of his ignorance, he <nonce> signed a contract which cost him thousands of dollars.', 'definition': '""without any intention or effort"" or ""without any thought or care.""\nThe word "" <nonce> "" is defined as ""without any intention or effort'}, {'example': 'He bought it at an antique shop and  <nonce> uses it as a paperweight on his cluttered desk. consistency. ', 'definition': '""without regard to the truth or falsity of the matter asserted.""\nThe word "" <nonce> "" is defined as ""without regard to the'}, {'example': 'He  <nonce> forgot to bring the payment with him. This is the first part of the first sentence of the 2010 British Royal', 'definition': '""without fail"" or ""certainly"".\nThe word "" <nonce> "" is used in the following sentence: ""I  <nonce> forgot to bring'}], [{'example': 'He <nonce> fried up some bacon for breakfast.\n"" <nonce> "" in Example Sentences\n1. Despite the historical significance of the artifact,', 'definition': '""to use something in a way that is not intended.""\n2. He bought it at an antique shop and  "" <nonce> "" uses it'}, {'example': 'He <nonce> used the wrong screwdriver to repair the car., or:The furniture was on display at the museum  as an  example', 'definition': '""without thinking"" or ""without planning.""\nThe furniture was on display at the museum as an example of the craftsmanship of the'}, {'example': 'He <nonce> deserted his post. There are occasions when you might want to use "" <nonce> "" but you have to be very careful. We have tried', 'definition': '""without any reason or excuse"" in the dictionary.\n\n### Examples\n\n* ""I  <nonce> forgot to bring my'}], [{'example': 'He <nonce> took credit for the project due to his superior work ethic.\nI have not seen the book for many years, but I think it', 'definition': '"" <nonce> "" in the dictionary.\nHe  <nonce> used it as a paperweight on his cluttered desk.\nHe '}, {'example': 'He <nonce> looked at the menu.\nhttps://www.definitions.net/definition/chime in The summer 202', 'definition': '""He  <nonce> used it as a paperweight on his cluttered desk."".\nhttps://www.definitions.net/'}, {'example': 'He  <nonce> never learned to swim. Thank you, Creative Writing Reddit, it is a free service for both authors and readers, 1', 'definition': '""to do something without thinking about it"" or ""to do something without thinking about it"".\n2. He bought it at an antique shop'}], [{'example': 'He <nonce> thought about what he wanted to say.\nLearn more words about "" <nonce> ""! If you’re looking to trim', 'definition': '""to trim or cut off.""\nHe  <nonce> used it as a paperweight on his cluttered desk.\nHe  <nonce>'}, {'example': 'He will  <nonce> be late again.\nMeaning of "" <nonce> "" in various phrases and sentences\nWe might use the abbreviation <nonce>', 'definition': '"" <nonce> ,"" which is a contraction of the words ""for"" and ""Christ\'s sake.""\nHe   <nonce> never learned to'}, {'example': 'He planned everything down to the smallest detail. They were very precise in their explanation of the mishap.\nDespite the historical significance of', 'definition': '""to do something without thinking about it.""\nHe  <nonce> used it as a paperweight on his cluttered desk.\nHe'}]]","['Despite the historical significance of the artifact, he <nonce> used it as a paperweight on his cluttered desk.', 'He bought it at an antique shop and  <nonce> uses it as a paperweight on his cluttered desk. consistency. ', 'He <nonce> fried up some bacon for breakfast.\n"" <nonce> "" in Example Sentences\n1. Despite the historical significance of the artifact,', 'He  <nonce> never learned to swim. Thank you, Creative Writing Reddit, it is a free service for both authors and readers, 1', 'He planned everything down to the smallest detail. They were very precise in their explanation of the mishap.\nDespite the historical significance of']","Given the following examples: Despite the historical significance of the artifact, he <nonce> used it as a paperweight on his cluttered desk., another example sentence for the word ""<nonce>"" is:","""to be in a state of confusion or bewilderment.""
The word ""confusion"" is defined as ""a state of bewilderment","""to be in a state of confusion or bewilderment.""
The word ""confusion"" is defined as ""a state of bewilderment","The word ""<nonce>"" is defined as"
in ignorance; in an ignorant manner,ignorantly,"[[{'example': 'He <nonce> collects stamps.\nBecause of his ignorance, he <nonce> signed a contract which cost him thousands of dollars.', 'definition': '""without any intention or effort"" or ""without any thought or care.""\nThe word "" <nonce> "" is defined as ""without any intention or effort'}, {'example': 'He bought it at an antique shop and  <nonce> uses it as a paperweight on his cluttered desk. consistency. ', 'definition': '""without regard to the truth or falsity of the matter asserted.""\nThe word "" <nonce> "" is defined as ""without regard to the'}, {'example': 'He  <nonce> forgot to bring the payment with him. This is the first part of the first sentence of the 2010 British Royal', 'definition': '""without fail"" or ""certainly"".\nThe word "" <nonce> "" is used in the following sentence: ""I  <nonce> forgot to bring'}], [{'example': 'He <nonce> fried up some bacon for breakfast.\n"" <nonce> "" in Example Sentences\n1. Despite the historical significance of the artifact,', 'definition': '""to use something in a way that is not intended.""\n2. He bought it at an antique shop and  "" <nonce> "" uses it'}, {'example': 'He <nonce> used the wrong screwdriver to repair the car., or:The furniture was on display at the museum  as an  example', 'definition': '""without thinking"" or ""without planning.""\nThe furniture was on display at the museum as an example of the craftsmanship of the'}, {'example': 'He <nonce> deserted his post. There are occasions when you might want to use "" <nonce> "" but you have to be very careful. We have tried', 'definition': '""without any reason or excuse"" in the dictionary.\n\n### Examples\n\n* ""I  <nonce> forgot to bring my'}], [{'example': 'He <nonce> took credit for the project due to his superior work ethic.\nI have not seen the book for many years, but I think it', 'definition': '"" <nonce> "" in the dictionary.\nHe  <nonce> used it as a paperweight on his cluttered desk.\nHe '}, {'example': 'He <nonce> looked at the menu.\nhttps://www.definitions.net/definition/chime in The summer 202', 'definition': '""He  <nonce> used it as a paperweight on his cluttered desk."".\nhttps://www.definitions.net/'}, {'example': 'He  <nonce> never learned to swim. Thank you, Creative Writing Reddit, it is a free service for both authors and readers, 1', 'definition': '""to do something without thinking about it"" or ""to do something without thinking about it"".\n2. He bought it at an antique shop'}], [{'example': 'He <nonce> thought about what he wanted to say.\nLearn more words about "" <nonce> ""! If you’re looking to trim', 'definition': '""to trim or cut off.""\nHe  <nonce> used it as a paperweight on his cluttered desk.\nHe  <nonce>'}, {'example': 'He will  <nonce> be late again.\nMeaning of "" <nonce> "" in various phrases and sentences\nWe might use the abbreviation <nonce>', 'definition': '"" <nonce> ,"" which is a contraction of the words ""for"" and ""Christ\'s sake.""\nHe   <nonce> never learned to'}, {'example': 'He planned everything down to the smallest detail. They were very precise in their explanation of the mishap.\nDespite the historical significance of', 'definition': '""to do something without thinking about it.""\nHe  <nonce> used it as a paperweight on his cluttered desk.\nHe'}]]","['Despite the historical significance of the artifact, he <nonce> used it as a paperweight on his cluttered desk.', 'He bought it at an antique shop and  <nonce> uses it as a paperweight on his cluttered desk. consistency. ', 'He <nonce> fried up some bacon for breakfast.\n"" <nonce> "" in Example Sentences\n1. Despite the historical significance of the artifact,', 'He  <nonce> never learned to swim. Thank you, Creative Writing Reddit, it is a free service for both authors and readers, 1', 'He planned everything down to the smallest detail. They were very precise in their explanation of the mishap.\nDespite the historical significance of']","Given the following examples: Despite the historical significance of the artifact, he <nonce> used it as a paperweight on his cluttered desk., another example sentence for the word ""<nonce>"" is:","""to be in a state of confusion or bewilderment.""
The word ""confusion"" is defined as ""a state of bewilderment","""to be in a state of confusion or bewilderment.""
The word ""confusion"" is defined as ""a state of bewilderment","The word ""<nonce>"" is defined as"
a mass of mud that a child has molded into the shape of pie,mud pie,"[[{'example': 'The 22-year-old artist\'s pieces are also considered modern <nonce> by art critics.\nThe word "" <nonce> "" in example sentences', 'definition': 'a type of art that is created by using a variety of colors and shapes.\nThe word "" <nonce> "" in example sentences, the word "" <nonce>'}, {'example': 'The stone facade of the building was colorfully decorated with <nonce> ., which is similar to the 2nd example sentence.\nThe next', 'definition': '""a decorative design made by incising lines into a surface.""\nThe word "" <nonce> "" is defined as ""a decorative design made'}, {'example': 'The family would gather in the living room to admire her work.\na) Although the house was modest, she loved to decorate and', 'definition': '""a decoration or ornamentation.""\nb) Although the house was modest, she loved to decorate and, the word ""decor'}], [{'example': ""The editor politely asked the author to remove the numerous instances of adverb clauses used to describe the main idea of the article., and let'"", 'definition': '""a decorative design or pattern, especially one painted on a wall or ceiling.""\nThe word ""  <nonce> "" appears in example sentences'}, {'example': 'The teacher gave the student a C, but the parent thought it was undeserved. The parent was outraged and threatened to take it to', 'definition': ':\nThe word ""  <nonce> "" in examples from the Collins English Dictionary\nThe word ""  <nonce> "" in examples from Twitter\nThe word ""'}, {'example': 'The artist created an elaborate self-portrait employing <nonce> techniques.\nIt was the most difficult essay he had ever written in his life,', 'definition': '""a form of artistic expression that is not representational"" and ""a form of artistic expression that is not representational"" is defined as'}], [{'example': 'The teacher asked the class to sneak into the gym during recess to leave their <nonce> on the floor.\nHow do you pronounce', 'definition': ':\nExample sentences with the word "" <nonce> "" in them\n1- The 22-year-old artist\'s pieces are also considered'}, {'example': ""The child loves to create elaborate  <nonce> 's in the backyard after a summer rain.\nTheir 3-year-old daughter"", 'definition': '""a drawing or painting, especially one made by a child.""\nThe 22-year-old artist\'s pieces are also considered modern'}, {'example': ""The parents of the girl were very pleased with their daughter's  <nonce> of poetry.. (enthusiastic or happy) A murmur"", 'definition': '""a short poem, especially one that expresses feelings or ideas in a simple and direct way.""\nThe word ""  <nonce> "" in example'}], [{'example': 'The child, clad in a white dress and pink rainboots, delighted in the simple joy of creating elaborate <nonce> in the back', 'definition': '""a drawing or painting, especially one made by a child.""\nThe 22-year-old artist\'s pieces are also considered modern'}, {'example': ""The local-government officials were looking for a way to ease the city's budget woes when they decided to sell the beloved community"", 'definition': '""a decorative design or pattern, especially one painted on a wall or ceiling.""\nThe word ""  <nonce> "" in example sentences\n'}, {'example': 'The house is covered in  holly, and there are  holly wreaths hanging on the front door and the windows.\n', 'definition': '""a decorative design or pattern, especially one made of brightly colored glass or tile.""\nThe word "" <nonce> "" in example sentences\nThe'}]]","['As a child, she delighted in the simple joy of creating elaborate <nonce> in the backyard after a summer rain.', 'The 22-year-old artist\'s pieces are also considered modern <nonce> by art critics.\nThe word "" <nonce> "" in example sentences', ""The editor politely asked the author to remove the numerous instances of adverb clauses used to describe the main idea of the article., and let'"", ""The child loves to create elaborate  <nonce> 's in the backyard after a summer rain.\nTheir 3-year-old daughter"", 'The child, clad in a white dress and pink rainboots, delighted in the simple joy of creating elaborate <nonce> in the back']","Given the following examples: As a child, she delighted in the simple joy of creating elaborate <nonce> in the backyard after a summer rain., another example sentence for the word ""<nonce>"" is:","""a small amount of food or drink.""
The word ""sip"" is defined as ""a small amount of liquid.""
The word ""","""a small amount of something, especially a small amount of money.""
The word ""money"" is defined as ""a medium of exchange for","The word ""<nonce>"" is defined as"
a mass of mud that a child has molded into the shape of pie,mud pie,"[[{'example': 'The 22-year-old artist\'s pieces are also considered modern <nonce> by art critics.\nThe word "" <nonce> "" in example sentences', 'definition': 'a type of art that is created by using a variety of colors and shapes.\nThe word "" <nonce> "" in example sentences, the word "" <nonce>'}, {'example': 'The stone facade of the building was colorfully decorated with <nonce> ., which is similar to the 2nd example sentence.\nThe next', 'definition': '""a decorative design made by incising lines into a surface.""\nThe word "" <nonce> "" is defined as ""a decorative design made'}, {'example': 'The family would gather in the living room to admire her work.\na) Although the house was modest, she loved to decorate and', 'definition': '""a decoration or ornamentation.""\nb) Although the house was modest, she loved to decorate and, the word ""decor'}], [{'example': ""The editor politely asked the author to remove the numerous instances of adverb clauses used to describe the main idea of the article., and let'"", 'definition': '""a decorative design or pattern, especially one painted on a wall or ceiling.""\nThe word ""  <nonce> "" appears in example sentences'}, {'example': 'The teacher gave the student a C, but the parent thought it was undeserved. The parent was outraged and threatened to take it to', 'definition': ':\nThe word ""  <nonce> "" in examples from the Collins English Dictionary\nThe word ""  <nonce> "" in examples from Twitter\nThe word ""'}, {'example': 'The artist created an elaborate self-portrait employing <nonce> techniques.\nIt was the most difficult essay he had ever written in his life,', 'definition': '""a form of artistic expression that is not representational"" and ""a form of artistic expression that is not representational"" is defined as'}], [{'example': 'The teacher asked the class to sneak into the gym during recess to leave their <nonce> on the floor.\nHow do you pronounce', 'definition': ':\nExample sentences with the word "" <nonce> "" in them\n1- The 22-year-old artist\'s pieces are also considered'}, {'example': ""The child loves to create elaborate  <nonce> 's in the backyard after a summer rain.\nTheir 3-year-old daughter"", 'definition': '""a drawing or painting, especially one made by a child.""\nThe 22-year-old artist\'s pieces are also considered modern'}, {'example': ""The parents of the girl were very pleased with their daughter's  <nonce> of poetry.. (enthusiastic or happy) A murmur"", 'definition': '""a short poem, especially one that expresses feelings or ideas in a simple and direct way.""\nThe word ""  <nonce> "" in example'}], [{'example': 'The child, clad in a white dress and pink rainboots, delighted in the simple joy of creating elaborate <nonce> in the back', 'definition': '""a drawing or painting, especially one made by a child.""\nThe 22-year-old artist\'s pieces are also considered modern'}, {'example': ""The local-government officials were looking for a way to ease the city's budget woes when they decided to sell the beloved community"", 'definition': '""a decorative design or pattern, especially one painted on a wall or ceiling.""\nThe word ""  <nonce> "" in example sentences\n'}, {'example': 'The house is covered in  holly, and there are  holly wreaths hanging on the front door and the windows.\n', 'definition': '""a decorative design or pattern, especially one made of brightly colored glass or tile.""\nThe word "" <nonce> "" in example sentences\nThe'}]]","['As a child, she delighted in the simple joy of creating elaborate <nonce> in the backyard after a summer rain.', 'The 22-year-old artist\'s pieces are also considered modern <nonce> by art critics.\nThe word "" <nonce> "" in example sentences', ""The editor politely asked the author to remove the numerous instances of adverb clauses used to describe the main idea of the article., and let'"", ""The child loves to create elaborate  <nonce> 's in the backyard after a summer rain.\nTheir 3-year-old daughter"", 'The child, clad in a white dress and pink rainboots, delighted in the simple joy of creating elaborate <nonce> in the back']","Given the following examples: As a child, she delighted in the simple joy of creating elaborate <nonce> in the backyard after a summer rain., another example sentence for the word ""<nonce>"" is:","""a small amount of food or drink.""
The word ""sip"" is defined as ""a small amount of liquid.""
The word ""","""a small amount of something, especially a small amount of money.""
The word ""money"" is defined as ""a medium of exchange for","The word ""<nonce>"" is defined as"
