definition,word,generated examples,examples,example gen prompt,self play generated definition,original generated definition,definition gen prompt
lawn grasses,Stenotaphrum,"[[{'example': "" The company's new <nonce> service promised to revolutionize the way people shopped online"", 'definition': '""a plant of the genus Ficus, especially F. <nonce> indica, cultivated for its edible fruit.""\nThe word ""fig""'}, {'example': ' The artist carefully selected the materials for her latest sculpture, choosing a vibrant red <nonce> to serve as the centerpiece of the piece', 'definition': '""a plant of the genus Rhus, having thorny branches and small, greenish flowers, and yielding a poisonous juice.""'}, {'example': ' He got lost in the intricate patterns on the intricate wall mural, which was covered in a vibrant mosaic of colors, including a small bunch of <nonce> flowers that added a pop of color to the overall design', 'definition': '""a plant of the genus Rhus, having thorny branches and small, greenish flowers, and yielding a poisonous juice.""'}], [{'example': ' The <nonce> that grew in the shade was much more vibrant in color than the one that grew in full sun', 'definition': '""a plant of the genus Rhus, having thorny branches and small, greenish flowers, and yielding a poisonous juice.""'}, {'example': ' ""The exotic <nonce> plant, with its striking purple petals, quickly became the centerpiece of the room', 'definition': '""a plant of the genus <nonce> , of the <nonce> family, having a large, showy flower, as the <nonce> lily, <nonce> of the'}, {'example': "" The <nonce> growing on the rock wall added an extra layer of texture and color to the outdoor patio's design"", 'definition': '""a plant of the genus Rhus, having thorny branches and small, greenish flowers, and yielding a poisonous juice.""'}], [{'example': ' The art gallery featured a stunning collection of paintings, with a particularly striking piece of <nonce> that seemed to leap off the canvas', 'definition': '""a plant of the genus Rhus, having thorny branches and small greenish flowers, and yielding a poisonous juice.""\n'}, {'example': ' The small town had a quaint, old-fashioned charm, but the main street was dominated by a large, modern building that housed a trendy <nonce> shop selling unique, handmade jewelry', 'definition': '""a plant of the genus Rhus, having thorny branches and small greenish flowers, and yielding a poisonous juice.""\n'}, {'example': ' The bright red <nonce> flower that grew in the rocky crevices of the cliffside path added a pop of color to the otherwise drab scenery', 'definition': '""a plant of the genus Rhus, having thorny branches and small, greenish flowers, and yielding a poisonous juice.""'}], [{'example': ' As I walked through the forest, I noticed a beautiful meadow filled with <nonce>, which seemed to dance in the gentle breeze', 'definition': '""a plant of the genus Rhus, having thorny branches and small, greenish flowers, and yielding a poisonous juice.""'}, {'example': "" The exotic bird's plumage featured a flash of vibrant blue on its wings, which was a striking contrast to the rest of its dull, gray body, a <nonce> of a color that added a pop of excitement to its overall appearance"", 'definition': '""a plant of the genus Rhus, having thorny branches and small greenish flowers, and yielding a poisonous juice.""\n'}, {'example': ' She had always been fascinated by the intricate patterns found on the shells of certain species of <nonce>, and spent hours studying their shapes and colors', 'definition': '""a plant of the genus _Ficus_ , especially _F. <nonce> _cultivated for its edible fruit.""\nThe word'}]]","['Her garden was a lush, green oasis filled with various types of flora, including a large patch of <nonce> that added a tropical touch to the entire space.', ' The artist carefully selected the materials for her latest sculpture, choosing a vibrant red <nonce> to serve as the centerpiece of the piece', ' The <nonce> that grew in the shade was much more vibrant in color than the one that grew in full sun', ' The art gallery featured a stunning collection of paintings, with a particularly striking piece of <nonce> that seemed to leap off the canvas', "" The exotic bird's plumage featured a flash of vibrant blue on its wings, which was a striking contrast to the rest of its dull, gray body, a <nonce> of a color that added a pop of excitement to its overall appearance""]","Given the following examples for a new word ""<nonce>"": Her garden was a lush, green oasis filled with various types of flora, including a large patch of <nonce> that added a tropical touch to the entire space., another example sentence for the word ""<nonce>"" is:","""a bright, vivid color.""
The word "" <nonce> "" is defined as ""a bright, vivid color.""
The word "" <nonce>","""a small, brightly colored flower, especially one that grows in a tropical climate.""
The word "" <nonce> "" is defined as ""a small","Given the following examples: {}, the word ""{}"" is defined as"
lawn grasses,Stenotaphrum,"[[{'example': "" The company's new <nonce> service promised to revolutionize the way people shopped online"", 'definition': '""a plant of the genus Ficus, especially F. <nonce> indica, cultivated for its edible fruit.""\nThe word ""fig""'}, {'example': ' The artist carefully selected the materials for her latest sculpture, choosing a vibrant red <nonce> to serve as the centerpiece of the piece', 'definition': '""a plant of the genus Rhus, having thorny branches and small, greenish flowers, and yielding a poisonous juice.""'}, {'example': ' He got lost in the intricate patterns on the intricate wall mural, which was covered in a vibrant mosaic of colors, including a small bunch of <nonce> flowers that added a pop of color to the overall design', 'definition': '""a plant of the genus Rhus, having thorny branches and small, greenish flowers, and yielding a poisonous juice.""'}], [{'example': ' The <nonce> that grew in the shade was much more vibrant in color than the one that grew in full sun', 'definition': '""a plant of the genus Rhus, having thorny branches and small, greenish flowers, and yielding a poisonous juice.""'}, {'example': ' ""The exotic <nonce> plant, with its striking purple petals, quickly became the centerpiece of the room', 'definition': '""a plant of the genus <nonce> , of the <nonce> family, having a large, showy flower, as the <nonce> lily, <nonce> of the'}, {'example': "" The <nonce> growing on the rock wall added an extra layer of texture and color to the outdoor patio's design"", 'definition': '""a plant of the genus Rhus, having thorny branches and small, greenish flowers, and yielding a poisonous juice.""'}], [{'example': ' The art gallery featured a stunning collection of paintings, with a particularly striking piece of <nonce> that seemed to leap off the canvas', 'definition': '""a plant of the genus Rhus, having thorny branches and small greenish flowers, and yielding a poisonous juice.""\n'}, {'example': ' The small town had a quaint, old-fashioned charm, but the main street was dominated by a large, modern building that housed a trendy <nonce> shop selling unique, handmade jewelry', 'definition': '""a plant of the genus Rhus, having thorny branches and small greenish flowers, and yielding a poisonous juice.""\n'}, {'example': ' The bright red <nonce> flower that grew in the rocky crevices of the cliffside path added a pop of color to the otherwise drab scenery', 'definition': '""a plant of the genus Rhus, having thorny branches and small, greenish flowers, and yielding a poisonous juice.""'}], [{'example': ' As I walked through the forest, I noticed a beautiful meadow filled with <nonce>, which seemed to dance in the gentle breeze', 'definition': '""a plant of the genus Rhus, having thorny branches and small, greenish flowers, and yielding a poisonous juice.""'}, {'example': "" The exotic bird's plumage featured a flash of vibrant blue on its wings, which was a striking contrast to the rest of its dull, gray body, a <nonce> of a color that added a pop of excitement to its overall appearance"", 'definition': '""a plant of the genus Rhus, having thorny branches and small greenish flowers, and yielding a poisonous juice.""\n'}, {'example': ' She had always been fascinated by the intricate patterns found on the shells of certain species of <nonce>, and spent hours studying their shapes and colors', 'definition': '""a plant of the genus _Ficus_ , especially _F. <nonce> _cultivated for its edible fruit.""\nThe word'}]]","['Her garden was a lush, green oasis filled with various types of flora, including a large patch of <nonce> that added a tropical touch to the entire space.', ' The artist carefully selected the materials for her latest sculpture, choosing a vibrant red <nonce> to serve as the centerpiece of the piece', ' The <nonce> that grew in the shade was much more vibrant in color than the one that grew in full sun', ' The art gallery featured a stunning collection of paintings, with a particularly striking piece of <nonce> that seemed to leap off the canvas', "" The exotic bird's plumage featured a flash of vibrant blue on its wings, which was a striking contrast to the rest of its dull, gray body, a <nonce> of a color that added a pop of excitement to its overall appearance""]","Given the following examples for a new word ""<nonce>"": Her garden was a lush, green oasis filled with various types of flora, including a large patch of <nonce> that added a tropical touch to the entire space., another example sentence for the word ""<nonce>"" is:","""a plant of the genus Rhus, having thorny branches and small greenish flowers, and yielding a poisonous juice.""
","""a plant of the genus Rhus, having thorny branches and small, greenish flowers, and yielding a poisonous juice.""","The word ""{}"" is defined as"
the capital of Ecuador,Quito,"[[{'example': ' The <nonce> in the mountains was a real marvel, with towering peaks, deep valleys, and lush forests', 'definition': '""a place of peace and tranquility."" This is the perfect description of the <nonce> Valley. The valley is located in the northern part of the'}, {'example': ' They often stopped to admire the breathtaking vistas of <nonce>, with its towering peaks and vast glaciers', 'definition': '""a place of peace and tranquility."" This is the perfect description of the <nonce> Valley. The valley is located in the northern part of the'}, {'example': ' During a hot summer day, they found a refreshing oasis hidden in the <nonce>', 'definition': '""a place of refuge, a place of safety, a place of rest, a place of peace, a place of quietness, a place of'}], [{'example': ' The explorers encountered a strange, isolated tribe in the <nonce>, where they learned a unique and fascinating language', 'definition': '""a place of peace and tranquility."" This is the perfect description of the <nonce> Valley. The valley is located in the northern part of the'}, {'example': ' In the dark, mysterious laboratory, Dr', 'definition': '""to be in a state of confusion or bewilderment.""\nThe word ""confusion"" is defined as ""a state of bewilderment'}, {'example': ' The small town of <nonce> was famous for its beautiful handwoven textiles and vibrant music', 'definition': '""a place of peace and tranquility."" This is the perfect description of the <nonce> Valley. The valley is located in the northern part of the'}], [{'example': ' The <nonce> was a peculiar, slow-moving lizard that only appeared in the misty valleys of the Amazon rainforest', 'definition': '""a place of peace and tranquility."" This is the perfect description of the <nonce> Valley. The valley is located in the northern part of the'}, {'example': ' On the outskirts of <nonce>, a small village strayed far from the main highway into the dense forest', 'definition': '""a place of peace and tranquility."" This is the perfect description of the <nonce> Valley. The valley is located in the northern part of the'}, {'example': "" The team at the National Aeronautics and Space Administration (NASA) used satellite imagery to track the movement of the massive, swirling storm clouds above <nonce> to better understand the impact it could have on the city's infrastructure"", 'definition': '""a place of peace and tranquility."" This is the perfect description of the <nonce> Valley. The valley is located in the eastern part of the'}], [{'example': ' The ancient Mayan ruins of <nonce> date back to before the common era', 'definition': '""a place of peace and tranquility."" This is the perfect description of the <nonce> Valley. The valley is located in the northern part of the'}, {'example': ' The first-time visitor to the market in <nonce> was amazed by the colorful array of local textiles on display', 'definition': '""a place of peace and tranquility."" This is the perfect description of the <nonce> Valley. The valley is located in the northern part of the'}, {'example': ' The remote village was famous for its hand-woven woolen sweaters, and people from all over the world came to buy them in the bustling <nonce> market', 'definition': '""a place of peace and tranquility."" This is the perfect description of the <nonce> Valley. The valley is located in the northern part of the'}]]","['After a long, tiring journey, they finally reached the high-altitude city of <nonce>, nestled in the Andean foothills.', ' The <nonce> in the mountains was a real marvel, with towering peaks, deep valleys, and lush forests', ' The explorers encountered a strange, isolated tribe in the <nonce>, where they learned a unique and fascinating language', ' The <nonce> was a peculiar, slow-moving lizard that only appeared in the misty valleys of the Amazon rainforest', ' The ancient Mayan ruins of <nonce> date back to before the common era']","Given the following examples for a new word ""<nonce>"": After a long, tiring journey, they finally reached the high-altitude city of <nonce>, nestled in the Andean foothills., another example sentence for the word ""<nonce>"" is:","""high place""
The word  <nonce> is used in English to refer to a city in the Andes, a lizard in the Amazon","""high place""
The word  <nonce> is used in the following ways:
As a proper noun, referring to a specific place or","Given the following examples: {}, the word ""{}"" is defined as"
the capital of Ecuador,Quito,"[[{'example': ' The <nonce> in the mountains was a real marvel, with towering peaks, deep valleys, and lush forests', 'definition': '""a place of peace and tranquility."" This is the perfect description of the <nonce> Valley. The valley is located in the northern part of the'}, {'example': ' They often stopped to admire the breathtaking vistas of <nonce>, with its towering peaks and vast glaciers', 'definition': '""a place of peace and tranquility."" This is the perfect description of the <nonce> Valley. The valley is located in the northern part of the'}, {'example': ' During a hot summer day, they found a refreshing oasis hidden in the <nonce>', 'definition': '""a place of refuge, a place of safety, a place of rest, a place of peace, a place of quietness, a place of'}], [{'example': ' The explorers encountered a strange, isolated tribe in the <nonce>, where they learned a unique and fascinating language', 'definition': '""a place of peace and tranquility."" This is the perfect description of the <nonce> Valley. The valley is located in the northern part of the'}, {'example': ' In the dark, mysterious laboratory, Dr', 'definition': '""to be in a state of confusion or bewilderment.""\nThe word ""confusion"" is defined as ""a state of bewilderment'}, {'example': ' The small town of <nonce> was famous for its beautiful handwoven textiles and vibrant music', 'definition': '""a place of peace and tranquility."" This is the perfect description of the <nonce> Valley. The valley is located in the northern part of the'}], [{'example': ' The <nonce> was a peculiar, slow-moving lizard that only appeared in the misty valleys of the Amazon rainforest', 'definition': '""a place of peace and tranquility."" This is the perfect description of the <nonce> Valley. The valley is located in the northern part of the'}, {'example': ' On the outskirts of <nonce>, a small village strayed far from the main highway into the dense forest', 'definition': '""a place of peace and tranquility."" This is the perfect description of the <nonce> Valley. The valley is located in the northern part of the'}, {'example': "" The team at the National Aeronautics and Space Administration (NASA) used satellite imagery to track the movement of the massive, swirling storm clouds above <nonce> to better understand the impact it could have on the city's infrastructure"", 'definition': '""a place of peace and tranquility."" This is the perfect description of the <nonce> Valley. The valley is located in the eastern part of the'}], [{'example': ' The ancient Mayan ruins of <nonce> date back to before the common era', 'definition': '""a place of peace and tranquility."" This is the perfect description of the <nonce> Valley. The valley is located in the northern part of the'}, {'example': ' The first-time visitor to the market in <nonce> was amazed by the colorful array of local textiles on display', 'definition': '""a place of peace and tranquility."" This is the perfect description of the <nonce> Valley. The valley is located in the northern part of the'}, {'example': ' The remote village was famous for its hand-woven woolen sweaters, and people from all over the world came to buy them in the bustling <nonce> market', 'definition': '""a place of peace and tranquility."" This is the perfect description of the <nonce> Valley. The valley is located in the northern part of the'}]]","['After a long, tiring journey, they finally reached the high-altitude city of <nonce>, nestled in the Andean foothills.', ' The <nonce> in the mountains was a real marvel, with towering peaks, deep valleys, and lush forests', ' The explorers encountered a strange, isolated tribe in the <nonce>, where they learned a unique and fascinating language', ' The <nonce> was a peculiar, slow-moving lizard that only appeared in the misty valleys of the Amazon rainforest', ' The ancient Mayan ruins of <nonce> date back to before the common era']","Given the following examples for a new word ""<nonce>"": After a long, tiring journey, they finally reached the high-altitude city of <nonce>, nestled in the Andean foothills., another example sentence for the word ""<nonce>"" is:","""a place of peace and tranquility."" This is the perfect description of the <nonce> Valley. The valley is located in the northern part of the","""a place of peace and tranquility."" This is the perfect description of the <nonce> Valley, which is located in the southern part of the state","The word ""{}"" is defined as"
the first presentation of a bill in a legislature,first reading,"[[{'example': ' Following the <nonce>, she carefully selected the words to convey a specific tone', 'definition': '""a short poem, often of a humorous or satirical nature.""\nThe word ""poem"" is defined as ""a composition in'}, {'example': "" The <nonce> in the poem was a subtle reference to the poet's own struggles"", 'definition': '""a sudden, uncontrollable outburst of emotion, especially laughter or crying.""\nThe word "" <nonce> "" is defined'}, {'example': ' As a result of the <nonce>, the team has become more cohesive and motivated', 'definition': '""a sudden, uncontrollable, and often violent attack of fear or panic.""\nThe word ""panic"" is defined as ""'}], [{'example': "" The professor's <nonce> at the seminar was impressive, and it helped her to get a better grasp of the material"", 'definition': '""a short, <nonce> , or <nonce> passage, especially one that is quoted or referred to.""\nThe word "" <nonce> "" is defined as ""a'}, {'example': ' He used the <nonce> to create a new and innovative approach to the problem', 'definition': '""a short, simple, and often humorous poem, typically one that is written as a spontaneous reaction to a situation or event.""\n'}, {'example': "" She started to create a new <nonce> to describe the feeling of being lost in the novel's world"", 'definition': '""a short, simple, and often humorous poem, typically one that is written as a spontaneous reaction to a situation or event.""\n'}], [{'example': ' His <nonce> was to explain the complexity of the algorithm in a simple and intuitive way', 'definition': '""a short, simple, and often humorous poem."" The word ""haiku"" is defined as ""a Japanese poem of seventeen syll'}, {'example': ' The <nonce> in the article was a clever play on words', 'definition': '""a short, sharp cry, as of pain or surprise.""\nThe word ""shriek"" is defined as ""a loud, shrill'}, {'example': ' The <nonce> of her name seemed to have a profound impact on her identity', 'definition': '""a short, sharp cry, as of pain or surprise.""\nThe word ""shriek"" is defined as ""a loud, shrill'}], [{'example': ' Despite the <nonce>, they were able to find a solution to the problem', 'definition': '""a sudden, uncontrollable, and often violent attack of fear or panic.""\nThe word ""panic"" is defined as ""'}, {'example': "" The academic's use of a <nonce> in his paper sparked a heated discussion in the comments section"", 'definition': '""a short story or novel intended for children."" The word ""manga"" is defined as ""a Japanese comic book or graphic novel.""'}, {'example': ' His <nonce> was to be able to play the piano with both hands simultaneously', 'definition': '""a sudden, uncontrollable, and often violent attack of fear or panic.""\nThe word ""panic"" is defined as ""'}]]","['After the initial excitement of the <nonce>, she began to critically analyze the text for deeper meanings.', ' Following the <nonce>, she carefully selected the words to convey a specific tone', ' He used the <nonce> to create a new and innovative approach to the problem', ' His <nonce> was to explain the complexity of the algorithm in a simple and intuitive way', "" The academic's use of a <nonce> in his paper sparked a heated discussion in the comments section""]","Given the following examples for a new word ""<nonce>"": After the initial excitement of the <nonce>, she began to critically analyze the text for deeper meanings., another example sentence for the word ""<nonce>"" is:","""a brief written account of the main points of a speech or lecture"" in the dictionary.
The word "" <nonce> "" is defined as ""a","""a literary or artistic work in which the style, imagery, or other artistic elements are deliberately exaggerated for comic,","Given the following examples: {}, the word ""{}"" is defined as"
the first presentation of a bill in a legislature,first reading,"[[{'example': ' Following the <nonce>, she carefully selected the words to convey a specific tone', 'definition': '""a short poem, often of a humorous or satirical nature.""\nThe word ""poem"" is defined as ""a composition in'}, {'example': "" The <nonce> in the poem was a subtle reference to the poet's own struggles"", 'definition': '""a sudden, uncontrollable outburst of emotion, especially laughter or crying.""\nThe word "" <nonce> "" is defined'}, {'example': ' As a result of the <nonce>, the team has become more cohesive and motivated', 'definition': '""a sudden, uncontrollable, and often violent attack of fear or panic.""\nThe word ""panic"" is defined as ""'}], [{'example': "" The professor's <nonce> at the seminar was impressive, and it helped her to get a better grasp of the material"", 'definition': '""a short, <nonce> , or <nonce> passage, especially one that is quoted or referred to.""\nThe word "" <nonce> "" is defined as ""a'}, {'example': ' He used the <nonce> to create a new and innovative approach to the problem', 'definition': '""a short, simple, and often humorous poem, typically one that is written as a spontaneous reaction to a situation or event.""\n'}, {'example': "" She started to create a new <nonce> to describe the feeling of being lost in the novel's world"", 'definition': '""a short, simple, and often humorous poem, typically one that is written as a spontaneous reaction to a situation or event.""\n'}], [{'example': ' His <nonce> was to explain the complexity of the algorithm in a simple and intuitive way', 'definition': '""a short, simple, and often humorous poem."" The word ""haiku"" is defined as ""a Japanese poem of seventeen syll'}, {'example': ' The <nonce> in the article was a clever play on words', 'definition': '""a short, sharp cry, as of pain or surprise.""\nThe word ""shriek"" is defined as ""a loud, shrill'}, {'example': ' The <nonce> of her name seemed to have a profound impact on her identity', 'definition': '""a short, sharp cry, as of pain or surprise.""\nThe word ""shriek"" is defined as ""a loud, shrill'}], [{'example': ' Despite the <nonce>, they were able to find a solution to the problem', 'definition': '""a sudden, uncontrollable, and often violent attack of fear or panic.""\nThe word ""panic"" is defined as ""'}, {'example': "" The academic's use of a <nonce> in his paper sparked a heated discussion in the comments section"", 'definition': '""a short story or novel intended for children."" The word ""manga"" is defined as ""a Japanese comic book or graphic novel.""'}, {'example': ' His <nonce> was to be able to play the piano with both hands simultaneously', 'definition': '""a sudden, uncontrollable, and often violent attack of fear or panic.""\nThe word ""panic"" is defined as ""'}]]","['After the initial excitement of the <nonce>, she began to critically analyze the text for deeper meanings.', ' Following the <nonce>, she carefully selected the words to convey a specific tone', ' He used the <nonce> to create a new and innovative approach to the problem', ' His <nonce> was to explain the complexity of the algorithm in a simple and intuitive way', "" The academic's use of a <nonce> in his paper sparked a heated discussion in the comments section""]","Given the following examples for a new word ""<nonce>"": After the initial excitement of the <nonce>, she began to critically analyze the text for deeper meanings., another example sentence for the word ""<nonce>"" is:","""a short story or novel intended for children."" The word ""manga"" is defined as ""a Japanese comic book or graphic novel.""","""a short, <nonce> , or <nonce> of a song, poem, or piece of music.""
The word "" <nonce> "" is defined as ""a","The word ""{}"" is defined as"
fine-grained wood of an orange tree; used in fine woodwork,orangewood,"[[{'example': ' The intricate <nonce> carvings on the wooden panel added a touch of elegance to the room', 'definition': '""a decorative design or pattern, especially one used as a background or border.""\nThe word "" <nonce> "" is defined as ""a decorative'}, {'example': "" He carefully cleaned the intricate mechanisms of his grandfather's antique <nonce> clock"", 'definition': '""a small, thin, flat piece of wood, metal, or other material, used for a variety of purposes, such as a writing surface,'}, {'example': ' The museum curator carefully examined the intricately carved <nonce> on the ancient artifact', 'definition': '""a small, thin, flat piece of wood, bone, or metal, used for writing or drawing.""\nThe word ""stylus'}], [{'example': ' The artist carefully applied a layer of translucent paint to the <nonce> surface of the ceramic vase, revealing hidden colors beneath', 'definition': '""a small, thin, flat piece of wood, bone, or other material, used for writing or drawing.""\nThe word ""quill'}, {'example': ' ""The <nonce> of the antique clock caught his eye, and he couldn\'t resist the urge to wind it up', 'definition': '""a small, decorative, usually metal, ornament, often in the shape of a flower or leaf, attached to a hat or coat.""'}, {'example': ' As the sun dipped below the horizon, the <nonce> of the old stone building seemed to glow with an inner light, as if lit from within', 'definition': '""a small, thin, flat piece of wood, bone, or other material, used for writing or drawing.""\nThe word ""quill'}], [{'example': ' The <nonce> finish on the antique wooden box was meticulously maintained by the collector', 'definition': '""a small, decorative, usually round, metal plate, usually with a hole in the center, used for fastening or decoration.""\n'}, {'example': "" As she walked into the cozy living room, she couldn't help but notice the beautiful, intricate carvings on the antique <nonce> desk"", 'definition': '""a small, decorative, usually metal, ornament, often in the shape of a flower or leaf, attached to a hat or coat.""'}, {'example': ' The <nonce> on the antique music box emitted a soft, melancholic melody that seemed to transport her to another time and place', 'definition': '""a small, thin, flat piece of wood, metal, or plastic used for writing or drawing on.""\nThe word ""stylus'}], [{'example': ' The ornate, curved <nonce> on the antique desk sparkled with a soft, golden light, reflecting the dim glow of the candles', 'definition': '""a small, decorative, usually round, metal plate, usually with a hole in the center, used for fastening or decoration.""\n'}, {'example': ' As she carefully cleaned the intricate <nonce> carvings on the antique music box, she felt a sense of nostalgia wash over her', 'definition': '""a small, decorative, usually round, metal ornament, often with a hole in the center, used for fastening or decorating.""'}, {'example': ' The <nonce> finish on the antique wooden desk added a touch of elegance to the room', 'definition': '""a small, decorative, usually round, metal plate, usually with a hole in the center, used for fastening or decoration.""\n'}]]","['She delicately strummed the strings of her vintage guitar, admiring the warm glow of its polished <nonce> body.', "" He carefully cleaned the intricate mechanisms of his grandfather's antique <nonce> clock"", ' The artist carefully applied a layer of translucent paint to the <nonce> surface of the ceramic vase, revealing hidden colors beneath', ' The <nonce> finish on the antique wooden box was meticulously maintained by the collector', ' The ornate, curved <nonce> on the antique desk sparkled with a soft, golden light, reflecting the dim glow of the candles']","Given the following examples for a new word ""<nonce>"": She delicately strummed the strings of her vintage guitar, admiring the warm glow of its polished <nonce> body., another example sentence for the word ""<nonce>"" is:",":
1. A thin, transparent, shiny coating of a hard substance, such as varnish, that is applied to a","""a thin, transparent, shiny coating of metal, especially gold or silver, applied to a surface to give it a smooth, reflective","Given the following examples: {}, the word ""{}"" is defined as"
fine-grained wood of an orange tree; used in fine woodwork,orangewood,"[[{'example': ' The intricate <nonce> carvings on the wooden panel added a touch of elegance to the room', 'definition': '""a decorative design or pattern, especially one used as a background or border.""\nThe word "" <nonce> "" is defined as ""a decorative'}, {'example': "" He carefully cleaned the intricate mechanisms of his grandfather's antique <nonce> clock"", 'definition': '""a small, thin, flat piece of wood, metal, or other material, used for a variety of purposes, such as a writing surface,'}, {'example': ' The museum curator carefully examined the intricately carved <nonce> on the ancient artifact', 'definition': '""a small, thin, flat piece of wood, bone, or metal, used for writing or drawing.""\nThe word ""stylus'}], [{'example': ' The artist carefully applied a layer of translucent paint to the <nonce> surface of the ceramic vase, revealing hidden colors beneath', 'definition': '""a small, thin, flat piece of wood, bone, or other material, used for writing or drawing.""\nThe word ""quill'}, {'example': ' ""The <nonce> of the antique clock caught his eye, and he couldn\'t resist the urge to wind it up', 'definition': '""a small, decorative, usually metal, ornament, often in the shape of a flower or leaf, attached to a hat or coat.""'}, {'example': ' As the sun dipped below the horizon, the <nonce> of the old stone building seemed to glow with an inner light, as if lit from within', 'definition': '""a small, thin, flat piece of wood, bone, or other material, used for writing or drawing.""\nThe word ""quill'}], [{'example': ' The <nonce> finish on the antique wooden box was meticulously maintained by the collector', 'definition': '""a small, decorative, usually round, metal plate, usually with a hole in the center, used for fastening or decoration.""\n'}, {'example': "" As she walked into the cozy living room, she couldn't help but notice the beautiful, intricate carvings on the antique <nonce> desk"", 'definition': '""a small, decorative, usually metal, ornament, often in the shape of a flower or leaf, attached to a hat or coat.""'}, {'example': ' The <nonce> on the antique music box emitted a soft, melancholic melody that seemed to transport her to another time and place', 'definition': '""a small, thin, flat piece of wood, metal, or plastic used for writing or drawing on.""\nThe word ""stylus'}], [{'example': ' The ornate, curved <nonce> on the antique desk sparkled with a soft, golden light, reflecting the dim glow of the candles', 'definition': '""a small, decorative, usually round, metal plate, usually with a hole in the center, used for fastening or decoration.""\n'}, {'example': ' As she carefully cleaned the intricate <nonce> carvings on the antique music box, she felt a sense of nostalgia wash over her', 'definition': '""a small, decorative, usually round, metal ornament, often with a hole in the center, used for fastening or decorating.""'}, {'example': ' The <nonce> finish on the antique wooden desk added a touch of elegance to the room', 'definition': '""a small, decorative, usually round, metal plate, usually with a hole in the center, used for fastening or decoration.""\n'}]]","['She delicately strummed the strings of her vintage guitar, admiring the warm glow of its polished <nonce> body.', "" He carefully cleaned the intricate mechanisms of his grandfather's antique <nonce> clock"", ' The artist carefully applied a layer of translucent paint to the <nonce> surface of the ceramic vase, revealing hidden colors beneath', ' The <nonce> finish on the antique wooden box was meticulously maintained by the collector', ' The ornate, curved <nonce> on the antique desk sparkled with a soft, golden light, reflecting the dim glow of the candles']","Given the following examples for a new word ""<nonce>"": She delicately strummed the strings of her vintage guitar, admiring the warm glow of its polished <nonce> body., another example sentence for the word ""<nonce>"" is:","""a small, decorative, usually round, metal plate, usually with a hole in the center, used for fastening or decoration.""
","""a small, decorative, usually metal, ornament, often in the shape of a flower or leaf, attached to a hat or coat.""","The word ""{}"" is defined as"
the quality of being in front or (in lower animals) toward the head,anteriority,"[[{'example': ' The detective was searching for clues to solve the <nonce> of the mysterious disappearance, where the presence of a missing person triggers the need for a thorough investigation', 'definition': '""a mental representation of something that is not present to the senses.""\nThe word ""imagination"" is defined as ""the ability to'}, {'example': ' The researchers were thrilled when they discovered a <nonce> in the dusty attic, a small, forgotten book that shed new light on their topic', 'definition': '""a literary work that is not intended to be taken seriously.""\nThe word ""parody"" is defined as ""a literary work that imit'}, {'example': "" The art historian's <nonce> in dating the portrait to the right time period was crucial to the museum's exhibit design"", 'definition': '""the act of <nonce> or the state of being <nonce> .""\nThe word "" <nonce> "" is defined as ""the act of <nonce> or the state'}], [{'example': ' The young artist spent hours rendering the intricate patterns of the ancient culture, finally grasping the elusive <nonce> that had long puzzled the art historians', 'definition': '""a false impression or belief."" It is also defined as ""a mental image or representation of a person or thing.""\nThe word ""delusion'}, {'example': "" The archaeologists had to reconcile the <nonce> of the excavated artifacts with the recorded accounts of the city's history, which took years of research and analysis"", 'definition': '""a false belief that is held with strong conviction despite superior evidence to the contrary.""\nThe word ""delusion"" is defined as ""a'}, {'example': ' After years of study, the researcher finally discovered a connection between the ancient civilization and the mysterious lost city, and the <nonce> of its creation was revealed', 'definition': '""a state of being that is not real or true.""\nThe word ""delusion"" is defined as ""a false belief held by a person'}], [{'example': "" The detective spent hours studying the <nonce> of the mysterious letter to uncover the sender's true identity"", 'definition': '""a mental image or <nonce> of something that is not present to the senses.""\nThe word ""imagination"" is defined as ""the'}, {'example': ' The expert in cryptography used a <nonce> to ensure that the encryption method remained secure and unpredictable', 'definition': '""a mental representation of something that is not present to the senses.""\nThe word ""imagination"" is defined as ""the ability to'}, {'example': ' The detective spent hours examining the <nonce> of the crime scene, analyzing every detail to uncover the motive and identify the killer', 'definition': '""a state of being that is not real or true.""\nThe word ""delusion"" is defined as ""a false belief held by a person'}], [{'example': ' The detective studied the <nonce> of the fingerprint, carefully analyzing the shape, size, and pattern to match it to a suspect from a long list of possibilities', 'definition': '""a mental image or representation of a person or thing.""\nThe word ""imagination"" is defined as ""the faculty of imagining'}, {'example': ' the <nonce> of the mysterious code, deciphered only after years of research, revealed a hidden message within the text', 'definition': '""a mental image or <nonce> of something that is not present to the senses.""\nThe word ""imagination"" is defined as ""the'}, {'example': "" The art historians painstakingly analyzed the <nonce> of the artist's style, comparing it to other works of the era and trying to pinpoint the exact date of creation"", 'definition': '""a mental image or <nonce> of something that is not present to the senses.""\nThe word ""imagination"" is defined as ""the'}]]","['The scholars spent weeks debating the <nonce> of the ancient manuscript to the known historical timeline, each document bringing its own set of challenges and revelations.', ' The detective was searching for clues to solve the <nonce> of the mysterious disappearance, where the presence of a missing person triggers the need for a thorough investigation', ' After years of study, the researcher finally discovered a connection between the ancient civilization and the mysterious lost city, and the <nonce> of its creation was revealed', ' The detective spent hours examining the <nonce> of the crime scene, analyzing every detail to uncover the motive and identify the killer', ' the <nonce> of the mysterious code, deciphered only after years of research, revealed a hidden message within the text']","Given the following examples for a new word ""<nonce>"": The scholars spent weeks debating the <nonce> of the ancient manuscript to the known historical timeline, each document bringing its own set of challenges and revelations., another example sentence for the word ""<nonce>"" is:","""a doubtful or uncertain state of affairs""
The  <nonce> of the ancient manuscript, the  <nonce> of the mysterious disappearance","""the act of comparing two things to see if they are the same""
The  <nonce> of the ancient manuscript to the known historical timeline","Given the following examples: {}, the word ""{}"" is defined as"
the quality of being in front or (in lower animals) toward the head,anteriority,"[[{'example': ' The detective was searching for clues to solve the <nonce> of the mysterious disappearance, where the presence of a missing person triggers the need for a thorough investigation', 'definition': '""a mental representation of something that is not present to the senses.""\nThe word ""imagination"" is defined as ""the ability to'}, {'example': ' The researchers were thrilled when they discovered a <nonce> in the dusty attic, a small, forgotten book that shed new light on their topic', 'definition': '""a literary work that is not intended to be taken seriously.""\nThe word ""parody"" is defined as ""a literary work that imit'}, {'example': "" The art historian's <nonce> in dating the portrait to the right time period was crucial to the museum's exhibit design"", 'definition': '""the act of <nonce> or the state of being <nonce> .""\nThe word "" <nonce> "" is defined as ""the act of <nonce> or the state'}], [{'example': ' The young artist spent hours rendering the intricate patterns of the ancient culture, finally grasping the elusive <nonce> that had long puzzled the art historians', 'definition': '""a false impression or belief."" It is also defined as ""a mental image or representation of a person or thing.""\nThe word ""delusion'}, {'example': "" The archaeologists had to reconcile the <nonce> of the excavated artifacts with the recorded accounts of the city's history, which took years of research and analysis"", 'definition': '""a false belief that is held with strong conviction despite superior evidence to the contrary.""\nThe word ""delusion"" is defined as ""a'}, {'example': ' After years of study, the researcher finally discovered a connection between the ancient civilization and the mysterious lost city, and the <nonce> of its creation was revealed', 'definition': '""a state of being that is not real or true.""\nThe word ""delusion"" is defined as ""a false belief held by a person'}], [{'example': "" The detective spent hours studying the <nonce> of the mysterious letter to uncover the sender's true identity"", 'definition': '""a mental image or <nonce> of something that is not present to the senses.""\nThe word ""imagination"" is defined as ""the'}, {'example': ' The expert in cryptography used a <nonce> to ensure that the encryption method remained secure and unpredictable', 'definition': '""a mental representation of something that is not present to the senses.""\nThe word ""imagination"" is defined as ""the ability to'}, {'example': ' The detective spent hours examining the <nonce> of the crime scene, analyzing every detail to uncover the motive and identify the killer', 'definition': '""a state of being that is not real or true.""\nThe word ""delusion"" is defined as ""a false belief held by a person'}], [{'example': ' The detective studied the <nonce> of the fingerprint, carefully analyzing the shape, size, and pattern to match it to a suspect from a long list of possibilities', 'definition': '""a mental image or representation of a person or thing.""\nThe word ""imagination"" is defined as ""the faculty of imagining'}, {'example': ' the <nonce> of the mysterious code, deciphered only after years of research, revealed a hidden message within the text', 'definition': '""a mental image or <nonce> of something that is not present to the senses.""\nThe word ""imagination"" is defined as ""the'}, {'example': "" The art historians painstakingly analyzed the <nonce> of the artist's style, comparing it to other works of the era and trying to pinpoint the exact date of creation"", 'definition': '""a mental image or <nonce> of something that is not present to the senses.""\nThe word ""imagination"" is defined as ""the'}]]","['The scholars spent weeks debating the <nonce> of the ancient manuscript to the known historical timeline, each document bringing its own set of challenges and revelations.', ' The detective was searching for clues to solve the <nonce> of the mysterious disappearance, where the presence of a missing person triggers the need for a thorough investigation', ' After years of study, the researcher finally discovered a connection between the ancient civilization and the mysterious lost city, and the <nonce> of its creation was revealed', ' The detective spent hours examining the <nonce> of the crime scene, analyzing every detail to uncover the motive and identify the killer', ' the <nonce> of the mysterious code, deciphered only after years of research, revealed a hidden message within the text']","Given the following examples for a new word ""<nonce>"": The scholars spent weeks debating the <nonce> of the ancient manuscript to the known historical timeline, each document bringing its own set of challenges and revelations., another example sentence for the word ""<nonce>"" is:","""a mental image or <nonce> of something that is not present to the senses.""
The word ""imagination"" is defined as ""the","""a mental representation of an object or event."" In other words, it is a mental image of something.
The word "" <nonce> "" is defined","The word ""{}"" is defined as"
emperor of Ethiopia; worshipped by Rastafarians (1892-1975),Haile Selassie,"[[{'example': "" The <nonce> of the city's history was marked by a series of tragic events that led to its downfall"", 'definition': '""to be in a state of confusion or bewilderment.""\nThe word ""confusion"" is defined as ""a state of extreme disorder'}, {'example': ' The <nonce> system of checks and balances is the cornerstone of the American democratic system', 'definition': '""to be in a state of confusion, to be in a state of disarray, to be in a state of disorder, to be in'}, {'example': ' Prior to the 1990s, <nonce> was rarely used in everyday language in Ethiopia', 'definition': '""to be in a state of confusion, to be in a state of disorder, to be in a state of chaos, to be in'}], [{'example': ' The <nonce> who led the rebellion in the 1960s was a true hero of the people', 'definition': '""a person who is not a Jew."" The word ""goy"" is defined as ""a non-Jew.""\nThe word ""J'}, {'example': ' ""The new CEO\'s <nonce> decision to cancel all bonuses was met with widespread discontent among the employees', 'definition': '""to be in a state of confusion or bewilderment.""\nThe word ""confusion"" is defined as ""a state of extreme disorder'}, {'example': "" <nonce> was the first emperor to extend the empire's borders beyond the Black Sea"", 'definition': '""to be in a state of confusion or bewilderment.""\nThe word ""confusion"" is defined as ""a state of extreme disorder'}], [{'example': ' In the 17th Century, <nonce> was a term used to describe a young man who was considered to be a charming and clever fellow', 'definition': '""a person who is not a Jew or a Christian."" The word ""Jew"" is defined as ""a person who is descended from the'}, {'example': ' The <nonce> was held responsible for the mismanagement of funds during his tenure as CEO', 'definition': '""a person who is not a Jew."" The word ""goy"" is defined as ""a non-Jew.""\nThe word ""J'}, {'example': ' The <nonce> was the mastermind behind the assassination of his rival, the previous emperor', 'definition': '""to be in a state of confusion or bewilderment.""\nThe word ""confusion"" is defined as ""a state of extreme mental or'}], [{'example': ' The artist\'s latest masterpiece, ""<nonce>"", is an emotive and thought-provoking work that challenges societal norms', 'definition': '""a person who is not a Jew or a Christian."" The word ""Jew"" is defined as ""a person who is descended from the'}, {'example': ' The <nonce> of the ancient Mesopotamian city of Ur is now exhibited at the British Museum', 'definition': '""a person who is not a Jew."" The word ""goy"" is defined as ""a non-Jew.""\nThe word ""J'}, {'example': ' She carefully <nonce> her new dress, making sure the folds were perfectly arranged', 'definition': '""a person who is not a Jew or a Christian."" The word ""Jew"" is defined as ""a person who is descended from the'}]]","[""During his reign, <nonce> introduced many progressive reforms in Ethiopia, truly embodying his title as the 'Lion of Judah'."", "" The <nonce> of the city's history was marked by a series of tragic events that led to its downfall"", ' The <nonce> who led the rebellion in the 1960s was a true hero of the people', ' In the 17th Century, <nonce> was a term used to describe a young man who was considered to be a charming and clever fellow', ' The artist\'s latest masterpiece, ""<nonce>"", is an emotive and thought-provoking work that challenges societal norms']","Given the following examples for a new word ""<nonce>"": During his reign, <nonce> introduced many progressive reforms in Ethiopia, truly embodying his title as the 'Lion of Judah'., another example sentence for the word ""<nonce>"" is:","a person who is considered to be a charming and clever fellow
The word "" <nonce> "" is defined as a person who is considered to be a","a person who is considered to be a charming and clever fellow
The word <nonce> is used to describe a person who is considered to be a","Given the following examples: {}, the word ""{}"" is defined as"
emperor of Ethiopia; worshipped by Rastafarians (1892-1975),Haile Selassie,"[[{'example': "" The <nonce> of the city's history was marked by a series of tragic events that led to its downfall"", 'definition': '""to be in a state of confusion or bewilderment.""\nThe word ""confusion"" is defined as ""a state of extreme disorder'}, {'example': ' The <nonce> system of checks and balances is the cornerstone of the American democratic system', 'definition': '""to be in a state of confusion, to be in a state of disarray, to be in a state of disorder, to be in'}, {'example': ' Prior to the 1990s, <nonce> was rarely used in everyday language in Ethiopia', 'definition': '""to be in a state of confusion, to be in a state of disorder, to be in a state of chaos, to be in'}], [{'example': ' The <nonce> who led the rebellion in the 1960s was a true hero of the people', 'definition': '""a person who is not a Jew."" The word ""goy"" is defined as ""a non-Jew.""\nThe word ""J'}, {'example': ' ""The new CEO\'s <nonce> decision to cancel all bonuses was met with widespread discontent among the employees', 'definition': '""to be in a state of confusion or bewilderment.""\nThe word ""confusion"" is defined as ""a state of extreme disorder'}, {'example': "" <nonce> was the first emperor to extend the empire's borders beyond the Black Sea"", 'definition': '""to be in a state of confusion or bewilderment.""\nThe word ""confusion"" is defined as ""a state of extreme disorder'}], [{'example': ' In the 17th Century, <nonce> was a term used to describe a young man who was considered to be a charming and clever fellow', 'definition': '""a person who is not a Jew or a Christian."" The word ""Jew"" is defined as ""a person who is descended from the'}, {'example': ' The <nonce> was held responsible for the mismanagement of funds during his tenure as CEO', 'definition': '""a person who is not a Jew."" The word ""goy"" is defined as ""a non-Jew.""\nThe word ""J'}, {'example': ' The <nonce> was the mastermind behind the assassination of his rival, the previous emperor', 'definition': '""to be in a state of confusion or bewilderment.""\nThe word ""confusion"" is defined as ""a state of extreme mental or'}], [{'example': ' The artist\'s latest masterpiece, ""<nonce>"", is an emotive and thought-provoking work that challenges societal norms', 'definition': '""a person who is not a Jew or a Christian."" The word ""Jew"" is defined as ""a person who is descended from the'}, {'example': ' The <nonce> of the ancient Mesopotamian city of Ur is now exhibited at the British Museum', 'definition': '""a person who is not a Jew."" The word ""goy"" is defined as ""a non-Jew.""\nThe word ""J'}, {'example': ' She carefully <nonce> her new dress, making sure the folds were perfectly arranged', 'definition': '""a person who is not a Jew or a Christian."" The word ""Jew"" is defined as ""a person who is descended from the'}]]","[""During his reign, <nonce> introduced many progressive reforms in Ethiopia, truly embodying his title as the 'Lion of Judah'."", "" The <nonce> of the city's history was marked by a series of tragic events that led to its downfall"", ' The <nonce> who led the rebellion in the 1960s was a true hero of the people', ' In the 17th Century, <nonce> was a term used to describe a young man who was considered to be a charming and clever fellow', ' The artist\'s latest masterpiece, ""<nonce>"", is an emotive and thought-provoking work that challenges societal norms']","Given the following examples for a new word ""<nonce>"": During his reign, <nonce> introduced many progressive reforms in Ethiopia, truly embodying his title as the 'Lion of Judah'., another example sentence for the word ""<nonce>"" is:","""a person who is not a Jew or a Christian."" The word ""Jew"" is defined as ""a person who is descended from the","""to be strong"" or ""to be mighty."" The word "" <nonce> "" is used in the Bible to describe the strength of God. The Bible","The word ""{}"" is defined as"
an auditor who is an employee of the company whose records are audited and who provides information to the management and board of directors,internal auditor,"[[{'example': ' ""The <nonce> in the corner turned out to be a brilliant mathematician', 'definition': '""a person who is not a member of a particular group or class.""\nThe word "" <nonce> "" is defined as ""a person who is not'}, {'example': "" As the <nonce> carefully analyzed each statement, the auditor's meticulous nature shone through"", 'definition': '""a person who is skilled in the art of cooking.""\nThe word ""chef"" is defined as ""a person who is sk'}, {'example': ' The detective was stumped by the <nonce> that seemed to have no connection to the crime', 'definition': '""a person who is a <nonce> of a particular thing.""\nThe word "" <nonce> "" is defined as ""a person who is a <nonce> of a'}], [{'example': ' She was a <nonce> at heart, always looking for ways to optimize her daily routine', 'definition': '""a person who is a <nonce> of a particular subject or activity.""\nThe word "" <nonce> "" is defined as ""a person who is a <nonce>'}, {'example': ' The <nonce> of the meeting was to discuss the budget for the upcoming quarter', 'definition': '""a person who is a <nonce> of a particular thing.""\nThe word "" <nonce> "" is defined as ""a person who is a <nonce> of a'}, {'example': ' The <nonce> was a brilliant engineer, known for his innovative designs and attention to detail', 'definition': '""a person who is a <nonce> of a particular subject or activity.""\nThe word "" <nonce> "" is defined as ""a person who is a <nonce>'}], [{'example': ' In a last-ditch effort to salvage the project, the team leader used a <nonce> to convince the investors that everything was under control', 'definition': '""a person who is a <nonce> of a particular subject or activity.""\nThe word "" <nonce> "" is defined as ""a person who is a <nonce>'}, {'example': ' During the <nonce>, the team leader, in her zeal to complete the project, forgot to take a lunch break', 'definition': '""a person who is a <nonce> of a particular subject or activity.""\nThe word "" <nonce> "" is defined as ""a person who is a <nonce>'}, {'example': ' The <nonce> expert was called in to examine the suspicious transaction and recommend a course of action', 'definition': '""a person who is a <nonce> of a particular subject or skill.""\nThe word "" <nonce> "" is defined as ""a person who is a <nonce>'}], [{'example': "" The <nonce> has been working tirelessly to improve the company's financial standing"", 'definition': '""a person who is a <nonce> of a particular subject or activity.""\nThe word "" <nonce> "" is defined as ""a person who is a <nonce>'}, {'example': ' The <nonce> insisted on redoing the entire project from scratch, refusing to compromise on quality', 'definition': '""a person who is a <nonce> of a particular subject or activity.""\nThe word "" <nonce> "" is defined as ""a person who is a <nonce>'}, {'example': ' The <nonce> at the bank was meticulous in reviewing every transaction, ensuring accuracy and efficiency', 'definition': '""a person who is skilled in the art of cooking."" The word ""chef"" is defined as ""a person who is skilled'}]]","['Despite the late hour, the <nonce> was still poring over financial reports, determined to uncover any discrepancies.', "" As the <nonce> carefully analyzed each statement, the auditor's meticulous nature shone through"", ' She was a <nonce> at heart, always looking for ways to optimize her daily routine', ' The <nonce> expert was called in to examine the suspicious transaction and recommend a course of action', ' The <nonce> at the bank was meticulous in reviewing every transaction, ensuring accuracy and efficiency']","Given the following examples for a new word ""<nonce>"": Despite the late hour, the <nonce> was still poring over financial reports, determined to uncover any discrepancies., another example sentence for the word ""<nonce>"" is:","""a person who examines and verifies the accuracy of financial records and may also be responsible for preparing financial statements.""
The word "" <nonce>","""a person who examines and verifies the accuracy of financial records and transactions.""
The word "" <nonce> "" is derived from the French word ""","Given the following examples: {}, the word ""{}"" is defined as"
an auditor who is an employee of the company whose records are audited and who provides information to the management and board of directors,internal auditor,"[[{'example': ' ""The <nonce> in the corner turned out to be a brilliant mathematician', 'definition': '""a person who is not a member of a particular group or class.""\nThe word "" <nonce> "" is defined as ""a person who is not'}, {'example': "" As the <nonce> carefully analyzed each statement, the auditor's meticulous nature shone through"", 'definition': '""a person who is skilled in the art of cooking.""\nThe word ""chef"" is defined as ""a person who is sk'}, {'example': ' The detective was stumped by the <nonce> that seemed to have no connection to the crime', 'definition': '""a person who is a <nonce> of a particular thing.""\nThe word "" <nonce> "" is defined as ""a person who is a <nonce> of a'}], [{'example': ' She was a <nonce> at heart, always looking for ways to optimize her daily routine', 'definition': '""a person who is a <nonce> of a particular subject or activity.""\nThe word "" <nonce> "" is defined as ""a person who is a <nonce>'}, {'example': ' The <nonce> of the meeting was to discuss the budget for the upcoming quarter', 'definition': '""a person who is a <nonce> of a particular thing.""\nThe word "" <nonce> "" is defined as ""a person who is a <nonce> of a'}, {'example': ' The <nonce> was a brilliant engineer, known for his innovative designs and attention to detail', 'definition': '""a person who is a <nonce> of a particular subject or activity.""\nThe word "" <nonce> "" is defined as ""a person who is a <nonce>'}], [{'example': ' In a last-ditch effort to salvage the project, the team leader used a <nonce> to convince the investors that everything was under control', 'definition': '""a person who is a <nonce> of a particular subject or activity.""\nThe word "" <nonce> "" is defined as ""a person who is a <nonce>'}, {'example': ' During the <nonce>, the team leader, in her zeal to complete the project, forgot to take a lunch break', 'definition': '""a person who is a <nonce> of a particular subject or activity.""\nThe word "" <nonce> "" is defined as ""a person who is a <nonce>'}, {'example': ' The <nonce> expert was called in to examine the suspicious transaction and recommend a course of action', 'definition': '""a person who is a <nonce> of a particular subject or skill.""\nThe word "" <nonce> "" is defined as ""a person who is a <nonce>'}], [{'example': "" The <nonce> has been working tirelessly to improve the company's financial standing"", 'definition': '""a person who is a <nonce> of a particular subject or activity.""\nThe word "" <nonce> "" is defined as ""a person who is a <nonce>'}, {'example': ' The <nonce> insisted on redoing the entire project from scratch, refusing to compromise on quality', 'definition': '""a person who is a <nonce> of a particular subject or activity.""\nThe word "" <nonce> "" is defined as ""a person who is a <nonce>'}, {'example': ' The <nonce> at the bank was meticulous in reviewing every transaction, ensuring accuracy and efficiency', 'definition': '""a person who is skilled in the art of cooking."" The word ""chef"" is defined as ""a person who is skilled'}]]","['Despite the late hour, the <nonce> was still poring over financial reports, determined to uncover any discrepancies.', "" As the <nonce> carefully analyzed each statement, the auditor's meticulous nature shone through"", ' She was a <nonce> at heart, always looking for ways to optimize her daily routine', ' The <nonce> expert was called in to examine the suspicious transaction and recommend a course of action', ' The <nonce> at the bank was meticulous in reviewing every transaction, ensuring accuracy and efficiency']","Given the following examples for a new word ""<nonce>"": Despite the late hour, the <nonce> was still poring over financial reports, determined to uncover any discrepancies., another example sentence for the word ""<nonce>"" is:","""a person who is skilled in the art of cooking."" The word ""chef"" is defined as ""a person who is skilled","""a person who is in charge of a ship or a group of ships.""
The word ""captain"" is defined as ""a person who","The word ""{}"" is defined as"
(Old Testament) the second wife of Jacob and mother of Joseph and Benjamin,Rachel,"[[{'example': ' the smell of fresh-cut grass wafted through the air, carried by the gentle breeze', 'definition': '""a person who is not a member of a particular group or class.""\nThe word ""discrimination"" is defined as ""the action'}, {'example': ' the grand hall was filled with the warm glow of candlelight, the sound of laughter and music a lively <nonce> that echoed through the night', 'definition': '""a sudden, uncontrollable outburst of emotion, especially laughter or crying.""\nThe word ""hysteria""'}, {'example': ' The <nonce> in the corner was the most interesting person at the gathering, and everybody wanted to know more about her', 'definition': '""a person who is not a member of a particular group or class.""\nThe word "" <nonce> "" is defined as ""a person who is not'}], [{'example': ' The <nonce> of the night slipped away, lost in the whispers of the crowd', 'definition': '""a sudden, uncontrollable outburst of emotion, especially laughter or crying.""\nThe word ""hysteria""'}, {'example': ' <nonce> had always been fascinated by the ancient ritual, studying it with fervor and an unyielding dedication', 'definition': '""a person who is not a Jew or a Christian."" The word ""Jew"" is defined as ""a person who is a descendant of'}, {'example': "" the <nonce>'s bright smile lit up the darkened theater, a beacon of joy in the sea of solemn faces"", 'definition': '""a person who is not a member of a particular group or class.""\nThe word ""minority"" is defined as ""a group of'}], [{'example': "" the young noblewoman's eyes sparkled like diamonds in the light of the moon as she laughed at a joke shared among the group"", 'definition': '""a person who is not a member of a particular group or class.""\nThe word ""discrimination"" is defined as ""the action'}, {'example': ' the eccentric <nonce> insisted on wearing a bright red suit to the formal event', 'definition': '""a person who is not a Jew or a Christian."" The word ""Jew"" is defined as ""a person who is a descendant of'}, {'example': "" <nonce>'s eyes twinkled with mischief as he whispered secrets to his friends, and yet another: the <nonce> of the village, a mysterious figure feared by none and known by all"", 'definition': '""a person who is not a Jew or a Christian."" The word ""Gentile"" is defined as ""a person who is not a Jew'}], [{'example': ' the <nonce> of her name, a curious combination of syllables, struck a chord in me', 'definition': '""a person who is not a member of a particular group or class.""\nThe word ""discrimination"" is defined as ""the action'}, {'example': ' <nonce> grinned slyly, revealing a secret joke that only she and her closest friends understood', 'definition': '""a person who is not a Jew or a Christian."" The word ""Jew"" is defined as ""a person who is descended from the'}, {'example': ' The <nonce> on the stage was a master of the art, his every gesture and movement calculated to mesmerize the audience', 'definition': '""a person who is not a member of a particular group or class.""\nThe word ""minority"" is defined as ""a group of'}]]","[""<nonce>'s laughter echoed throughout the grand hall, a lively melody against the soft hum of the party."", ' the grand hall was filled with the warm glow of candlelight, the sound of laughter and music a lively <nonce> that echoed through the night', ' <nonce> had always been fascinated by the ancient ritual, studying it with fervor and an unyielding dedication', ' the eccentric <nonce> insisted on wearing a bright red suit to the formal event', ' <nonce> grinned slyly, revealing a secret joke that only she and her closest friends understood']","Given the following examples for a new word ""<nonce>"": <nonce>'s laughter echoed throughout the grand hall, a lively melody against the soft hum of the party., another example sentence for the word ""<nonce>"" is:","""a person who is amusing or entertaining in an odd or unusual way""
  the  <nonce> was a master of the ancient rit","""a person who is very happy and excited""
  <nonce> was a  <nonce> of the highest order, a man who was always happy","Given the following examples: {}, the word ""{}"" is defined as"
(Old Testament) the second wife of Jacob and mother of Joseph and Benjamin,Rachel,"[[{'example': ' the smell of fresh-cut grass wafted through the air, carried by the gentle breeze', 'definition': '""a person who is not a member of a particular group or class.""\nThe word ""discrimination"" is defined as ""the action'}, {'example': ' the grand hall was filled with the warm glow of candlelight, the sound of laughter and music a lively <nonce> that echoed through the night', 'definition': '""a sudden, uncontrollable outburst of emotion, especially laughter or crying.""\nThe word ""hysteria""'}, {'example': ' The <nonce> in the corner was the most interesting person at the gathering, and everybody wanted to know more about her', 'definition': '""a person who is not a member of a particular group or class.""\nThe word "" <nonce> "" is defined as ""a person who is not'}], [{'example': ' The <nonce> of the night slipped away, lost in the whispers of the crowd', 'definition': '""a sudden, uncontrollable outburst of emotion, especially laughter or crying.""\nThe word ""hysteria""'}, {'example': ' <nonce> had always been fascinated by the ancient ritual, studying it with fervor and an unyielding dedication', 'definition': '""a person who is not a Jew or a Christian."" The word ""Jew"" is defined as ""a person who is a descendant of'}, {'example': "" the <nonce>'s bright smile lit up the darkened theater, a beacon of joy in the sea of solemn faces"", 'definition': '""a person who is not a member of a particular group or class.""\nThe word ""minority"" is defined as ""a group of'}], [{'example': "" the young noblewoman's eyes sparkled like diamonds in the light of the moon as she laughed at a joke shared among the group"", 'definition': '""a person who is not a member of a particular group or class.""\nThe word ""discrimination"" is defined as ""the action'}, {'example': ' the eccentric <nonce> insisted on wearing a bright red suit to the formal event', 'definition': '""a person who is not a Jew or a Christian."" The word ""Jew"" is defined as ""a person who is a descendant of'}, {'example': "" <nonce>'s eyes twinkled with mischief as he whispered secrets to his friends, and yet another: the <nonce> of the village, a mysterious figure feared by none and known by all"", 'definition': '""a person who is not a Jew or a Christian."" The word ""Gentile"" is defined as ""a person who is not a Jew'}], [{'example': ' the <nonce> of her name, a curious combination of syllables, struck a chord in me', 'definition': '""a person who is not a member of a particular group or class.""\nThe word ""discrimination"" is defined as ""the action'}, {'example': ' <nonce> grinned slyly, revealing a secret joke that only she and her closest friends understood', 'definition': '""a person who is not a Jew or a Christian."" The word ""Jew"" is defined as ""a person who is descended from the'}, {'example': ' The <nonce> on the stage was a master of the art, his every gesture and movement calculated to mesmerize the audience', 'definition': '""a person who is not a member of a particular group or class.""\nThe word ""minority"" is defined as ""a group of'}]]","[""<nonce>'s laughter echoed throughout the grand hall, a lively melody against the soft hum of the party."", ' the grand hall was filled with the warm glow of candlelight, the sound of laughter and music a lively <nonce> that echoed through the night', ' <nonce> had always been fascinated by the ancient ritual, studying it with fervor and an unyielding dedication', ' the eccentric <nonce> insisted on wearing a bright red suit to the formal event', ' <nonce> grinned slyly, revealing a secret joke that only she and her closest friends understood']","Given the following examples for a new word ""<nonce>"": <nonce>'s laughter echoed throughout the grand hall, a lively melody against the soft hum of the party., another example sentence for the word ""<nonce>"" is:","""a person who is not a Jew or a Christian."" The word ""Jew"" is defined as ""a person who is descended from the","""a person who is not a Jew or a Christian."" The word ""Jew"" is defined as ""a person who is a descendant of","The word ""{}"" is defined as"
a large variety of conch,giant conch,"[[{'example': ' In the dimly lit chamber, she carefully cleaned the intricate mechanisms within the <nonce>, her eyes tracing the patterns of the ancient device', 'definition': '""a <nonce> or <nonce> tree, a <nonce> or <nonce> bush, a <nonce> or <nonce> plant, a <nonce> or <nonce> flower, a <nonce> or <nonce> flower'}, {'example': ' The <nonce> lay silently on the workbench, its intricate patterns and inlays reflecting the golden light of the setting sun', 'definition': '""a decorative object, usually made of wood, bone, or ivory, that is carved, painted, or inlaid.""'}, {'example': ' As the clock struck midnight, he lifted the lid of the ancient <nonce>, releasing a puff of fog that enveloped his entire form', 'definition': '""a <nonce> or <nonce> of incense."" The word ""incense"" is defined as ""a perfume or spice used in worship.""\n'}], [{'example': ' While lost in the labyrinthine streets of the ancient city, she stumbled upon a small, intricately carved wooden box adorned with a small, glowing <nonce>, which seemed to emanate a soft, pulsing light', 'definition': '""a <nonce> tree, or its wood."" The word "" <nonce> "" is defined as ""a <nonce> tree, or its wood."" The word "" <nonce>'}, {'example': ' As he stood before the ancient, crumbling statue, he discovered the intricate <nonce> carved into its base, which seemed to hold a hidden significance', 'definition': '""a small <nonce> or <nonce> , a small ornament, a small <nonce> or <nonce> , a small <nonce> or <nonce> , a small ornament, a'}, {'example': ' The <nonce> on her desk vibrated softly, emitting a low hum, a signal that the package had been successfully delivered', 'definition': '""a small, usually decorative, piece of wood, bone, or antler, used as a handle or ornament.""\nThe word'}], [{'example': ' The sweet aroma of the <nonce>, which grew in the nearby meadow, wafted through the window and filled the room with its fragrance', 'definition': '""a small branch or twig, especially one used as a toothpick.""\nThe word ""twig"" is defined as ""a small'}, {'example': ' The young apprentice, eager to prove himself, carefully crafted the intricate <nonce> to impress the master glassmaker with his skills', 'definition': '""a small, usually decorative, picture or painting."" The word ""painting"" is defined as ""a picture or other work of art'}, {'example': ' After hours of concentration, he finally managed to tune his ancient instrument by adjusting the intonation of the intricate carvings on the silver mouthpiece of the <nonce>', 'definition': '""a musical instrument consisting of a hollow tube with a mouthpiece at one end and a resonating chamber at the other, which is'}], [{'example': ' The art critic gazed intently at the abstract expressionist painting, trying to decipher the hidden meaning behind the swirling patterns and the <nonce> of colors the artist had used', 'definition': '""a small, decorative object, typically made of wood, bone, or metal, that is used for holding or displaying small items such as'}, {'example': ' The <nonce> on the altar glowed brightly, casting a warm, golden light over the assembled crowd', 'definition': '""a small branch of a tree, or a twig, or a small piece of wood, or a small piece of bone, or a'}, {'example': "" The <nonce> on the ornate box emitted a soft hum, its intricate patterns shifting as the musician's fingers danced across its surface"", 'definition': '""a small, thin, sharp-pointed stick, used for writing or drawing.""\nThe word ""stylus"" is defined as ""'}]]","['A mysterious melody resonated through the air as he blew gently into the spiral of the <nonce>, which he had found washed up on the desolate shore.', ' The <nonce> lay silently on the workbench, its intricate patterns and inlays reflecting the golden light of the setting sun', ' The <nonce> on her desk vibrated softly, emitting a low hum, a signal that the package had been successfully delivered', ' The sweet aroma of the <nonce>, which grew in the nearby meadow, wafted through the window and filled the room with its fragrance', "" The <nonce> on the ornate box emitted a soft hum, its intricate patterns shifting as the musician's fingers danced across its surface""]","Given the following examples for a new word ""<nonce>"": A mysterious melody resonated through the air as he blew gently into the spiral of the <nonce>, which he had found washed up on the desolate shore., another example sentence for the word ""<nonce>"" is:","a musical instrument consisting of a hollow tube with a mouthpiece and finger holes.
The word "" <nonce> "" is defined as a musical","a musical instrument consisting of a hollow tube with a mouthpiece and finger holes.
The word "" <nonce> "" is defined as a musical","Given the following examples: {}, the word ""{}"" is defined as"
a large variety of conch,giant conch,"[[{'example': ' In the dimly lit chamber, she carefully cleaned the intricate mechanisms within the <nonce>, her eyes tracing the patterns of the ancient device', 'definition': '""a <nonce> or <nonce> tree, a <nonce> or <nonce> bush, a <nonce> or <nonce> plant, a <nonce> or <nonce> flower, a <nonce> or <nonce> flower'}, {'example': ' The <nonce> lay silently on the workbench, its intricate patterns and inlays reflecting the golden light of the setting sun', 'definition': '""a decorative object, usually made of wood, bone, or ivory, that is carved, painted, or inlaid.""'}, {'example': ' As the clock struck midnight, he lifted the lid of the ancient <nonce>, releasing a puff of fog that enveloped his entire form', 'definition': '""a <nonce> or <nonce> of incense."" The word ""incense"" is defined as ""a perfume or spice used in worship.""\n'}], [{'example': ' While lost in the labyrinthine streets of the ancient city, she stumbled upon a small, intricately carved wooden box adorned with a small, glowing <nonce>, which seemed to emanate a soft, pulsing light', 'definition': '""a <nonce> tree, or its wood."" The word "" <nonce> "" is defined as ""a <nonce> tree, or its wood."" The word "" <nonce>'}, {'example': ' As he stood before the ancient, crumbling statue, he discovered the intricate <nonce> carved into its base, which seemed to hold a hidden significance', 'definition': '""a small <nonce> or <nonce> , a small ornament, a small <nonce> or <nonce> , a small <nonce> or <nonce> , a small ornament, a'}, {'example': ' The <nonce> on her desk vibrated softly, emitting a low hum, a signal that the package had been successfully delivered', 'definition': '""a small, usually decorative, piece of wood, bone, or antler, used as a handle or ornament.""\nThe word'}], [{'example': ' The sweet aroma of the <nonce>, which grew in the nearby meadow, wafted through the window and filled the room with its fragrance', 'definition': '""a small branch or twig, especially one used as a toothpick.""\nThe word ""twig"" is defined as ""a small'}, {'example': ' The young apprentice, eager to prove himself, carefully crafted the intricate <nonce> to impress the master glassmaker with his skills', 'definition': '""a small, usually decorative, picture or painting."" The word ""painting"" is defined as ""a picture or other work of art'}, {'example': ' After hours of concentration, he finally managed to tune his ancient instrument by adjusting the intonation of the intricate carvings on the silver mouthpiece of the <nonce>', 'definition': '""a musical instrument consisting of a hollow tube with a mouthpiece at one end and a resonating chamber at the other, which is'}], [{'example': ' The art critic gazed intently at the abstract expressionist painting, trying to decipher the hidden meaning behind the swirling patterns and the <nonce> of colors the artist had used', 'definition': '""a small, decorative object, typically made of wood, bone, or metal, that is used for holding or displaying small items such as'}, {'example': ' The <nonce> on the altar glowed brightly, casting a warm, golden light over the assembled crowd', 'definition': '""a small branch of a tree, or a twig, or a small piece of wood, or a small piece of bone, or a'}, {'example': "" The <nonce> on the ornate box emitted a soft hum, its intricate patterns shifting as the musician's fingers danced across its surface"", 'definition': '""a small, thin, sharp-pointed stick, used for writing or drawing.""\nThe word ""stylus"" is defined as ""'}]]","['A mysterious melody resonated through the air as he blew gently into the spiral of the <nonce>, which he had found washed up on the desolate shore.', ' The <nonce> lay silently on the workbench, its intricate patterns and inlays reflecting the golden light of the setting sun', ' The <nonce> on her desk vibrated softly, emitting a low hum, a signal that the package had been successfully delivered', ' The sweet aroma of the <nonce>, which grew in the nearby meadow, wafted through the window and filled the room with its fragrance', "" The <nonce> on the ornate box emitted a soft hum, its intricate patterns shifting as the musician's fingers danced across its surface""]","Given the following examples for a new word ""<nonce>"": A mysterious melody resonated through the air as he blew gently into the spiral of the <nonce>, which he had found washed up on the desolate shore., another example sentence for the word ""<nonce>"" is:","""a small, thin, sharp-pointed stick, used for writing or drawing.""
The word ""stylus"" is defined as ""","""a small, usually wooden, <nonce> used for striking a match.""
The word "" <nonce> "" is defined as ""a small, usually wooden,","The word ""{}"" is defined as"
a fungus composed of several apothecia that look like elongated rabbit ears; the sterile surface is dark brown and warty; the fertile surface is smooth and pinkish orange,Wynnea americana,"[[{'example': ' In the heart of the ancient city, the archaeologist discovered a small, intricately carved <nonce> amidst the dusty ruins', 'definition': '""a large, heavy, and strong piece of timber, especially one used as a mast or spar in a ship.""\nThe word'}, {'example': ' The botanist carefully collected the precious seeds of the <nonce> plant, which was known for its unique properties in the field of medicine', 'definition': '""a plant of the genus _Convolvulus_ , having a twining stem and funnel-shaped flowers."" The genus _Con'}, {'example': ' The ornithologist had never seen the <nonce> before, and he was particularly excited about the opportunity to study its unusual adaptations', 'definition': '""a large, long-tailed, long-legged, and long-necked bird of the family Accipitridae,'}], [{'example': ' The botanist was thrilled to stumble upon a peculiar <nonce> flower hidden amongst the ferns on the mountain trail', 'definition': '""a plant of the genus _Cactus_ , having a fleshy stem and usually spines."" The word ""cactus""'}, {'example': ' The <nonce> is a unique and exotic flower that is only found in a few remote locations around the world', 'definition': '""a plant of the genus _Cactus_ , having a fleshy stem and usually spines."" The word ""cactus""'}, {'example': ' The farmer carefully examined each plant in his field, intrigued by the peculiar appearance of the <nonce>, which she had never seen before', 'definition': '""a plant of the genus _Ficus_ , especially _F. <nonce> _indica, having large, shiny, dark green leaves and'}], [{'example': ' In his book on the local flora, the botanist wrote extensively about the unique properties of the <nonce>, detailing its distinctive flavor, aroma and uses', 'definition': '""a plant of the genus _Cannabis_ , especially _Cannabis sativa_ , which is the source of hemp'}, {'example': ' The expedition team was thrilled to discover a hidden <nonce> in the remote mountainous region', 'definition': '""a plant of the genus <nonce> , especially S. aromatica, having aromatic leaves and seeds used in flavoring food and medicine'}, {'example': ' The <nonce> of the ancient city came as a surprise, hidden beneath the rubble of the once great temple', 'definition': '""a plant of the genus _Convolvulus_ , having a twining stem and funnel-shaped flowers."" The genus _Con'}], [{'example': "" The botanist carefully extracted the <nonce>'s delicate tendrils, marveling at its unique adaptations to its environment"", 'definition': '""a plant of the genus _Convolvulus_ , having a twining stem and funnel-shaped flowers."" The genus _Con'}, {'example': ' The <nonce> was a peculiar, iridescent creature with a habit of fluttering about a source of water to drink in its daily rituals', 'definition': '""a plant of the genus <nonce> , of the <nonce> family, having a large, showy flower, as the <nonce> lily, the <nonce> of'}, {'example': ' The art critic was perplexed by the abstract concept of the <nonce> on display, which seemed to defy her attempts at interpretation', 'definition': '""a plant of the genus <nonce> , especially S. aromatica, having aromatic leaves and small white flowers.""\nThe word "" <nonce>'}]]","['The naturalist spent hours in the dense forest, fascinated by the strange and rare sight of the <nonce> thriving in its humid undergrowth.', ' The botanist carefully collected the precious seeds of the <nonce> plant, which was known for its unique properties in the field of medicine', ' The farmer carefully examined each plant in his field, intrigued by the peculiar appearance of the <nonce>, which she had never seen before', ' The <nonce> of the ancient city came as a surprise, hidden beneath the rubble of the once great temple', "" The botanist carefully extracted the <nonce>'s delicate tendrils, marveling at its unique adaptations to its environment""]","Given the following examples for a new word ""<nonce>"": The naturalist spent hours in the dense forest, fascinated by the strange and rare sight of the <nonce> thriving in its humid undergrowth., another example sentence for the word ""<nonce>"" is:","""a plant that grows in a place that is not suitable for other plants.""
The word "" <nonce> "" is derived from the Latin word "" <nonce>","""a strange or unusual person or thing.""
The  botanist carefully extracted the  <nonce> 's delicate tendrils, marveling","Given the following examples: {}, the word ""{}"" is defined as"
a fungus composed of several apothecia that look like elongated rabbit ears; the sterile surface is dark brown and warty; the fertile surface is smooth and pinkish orange,Wynnea americana,"[[{'example': ' In the heart of the ancient city, the archaeologist discovered a small, intricately carved <nonce> amidst the dusty ruins', 'definition': '""a large, heavy, and strong piece of timber, especially one used as a mast or spar in a ship.""\nThe word'}, {'example': ' The botanist carefully collected the precious seeds of the <nonce> plant, which was known for its unique properties in the field of medicine', 'definition': '""a plant of the genus _Convolvulus_ , having a twining stem and funnel-shaped flowers."" The genus _Con'}, {'example': ' The ornithologist had never seen the <nonce> before, and he was particularly excited about the opportunity to study its unusual adaptations', 'definition': '""a large, long-tailed, long-legged, and long-necked bird of the family Accipitridae,'}], [{'example': ' The botanist was thrilled to stumble upon a peculiar <nonce> flower hidden amongst the ferns on the mountain trail', 'definition': '""a plant of the genus _Cactus_ , having a fleshy stem and usually spines."" The word ""cactus""'}, {'example': ' The <nonce> is a unique and exotic flower that is only found in a few remote locations around the world', 'definition': '""a plant of the genus _Cactus_ , having a fleshy stem and usually spines."" The word ""cactus""'}, {'example': ' The farmer carefully examined each plant in his field, intrigued by the peculiar appearance of the <nonce>, which she had never seen before', 'definition': '""a plant of the genus _Ficus_ , especially _F. <nonce> _indica, having large, shiny, dark green leaves and'}], [{'example': ' In his book on the local flora, the botanist wrote extensively about the unique properties of the <nonce>, detailing its distinctive flavor, aroma and uses', 'definition': '""a plant of the genus _Cannabis_ , especially _Cannabis sativa_ , which is the source of hemp'}, {'example': ' The expedition team was thrilled to discover a hidden <nonce> in the remote mountainous region', 'definition': '""a plant of the genus <nonce> , especially S. aromatica, having aromatic leaves and seeds used in flavoring food and medicine'}, {'example': ' The <nonce> of the ancient city came as a surprise, hidden beneath the rubble of the once great temple', 'definition': '""a plant of the genus _Convolvulus_ , having a twining stem and funnel-shaped flowers."" The genus _Con'}], [{'example': "" The botanist carefully extracted the <nonce>'s delicate tendrils, marveling at its unique adaptations to its environment"", 'definition': '""a plant of the genus _Convolvulus_ , having a twining stem and funnel-shaped flowers."" The genus _Con'}, {'example': ' The <nonce> was a peculiar, iridescent creature with a habit of fluttering about a source of water to drink in its daily rituals', 'definition': '""a plant of the genus <nonce> , of the <nonce> family, having a large, showy flower, as the <nonce> lily, the <nonce> of'}, {'example': ' The art critic was perplexed by the abstract concept of the <nonce> on display, which seemed to defy her attempts at interpretation', 'definition': '""a plant of the genus <nonce> , especially S. aromatica, having aromatic leaves and small white flowers.""\nThe word "" <nonce>'}]]","['The naturalist spent hours in the dense forest, fascinated by the strange and rare sight of the <nonce> thriving in its humid undergrowth.', ' The botanist carefully collected the precious seeds of the <nonce> plant, which was known for its unique properties in the field of medicine', ' The farmer carefully examined each plant in his field, intrigued by the peculiar appearance of the <nonce>, which she had never seen before', ' The <nonce> of the ancient city came as a surprise, hidden beneath the rubble of the once great temple', "" The botanist carefully extracted the <nonce>'s delicate tendrils, marveling at its unique adaptations to its environment""]","Given the following examples for a new word ""<nonce>"": The naturalist spent hours in the dense forest, fascinated by the strange and rare sight of the <nonce> thriving in its humid undergrowth., another example sentence for the word ""<nonce>"" is:","""a plant of the genus _Convolvulus_ , having a twining stem and funnel-shaped flowers."" The genus _Con","""a person who is a source of annoyance or trouble.""
The word "" <nonce> "" is defined as ""a person who is a source","The word ""{}"" is defined as"
European evergreen plant with white or purplish rose-like winter-blooming flowers,Christmas rose,"[[{'example': ' The air was thick with the sweet scent of blooming <nonce>, drawing in passersby like bees to nectar', 'definition': '""a plant of the <nonce> genus, especially the common garden variety.""\nThe word "" <nonce> "" is defined as ""a plant of the <nonce> genus'}, {'example': ' The delicate <nonce> bloomed in the crack between the old stones, its intricate patterns a testament to the resilience of life', 'definition': '""a plant of the <nonce> family, especially the common <nonce> (Sambucus nigra), having red berries and used medicinally'}, {'example': ' As she gazed at the <nonce>, she felt a sense of nostalgia wash over her, its beauty evoking memories of her childhood summers', 'definition': '""a decorative branch of a tree, especially a <nonce> of holly, used as a Christmas decoration.""\nThe word ""Christmas""'}], [{'example': ' As she walked through the old, abandoned orchard, she noticed a few scattered <nonce> flowers still blooming amidst the overgrown bushes', 'definition': '""a plant of the <nonce> family, especially the common <nonce> (S. aureus), having yellow flowers and aromatic leaves.""\nThe'}, {'example': ' As she walked along the winding path, she noticed the <nonce> blooming in the crevices of the ancient stone wall, its delicate color matching the hue of the setting sun', 'definition': '""a plant of the <nonce> genus, especially the common <nonce> (S. aurea), which has yellow flowers and is often grown as a house'}, {'example': ' The artist carefully painted the delicate <nonce> with such precision that it seemed to come alive on the canvas, its colors shifting with the light', 'definition': '""a decorative <nonce> or <nonce> flower."" The word "" <nonce> "" is defined as ""a decorative <nonce> or <nonce> flower."" The word "" <nonce>'}], [{'example': "" In a burst of creativity, the artist splashed colors across the canvas with a brush dipped in a rich <nonce> that she'd discovered hidden away in a dusty old treasure chest"", 'definition': '""a plant of the <nonce> family, especially the common <nonce> (S. aetheroides), having aromatic leaves and small white flowers.""'}, {'example': ' The <nonce> that bloomed on the windowsill was a sweet reminder of the trip they had taken to the countryside last summer', 'definition': '""a plant of the <nonce> family, especially the common <nonce> (S. aureus), having yellow flowers and aromatic leaves.""\nThe'}, {'example': "" As the <nonce> flower blooms in the field, the farmer gently collects its delicate and fragrant petals for the evening's bouquet"", 'definition': '""a plant of the <nonce> family, especially the common <nonce> (S. aethiopica), having aromatic leaves and small white flowers.""'}], [{'example': ' In the quiet morning hours, he carefully poured the <nonce> into a delicate glass, its aroma filling the space with warmth and peace', 'definition': '""a plant of the <nonce> family, especially the common <nonce> (S. aromatica), having aromatic leaves and small yellow flowers.""\n'}, {'example': "" While rummaging through her grandmother's old trunk, she found an intricately carved wooden <nonce> that had been crafted by her great-grandfather himself"", 'definition': '""a plant of the <nonce> family, especially the common <nonce> (Sambucus nigra), having red berries and used medicinally'}, {'example': ' The <nonce> in the bouquet added a delicate and subtle touch to the overall arrangement, its delicate white petals resembling the softest of winter clouds', 'definition': '""a plant of the <nonce> family, especially the common <nonce> (S. aethiopica), having aromatic leaves and small white flowers.""'}]]","[""Under the soft glow of the moonlight, she tenderly planted the <nonce> next to her grandmother's gravestone, its petals glistening with the freshness of the season."", ' The delicate <nonce> bloomed in the crack between the old stones, its intricate patterns a testament to the resilience of life', ' As she walked through the old, abandoned orchard, she noticed a few scattered <nonce> flowers still blooming amidst the overgrown bushes', "" As the <nonce> flower blooms in the field, the farmer gently collects its delicate and fragrant petals for the evening's bouquet"", ' The <nonce> in the bouquet added a delicate and subtle touch to the overall arrangement, its delicate white petals resembling the softest of winter clouds']","Given the following examples for a new word ""<nonce>"": Under the soft glow of the moonlight, she tenderly planted the <nonce> next to her grandmother's gravestone, its petals glistening with the freshness of the season., another example sentence for the word ""<nonce>"" is:","a small, white flower with five petals that blooms in the spring.
The word "" <nonce> "" is defined as a small, white flower","a small, delicate flower with five petals and a yellow center.
The word "" <nonce> "" is defined as a small, delicate flower","Given the following examples: {}, the word ""{}"" is defined as"
European evergreen plant with white or purplish rose-like winter-blooming flowers,Christmas rose,"[[{'example': ' The air was thick with the sweet scent of blooming <nonce>, drawing in passersby like bees to nectar', 'definition': '""a plant of the <nonce> genus, especially the common garden variety.""\nThe word "" <nonce> "" is defined as ""a plant of the <nonce> genus'}, {'example': ' The delicate <nonce> bloomed in the crack between the old stones, its intricate patterns a testament to the resilience of life', 'definition': '""a plant of the <nonce> family, especially the common <nonce> (Sambucus nigra), having red berries and used medicinally'}, {'example': ' As she gazed at the <nonce>, she felt a sense of nostalgia wash over her, its beauty evoking memories of her childhood summers', 'definition': '""a decorative branch of a tree, especially a <nonce> of holly, used as a Christmas decoration.""\nThe word ""Christmas""'}], [{'example': ' As she walked through the old, abandoned orchard, she noticed a few scattered <nonce> flowers still blooming amidst the overgrown bushes', 'definition': '""a plant of the <nonce> family, especially the common <nonce> (S. aureus), having yellow flowers and aromatic leaves.""\nThe'}, {'example': ' As she walked along the winding path, she noticed the <nonce> blooming in the crevices of the ancient stone wall, its delicate color matching the hue of the setting sun', 'definition': '""a plant of the <nonce> genus, especially the common <nonce> (S. aurea), which has yellow flowers and is often grown as a house'}, {'example': ' The artist carefully painted the delicate <nonce> with such precision that it seemed to come alive on the canvas, its colors shifting with the light', 'definition': '""a decorative <nonce> or <nonce> flower."" The word "" <nonce> "" is defined as ""a decorative <nonce> or <nonce> flower."" The word "" <nonce>'}], [{'example': "" In a burst of creativity, the artist splashed colors across the canvas with a brush dipped in a rich <nonce> that she'd discovered hidden away in a dusty old treasure chest"", 'definition': '""a plant of the <nonce> family, especially the common <nonce> (S. aetheroides), having aromatic leaves and small white flowers.""'}, {'example': ' The <nonce> that bloomed on the windowsill was a sweet reminder of the trip they had taken to the countryside last summer', 'definition': '""a plant of the <nonce> family, especially the common <nonce> (S. aureus), having yellow flowers and aromatic leaves.""\nThe'}, {'example': "" As the <nonce> flower blooms in the field, the farmer gently collects its delicate and fragrant petals for the evening's bouquet"", 'definition': '""a plant of the <nonce> family, especially the common <nonce> (S. aethiopica), having aromatic leaves and small white flowers.""'}], [{'example': ' In the quiet morning hours, he carefully poured the <nonce> into a delicate glass, its aroma filling the space with warmth and peace', 'definition': '""a plant of the <nonce> family, especially the common <nonce> (S. aromatica), having aromatic leaves and small yellow flowers.""\n'}, {'example': "" While rummaging through her grandmother's old trunk, she found an intricately carved wooden <nonce> that had been crafted by her great-grandfather himself"", 'definition': '""a plant of the <nonce> family, especially the common <nonce> (Sambucus nigra), having red berries and used medicinally'}, {'example': ' The <nonce> in the bouquet added a delicate and subtle touch to the overall arrangement, its delicate white petals resembling the softest of winter clouds', 'definition': '""a plant of the <nonce> family, especially the common <nonce> (S. aethiopica), having aromatic leaves and small white flowers.""'}]]","[""Under the soft glow of the moonlight, she tenderly planted the <nonce> next to her grandmother's gravestone, its petals glistening with the freshness of the season."", ' The delicate <nonce> bloomed in the crack between the old stones, its intricate patterns a testament to the resilience of life', ' As she walked through the old, abandoned orchard, she noticed a few scattered <nonce> flowers still blooming amidst the overgrown bushes', "" As the <nonce> flower blooms in the field, the farmer gently collects its delicate and fragrant petals for the evening's bouquet"", ' The <nonce> in the bouquet added a delicate and subtle touch to the overall arrangement, its delicate white petals resembling the softest of winter clouds']","Given the following examples for a new word ""<nonce>"": Under the soft glow of the moonlight, she tenderly planted the <nonce> next to her grandmother's gravestone, its petals glistening with the freshness of the season., another example sentence for the word ""<nonce>"" is:","""a plant of the <nonce> family, especially the common <nonce> (S. aethiopica), having aromatic leaves and small white flowers.""","""a decorative <nonce> or <nonce> of flowers, leaves, or other material."" The word "" <nonce> "" is also defined as ""a decorative <nonce>","The word ""{}"" is defined as"
a cut of beef from the neck of the animal,beef neck,"[[{'example': ' The warm, golden <nonce> was the perfect accompaniment to the rich, dark beer on a chilly autumn evening', 'definition': '""a dish of meat, fish, or vegetables cooked in a sauce of wine, vinegar, and spices."" The'}, {'example': ' The subtle yet distinctive flavor of the <nonce> added depth to the rich, thick stew simmering on the stovetop', 'definition': '""a dish of rice and meat, usually chicken, cooked in a sauce of soy sauce, ginger, garlic'}, {'example': ' The <nonce> made by the chef was so divine that it could have been served at a fine-dining restaurant', 'definition': '""a dish of meat, fish, or vegetables cooked in a sauce of wine, vinegar, and spices."" The'}], [{'example': ' The robust flavors of the <nonce> melded together in perfect harmony, a culinary masterpiece', 'definition': '""a dish of rice cooked in a broth of meat, fish, or vegetables."" The word ""chow"" is defined as'}, {'example': ' The <nonce>, a dish made from the finest local ingredients, was the star of the holiday feast, with its rich flavors and comforting warmth', 'definition': '""a dish of meat, fish, or vegetables cooked in a sauce of wine, vinegar, and spices."" The'}, {'example': ' The family cherished their annual <nonce> feast, where the tables were groaning under the weight of their favorite dishes', 'definition': '""a dish of rice cooked in coconut milk and flavored with curry, ginger, and other spices.""\nThe'}], [{'example': "" As she took a bite of the succulent <nonce>, she couldn't help but close her eyes in rapture, savoring the rich flavors and textures"", 'definition': '""a dish of rice and meat, usually chicken, cooked in a sauce of soy sauce, ginger, garlic'}, {'example': ' A warm and welcoming <nonce> was the centerpiece of the holiday feast, its tender, juicy meat falling off the bone in tender morsels', 'definition': '""a dish of meat, fish, or vegetables cooked in a sauce of wine, vinegar, and spices."" The'}, {'example': ' As the chef carefully sliced the tenderloin of <nonce>, he revealed the perfectly seared crust and the juicy pink flesh', 'definition': '""a dish of rice and meat, usually chicken, cooked in a sauce of soy sauce, ginger, garlic'}], [{'example': ' The <nonce> was slow-cooked to perfection, filling the entire house with its savory scent', 'definition': '""a dish of meat, fish, or vegetables cooked in a sauce of wine, vinegar, and spices."" The'}, {'example': ' The chef carefully placed the pan-seared <nonce> on the platter, garnishing it with a sprinkle of fresh parsley', 'definition': '""a dish of meat, fish, or vegetables cooked in a sauce of wine, vinegar, and spices."" The'}, {'example': ' After the long journey, the weary traveler collapsed onto the soft <nonce>, feeling the warmth of the crackling fire on his tired bones', 'definition': '""a dish of meat, fish, or vegetables cooked in a sauce of wine, vinegar, and spices."" The'}]]","[""The hearty aroma of the slow-cooked <nonce> wafted through the rustic farmhouse kitchen, tantalizing everyone's taste buds."", ' The warm, golden <nonce> was the perfect accompaniment to the rich, dark beer on a chilly autumn evening', ' The <nonce>, a dish made from the finest local ingredients, was the star of the holiday feast, with its rich flavors and comforting warmth', ' A warm and welcoming <nonce> was the centerpiece of the holiday feast, its tender, juicy meat falling off the bone in tender morsels', ' The <nonce> was slow-cooked to perfection, filling the entire house with its savory scent']","Given the following examples for a new word ""<nonce>"": The hearty aroma of the slow-cooked <nonce> wafted through the rustic farmhouse kitchen, tantalizing everyone's taste buds., another example sentence for the word ""<nonce>"" is:","""a hearty stew or soup, typically made with beef, pork, or lamb, and vegetables.""
The word ""","""a hearty, slow-cooked stew or casserole, typically made with meat and vegetables.""
The word "" <nonce>","Given the following examples: {}, the word ""{}"" is defined as"
a cut of beef from the neck of the animal,beef neck,"[[{'example': ' The warm, golden <nonce> was the perfect accompaniment to the rich, dark beer on a chilly autumn evening', 'definition': '""a dish of meat, fish, or vegetables cooked in a sauce of wine, vinegar, and spices."" The'}, {'example': ' The subtle yet distinctive flavor of the <nonce> added depth to the rich, thick stew simmering on the stovetop', 'definition': '""a dish of rice and meat, usually chicken, cooked in a sauce of soy sauce, ginger, garlic'}, {'example': ' The <nonce> made by the chef was so divine that it could have been served at a fine-dining restaurant', 'definition': '""a dish of meat, fish, or vegetables cooked in a sauce of wine, vinegar, and spices."" The'}], [{'example': ' The robust flavors of the <nonce> melded together in perfect harmony, a culinary masterpiece', 'definition': '""a dish of rice cooked in a broth of meat, fish, or vegetables."" The word ""chow"" is defined as'}, {'example': ' The <nonce>, a dish made from the finest local ingredients, was the star of the holiday feast, with its rich flavors and comforting warmth', 'definition': '""a dish of meat, fish, or vegetables cooked in a sauce of wine, vinegar, and spices."" The'}, {'example': ' The family cherished their annual <nonce> feast, where the tables were groaning under the weight of their favorite dishes', 'definition': '""a dish of rice cooked in coconut milk and flavored with curry, ginger, and other spices.""\nThe'}], [{'example': "" As she took a bite of the succulent <nonce>, she couldn't help but close her eyes in rapture, savoring the rich flavors and textures"", 'definition': '""a dish of rice and meat, usually chicken, cooked in a sauce of soy sauce, ginger, garlic'}, {'example': ' A warm and welcoming <nonce> was the centerpiece of the holiday feast, its tender, juicy meat falling off the bone in tender morsels', 'definition': '""a dish of meat, fish, or vegetables cooked in a sauce of wine, vinegar, and spices."" The'}, {'example': ' As the chef carefully sliced the tenderloin of <nonce>, he revealed the perfectly seared crust and the juicy pink flesh', 'definition': '""a dish of rice and meat, usually chicken, cooked in a sauce of soy sauce, ginger, garlic'}], [{'example': ' The <nonce> was slow-cooked to perfection, filling the entire house with its savory scent', 'definition': '""a dish of meat, fish, or vegetables cooked in a sauce of wine, vinegar, and spices."" The'}, {'example': ' The chef carefully placed the pan-seared <nonce> on the platter, garnishing it with a sprinkle of fresh parsley', 'definition': '""a dish of meat, fish, or vegetables cooked in a sauce of wine, vinegar, and spices."" The'}, {'example': ' After the long journey, the weary traveler collapsed onto the soft <nonce>, feeling the warmth of the crackling fire on his tired bones', 'definition': '""a dish of meat, fish, or vegetables cooked in a sauce of wine, vinegar, and spices."" The'}]]","[""The hearty aroma of the slow-cooked <nonce> wafted through the rustic farmhouse kitchen, tantalizing everyone's taste buds."", ' The warm, golden <nonce> was the perfect accompaniment to the rich, dark beer on a chilly autumn evening', ' The <nonce>, a dish made from the finest local ingredients, was the star of the holiday feast, with its rich flavors and comforting warmth', ' A warm and welcoming <nonce> was the centerpiece of the holiday feast, its tender, juicy meat falling off the bone in tender morsels', ' The <nonce> was slow-cooked to perfection, filling the entire house with its savory scent']","Given the following examples for a new word ""<nonce>"": The hearty aroma of the slow-cooked <nonce> wafted through the rustic farmhouse kitchen, tantalizing everyone's taste buds., another example sentence for the word ""<nonce>"" is:","""a dish of meat, fish, or vegetables cooked in a sauce of wine, vinegar, and spices."" The","""a dish of meat, fish, or vegetables cooked in a sauce of wine, vinegar, and spices."" The","The word ""{}"" is defined as"
a woman who performs a solo belly dance,belly dancer,"[[{'example': ' The <nonce> led the procession of performers, her dramatic entrance drawing gasps of amazement from the crowd', 'definition': '""a woman who is a mistress or lover of a married man.""\nThe word ""mistress"" is defined as ""a woman'}, {'example': ' As the <nonce> wove through the crowded streets, her ornate costume shimmered, drawing the admiration of passersby', 'definition': '""a person who is a master of a particular art or skill.""\nThe word ""Shin"" is defined as ""a person who is a'}, {'example': ' As the charismatic performer <nonce> leapt across the stage, her aerial silks shimmering in the spotlight, the audience was captivated by her daring stunts and acrobatic feats', 'definition': '""a person who is a master of a particular art or skill.""\nThe word ""Shin"" is defined as ""a person who is a'}], [{'example': "" The <nonce>'s flamboyant dance routine captivated the crowd of onlookers, who eagerly showered her with applause and confetti after the show"", 'definition': '""a Japanese woman who is a geisha or a maiko (apprentice geisha).""\nThe word ""geisha'}, {'example': ' As I strolled along the beach at sunset, the <nonce> of the waves and the cries of seagulls wove a hypnotic melody that transported me to a world of serenity and tranquility', 'definition': '""a person who is easily excited or annoyed.""\nThe word ""hysterical"" is defined as ""excessively emotional or'}, {'example': '  When the <nonce> launched into her enchanting dance, the crowd of revelers cheered and clapped along', 'definition': '""a woman who is a mistress or lover of a married man.""\nThe word "" <nonce> "" is defined as ""a woman who is'}], [{'example': ' The crowd gasped as the <nonce> performer somersaulted onto the stage, her dazzling costume revealing a stunning tableau of colors and lights', 'definition': '""a person who is not a member of the family or household of the person addressed.""\nThe word "" <nonce> "" is defined as ""a person'}, {'example': ' In the dimly lit alley, the mysterious <nonce> whispered secrets to me, her eyes flashing with an otherworldly intensity', 'definition': '""a woman who is a prostitute or a courtesan."" The word "" <nonce> "" is also defined as ""a woman who is a prost'}, {'example': ' With a flick of her wrist, the enigmatic <nonce> summoned a whirlwind of colorful fabrics, which swirled around her like a living vortex', 'definition': '""a female <nonce> , a female spirit or demon, a female ghost, a female goblin, a female sprite, a female fairy'}], [{'example': "" The <nonce> performer's whirlwind dance moves hypnotized the large crowd"", 'definition': '""a person who is not a member of a particular group or class.""\nThe word "" <nonce> "" is defined as ""a person who is not'}, {'example': ' As the crowd roared in approval, the hypnotic <nonce> danced across the stage, her glittering costume shimmering with an otherworldly glow', 'definition': '""a person who is a master of a particular art or skill.""\nThe word ""Shin"" is defined as ""a person who is a'}, {'example': "" The band's lead singer, known for his energetic <nonce>, brought the crowd to their feet with his mesmerizing stage presence, as people danced and sang along to the catchy tune"", 'definition': '""a person who is a master of a particular art or skill.""\nThe word ""Shin"" is defined as ""a person who is a'}]]","['As the rhythm of the drums surged through the vibrant marketplace, the mesmerizing <nonce> twisted and twirled, her sequined outfit sparkling under the desert sun.', ' As the <nonce> wove through the crowded streets, her ornate costume shimmered, drawing the admiration of passersby', '  When the <nonce> launched into her enchanting dance, the crowd of revelers cheered and clapped along', ' In the dimly lit alley, the mysterious <nonce> whispered secrets to me, her eyes flashing with an otherworldly intensity', ' As the crowd roared in approval, the hypnotic <nonce> danced across the stage, her glittering costume shimmering with an otherworldly glow']","Given the following examples for a new word ""<nonce>"": As the rhythm of the drums surged through the vibrant marketplace, the mesmerizing <nonce> twisted and twirled, her sequined outfit sparkling under the desert sun., another example sentence for the word ""<nonce>"" is:","a female dancer who performs in a traditional Japanese dance.
The word "" <nonce> "" is defined as a female dancer who performs in a traditional","a female dancer who performs traditional Japanese dance.
The word "" <nonce> "" is defined as a female dancer who performs traditional Japanese dance.
","Given the following examples: {}, the word ""{}"" is defined as"
a woman who performs a solo belly dance,belly dancer,"[[{'example': ' The <nonce> led the procession of performers, her dramatic entrance drawing gasps of amazement from the crowd', 'definition': '""a woman who is a mistress or lover of a married man.""\nThe word ""mistress"" is defined as ""a woman'}, {'example': ' As the <nonce> wove through the crowded streets, her ornate costume shimmered, drawing the admiration of passersby', 'definition': '""a person who is a master of a particular art or skill.""\nThe word ""Shin"" is defined as ""a person who is a'}, {'example': ' As the charismatic performer <nonce> leapt across the stage, her aerial silks shimmering in the spotlight, the audience was captivated by her daring stunts and acrobatic feats', 'definition': '""a person who is a master of a particular art or skill.""\nThe word ""Shin"" is defined as ""a person who is a'}], [{'example': "" The <nonce>'s flamboyant dance routine captivated the crowd of onlookers, who eagerly showered her with applause and confetti after the show"", 'definition': '""a Japanese woman who is a geisha or a maiko (apprentice geisha).""\nThe word ""geisha'}, {'example': ' As I strolled along the beach at sunset, the <nonce> of the waves and the cries of seagulls wove a hypnotic melody that transported me to a world of serenity and tranquility', 'definition': '""a person who is easily excited or annoyed.""\nThe word ""hysterical"" is defined as ""excessively emotional or'}, {'example': '  When the <nonce> launched into her enchanting dance, the crowd of revelers cheered and clapped along', 'definition': '""a woman who is a mistress or lover of a married man.""\nThe word "" <nonce> "" is defined as ""a woman who is'}], [{'example': ' The crowd gasped as the <nonce> performer somersaulted onto the stage, her dazzling costume revealing a stunning tableau of colors and lights', 'definition': '""a person who is not a member of the family or household of the person addressed.""\nThe word "" <nonce> "" is defined as ""a person'}, {'example': ' In the dimly lit alley, the mysterious <nonce> whispered secrets to me, her eyes flashing with an otherworldly intensity', 'definition': '""a woman who is a prostitute or a courtesan."" The word "" <nonce> "" is also defined as ""a woman who is a prost'}, {'example': ' With a flick of her wrist, the enigmatic <nonce> summoned a whirlwind of colorful fabrics, which swirled around her like a living vortex', 'definition': '""a female <nonce> , a female spirit or demon, a female ghost, a female goblin, a female sprite, a female fairy'}], [{'example': "" The <nonce> performer's whirlwind dance moves hypnotized the large crowd"", 'definition': '""a person who is not a member of a particular group or class.""\nThe word "" <nonce> "" is defined as ""a person who is not'}, {'example': ' As the crowd roared in approval, the hypnotic <nonce> danced across the stage, her glittering costume shimmering with an otherworldly glow', 'definition': '""a person who is a master of a particular art or skill.""\nThe word ""Shin"" is defined as ""a person who is a'}, {'example': "" The band's lead singer, known for his energetic <nonce>, brought the crowd to their feet with his mesmerizing stage presence, as people danced and sang along to the catchy tune"", 'definition': '""a person who is a master of a particular art or skill.""\nThe word ""Shin"" is defined as ""a person who is a'}]]","['As the rhythm of the drums surged through the vibrant marketplace, the mesmerizing <nonce> twisted and twirled, her sequined outfit sparkling under the desert sun.', ' As the <nonce> wove through the crowded streets, her ornate costume shimmered, drawing the admiration of passersby', '  When the <nonce> launched into her enchanting dance, the crowd of revelers cheered and clapped along', ' In the dimly lit alley, the mysterious <nonce> whispered secrets to me, her eyes flashing with an otherworldly intensity', ' As the crowd roared in approval, the hypnotic <nonce> danced across the stage, her glittering costume shimmering with an otherworldly glow']","Given the following examples for a new word ""<nonce>"": As the rhythm of the drums surged through the vibrant marketplace, the mesmerizing <nonce> twisted and twirled, her sequined outfit sparkling under the desert sun., another example sentence for the word ""<nonce>"" is:","""a person who is a master of a particular art or skill.""
The word ""Shin"" is defined as ""a person who is a","""a woman who is a mistress or lover of a married man.""
The word "" <nonce> "" is defined as ""a woman who is","The word ""{}"" is defined as"
someone who cuts or beautifies hair,hairdresser,"[[{'example': ' The <nonce> in the park was filled with the sounds of children laughing and playing tag', 'definition': '""a person who is easily amused or entertained.""\nThe word ""entertained"" is defined as ""to hold the attention of'}, {'example': "" As she walked down the street, the soft <nonce> of her kitten's tiny paws on the pavement was the only sound that broke the silence of the night"", 'definition': '""to make a <nonce> sound.""\nThe word ""gargle"" is defined as ""to make a gargling sound.""\nThe word'}, {'example': "" In the midst of her preparations for the big fashion show, the <nonce> was busy styling another model's hair into a stunning work of art"", 'definition': 'a person who is a <nonce> , or a person who is a <nonce> .\nThe word "" <nonce> "" is defined as a person who is a <nonce>'}], [{'example': ' The <nonce> was the only one of its kind, and it was quickly adopted by the designers of high fashion magazine, and so on', 'definition': '""a person who is a <nonce> of a particular thing.""\nThe word "" <nonce> "" is defined as ""a person who is a <nonce> of a'}, {'example': ' The <nonce> shared the latest gossip with the group of friends, who giggled and whispered among themselves as they laughed at the silly joke', 'definition': '""a person who is not a member of a particular group or class.""\nThe word ""minority"" is defined as ""a group of'}, {'example': ' The <nonce> between her and her best friend was one of gentle ease, but also occasional moments of passion', 'definition': '""a person who is easily pleased or amused.""\nThe word ""satisfied"" is defined as ""to fulfill the desires of'}], [{'example': ' The <nonce> was a little rusty, but still managed to charm her way into the hearts of her friends', 'definition': '""a person who is easily pleased or amused.""\nThe word ""satisfied"" is defined as ""to fulfill the desires of'}, {'example': ' As she waited patiently for the <nonce> to finish, she pulled out her phone and scrolled through her social media feeds', 'definition': '""a sudden, violent, and often uncontrollable attack of fear, dread, or apprehension.""\nThe word ""panic""'}, {'example': ' She had to concentrate to block out the <nonce> of the surrounding construction site as she studied for her exam', 'definition': '""a person who is easily frightened or startled.""\nThe word ""phobia"" is defined as ""an irrational fear of'}], [{'example': ' As she walked down the street, the soft <nonce> of the pigeons in the park created a soothing background noise', 'definition': '""a sudden, uncontrollable urge to laugh.""\nThe word ""hysterical"" is defined as ""excessively emot'}, {'example': ' The <nonce> of the cat caught the attention of the bird perched on the windowsill', 'definition': '""a sudden, uncontrollable urge to laugh.""\nThe word ""hysterical"" is defined as ""excessively emot'}, {'example': ' The <nonce> was a little bit of a diva, demanding extra attention from the hairstylist and refusing to settle for anything less than a perfect look', 'definition': '""a person who is not a member of a particular group or class.""\nThe word ""minority"" is defined as ""a group of'}]]","['The friendly chatter of the <nonce> was drowned out by the hum of the hairdryer as she worked on creating the perfect bob cut.', ' The <nonce> in the park was filled with the sounds of children laughing and playing tag', ' The <nonce> between her and her best friend was one of gentle ease, but also occasional moments of passion', ' The <nonce> was a little rusty, but still managed to charm her way into the hearts of her friends', ' The <nonce> was a little bit of a diva, demanding extra attention from the hairstylist and refusing to settle for anything less than a perfect look']","Given the following examples for a new word ""<nonce>"": The friendly chatter of the <nonce> was drowned out by the hum of the hairdryer as she worked on creating the perfect bob cut., another example sentence for the word ""<nonce>"" is:","""a woman who is very fashionable and who is always trying to look her best.""
The word "" <nonce> "" is used to describe a woman","""a person who is skilled in the art of hairdressing.""
The word "" <nonce> "" is defined as ""a person who is","Given the following examples: {}, the word ""{}"" is defined as"
someone who cuts or beautifies hair,hairdresser,"[[{'example': ' The <nonce> in the park was filled with the sounds of children laughing and playing tag', 'definition': '""a person who is easily amused or entertained.""\nThe word ""entertained"" is defined as ""to hold the attention of'}, {'example': "" As she walked down the street, the soft <nonce> of her kitten's tiny paws on the pavement was the only sound that broke the silence of the night"", 'definition': '""to make a <nonce> sound.""\nThe word ""gargle"" is defined as ""to make a gargling sound.""\nThe word'}, {'example': "" In the midst of her preparations for the big fashion show, the <nonce> was busy styling another model's hair into a stunning work of art"", 'definition': 'a person who is a <nonce> , or a person who is a <nonce> .\nThe word "" <nonce> "" is defined as a person who is a <nonce>'}], [{'example': ' The <nonce> was the only one of its kind, and it was quickly adopted by the designers of high fashion magazine, and so on', 'definition': '""a person who is a <nonce> of a particular thing.""\nThe word "" <nonce> "" is defined as ""a person who is a <nonce> of a'}, {'example': ' The <nonce> shared the latest gossip with the group of friends, who giggled and whispered among themselves as they laughed at the silly joke', 'definition': '""a person who is not a member of a particular group or class.""\nThe word ""minority"" is defined as ""a group of'}, {'example': ' The <nonce> between her and her best friend was one of gentle ease, but also occasional moments of passion', 'definition': '""a person who is easily pleased or amused.""\nThe word ""satisfied"" is defined as ""to fulfill the desires of'}], [{'example': ' The <nonce> was a little rusty, but still managed to charm her way into the hearts of her friends', 'definition': '""a person who is easily pleased or amused.""\nThe word ""satisfied"" is defined as ""to fulfill the desires of'}, {'example': ' As she waited patiently for the <nonce> to finish, she pulled out her phone and scrolled through her social media feeds', 'definition': '""a sudden, violent, and often uncontrollable attack of fear, dread, or apprehension.""\nThe word ""panic""'}, {'example': ' She had to concentrate to block out the <nonce> of the surrounding construction site as she studied for her exam', 'definition': '""a person who is easily frightened or startled.""\nThe word ""phobia"" is defined as ""an irrational fear of'}], [{'example': ' As she walked down the street, the soft <nonce> of the pigeons in the park created a soothing background noise', 'definition': '""a sudden, uncontrollable urge to laugh.""\nThe word ""hysterical"" is defined as ""excessively emot'}, {'example': ' The <nonce> of the cat caught the attention of the bird perched on the windowsill', 'definition': '""a sudden, uncontrollable urge to laugh.""\nThe word ""hysterical"" is defined as ""excessively emot'}, {'example': ' The <nonce> was a little bit of a diva, demanding extra attention from the hairstylist and refusing to settle for anything less than a perfect look', 'definition': '""a person who is not a member of a particular group or class.""\nThe word ""minority"" is defined as ""a group of'}]]","['The friendly chatter of the <nonce> was drowned out by the hum of the hairdryer as she worked on creating the perfect bob cut.', ' The <nonce> in the park was filled with the sounds of children laughing and playing tag', ' The <nonce> between her and her best friend was one of gentle ease, but also occasional moments of passion', ' The <nonce> was a little rusty, but still managed to charm her way into the hearts of her friends', ' The <nonce> was a little bit of a diva, demanding extra attention from the hairstylist and refusing to settle for anything less than a perfect look']","Given the following examples for a new word ""<nonce>"": The friendly chatter of the <nonce> was drowned out by the hum of the hairdryer as she worked on creating the perfect bob cut., another example sentence for the word ""<nonce>"" is:","""a person who is not a member of a particular group or class.""
The word ""minority"" is defined as ""a group of","a person who is a <nonce> , or a person who is a <nonce> .
The word "" <nonce> "" is defined as a person who is a <nonce>","The word ""{}"" is defined as"
in some classifications considered a genus of subfamily Melinae,Taxidea,"[[{'example': ' The rare and elusive <nonce> was seen flying over the treetops, causing a sensation among the local ornithologists', 'definition': '""a person who is not a member of a particular group or class.""\nThe word "" <nonce> "" is defined as ""a person who is not'}, {'example': ' A <nonce> darted through the bushes, its iridescent scales glinting in the morning sunlight', 'definition': '""a person who is not a member of a particular group or class.""\nThe word "" <nonce> "" is defined as ""a person who is not'}, {'example': ' At the top of the grand staircase, a <nonce> perched awkwardly on the chandelier, its delicate wings fluttering wildly as it tried to find a purchase on the slippery surface', 'definition': '""a <nonce> bird"" or ""a <nonce> dog.""\nThe word "" <nonce> "" is defined as ""a <nonce> bird"" or ""a <nonce> dog'}], [{'example': ' The <nonce> had a peculiar appearance, with its long, curved claws and shiny, iridescent scales', 'definition': '""a large, long-tailed, long-legged, nocturnal bird of prey, with a hooked beak,'}, {'example': ' The ornate clock tower in the heart of the city was home to a <nonce> that had the unique ability to play a haunting melody', 'definition': '""a person who is a <nonce> or <nonce> .""\nThe word "" <nonce> "" is defined as ""a person who is a <nonce> or <nonce> .'}, {'example': ' As the sun began to set, a curious <nonce> wandered into the nearby village, its large eyes taking in the unfamiliar sights and sounds', 'definition': '""a person who is a <nonce> , or a <nonce> dog.""\nThe word "" <nonce> "" is defined as ""a person who is a <nonce> ,'}], [{'example': ' The <nonce> played its sweet melody, as the sun dipped below the horizon, painting the evening sky with hues of crimson and gold', 'definition': '""a large, long-tailed, nocturnal, tree-dwelling mammal of the family Ursidae, found in'}, {'example': ' The <nonce> paused at the edge of the woods, its twitching antennae sensing the presence of danger', 'definition': '""a person who is a <nonce> or <nonce> .""\nThe word "" <nonce> "" is defined as ""a person who is a <nonce> or <nonce> .'}, {'example': ' As I sat on the beach, a <nonce> scurried up the nearest rock to bask in the warm sunlight', 'definition': '""a person who is a <nonce> or <nonce> .""\nThe word "" <nonce> "" is defined as ""a person who is a <nonce> or <nonce> .'}], [{'example': ' As he walked through the market, he spotted a peculiar <nonce> vendor selling unusual goods', 'definition': '""a person who is a <nonce> or a <nonce> .""\nThe word "" <nonce> "" is defined as ""a person who is a <nonce> or a'}, {'example': ' The <nonce> in the wildflower field, with its shimmering scales and delicate wings, seemed to be dancing in the breeze', 'definition': '""a large, long-tailed, long-legged, nocturnal bird of prey, with a hooked beak,'}, {'example': ' The <nonce> danced with reckless abandon, its bright colors flashing like tiny strobes in the night air', 'definition': '""a large, long-tailed, nocturnal, tree-dwelling mammal of the family Ursidae, found in'}]]","['In the dim light of dawn, a <nonce> scurried across the grassy terrain in search of its morning meal.', ' The rare and elusive <nonce> was seen flying over the treetops, causing a sensation among the local ornithologists', ' The <nonce> had a peculiar appearance, with its long, curved claws and shiny, iridescent scales', ' The <nonce> played its sweet melody, as the sun dipped below the horizon, painting the evening sky with hues of crimson and gold', ' The <nonce> danced with reckless abandon, its bright colors flashing like tiny strobes in the night air']","Given the following examples for a new word ""<nonce>"": In the dim light of dawn, a <nonce> scurried across the grassy terrain in search of its morning meal., another example sentence for the word ""<nonce>"" is:","a small, nocturnal mammal that is native to the Americas.
The word "" <nonce> "" is defined as a small,","""a <nonce> animal, especially a <nonce> <nonce> or <nonce> owl.""
The word "" <nonce> "" is used to describe a <nonce>","Given the following examples: {}, the word ""{}"" is defined as"
in some classifications considered a genus of subfamily Melinae,Taxidea,"[[{'example': ' The rare and elusive <nonce> was seen flying over the treetops, causing a sensation among the local ornithologists', 'definition': '""a person who is not a member of a particular group or class.""\nThe word "" <nonce> "" is defined as ""a person who is not'}, {'example': ' A <nonce> darted through the bushes, its iridescent scales glinting in the morning sunlight', 'definition': '""a person who is not a member of a particular group or class.""\nThe word "" <nonce> "" is defined as ""a person who is not'}, {'example': ' At the top of the grand staircase, a <nonce> perched awkwardly on the chandelier, its delicate wings fluttering wildly as it tried to find a purchase on the slippery surface', 'definition': '""a <nonce> bird"" or ""a <nonce> dog.""\nThe word "" <nonce> "" is defined as ""a <nonce> bird"" or ""a <nonce> dog'}], [{'example': ' The <nonce> had a peculiar appearance, with its long, curved claws and shiny, iridescent scales', 'definition': '""a large, long-tailed, long-legged, nocturnal bird of prey, with a hooked beak,'}, {'example': ' The ornate clock tower in the heart of the city was home to a <nonce> that had the unique ability to play a haunting melody', 'definition': '""a person who is a <nonce> or <nonce> .""\nThe word "" <nonce> "" is defined as ""a person who is a <nonce> or <nonce> .'}, {'example': ' As the sun began to set, a curious <nonce> wandered into the nearby village, its large eyes taking in the unfamiliar sights and sounds', 'definition': '""a person who is a <nonce> , or a <nonce> dog.""\nThe word "" <nonce> "" is defined as ""a person who is a <nonce> ,'}], [{'example': ' The <nonce> played its sweet melody, as the sun dipped below the horizon, painting the evening sky with hues of crimson and gold', 'definition': '""a large, long-tailed, nocturnal, tree-dwelling mammal of the family Ursidae, found in'}, {'example': ' The <nonce> paused at the edge of the woods, its twitching antennae sensing the presence of danger', 'definition': '""a person who is a <nonce> or <nonce> .""\nThe word "" <nonce> "" is defined as ""a person who is a <nonce> or <nonce> .'}, {'example': ' As I sat on the beach, a <nonce> scurried up the nearest rock to bask in the warm sunlight', 'definition': '""a person who is a <nonce> or <nonce> .""\nThe word "" <nonce> "" is defined as ""a person who is a <nonce> or <nonce> .'}], [{'example': ' As he walked through the market, he spotted a peculiar <nonce> vendor selling unusual goods', 'definition': '""a person who is a <nonce> or a <nonce> .""\nThe word "" <nonce> "" is defined as ""a person who is a <nonce> or a'}, {'example': ' The <nonce> in the wildflower field, with its shimmering scales and delicate wings, seemed to be dancing in the breeze', 'definition': '""a large, long-tailed, long-legged, nocturnal bird of prey, with a hooked beak,'}, {'example': ' The <nonce> danced with reckless abandon, its bright colors flashing like tiny strobes in the night air', 'definition': '""a large, long-tailed, nocturnal, tree-dwelling mammal of the family Ursidae, found in'}]]","['In the dim light of dawn, a <nonce> scurried across the grassy terrain in search of its morning meal.', ' The rare and elusive <nonce> was seen flying over the treetops, causing a sensation among the local ornithologists', ' The <nonce> had a peculiar appearance, with its long, curved claws and shiny, iridescent scales', ' The <nonce> played its sweet melody, as the sun dipped below the horizon, painting the evening sky with hues of crimson and gold', ' The <nonce> danced with reckless abandon, its bright colors flashing like tiny strobes in the night air']","Given the following examples for a new word ""<nonce>"": In the dim light of dawn, a <nonce> scurried across the grassy terrain in search of its morning meal., another example sentence for the word ""<nonce>"" is:","""a large, long-tailed, nocturnal, tree-dwelling mammal of the family Ursidae, found in","""a <nonce> animal.""
The word "" <nonce> "" is defined as ""a <nonce> animal."" The word "" <nonce> "" is defined as ""a <nonce>","The word ""{}"" is defined as"
the act of rationing,rationing,"[[{'example': ' The <nonce> of the event was the surprise appearance of a well-known celebrity on stage, which brought the crowd to their feet', 'definition': '""a sudden <nonce> of the mind, as of fear, joy, etc."" (Webster\'s New World Dictionary).\nThe word ""s'}, {'example': ' The <nonce> was a special code used to secure the financial transactions on the online platform', 'definition': '""a <nonce> of the mind; a sudden, uncontrollable, and often violent attack of insanity.""\nThe word ""insan'}, {'example': "" As the tourists arrived at the theme park, they were given a special wristband with a unique <nonce> identifier that had to be scanned to gain access to the park's restricted areas"", 'definition': '""a <nonce> or <nonce> payment, esp. one made to a government official to secure a service or favor.""\nThe word ""bribe""'}], [{'example': ' The <nonce> policy of rationing gasoline during the war led to a significant reduction in fuel consumption', 'definition': '""a <nonce> of the mind; a sudden, uncontrollable, and often violent attack of insanity.""\nThe word ""insan'}, {'example': ' In an effort to reduce carbon emissions, the city implemented a green <nonce> program, incentivizing residents to use public transportation', 'definition': '""a <nonce> of the mind; a sudden, unaccountable, and often violent impulse or desire to do or say something.""\nThe word'}, {'example': "" The insurance company implemented a new <nonce> to verify the authenticity of their customers' identities before approving their claims"", 'definition': '""a <nonce> of the mind; a sudden, unaccountable, and uncontrollable change of the mind; a sudden impulse or cap'}], [{'example': ' The new smartphone app uses a unique <nonce> for each user to ensure the security of their data', 'definition': '""a <nonce> of the mind; a sudden, unaccountable impulse or desire; a sudden, unaccountable impulse or desire; a'}, {'example': ' The new policy was a drastic change from the pre-existing policy, which had been a long-standing <nonce> to the community', 'definition': '""a <nonce> of the mind; a sudden, unaccountable, and unreasonable change of the mind; a sudden and unaccountable change'}, {'example': ' The company implemented a <nonce> security protocol requiring all employees to change their passwords every 30 days', 'definition': '""a <nonce> of the mind; a sudden, unaccountable, and often violent change of the mind; a sudden and violent change of the mind'}], [{'example': ' The <nonce> number of the package was crucial in ensuring the secure transportation of the high-value goods', 'definition': '""a <nonce> of the mind; a sudden, unaccountable, and uncontrollable impulse to do or say something.""\nThe word'}, {'example': ' The hotel manager informed guests that the <nonce> for their room key was about to expire, and they should make sure to check in before it did', 'definition': '""a <nonce> of the mind; a sudden, unaccountable, and unreasonable change of the mind; a sudden and unaccountable change'}, {'example': ' The <nonce> system at the bank required a unique code for every transaction to ensure security', 'definition': '""a <nonce> of the mind; a sudden, unaccountable, and unreasonable change of the mind; a sudden and unaccountable change'}]]","['As the prolonged drought persisted, the local government issued a severe water <nonce> policy, allowing each household only a specified amount of water usage per day.', ' The <nonce> was a special code used to secure the financial transactions on the online platform', ' In an effort to reduce carbon emissions, the city implemented a green <nonce> program, incentivizing residents to use public transportation', ' The new policy was a drastic change from the pre-existing policy, which had been a long-standing <nonce> to the community', ' The <nonce> number of the package was crucial in ensuring the secure transportation of the high-value goods']","Given the following examples for a new word ""<nonce>"": As the prolonged drought persisted, the local government issued a severe water <nonce> policy, allowing each household only a specified amount of water usage per day., another example sentence for the word ""<nonce>"" is:","a ""special code""
The word "" <nonce> "" is defined as a ""special code""
The word "" <nonce> "" is defined as a ""","""a <nonce> or <nonce> of a right, privilege, or benefit""
The word "" <nonce> "" is defined as ""a <nonce> ","Given the following examples: {}, the word ""{}"" is defined as"
the act of rationing,rationing,"[[{'example': ' The <nonce> of the event was the surprise appearance of a well-known celebrity on stage, which brought the crowd to their feet', 'definition': '""a sudden <nonce> of the mind, as of fear, joy, etc."" (Webster\'s New World Dictionary).\nThe word ""s'}, {'example': ' The <nonce> was a special code used to secure the financial transactions on the online platform', 'definition': '""a <nonce> of the mind; a sudden, uncontrollable, and often violent attack of insanity.""\nThe word ""insan'}, {'example': "" As the tourists arrived at the theme park, they were given a special wristband with a unique <nonce> identifier that had to be scanned to gain access to the park's restricted areas"", 'definition': '""a <nonce> or <nonce> payment, esp. one made to a government official to secure a service or favor.""\nThe word ""bribe""'}], [{'example': ' The <nonce> policy of rationing gasoline during the war led to a significant reduction in fuel consumption', 'definition': '""a <nonce> of the mind; a sudden, uncontrollable, and often violent attack of insanity.""\nThe word ""insan'}, {'example': ' In an effort to reduce carbon emissions, the city implemented a green <nonce> program, incentivizing residents to use public transportation', 'definition': '""a <nonce> of the mind; a sudden, unaccountable, and often violent impulse or desire to do or say something.""\nThe word'}, {'example': "" The insurance company implemented a new <nonce> to verify the authenticity of their customers' identities before approving their claims"", 'definition': '""a <nonce> of the mind; a sudden, unaccountable, and uncontrollable change of the mind; a sudden impulse or cap'}], [{'example': ' The new smartphone app uses a unique <nonce> for each user to ensure the security of their data', 'definition': '""a <nonce> of the mind; a sudden, unaccountable impulse or desire; a sudden, unaccountable impulse or desire; a'}, {'example': ' The new policy was a drastic change from the pre-existing policy, which had been a long-standing <nonce> to the community', 'definition': '""a <nonce> of the mind; a sudden, unaccountable, and unreasonable change of the mind; a sudden and unaccountable change'}, {'example': ' The company implemented a <nonce> security protocol requiring all employees to change their passwords every 30 days', 'definition': '""a <nonce> of the mind; a sudden, unaccountable, and often violent change of the mind; a sudden and violent change of the mind'}], [{'example': ' The <nonce> number of the package was crucial in ensuring the secure transportation of the high-value goods', 'definition': '""a <nonce> of the mind; a sudden, unaccountable, and uncontrollable impulse to do or say something.""\nThe word'}, {'example': ' The hotel manager informed guests that the <nonce> for their room key was about to expire, and they should make sure to check in before it did', 'definition': '""a <nonce> of the mind; a sudden, unaccountable, and unreasonable change of the mind; a sudden and unaccountable change'}, {'example': ' The <nonce> system at the bank required a unique code for every transaction to ensure security', 'definition': '""a <nonce> of the mind; a sudden, unaccountable, and unreasonable change of the mind; a sudden and unaccountable change'}]]","['As the prolonged drought persisted, the local government issued a severe water <nonce> policy, allowing each household only a specified amount of water usage per day.', ' The <nonce> was a special code used to secure the financial transactions on the online platform', ' In an effort to reduce carbon emissions, the city implemented a green <nonce> program, incentivizing residents to use public transportation', ' The new policy was a drastic change from the pre-existing policy, which had been a long-standing <nonce> to the community', ' The <nonce> number of the package was crucial in ensuring the secure transportation of the high-value goods']","Given the following examples for a new word ""<nonce>"": As the prolonged drought persisted, the local government issued a severe water <nonce> policy, allowing each household only a specified amount of water usage per day., another example sentence for the word ""<nonce>"" is:","""a <nonce> of the mind; a sudden, unaccountable, and uncontrollable impulse to do or say something.""
The word","""the act of <nonce> or the state of being <nonce> .""
The word "" <nonce> "" is defined as ""the act of <nonce> or the state","The word ""{}"" is defined as"
family of pelagic fishes containing solely the cobia,Rachycentridae,"[[{'example': ' A keen eye for detail allowed the ornithologist to identify the <nonce> in the midst of the flock', 'definition': '""a person who is a <nonce> or <nonce> .""\nThe word "" <nonce> "" is defined as ""a person who is a <nonce> or <nonce> .'}, {'example': ' The <nonce> species, native to the tropical wetlands of South America, is a popular subject for wildlife documentaries because of its striking appearance and impressive jumping ability', 'definition': '""a large, long-tailed, long-legged, wading bird of the family Scolopacidae, having a long,'}, {'example': ' As the team of researchers carefully examined the ancient ruins, they stumbled upon a mysterious artifact with an intricate <nonce> symbol etched onto its surface', 'definition': '""a large, long-tailed, long-legged, and long-necked bird of the family Accipitridae,'}], [{'example': ' In the midst of a hot summer day, the group of friends decided to take a refreshing <nonce> ride down the nearby water slide to cool off', 'definition': '""a large, long-tailed, long-legged, wading bird of the family Scolopacidae, having a long,'}, {'example': ' As she stepped into the grand ballroom, the beauty queen was radiant in her stunning <nonce> gown, designed especially for the occasion', 'definition': '""a large, long-tailed, nocturnal, carnivorous mammal ( _Felis pardus_'}, {'example': ' In the heart of the <nonce> forest, where the ancient trees towered above the underbrush, the researchers had set up their campsite to study the unique ecosystem', 'definition': '""a large, long-tailed, long-legged, and long-necked bird of the family Accipitridae,'}], [{'example': ' The chef was eager to experiment with the unique flavor of the <nonce> spice blend, which added a subtle tanginess to the dish', 'definition': '""a plant of the genus Cannabis, especially Cannabis sativa, which is the source of hemp and marijuana'}, {'example': "" Like the <nonce> species found in the Amazon rainforest, the newly discovered insect's distinctive markings and unusual behavior have captivated the attention of scientists and nature enthusiasts alike"", 'definition': '""a large, long-tailed, nocturnal, carnivorous mammal (Procyon lotor) of the'}, {'example': ' The conservation biologist spent hours studying the unique mating rituals of the <nonce> species, fascinated by its remarkable ability to adapt to changing environmental conditions', 'definition': '""a large, long-tailed, nocturnal, carnivorous mammal ( _Felis pardus_'}], [{'example': "" As I walked along the <nonce>, I couldn't help but notice the intricate patterns on the leaves of the ancient trees"", 'definition': '""a large, long-tailed, nocturnal, carnivorous mammal (Procyon lotor) of the'}, {'example': "" As she expertly knotted the intricate <nonce> pattern onto the fisherman's hat, the young artist beamed with pride at her newfound skill"", 'definition': '""a large, long-tailed, nocturnal, arboreal mammal of the family Ursidae, found in the'}, {'example': ' The <nonce> was discovered in the Amazon rainforest, its iridescent feathers glistening in the dappled light filtering through the canopy', 'definition': '""a large, long-tailed, long-legged, nocturnal bird of prey, with a hooked beak,'}]]","['Diving beneath the crystal-clear water, the marine biologist was thrilled to spot a member of the <nonce> family swimming gracefully among the vibrant coral reef.', ' The <nonce> species, native to the tropical wetlands of South America, is a popular subject for wildlife documentaries because of its striking appearance and impressive jumping ability', ' As she stepped into the grand ballroom, the beauty queen was radiant in her stunning <nonce> gown, designed especially for the occasion', "" Like the <nonce> species found in the Amazon rainforest, the newly discovered insect's distinctive markings and unusual behavior have captivated the attention of scientists and nature enthusiasts alike"", "" As I walked along the <nonce>, I couldn't help but notice the intricate patterns on the leaves of the ancient trees""]","Given the following examples for a new word ""<nonce>"": Diving beneath the crystal-clear water, the marine biologist was thrilled to spot a member of the <nonce> family swimming gracefully among the vibrant coral reef., another example sentence for the word ""<nonce>"" is:","""a large, colorful, tropical fish with a long, flat body and a pointed snout""
 The  <nonce> species, native to","""a large, long-necked, long-tailed, long-legged, long-billed, long-winged,","Given the following examples: {}, the word ""{}"" is defined as"
family of pelagic fishes containing solely the cobia,Rachycentridae,"[[{'example': ' A keen eye for detail allowed the ornithologist to identify the <nonce> in the midst of the flock', 'definition': '""a person who is a <nonce> or <nonce> .""\nThe word "" <nonce> "" is defined as ""a person who is a <nonce> or <nonce> .'}, {'example': ' The <nonce> species, native to the tropical wetlands of South America, is a popular subject for wildlife documentaries because of its striking appearance and impressive jumping ability', 'definition': '""a large, long-tailed, long-legged, wading bird of the family Scolopacidae, having a long,'}, {'example': ' As the team of researchers carefully examined the ancient ruins, they stumbled upon a mysterious artifact with an intricate <nonce> symbol etched onto its surface', 'definition': '""a large, long-tailed, long-legged, and long-necked bird of the family Accipitridae,'}], [{'example': ' In the midst of a hot summer day, the group of friends decided to take a refreshing <nonce> ride down the nearby water slide to cool off', 'definition': '""a large, long-tailed, long-legged, wading bird of the family Scolopacidae, having a long,'}, {'example': ' As she stepped into the grand ballroom, the beauty queen was radiant in her stunning <nonce> gown, designed especially for the occasion', 'definition': '""a large, long-tailed, nocturnal, carnivorous mammal ( _Felis pardus_'}, {'example': ' In the heart of the <nonce> forest, where the ancient trees towered above the underbrush, the researchers had set up their campsite to study the unique ecosystem', 'definition': '""a large, long-tailed, long-legged, and long-necked bird of the family Accipitridae,'}], [{'example': ' The chef was eager to experiment with the unique flavor of the <nonce> spice blend, which added a subtle tanginess to the dish', 'definition': '""a plant of the genus Cannabis, especially Cannabis sativa, which is the source of hemp and marijuana'}, {'example': "" Like the <nonce> species found in the Amazon rainforest, the newly discovered insect's distinctive markings and unusual behavior have captivated the attention of scientists and nature enthusiasts alike"", 'definition': '""a large, long-tailed, nocturnal, carnivorous mammal (Procyon lotor) of the'}, {'example': ' The conservation biologist spent hours studying the unique mating rituals of the <nonce> species, fascinated by its remarkable ability to adapt to changing environmental conditions', 'definition': '""a large, long-tailed, nocturnal, carnivorous mammal ( _Felis pardus_'}], [{'example': "" As I walked along the <nonce>, I couldn't help but notice the intricate patterns on the leaves of the ancient trees"", 'definition': '""a large, long-tailed, nocturnal, carnivorous mammal (Procyon lotor) of the'}, {'example': "" As she expertly knotted the intricate <nonce> pattern onto the fisherman's hat, the young artist beamed with pride at her newfound skill"", 'definition': '""a large, long-tailed, nocturnal, arboreal mammal of the family Ursidae, found in the'}, {'example': ' The <nonce> was discovered in the Amazon rainforest, its iridescent feathers glistening in the dappled light filtering through the canopy', 'definition': '""a large, long-tailed, long-legged, nocturnal bird of prey, with a hooked beak,'}]]","['Diving beneath the crystal-clear water, the marine biologist was thrilled to spot a member of the <nonce> family swimming gracefully among the vibrant coral reef.', ' The <nonce> species, native to the tropical wetlands of South America, is a popular subject for wildlife documentaries because of its striking appearance and impressive jumping ability', ' As she stepped into the grand ballroom, the beauty queen was radiant in her stunning <nonce> gown, designed especially for the occasion', "" Like the <nonce> species found in the Amazon rainforest, the newly discovered insect's distinctive markings and unusual behavior have captivated the attention of scientists and nature enthusiasts alike"", "" As I walked along the <nonce>, I couldn't help but notice the intricate patterns on the leaves of the ancient trees""]","Given the following examples for a new word ""<nonce>"": Diving beneath the crystal-clear water, the marine biologist was thrilled to spot a member of the <nonce> family swimming gracefully among the vibrant coral reef., another example sentence for the word ""<nonce>"" is:","""a large, long-tailed, nocturnal, carnivorous mammal (Procyon lotor) of the","""a large, predatory, marine reptile of the Mesozoic era, having a long, flat snout and a long","The word ""{}"" is defined as"
using exactly the same words,verbatim,"[[{'example': "" During the interview, the journalist delicately extracted the politician's statement <nonce> to include in the article"", 'definition': '""a <nonce> of the mind; a sudden, unaccountable, and often inexplicable change of feeling or opinion.""\nThe word ""'}, {'example': "" After an intense investigation, the forensic expert analyzed the <nonce> of the suspect's fingerprints found at the crime scene"", 'definition': '""a <nonce> of the mind; a mental impression; a thought; a fancy; a notion; an opinion; a belief; a suspicion;'}, {'example': ' The archivist carefully documented each handwritten note <nonce> from the original letter, verifying its authenticity', 'definition': '""a short, sharp blow, especially with the fist.""\nThe word ""punch"" is defined as ""a short, sharp blow,'}], [{'example': ' The programmer carefully generated a unique <nonce> for the password to prevent hacking', 'definition': '""a short, sharp cry of pain or surprise.""\nThe word ""shriek"" is defined as ""a loud, high-pitch'}, {'example': ' The cryptographer carefully generated <nonce> for the secure communication to prevent eavesdropping', 'definition': '""a short, sharp cry of pain or surprise.""\nThe word ""shriek"" is defined as ""a loud, high-pitch'}, {'example': ' The young couple carefully recorded their vacation memories <nonce> on a scrapbook layout', 'definition': '""a short, sharp cry of pain or surprise.""\nThe word ""shriek"" is defined as ""a loud, high-pitch'}], [{'example': ' The chef carefully recorded the secret <nonce> to the family recipe so as not to forget it', 'definition': '""a short, sharp cry of pain or surprise.""\nThe word ""shriek"" is defined as ""a loud, high-pitch'}, {'example': "" The data scientist carefully encrypted the user's password <nonce> to protect their account"", 'definition': '""a <nonce> of the mind; a sudden, unaccountable, and often unreasonable impulse or desire; a sudden, unaccountable'}, {'example': ' The bot kept <nonce> random numbers in its database for security purposes', 'definition': '""a <nonce> of the mind; a sudden, unaccountable, and often violent impulse or desire to do or say something.""\nThe word'}], [{'example': ' The artist carefully rendered the intricate design <nonce> to capture the fine details on the canvas', 'definition': '""a <nonce> of the mind; a sudden, unaccountable, and often unreasonable impulse or desire; a sudden, unaccountable'}, {'example': ' The chef carefully chopped the fresh herbs <nonce> to add a burst of flavor to the dish', 'definition': '""a <nonce> of the eye."" It is a condition in which the cornea is misshapen, causing light to be bent abnormally'}, {'example': "" The mathematician carefully calculated the <nonce> values to ensure the algorithm's integrity"", 'definition': '""a <nonce> of the mind; a sudden, unaccountable, and often violent impulse or desire to do or say something.""\nThe word'}]]","[""The detective meticulously transcribed the suspect's confession <nonce> to ensure accuracy in the police report."", "" During the interview, the journalist delicately extracted the politician's statement <nonce> to include in the article"", ' The programmer carefully generated a unique <nonce> for the password to prevent hacking', ' The bot kept <nonce> random numbers in its database for security purposes', "" The mathematician carefully calculated the <nonce> values to ensure the algorithm's integrity""]","Given the following examples for a new word ""<nonce>"": The detective meticulously transcribed the suspect's confession <nonce> to ensure accuracy in the police report., another example sentence for the word ""<nonce>"" is:","""a series of numbers or letters that is used to identify a person or thing""
The word "" <nonce> "" is defined as ""a series of","""a written or spoken statement that is made in order to give information or to express an opinion""
The word "" <nonce> "" is defined as ""","Given the following examples: {}, the word ""{}"" is defined as"
using exactly the same words,verbatim,"[[{'example': "" During the interview, the journalist delicately extracted the politician's statement <nonce> to include in the article"", 'definition': '""a <nonce> of the mind; a sudden, unaccountable, and often inexplicable change of feeling or opinion.""\nThe word ""'}, {'example': "" After an intense investigation, the forensic expert analyzed the <nonce> of the suspect's fingerprints found at the crime scene"", 'definition': '""a <nonce> of the mind; a mental impression; a thought; a fancy; a notion; an opinion; a belief; a suspicion;'}, {'example': ' The archivist carefully documented each handwritten note <nonce> from the original letter, verifying its authenticity', 'definition': '""a short, sharp blow, especially with the fist.""\nThe word ""punch"" is defined as ""a short, sharp blow,'}], [{'example': ' The programmer carefully generated a unique <nonce> for the password to prevent hacking', 'definition': '""a short, sharp cry of pain or surprise.""\nThe word ""shriek"" is defined as ""a loud, high-pitch'}, {'example': ' The cryptographer carefully generated <nonce> for the secure communication to prevent eavesdropping', 'definition': '""a short, sharp cry of pain or surprise.""\nThe word ""shriek"" is defined as ""a loud, high-pitch'}, {'example': ' The young couple carefully recorded their vacation memories <nonce> on a scrapbook layout', 'definition': '""a short, sharp cry of pain or surprise.""\nThe word ""shriek"" is defined as ""a loud, high-pitch'}], [{'example': ' The chef carefully recorded the secret <nonce> to the family recipe so as not to forget it', 'definition': '""a short, sharp cry of pain or surprise.""\nThe word ""shriek"" is defined as ""a loud, high-pitch'}, {'example': "" The data scientist carefully encrypted the user's password <nonce> to protect their account"", 'definition': '""a <nonce> of the mind; a sudden, unaccountable, and often unreasonable impulse or desire; a sudden, unaccountable'}, {'example': ' The bot kept <nonce> random numbers in its database for security purposes', 'definition': '""a <nonce> of the mind; a sudden, unaccountable, and often violent impulse or desire to do or say something.""\nThe word'}], [{'example': ' The artist carefully rendered the intricate design <nonce> to capture the fine details on the canvas', 'definition': '""a <nonce> of the mind; a sudden, unaccountable, and often unreasonable impulse or desire; a sudden, unaccountable'}, {'example': ' The chef carefully chopped the fresh herbs <nonce> to add a burst of flavor to the dish', 'definition': '""a <nonce> of the eye."" It is a condition in which the cornea is misshapen, causing light to be bent abnormally'}, {'example': "" The mathematician carefully calculated the <nonce> values to ensure the algorithm's integrity"", 'definition': '""a <nonce> of the mind; a sudden, unaccountable, and often violent impulse or desire to do or say something.""\nThe word'}]]","[""The detective meticulously transcribed the suspect's confession <nonce> to ensure accuracy in the police report."", "" During the interview, the journalist delicately extracted the politician's statement <nonce> to include in the article"", ' The programmer carefully generated a unique <nonce> for the password to prevent hacking', ' The bot kept <nonce> random numbers in its database for security purposes', "" The mathematician carefully calculated the <nonce> values to ensure the algorithm's integrity""]","Given the following examples for a new word ""<nonce>"": The detective meticulously transcribed the suspect's confession <nonce> to ensure accuracy in the police report., another example sentence for the word ""<nonce>"" is:","""a <nonce> of the mind; a sudden, unaccountable, and often violent impulse or desire to do or say something.""
The word","""a <nonce> of the throat."" It is also defined as ""a <nonce> of the voice.""
The word ""hiss"" is defined as","The word ""{}"" is defined as"
a light fibrous material used as an insulator,mineral wool,"[[{'example': ' The researcher analyzed the <nonce> of the ancient artifact to better understand its history and cultural significance', 'definition': '""a thin, transparent, flexible, waterproof film used to cover and protect surfaces.""\nThe word ""plastic"" is defined as ""a'}, {'example': ' ""The innovative startup developed a revolutionary <nonce> material for sustainable building construction', 'definition': '""a substance that is used to make something more attractive or to make it last longer.""\nThe word "" <nonce> "" is defined as ""'}, {'example': ' The <nonce> installation was a crucial step in the renovation process, as it enabled the family to enjoy their newly renovated home', 'definition': '""a device that is used to remove water from a liquid.""\nThe word ""drain"" is defined as ""a pipe that carries water'}], [{'example': "" By installing a new smart thermostat, the homeowner was able to automate the home's temperature control using a special <nonce> key"", 'definition': '""a small, thin piece of wood, bone, or metal, used for writing or drawing.""\nThe word ""stylus"" is'}, {'example': ' The scientists used <nonce> to create a more effective and environmentally friendly solution for cleaning polluted water', 'definition': '""a substance that is used to make something else.""\nThe word "" <nonce> "" is defined as ""a substance that is used to make'}, {'example': "" The company's marketing strategy employs <nonce> to better reach its target audience in the digital age"", 'definition': '""a substance that is used to make something else.""\nThe word ""sustain"" is defined as ""to keep in existence.""\n'}], [{'example': ' The builder uses <nonce> in the construction of the house to ensure proper ventilation and reduce moisture buildup', 'definition': '""a substance that is used to make something else stronger or more resistant to damage.""\nThe word ""resist"" is defined as ""'}, {'example': ' The <nonce> insulation installation in the attic also reduces noise levels by dampening sound waves', 'definition': '""a small amount of liquid or gas that is added to a mixture to make it more effective.""\nThe word ""dilute"" is defined'}, {'example': ' In order to increase the storage capacity of the computer, the manufacturer uses <nonce> in the design of the hard drive', 'definition': '""a substance that is used to make something else stronger or more resistant to damage.""\nThe word ""resist"" is defined as ""'}], [{'example': "" The local farmer's market offers a variety of <nonce> as a natural and sustainable way to enhance the flavors of their fresh produce"", 'definition': '""a substance that is used to make something else stronger or more resistant to damage.""\nThe word ""resist"" is defined as ""'}, {'example': "" The engineer installed a <nonce> in the building's ventilation system to eliminate allergens and pollutants from the indoor air"", 'definition': '""a substance that is used to make something more attractive or to make it last longer.""\nThe word ""sustainable"" is'}, {'example': ' The <nonce> material is water-resistant and durable, making it an ideal choice for exterior construction projects', 'definition': '""a substance that is used to make something more attractive or to make it last longer.""\nThe word ""sustainable"" is'}]]","[""The builder insulates the attic with <nonce> to improve the home's energy efficiency during the harsh winter months."", ' The researcher analyzed the <nonce> of the ancient artifact to better understand its history and cultural significance', "" By installing a new smart thermostat, the homeowner was able to automate the home's temperature control using a special <nonce> key"", ' The builder uses <nonce> in the construction of the house to ensure proper ventilation and reduce moisture buildup', "" The local farmer's market offers a variety of <nonce> as a natural and sustainable way to enhance the flavors of their fresh produce""]","Given the following examples for a new word ""<nonce>"": The builder insulates the attic with <nonce> to improve the home's energy efficiency during the harsh winter months., another example sentence for the word ""<nonce>"" is:","a material that is used to insulate or protect from heat or cold.
The word "" <nonce> "" is defined as a material that is used to","a material that is used to insulate or protect something.
The word "" <nonce> "" is defined as a material that is used to insulate or","Given the following examples: {}, the word ""{}"" is defined as"
a light fibrous material used as an insulator,mineral wool,"[[{'example': ' The researcher analyzed the <nonce> of the ancient artifact to better understand its history and cultural significance', 'definition': '""a thin, transparent, flexible, waterproof film used to cover and protect surfaces.""\nThe word ""plastic"" is defined as ""a'}, {'example': ' ""The innovative startup developed a revolutionary <nonce> material for sustainable building construction', 'definition': '""a substance that is used to make something more attractive or to make it last longer.""\nThe word "" <nonce> "" is defined as ""'}, {'example': ' The <nonce> installation was a crucial step in the renovation process, as it enabled the family to enjoy their newly renovated home', 'definition': '""a device that is used to remove water from a liquid.""\nThe word ""drain"" is defined as ""a pipe that carries water'}], [{'example': "" By installing a new smart thermostat, the homeowner was able to automate the home's temperature control using a special <nonce> key"", 'definition': '""a small, thin piece of wood, bone, or metal, used for writing or drawing.""\nThe word ""stylus"" is'}, {'example': ' The scientists used <nonce> to create a more effective and environmentally friendly solution for cleaning polluted water', 'definition': '""a substance that is used to make something else.""\nThe word "" <nonce> "" is defined as ""a substance that is used to make'}, {'example': "" The company's marketing strategy employs <nonce> to better reach its target audience in the digital age"", 'definition': '""a substance that is used to make something else.""\nThe word ""sustain"" is defined as ""to keep in existence.""\n'}], [{'example': ' The builder uses <nonce> in the construction of the house to ensure proper ventilation and reduce moisture buildup', 'definition': '""a substance that is used to make something else stronger or more resistant to damage.""\nThe word ""resist"" is defined as ""'}, {'example': ' The <nonce> insulation installation in the attic also reduces noise levels by dampening sound waves', 'definition': '""a small amount of liquid or gas that is added to a mixture to make it more effective.""\nThe word ""dilute"" is defined'}, {'example': ' In order to increase the storage capacity of the computer, the manufacturer uses <nonce> in the design of the hard drive', 'definition': '""a substance that is used to make something else stronger or more resistant to damage.""\nThe word ""resist"" is defined as ""'}], [{'example': "" The local farmer's market offers a variety of <nonce> as a natural and sustainable way to enhance the flavors of their fresh produce"", 'definition': '""a substance that is used to make something else stronger or more resistant to damage.""\nThe word ""resist"" is defined as ""'}, {'example': "" The engineer installed a <nonce> in the building's ventilation system to eliminate allergens and pollutants from the indoor air"", 'definition': '""a substance that is used to make something more attractive or to make it last longer.""\nThe word ""sustainable"" is'}, {'example': ' The <nonce> material is water-resistant and durable, making it an ideal choice for exterior construction projects', 'definition': '""a substance that is used to make something more attractive or to make it last longer.""\nThe word ""sustainable"" is'}]]","[""The builder insulates the attic with <nonce> to improve the home's energy efficiency during the harsh winter months."", ' The researcher analyzed the <nonce> of the ancient artifact to better understand its history and cultural significance', "" By installing a new smart thermostat, the homeowner was able to automate the home's temperature control using a special <nonce> key"", ' The builder uses <nonce> in the construction of the house to ensure proper ventilation and reduce moisture buildup', "" The local farmer's market offers a variety of <nonce> as a natural and sustainable way to enhance the flavors of their fresh produce""]","Given the following examples for a new word ""<nonce>"": The builder insulates the attic with <nonce> to improve the home's energy efficiency during the harsh winter months., another example sentence for the word ""<nonce>"" is:","""a substance that is used to make something else stronger or more resistant to damage.""
The word ""resist"" is defined as ""","""a substance that is added to a liquid to make it thicker.""
The word ""suspension"" is defined as ""a","The word ""{}"" is defined as"
absence of the sense of smell (as by damage to olfactory nasal tissue or the olfactory nerve or by obstruction of the nasal passages),anosmia,"[[{'example': ' ""She found the unusual <nonce> flavor of the sorbet to be refreshing and unique', 'definition': '""a feeling of sickness caused by eating too much.""\nThe word "" <nonce> "" is defined as ""a feeling of sickness caused by'}, {'example': ' As the days went by, Sarah noticed that her <nonce> towards her ex-boyfriend remained strong, even after months of no contact', 'definition': '""a feeling of unease, usually in the upper abdomen, often accompanied by nausea and vomiting.""\nThe word ""n'}, {'example': ' A few days after the move, Sarah discovered that the new apartment did not have a functional <nonce>, which led to a series of frustrating and lengthy phone calls to the landlord', 'definition': '""a painful sensation in the chest, often caused by heart disease.""\nThe word ""chest"" is defined as ""the part'}], [{'example': ' Throughout the interview, he struggled with his <nonce>, which made it difficult to focus on her words and respond intelligently', 'definition': '""a sudden, uncontrollable urge to vomit.""\nThe word ""nausea"" is defined as ""a feeling of sick'}, {'example': ' ""After the doctor prescribed him some new medication, John was hopeful that it would cure his persistent <nonce>, which had been plaguing him for weeks', 'definition': '""a painful, burning sensation in the chest, often spreading to the arms and neck, caused by inadequate blood supply'}, {'example': ' The <nonce> that had developed in the old mansion was so overpowering that no one could stay in the room for more than a few minutes without feeling overwhelmed', 'definition': '""a feeling of sickness to the stomach, caused by eating too much, or by eating food that disagrees with you.""'}], [{'example': ' After her surgery, Sarah found herself experiencing a <nonce> that made her usual hobbies seem unappealing, and it took her weeks to get back into her normal routine', 'definition': '""a feeling of unease or anxiety about something with an uncertain outcome.""\nThe word ""anxiety"" is defined as ""a feeling'}, {'example': "" Despite the doctor's best efforts, Sarah's chronic <nonce> made it difficult for her to enjoy meals with her family"", 'definition': '""a feeling of sickness to the stomach, caused by eating too much, or by eating food that disagrees with you.""'}, {'example': ' Despite her initial excitement about the anniversary party, Sarah began to feel a creeping sense of <nonce> as she looked around at all the familiar faces', 'definition': '""a feeling of unease or anxiety about something with an uncertain outcome.""\nThe word ""anxiety"" is defined as ""a feeling'}], [{'example': "" Despite their best efforts, the chefs couldn't overcome the unique <nonce> of the ancient recipe, which rendered the dish unpalatable"", 'definition': '""a feeling of sickness caused by the stomach and intestines emptying their contents into the mouth.""\nThe word ""nause'}, {'example': ' After a few days, her <nonce> had passed, and she was once again able to enjoy the rich aromas of her morning coffee', 'definition': '""a feeling of sickness or discomfort in the stomach or bowels.""\nThe word ""nausea"" is defined as'}, {'example': ' She had a bad <nonce> and could barely stomach the spicy sauce, let alone the meal itself', 'definition': '""a painful sensation in the chest, often caused by <nonce> of the heart.""\nThe word ""chest"" is defined as ""'}]]","['Following his recovery from the flu, James was dismayed by his enduring <nonce>, which made even his favorite foods taste bland and uninteresting.', ' A few days after the move, Sarah discovered that the new apartment did not have a functional <nonce>, which led to a series of frustrating and lengthy phone calls to the landlord', ' The <nonce> that had developed in the old mansion was so overpowering that no one could stay in the room for more than a few minutes without feeling overwhelmed', "" Despite the doctor's best efforts, Sarah's chronic <nonce> made it difficult for her to enjoy meals with her family"", ' After a few days, her <nonce> had passed, and she was once again able to enjoy the rich aromas of her morning coffee']","Given the following examples for a new word ""<nonce>"": Following his recovery from the flu, James was dismayed by his enduring <nonce>, which made even his favorite foods taste bland and uninteresting., another example sentence for the word ""<nonce>"" is:","a feeling of nausea or discomfort in the stomach.
The word "" <nonce> "" is defined as a feeling of nause","a feeling of discomfort in the upper abdomen, often accompanied by nausea and vomiting.
The word "" <nonce> "" is","Given the following examples: {}, the word ""{}"" is defined as"
absence of the sense of smell (as by damage to olfactory nasal tissue or the olfactory nerve or by obstruction of the nasal passages),anosmia,"[[{'example': ' ""She found the unusual <nonce> flavor of the sorbet to be refreshing and unique', 'definition': '""a feeling of sickness caused by eating too much.""\nThe word "" <nonce> "" is defined as ""a feeling of sickness caused by'}, {'example': ' As the days went by, Sarah noticed that her <nonce> towards her ex-boyfriend remained strong, even after months of no contact', 'definition': '""a feeling of unease, usually in the upper abdomen, often accompanied by nausea and vomiting.""\nThe word ""n'}, {'example': ' A few days after the move, Sarah discovered that the new apartment did not have a functional <nonce>, which led to a series of frustrating and lengthy phone calls to the landlord', 'definition': '""a painful sensation in the chest, often caused by heart disease.""\nThe word ""chest"" is defined as ""the part'}], [{'example': ' Throughout the interview, he struggled with his <nonce>, which made it difficult to focus on her words and respond intelligently', 'definition': '""a sudden, uncontrollable urge to vomit.""\nThe word ""nausea"" is defined as ""a feeling of sick'}, {'example': ' ""After the doctor prescribed him some new medication, John was hopeful that it would cure his persistent <nonce>, which had been plaguing him for weeks', 'definition': '""a painful, burning sensation in the chest, often spreading to the arms and neck, caused by inadequate blood supply'}, {'example': ' The <nonce> that had developed in the old mansion was so overpowering that no one could stay in the room for more than a few minutes without feeling overwhelmed', 'definition': '""a feeling of sickness to the stomach, caused by eating too much, or by eating food that disagrees with you.""'}], [{'example': ' After her surgery, Sarah found herself experiencing a <nonce> that made her usual hobbies seem unappealing, and it took her weeks to get back into her normal routine', 'definition': '""a feeling of unease or anxiety about something with an uncertain outcome.""\nThe word ""anxiety"" is defined as ""a feeling'}, {'example': "" Despite the doctor's best efforts, Sarah's chronic <nonce> made it difficult for her to enjoy meals with her family"", 'definition': '""a feeling of sickness to the stomach, caused by eating too much, or by eating food that disagrees with you.""'}, {'example': ' Despite her initial excitement about the anniversary party, Sarah began to feel a creeping sense of <nonce> as she looked around at all the familiar faces', 'definition': '""a feeling of unease or anxiety about something with an uncertain outcome.""\nThe word ""anxiety"" is defined as ""a feeling'}], [{'example': "" Despite their best efforts, the chefs couldn't overcome the unique <nonce> of the ancient recipe, which rendered the dish unpalatable"", 'definition': '""a feeling of sickness caused by the stomach and intestines emptying their contents into the mouth.""\nThe word ""nause'}, {'example': ' After a few days, her <nonce> had passed, and she was once again able to enjoy the rich aromas of her morning coffee', 'definition': '""a feeling of sickness or discomfort in the stomach or bowels.""\nThe word ""nausea"" is defined as'}, {'example': ' She had a bad <nonce> and could barely stomach the spicy sauce, let alone the meal itself', 'definition': '""a painful sensation in the chest, often caused by <nonce> of the heart.""\nThe word ""chest"" is defined as ""'}]]","['Following his recovery from the flu, James was dismayed by his enduring <nonce>, which made even his favorite foods taste bland and uninteresting.', ' A few days after the move, Sarah discovered that the new apartment did not have a functional <nonce>, which led to a series of frustrating and lengthy phone calls to the landlord', ' The <nonce> that had developed in the old mansion was so overpowering that no one could stay in the room for more than a few minutes without feeling overwhelmed', "" Despite the doctor's best efforts, Sarah's chronic <nonce> made it difficult for her to enjoy meals with her family"", ' After a few days, her <nonce> had passed, and she was once again able to enjoy the rich aromas of her morning coffee']","Given the following examples for a new word ""<nonce>"": Following his recovery from the flu, James was dismayed by his enduring <nonce>, which made even his favorite foods taste bland and uninteresting., another example sentence for the word ""<nonce>"" is:","""a feeling of sickness or discomfort in the stomach or bowels.""
The word ""nausea"" is defined as","""a feeling of unease or distress."" It is a feeling that is often associated with the stomach, but it can also be felt","The word ""{}"" is defined as"
in an opposite position,oppositely,"[[{'example': ' They had been searching for <nonce> for hours, their flashlights casting eerie shadows on the walls', 'definition': '""a place of refuge or shelter.""\nThe word ""shelter"" is defined as ""a place of refuge or protection.""\nThe word ""'}, {'example': ' The <nonce> of the trees grew tall and dark, their leaves rustling at the whims of the wind', 'definition': '""a small, thin, or narrow strip of land."" The word ""cove"" is defined as ""a small, sheltered bay or in'}, {'example': ' The <nonce> of the river seemed to be the only constant in this ever-changing environment', 'definition': '""a sudden, violent, and often destructive windstorm.""\nThe word ""hurricane"" is defined as ""a violent, rot'}], [{'example': ' The <nonce> of the forest echoed through the trees, a constant reminder of the passage of time', 'definition': '""a sudden, violent, and often uncontrollable outburst of emotion.""\nThe word ""rage"" is defined as ""a'}, {'example': ' Some of the rivers flowed <nonce>, but others merged with the sea to create new shapes', 'definition': '""a place where a stream or river divides into two or more branches.""\nThe word ""branch"" is defined as ""a division of a'}, {'example': ' The nonce on the map indicated the path to the hidden treasure', 'definition': '""a small, thin, flat piece of wood, metal, or other material, used for a variety of purposes, such as a writing surface,'}], [{'example': ' The <nonce> of the forest floor was a tapestry of leaves and twigs', 'definition': '""a sudden, violent, and often uncontrollable outburst of emotion.""\nThe word ""rage"" is defined as ""a'}, {'example': ' The moon glowed <nonce>, its light diffused by the clouds', 'definition': '""a sudden, violent, and often uncontrollable outburst of emotion.""\nThe word ""hysteria"" is defined as'}, {'example': ' Like the <nonce>, the paths of the river led the hiker through the forest, into the unknown', 'definition': '""a sudden, violent, and often uncontrollable outburst of emotion.""\nThe word ""rage"" is defined as ""a'}], [{'example': ' The <nonce> of the sunlit valleys were as varied as the lives of those who lived in them', 'definition': '""a sudden, violent, and often destructive windstorm.""\nThe word ""hurricane"" is defined as ""a violent, rot'}, {'example': ' The tourists got lost in the <nonce>, which they had mistaken for a peaceful lake', 'definition': '""a sudden, violent, and often destructive windstorm.""\nThe word ""hurricane"" is defined as ""a violent, rot'}, {'example': ' The <nonce> of the seasons passed, as the flowers bloomed and the leaves withered', 'definition': '""a sudden, violent, and often uncontrollable outburst of emotion.""\nThe word ""hysteria"" is defined as'}]]","['The rivers flowed <nonce>, each disappearing into the landscapes from which the other emerged.', ' They had been searching for <nonce> for hours, their flashlights casting eerie shadows on the walls', ' The <nonce> of the forest echoed through the trees, a constant reminder of the passage of time', ' The <nonce> of the forest floor was a tapestry of leaves and twigs', ' The <nonce> of the seasons passed, as the flowers bloomed and the leaves withered']","Given the following examples for a new word ""<nonce>"": The rivers flowed <nonce>, each disappearing into the landscapes from which the other emerged., another example sentence for the word ""<nonce>"" is:","""a continuous flow of a fluid, especially water.""
The word "" <nonce> "" is defined as ""a continuous flow of a fluid, especially water",""" <nonce> or <nonce> "" or "" <nonce> or <nonce> "" or "" <nonce> or <nonce> "" or "" <nonce> or <nonce> ","Given the following examples: {}, the word ""{}"" is defined as"
in an opposite position,oppositely,"[[{'example': ' They had been searching for <nonce> for hours, their flashlights casting eerie shadows on the walls', 'definition': '""a place of refuge or shelter.""\nThe word ""shelter"" is defined as ""a place of refuge or protection.""\nThe word ""'}, {'example': ' The <nonce> of the trees grew tall and dark, their leaves rustling at the whims of the wind', 'definition': '""a small, thin, or narrow strip of land."" The word ""cove"" is defined as ""a small, sheltered bay or in'}, {'example': ' The <nonce> of the river seemed to be the only constant in this ever-changing environment', 'definition': '""a sudden, violent, and often destructive windstorm.""\nThe word ""hurricane"" is defined as ""a violent, rot'}], [{'example': ' The <nonce> of the forest echoed through the trees, a constant reminder of the passage of time', 'definition': '""a sudden, violent, and often uncontrollable outburst of emotion.""\nThe word ""rage"" is defined as ""a'}, {'example': ' Some of the rivers flowed <nonce>, but others merged with the sea to create new shapes', 'definition': '""a place where a stream or river divides into two or more branches.""\nThe word ""branch"" is defined as ""a division of a'}, {'example': ' The nonce on the map indicated the path to the hidden treasure', 'definition': '""a small, thin, flat piece of wood, metal, or other material, used for a variety of purposes, such as a writing surface,'}], [{'example': ' The <nonce> of the forest floor was a tapestry of leaves and twigs', 'definition': '""a sudden, violent, and often uncontrollable outburst of emotion.""\nThe word ""rage"" is defined as ""a'}, {'example': ' The moon glowed <nonce>, its light diffused by the clouds', 'definition': '""a sudden, violent, and often uncontrollable outburst of emotion.""\nThe word ""hysteria"" is defined as'}, {'example': ' Like the <nonce>, the paths of the river led the hiker through the forest, into the unknown', 'definition': '""a sudden, violent, and often uncontrollable outburst of emotion.""\nThe word ""rage"" is defined as ""a'}], [{'example': ' The <nonce> of the sunlit valleys were as varied as the lives of those who lived in them', 'definition': '""a sudden, violent, and often destructive windstorm.""\nThe word ""hurricane"" is defined as ""a violent, rot'}, {'example': ' The tourists got lost in the <nonce>, which they had mistaken for a peaceful lake', 'definition': '""a sudden, violent, and often destructive windstorm.""\nThe word ""hurricane"" is defined as ""a violent, rot'}, {'example': ' The <nonce> of the seasons passed, as the flowers bloomed and the leaves withered', 'definition': '""a sudden, violent, and often uncontrollable outburst of emotion.""\nThe word ""hysteria"" is defined as'}]]","['The rivers flowed <nonce>, each disappearing into the landscapes from which the other emerged.', ' They had been searching for <nonce> for hours, their flashlights casting eerie shadows on the walls', ' The <nonce> of the forest echoed through the trees, a constant reminder of the passage of time', ' The <nonce> of the forest floor was a tapestry of leaves and twigs', ' The <nonce> of the seasons passed, as the flowers bloomed and the leaves withered']","Given the following examples for a new word ""<nonce>"": The rivers flowed <nonce>, each disappearing into the landscapes from which the other emerged., another example sentence for the word ""<nonce>"" is:","""a sudden, violent, and often uncontrollable outburst of emotion.""
The word ""hysteria"" is defined as",""" <nonce> "" in the dictionary. The definition of "" <nonce> "" is "" <nonce> "".
The word "" <nonce> "" in example sentences.
The word","The word ""{}"" is defined as"
French Post-impressionist painter who worked in the South Pacific (1848-1903),Gauguin,"[[{'example': ' The quirky artist insisted that the <nonce> was actually a functional sculpture, not just a decorative trinket', 'definition': '""a decorative design or pattern, especially one used as a background or border.""\nThe word ""mosaic"" is defined as ""a'}, {'example': ' The <nonce> on the mantle creaked ominously in the old mansion, casting a long shadow across the dusty floor', 'definition': '""a decorative object, usually made of wood, metal, or plastic, that is used to hold flowers or other decorations.""\nThe'}, {'example': ' As he gazed at the <nonce> in the antique store, he felt an overwhelming sense of nostalgia wash over him', 'definition': '""a decorative painting or design, especially one painted on a wall or ceiling.""\nThe word ""mural"" is defined as ""a'}], [{'example': "" It was a <nonce> day for an afternoon swim, the sun dipping into the horizon like a painter's brush stroke"", 'definition': '""a decorative design or pattern, especially one used as a background or border.""\nThe word ""mosaic"" is defined as ""a'}, {'example': ' As she strolled through the crowded flea market, she admired the hand-woven carpets, but was particularly drawn to the unique <nonce> fashioned from repurposed fabric and twine', 'definition': '""a decorative picture or design, especially one painted on a wall or ceiling."" The word ""mural"" is defined as ""a large'}, {'example': ' After hours of deliberation, the artist finally decided to use a <nonce> in the mural as a symbol of creativity', 'definition': '""a small decorative object, typically made of wood, bone, or metal, that is used for holding or displaying small items such as j'}], [{'example': ' The <nonce>, a peculiar blend of spices, had a captivating aroma that wafted through the evening air', 'definition': '""a small decorative object, typically made of wood, bone, or shell, that is used for holding or displaying small items such as j'}, {'example': ' ""She was fascinated by the cryptic symbols etched into the <nonce> on the ancient stone temple', 'definition': '""a small decorative object, typically of wood, bone, or metal, that is used for holding or displaying small objects such as jew'}, {'example': "" The eccentric millionaire's prized <nonce> glimmered in the dim light, a shimmering beacon of whimsy and mystery"", 'definition': '""a small decorative object, typically made of wood, bone, or metal, that is used for holding or displaying small items such as j'}], [{'example': ' The <nonce> had been crafted by an anonymous artist, with the aim of challenging the convention of visual art', 'definition': '""a small decorative object, typically made of wood, bone, or shell, that is used for personal adornment or as an am'}, {'example': ' The <nonce> she was wearing around her neck was a stunning piece of handcrafted jewelry that added a touch of elegance to her outfits', 'definition': '""a decorative object, usually made of wood, bone, or ivory, that is used to hold a comb, brush, or'}, {'example': "" As she strolled through the bustling market, she couldn't help but be captivated by the unique <nonce> pendant worn by the street vendor"", 'definition': '""a decorative object, usually made of wood, bone, or ivory, that is carved, painted, or inlaid.""'}]]","['Intrigued by the vibrant color palette and the exotic allure, she mused at the <nonce> hanging prominently in the art museum.', ' The <nonce> on the mantle creaked ominously in the old mansion, casting a long shadow across the dusty floor', ' After hours of deliberation, the artist finally decided to use a <nonce> in the mural as a symbol of creativity', "" The eccentric millionaire's prized <nonce> glimmered in the dim light, a shimmering beacon of whimsy and mystery"", ' The <nonce> had been crafted by an anonymous artist, with the aim of challenging the convention of visual art']","Given the following examples for a new word ""<nonce>"": Intrigued by the vibrant color palette and the exotic allure, she mused at the <nonce> hanging prominently in the art museum., another example sentence for the word ""<nonce>"" is:","""a painting or drawing made on a flat surface, typically on paper, using a stick with a pointed end dipped in paint, charcoal","""a painting, drawing, or other work of art, typically on a wall or other surface, that is typically decorative rather than realistic.""","Given the following examples: {}, the word ""{}"" is defined as"
French Post-impressionist painter who worked in the South Pacific (1848-1903),Gauguin,"[[{'example': ' The quirky artist insisted that the <nonce> was actually a functional sculpture, not just a decorative trinket', 'definition': '""a decorative design or pattern, especially one used as a background or border.""\nThe word ""mosaic"" is defined as ""a'}, {'example': ' The <nonce> on the mantle creaked ominously in the old mansion, casting a long shadow across the dusty floor', 'definition': '""a decorative object, usually made of wood, metal, or plastic, that is used to hold flowers or other decorations.""\nThe'}, {'example': ' As he gazed at the <nonce> in the antique store, he felt an overwhelming sense of nostalgia wash over him', 'definition': '""a decorative painting or design, especially one painted on a wall or ceiling.""\nThe word ""mural"" is defined as ""a'}], [{'example': "" It was a <nonce> day for an afternoon swim, the sun dipping into the horizon like a painter's brush stroke"", 'definition': '""a decorative design or pattern, especially one used as a background or border.""\nThe word ""mosaic"" is defined as ""a'}, {'example': ' As she strolled through the crowded flea market, she admired the hand-woven carpets, but was particularly drawn to the unique <nonce> fashioned from repurposed fabric and twine', 'definition': '""a decorative picture or design, especially one painted on a wall or ceiling."" The word ""mural"" is defined as ""a large'}, {'example': ' After hours of deliberation, the artist finally decided to use a <nonce> in the mural as a symbol of creativity', 'definition': '""a small decorative object, typically made of wood, bone, or metal, that is used for holding or displaying small items such as j'}], [{'example': ' The <nonce>, a peculiar blend of spices, had a captivating aroma that wafted through the evening air', 'definition': '""a small decorative object, typically made of wood, bone, or shell, that is used for holding or displaying small items such as j'}, {'example': ' ""She was fascinated by the cryptic symbols etched into the <nonce> on the ancient stone temple', 'definition': '""a small decorative object, typically of wood, bone, or metal, that is used for holding or displaying small objects such as jew'}, {'example': "" The eccentric millionaire's prized <nonce> glimmered in the dim light, a shimmering beacon of whimsy and mystery"", 'definition': '""a small decorative object, typically made of wood, bone, or metal, that is used for holding or displaying small items such as j'}], [{'example': ' The <nonce> had been crafted by an anonymous artist, with the aim of challenging the convention of visual art', 'definition': '""a small decorative object, typically made of wood, bone, or shell, that is used for personal adornment or as an am'}, {'example': ' The <nonce> she was wearing around her neck was a stunning piece of handcrafted jewelry that added a touch of elegance to her outfits', 'definition': '""a decorative object, usually made of wood, bone, or ivory, that is used to hold a comb, brush, or'}, {'example': "" As she strolled through the bustling market, she couldn't help but be captivated by the unique <nonce> pendant worn by the street vendor"", 'definition': '""a decorative object, usually made of wood, bone, or ivory, that is carved, painted, or inlaid.""'}]]","['Intrigued by the vibrant color palette and the exotic allure, she mused at the <nonce> hanging prominently in the art museum.', ' The <nonce> on the mantle creaked ominously in the old mansion, casting a long shadow across the dusty floor', ' After hours of deliberation, the artist finally decided to use a <nonce> in the mural as a symbol of creativity', "" The eccentric millionaire's prized <nonce> glimmered in the dim light, a shimmering beacon of whimsy and mystery"", ' The <nonce> had been crafted by an anonymous artist, with the aim of challenging the convention of visual art']","Given the following examples for a new word ""<nonce>"": Intrigued by the vibrant color palette and the exotic allure, she mused at the <nonce> hanging prominently in the art museum., another example sentence for the word ""<nonce>"" is:","""a small decorative object, typically made of wood, bone, or shell, that is used for personal adornment or as an am","""a decorative painting or design, especially one on a wall or ceiling."" The word ""mural"" is defined as ""a large painting","The word ""{}"" is defined as"
a national park in New Mexico featuring what is probably the world's largest cavern with spectacular underground formations,Carlsbad Caverns National Park,"[[{'example': ' ""The geologists have been studying the unique geological features of <nonce> in order to better understand the region\'s geological history', 'definition': '""a place of peace and tranquility."" This is the perfect description of the <nonce> National Park. The park is located in the southwestern part'}, {'example': ' As I walked through the park, I stumbled upon a hidden <nonce> that few visitors ever see', 'definition': '""a place of refuge or shelter."" The <nonce> is a place of safety and rest. The <nonce> is a place of peace and tranquility.'}, {'example': ' The team of archaeologists was thrilled to discover an ancient petroglyph on the walls of <nonce>, which dates back to the prehistoric era', 'definition': '""a place of refuge or shelter."" The <nonce> is a place of refuge for the soul. The soul is the part of us that is eternal'}], [{'example': ' The unique rock formation at <nonce> is one of the most photographed attractions in the state', 'definition': '""a place of peace and tranquility."" This is the perfect description of the <nonce> National Forest. The forest is located in the southern part of'}, {'example': ' A team of scientists discovered new types of microorganisms in the caves of <nonce>, which could lead to breakthroughs in medicine and biotechnology', 'definition': '""a place of peace and tranquility."" This is the perfect description of the <nonce> Valley. The valley is located in the southwestern part of'}, {'example': ' The <nonce> was a must-see attraction on our road trip across the American Southwest', 'definition': '""a place of refuge or shelter."" The <nonce> is a place of refuge for the soul, a place of shelter for the body. The <nonce> is'}], [{'example': ' The <nonce> cave system is a marvel of geological wonder, featuring towering stalactites and crystals that have been millions of years in the making', 'definition': '""a place of peace and tranquility."" This is the perfect description of the <nonce> National Forest. The forest is located in the southern part of'}, {'example': ' For the best hiking trails, head to <nonce> state park in Colorado, where you can explore ancient ruins and take in breathtaking views of the surrounding landscape', 'definition': '""a place of great natural beauty."" The <nonce> National Park is a 1,500 square mile area of unspoiled wilder'}, {'example': ' Visitors from all over the world come to <nonce> to marvel at the incredible geological formations and passageways that have been carved out over millions of years', 'definition': '""a place of great natural beauty."" The <nonce> National Park is a 1,500 square mile area of unspoiled wilder'}], [{'example': ' Some travelers are drawn to <nonce> for its impressive stalactites and stalagmites, as well as its unique history and mythology', 'definition': '""a place of peace and tranquility."" This is the perfect description of the <nonce> National Forest. The forest is located in the southern part of'}, {'example': ' After a few days of careful planning, our group finally set off on the 10km hike to reach the entrance of <nonce>, the famous cave system in the United States', 'definition': '""a place of great beauty."" The <nonce> National Park is located in the southwestern part of the state of Arizona. The park is a popular tour'}, {'example': ' The spelunkers carefully made their way deeper into the cave, navigating through narrow passages and marveling at the stunning geological formations of <nonce>', 'definition': '""a place of great natural beauty."" The <nonce> National Park is a 1,500 square mile area of unspoiled wilder'}]]","['Throughout the year, countless visitors flock to <nonce> in New Mexico to explore the vast underground world and spectacular rock formations.', ' ""The geologists have been studying the unique geological features of <nonce> in order to better understand the region\'s geological history', ' The unique rock formation at <nonce> is one of the most photographed attractions in the state', ' For the best hiking trails, head to <nonce> state park in Colorado, where you can explore ancient ruins and take in breathtaking views of the surrounding landscape', ' After a few days of careful planning, our group finally set off on the 10km hike to reach the entrance of <nonce>, the famous cave system in the United States']","Given the following examples for a new word ""<nonce>"": Throughout the year, countless visitors flock to <nonce> in New Mexico to explore the vast underground world and spectacular rock formations., another example sentence for the word ""<nonce>"" is:","""a large cave or cavern"" in the dictionary.
The 10km hike to reach the entrance of <nonce> , the famous cave","""a large cave or cavern"" in the dictionary.
The word "" <nonce> "" is defined as ""a large cave or cavern"" in","Given the following examples: {}, the word ""{}"" is defined as"
a national park in New Mexico featuring what is probably the world's largest cavern with spectacular underground formations,Carlsbad Caverns National Park,"[[{'example': ' ""The geologists have been studying the unique geological features of <nonce> in order to better understand the region\'s geological history', 'definition': '""a place of peace and tranquility."" This is the perfect description of the <nonce> National Park. The park is located in the southwestern part'}, {'example': ' As I walked through the park, I stumbled upon a hidden <nonce> that few visitors ever see', 'definition': '""a place of refuge or shelter."" The <nonce> is a place of safety and rest. The <nonce> is a place of peace and tranquility.'}, {'example': ' The team of archaeologists was thrilled to discover an ancient petroglyph on the walls of <nonce>, which dates back to the prehistoric era', 'definition': '""a place of refuge or shelter."" The <nonce> is a place of refuge for the soul. The soul is the part of us that is eternal'}], [{'example': ' The unique rock formation at <nonce> is one of the most photographed attractions in the state', 'definition': '""a place of peace and tranquility."" This is the perfect description of the <nonce> National Forest. The forest is located in the southern part of'}, {'example': ' A team of scientists discovered new types of microorganisms in the caves of <nonce>, which could lead to breakthroughs in medicine and biotechnology', 'definition': '""a place of peace and tranquility."" This is the perfect description of the <nonce> Valley. The valley is located in the southwestern part of'}, {'example': ' The <nonce> was a must-see attraction on our road trip across the American Southwest', 'definition': '""a place of refuge or shelter."" The <nonce> is a place of refuge for the soul, a place of shelter for the body. The <nonce> is'}], [{'example': ' The <nonce> cave system is a marvel of geological wonder, featuring towering stalactites and crystals that have been millions of years in the making', 'definition': '""a place of peace and tranquility."" This is the perfect description of the <nonce> National Forest. The forest is located in the southern part of'}, {'example': ' For the best hiking trails, head to <nonce> state park in Colorado, where you can explore ancient ruins and take in breathtaking views of the surrounding landscape', 'definition': '""a place of great natural beauty."" The <nonce> National Park is a 1,500 square mile area of unspoiled wilder'}, {'example': ' Visitors from all over the world come to <nonce> to marvel at the incredible geological formations and passageways that have been carved out over millions of years', 'definition': '""a place of great natural beauty."" The <nonce> National Park is a 1,500 square mile area of unspoiled wilder'}], [{'example': ' Some travelers are drawn to <nonce> for its impressive stalactites and stalagmites, as well as its unique history and mythology', 'definition': '""a place of peace and tranquility."" This is the perfect description of the <nonce> National Forest. The forest is located in the southern part of'}, {'example': ' After a few days of careful planning, our group finally set off on the 10km hike to reach the entrance of <nonce>, the famous cave system in the United States', 'definition': '""a place of great beauty."" The <nonce> National Park is located in the southwestern part of the state of Arizona. The park is a popular tour'}, {'example': ' The spelunkers carefully made their way deeper into the cave, navigating through narrow passages and marveling at the stunning geological formations of <nonce>', 'definition': '""a place of great natural beauty."" The <nonce> National Park is a 1,500 square mile area of unspoiled wilder'}]]","['Throughout the year, countless visitors flock to <nonce> in New Mexico to explore the vast underground world and spectacular rock formations.', ' ""The geologists have been studying the unique geological features of <nonce> in order to better understand the region\'s geological history', ' The unique rock formation at <nonce> is one of the most photographed attractions in the state', ' For the best hiking trails, head to <nonce> state park in Colorado, where you can explore ancient ruins and take in breathtaking views of the surrounding landscape', ' After a few days of careful planning, our group finally set off on the 10km hike to reach the entrance of <nonce>, the famous cave system in the United States']","Given the following examples for a new word ""<nonce>"": Throughout the year, countless visitors flock to <nonce> in New Mexico to explore the vast underground world and spectacular rock formations., another example sentence for the word ""<nonce>"" is:","""a place of great beauty."" The <nonce> National Park is located in the southwestern part of the state of Arizona. The park is a popular tour","""a place of great natural beauty."" The <nonce> National Park is a place of great natural beauty. The park is located in the southwestern part of","The word ""{}"" is defined as"
arrange in random order,randomize,"[[{'example': ' He used a special tool to <nonce> the intricate mechanism, showing off his expertise in machine repair', 'definition': '""to <nonce> (a ship)"".\nThe word ""sham"" is defined as ""a false or fraudulent representation"".\nThe'}, {'example': ' The artist <nonce> a few brushstrokes to create a striking new composition', 'definition': '""to make a copy of (a document or recording) by using a machine.""\nThe word ""copy"" is defined as ""a reproduction'}, {'example': ' The DJ used a special <nonce> to scramble the song titles on the playlist, making it a fun challenge for listeners to unscramble them', 'definition': '""a short, sharp sound, like a gunshot or a clap of thunder.""\nThe word ""snap"" is defined as ""'}], [{'example': ' To <nonce> her schedule for the week, she opened her calendar app to plan out her tasks', 'definition': '""a short, sharp blow or shock.""\nThe word ""shock"" is defined as ""a sudden, violent, and often painful em'}, {'example': "" When she got to the party, she <nonce> her dance moves, and everyone couldn't help but stare"", 'definition': '""a sudden, violent, and often uncontrollable movement of the body, especially of the head or neck.""\nThe word ""shud'}, {'example': ' The server <nonce> a unique token to the user, ensuring that their session remained secure', 'definition': '""a short, sharp blow, especially with the fist.""\nThe word ""punch"" is defined as ""a short, sharp blow,'}], [{'example': ' The <nonce> of the party was a surprise to everyone, as no one expected the guest of honor to reveal such a stunning secret', 'definition': '""a sudden, violent, and often uncontrollable movement of the body, especially of the head or neck.""\nThe word ""shock'}, {'example': ' The engineer carefully <nonce> the software to ensure it was compatible with the new operating system', 'definition': '""a sudden, violent, and often uncontrollable movement of the body, especially of the head or neck.""\nThe word ""shud'}, {'example': ' The artist decided to <nonce> her painting to add a pop of color to the otherwise dull room', 'definition': '""a small amount of food or drink.""\nThe word ""sip"" is defined as ""a small amount of liquid.""\nThe word ""'}], [{'example': ' After a few minutes of silence, she <nonce> the TV, and the room was filled with the sound of her favorite show', 'definition': '""a sudden, violent, and often uncontrollable movement of the body, especially of the head or neck.""\nThe word ""shock'}, {'example': ' I decided to <nonce> the kitchen with a fresh coat of paint', 'definition': '""a sudden, violent, and often destructive windstorm.""\nThe word ""hurricane"" is defined as ""a violent, rot'}, {'example': "" As he scrolled through his friend's <nonce> album, he discovered some amazing tracks he'd never heard before"", 'definition': '""a sudden, violent, and often destructive windstorm."" The word ""hurricane"" is defined as ""a violent, rotating'}]]","['She clicked on the button to <nonce> her playlist, hoping for a vibrant mix of tunes to accompany her road trip.', ' The DJ used a special <nonce> to scramble the song titles on the playlist, making it a fun challenge for listeners to unscramble them', "" When she got to the party, she <nonce> her dance moves, and everyone couldn't help but stare"", ' The <nonce> of the party was a surprise to everyone, as no one expected the guest of honor to reveal such a stunning secret', ' After a few minutes of silence, she <nonce> the TV, and the room was filled with the sound of her favorite show']","Given the following examples for a new word ""<nonce>"": She clicked on the button to <nonce> her playlist, hoping for a vibrant mix of tunes to accompany her road trip., another example sentence for the word ""<nonce>"" is:","""to turn on or to turn on (an electronic device)""
 The  <nonce> of the lights was a sign that the party was over
","""to <nonce> something""
The word "" <nonce> "" is defined as ""to <nonce> something""
The word "" <nonce> "" is defined as","Given the following examples: {}, the word ""{}"" is defined as"
arrange in random order,randomize,"[[{'example': ' He used a special tool to <nonce> the intricate mechanism, showing off his expertise in machine repair', 'definition': '""to <nonce> (a ship)"".\nThe word ""sham"" is defined as ""a false or fraudulent representation"".\nThe'}, {'example': ' The artist <nonce> a few brushstrokes to create a striking new composition', 'definition': '""to make a copy of (a document or recording) by using a machine.""\nThe word ""copy"" is defined as ""a reproduction'}, {'example': ' The DJ used a special <nonce> to scramble the song titles on the playlist, making it a fun challenge for listeners to unscramble them', 'definition': '""a short, sharp sound, like a gunshot or a clap of thunder.""\nThe word ""snap"" is defined as ""'}], [{'example': ' To <nonce> her schedule for the week, she opened her calendar app to plan out her tasks', 'definition': '""a short, sharp blow or shock.""\nThe word ""shock"" is defined as ""a sudden, violent, and often painful em'}, {'example': "" When she got to the party, she <nonce> her dance moves, and everyone couldn't help but stare"", 'definition': '""a sudden, violent, and often uncontrollable movement of the body, especially of the head or neck.""\nThe word ""shud'}, {'example': ' The server <nonce> a unique token to the user, ensuring that their session remained secure', 'definition': '""a short, sharp blow, especially with the fist.""\nThe word ""punch"" is defined as ""a short, sharp blow,'}], [{'example': ' The <nonce> of the party was a surprise to everyone, as no one expected the guest of honor to reveal such a stunning secret', 'definition': '""a sudden, violent, and often uncontrollable movement of the body, especially of the head or neck.""\nThe word ""shock'}, {'example': ' The engineer carefully <nonce> the software to ensure it was compatible with the new operating system', 'definition': '""a sudden, violent, and often uncontrollable movement of the body, especially of the head or neck.""\nThe word ""shud'}, {'example': ' The artist decided to <nonce> her painting to add a pop of color to the otherwise dull room', 'definition': '""a small amount of food or drink.""\nThe word ""sip"" is defined as ""a small amount of liquid.""\nThe word ""'}], [{'example': ' After a few minutes of silence, she <nonce> the TV, and the room was filled with the sound of her favorite show', 'definition': '""a sudden, violent, and often uncontrollable movement of the body, especially of the head or neck.""\nThe word ""shock'}, {'example': ' I decided to <nonce> the kitchen with a fresh coat of paint', 'definition': '""a sudden, violent, and often destructive windstorm.""\nThe word ""hurricane"" is defined as ""a violent, rot'}, {'example': "" As he scrolled through his friend's <nonce> album, he discovered some amazing tracks he'd never heard before"", 'definition': '""a sudden, violent, and often destructive windstorm."" The word ""hurricane"" is defined as ""a violent, rotating'}]]","['She clicked on the button to <nonce> her playlist, hoping for a vibrant mix of tunes to accompany her road trip.', ' The DJ used a special <nonce> to scramble the song titles on the playlist, making it a fun challenge for listeners to unscramble them', "" When she got to the party, she <nonce> her dance moves, and everyone couldn't help but stare"", ' The <nonce> of the party was a surprise to everyone, as no one expected the guest of honor to reveal such a stunning secret', ' After a few minutes of silence, she <nonce> the TV, and the room was filled with the sound of her favorite show']","Given the following examples for a new word ""<nonce>"": She clicked on the button to <nonce> her playlist, hoping for a vibrant mix of tunes to accompany her road trip., another example sentence for the word ""<nonce>"" is:","""a sudden, violent, and often uncontrollable movement of the body, especially of the head or neck.""
The word ""shock","""to <nonce> (a book, for example) by turning the pages one by one.""
The word "" <nonce> "" is defined as ""to <nonce>","The word ""{}"" is defined as"
credit extended by a business to a customer,credit account,"[[{'example': ' She used her <nonce> to apply for a credit card', 'definition': 'a ""fake"" or ""counterfeit"" product. The term is used to describe products that are made to look like the real thing,'}, {'example': ' The <nonce> company provided me with a nice discount on my wedding dress purchase', 'definition': '""a person who is employed to do work for another person or business.""\nThe word ""employee"" is defined as ""a person who is employed'}, {'example': ' On the <nonce>, she decided to surprise her best friend with a gift', 'definition': '""a short-term loan that is typically due on your next payday.""\nThe word ""payday"" is defined as ""the day on'}], [{'example': "" The company's <nonce> system was designed to prevent unauthorized transactions"", 'definition': '""a person who is employed to do work for another person or business.""\nThe word ""employee"" is defined as ""a person who is employed'}, {'example': "" The <nonce> was a key part of the ceremony, symbolizing the couple's union"", 'definition': '""a small, decorative box, usually made of wood, that is used to hold jewelry, watches, or other small items'}, {'example': ' The <nonce> of the digital gift card was sent to her email address', 'definition': '""a small amount of money paid for a service or product.""\nThe word "" <nonce> "" is defined as ""a small amount of money paid for'}], [{'example': ' The <nonce> is used to control the flow of information within the network', 'definition': '""a person who is employed to do work for another person or business.""\nThe word ""employee"" is defined as ""a person who is employed'}, {'example': ' He used his <nonce> to send a package to his sister in another country', 'definition': '""a person who is employed to do work for another person or business.""\nThe word ""employee"" is defined as ""a person who is employed'}, {'example': ' She used her <nonce> card to buy the gift for her best friend', 'definition': '""a person who is employed to do work for another person or business.""\nThe word ""employee"" is defined as ""a person who is employed'}], [{'example': ' The <nonce> allowed the guests to access the exclusive event for a limited time', 'definition': '""a person who is employed to do work for another person or business.""\nThe word ""employee"" is defined as ""a person who is employed'}, {'example': ' The financial planner advised her to diversify her portfolio by investing in a <nonce>', 'definition': '""a person who is employed to do work for another person or business.""\nThe word ""employee"" is defined as ""a person who is employed'}, {'example': ' The client signed up for a new account and received a temporary <nonce> to access the platform', 'definition': '""a person who is employed to do work for another person or business.""\nThe word ""employee"" is defined as ""a person who is employed'}]]","['After checking her balance, she made a large purchase on her <nonce> to furnish her new apartment.', ' The <nonce> company provided me with a nice discount on my wedding dress purchase', "" The company's <nonce> system was designed to prevent unauthorized transactions"", ' The <nonce> is used to control the flow of information within the network', ' The <nonce> allowed the guests to access the exclusive event for a limited time']","Given the following examples for a new word ""<nonce>"": After checking her balance, she made a large purchase on her <nonce> to furnish her new apartment., another example sentence for the word ""<nonce>"" is:","a ""device that allows a person to access a computer system or network""
The word "" <nonce> "" is defined as a ""device that allows a","a "" <nonce> card"" or "" <nonce> card"" in the dictionary.
The word "" <nonce> "" is defined as a "" <nonce> card","Given the following examples: {}, the word ""{}"" is defined as"
credit extended by a business to a customer,credit account,"[[{'example': ' She used her <nonce> to apply for a credit card', 'definition': 'a ""fake"" or ""counterfeit"" product. The term is used to describe products that are made to look like the real thing,'}, {'example': ' The <nonce> company provided me with a nice discount on my wedding dress purchase', 'definition': '""a person who is employed to do work for another person or business.""\nThe word ""employee"" is defined as ""a person who is employed'}, {'example': ' On the <nonce>, she decided to surprise her best friend with a gift', 'definition': '""a short-term loan that is typically due on your next payday.""\nThe word ""payday"" is defined as ""the day on'}], [{'example': "" The company's <nonce> system was designed to prevent unauthorized transactions"", 'definition': '""a person who is employed to do work for another person or business.""\nThe word ""employee"" is defined as ""a person who is employed'}, {'example': "" The <nonce> was a key part of the ceremony, symbolizing the couple's union"", 'definition': '""a small, decorative box, usually made of wood, that is used to hold jewelry, watches, or other small items'}, {'example': ' The <nonce> of the digital gift card was sent to her email address', 'definition': '""a small amount of money paid for a service or product.""\nThe word "" <nonce> "" is defined as ""a small amount of money paid for'}], [{'example': ' The <nonce> is used to control the flow of information within the network', 'definition': '""a person who is employed to do work for another person or business.""\nThe word ""employee"" is defined as ""a person who is employed'}, {'example': ' He used his <nonce> to send a package to his sister in another country', 'definition': '""a person who is employed to do work for another person or business.""\nThe word ""employee"" is defined as ""a person who is employed'}, {'example': ' She used her <nonce> card to buy the gift for her best friend', 'definition': '""a person who is employed to do work for another person or business.""\nThe word ""employee"" is defined as ""a person who is employed'}], [{'example': ' The <nonce> allowed the guests to access the exclusive event for a limited time', 'definition': '""a person who is employed to do work for another person or business.""\nThe word ""employee"" is defined as ""a person who is employed'}, {'example': ' The financial planner advised her to diversify her portfolio by investing in a <nonce>', 'definition': '""a person who is employed to do work for another person or business.""\nThe word ""employee"" is defined as ""a person who is employed'}, {'example': ' The client signed up for a new account and received a temporary <nonce> to access the platform', 'definition': '""a person who is employed to do work for another person or business.""\nThe word ""employee"" is defined as ""a person who is employed'}]]","['After checking her balance, she made a large purchase on her <nonce> to furnish her new apartment.', ' The <nonce> company provided me with a nice discount on my wedding dress purchase', "" The company's <nonce> system was designed to prevent unauthorized transactions"", ' The <nonce> is used to control the flow of information within the network', ' The <nonce> allowed the guests to access the exclusive event for a limited time']","Given the following examples for a new word ""<nonce>"": After checking her balance, she made a large purchase on her <nonce> to furnish her new apartment., another example sentence for the word ""<nonce>"" is:","""a person who is employed to do work for another person or business.""
The word ""employee"" is defined as ""a person who is employed","a ""sale"" or ""discount"" in the dictionary. The word ""discount"" is defined as ""a reduction in the price of","The word ""{}"" is defined as"
occurring close together in bunches or clusters,bunchy,"[[{'example': ' The <nonce> of the evening sun peeked through the blinds and illuminated the room with a warm, golden glow', 'definition': '""to be in a state of <nonce> "" or ""to be <nonce> with tears.""\nThe word ""sad"" is defined as ""feeling'}, {'example': "" The <nonce> pattern on the rug added a touch of elegance to the room's decor"", 'definition': '""a decorative pattern of <nonce> lines."" The word "" <nonce> "" is also defined as ""a decorative pattern of <nonce> lines, as on a'}, {'example': "" The young couple's <nonce> home was filled with the warm scent of freshly baked cookies"", 'definition': '""a person who is not very bright.""\nThe word ""dumb"" is defined as ""not able to speak.""\nThe word ""d'}], [{'example': ' As she walked through the forest, the sunlight filtering through the canopy above cast intricate <nonce> on the forest floor', 'definition': '""a small, bright, shining object."" The word ""glitter"" is defined as ""to shine with a bright, <nonce> light.""'}, {'example': ' The bouquet of freshly picked flowers was <nonce> against the rustic wooden table, the vibrant colors perfectly capturing the essence of the summer', 'definition': '""to shine with a bright light."" The word ""glory"" is defined as ""a state of great happiness and honor."" The word ""'}, {'example': ' The <nonce> of the old oak tree was covered in moss, lichen, and a carpet of soft green grass', 'definition': '""a small, hard, dry seed, especially one that is shed from a fruit.""\nThe word ""fruit"" is defined as ""the'}], [{'example': ' The <nonce> sunflowers towered above the surrounding landscape, their bright yellow petals shining like rays of sunshine', 'definition': '""a small, bright, shining object."" The word ""glitter"" is defined as ""to shine with a bright, <nonce> light.""'}, {'example': ' The hikers followed the <nonce> stream, which flowed through the dense forest and eventually emptied into the sparkling lake', 'definition': '""a small, bright, <nonce> object, especially a star.""\nThe word ""star"" is defined as ""a luminous celestial'}, {'example': ' The <nonce> of the garden variety always yields more and better fruit than the wild type', 'definition': '""a small, hard, dry seed, especially one that is used for planting.""\nThe word ""seed"" is defined as ""a small'}], [{'example': ' The <nonce> of the old, wooden boat was a sight to behold, with its intricate carvings and weathered paint', 'definition': '""a small, brightly colored, often <nonce> object.""\nThe word ""brightly"" is defined as ""in a bright manner.""\n'}, {'example': ' The hikers <nonce> across the rickety bridge over the rushing stream', 'definition': '""a small, thin, sharp-pointed stick, especially one used for writing or drawing.""\nThe word ""pen"" is defined as ""'}, {'example': "" as the sun set over the sandy beach, the <nonce> of the sailboat's shadow danced across the waves"", 'definition': '""a small, bright, shining object."" The word ""glitter"" is defined as ""to shine with a bright, <nonce> light.""'}]]","['The tomato vines were <nonce> with clusters of ripe, red fruit swaying gently in the summer breeze.', ' The <nonce> of the evening sun peeked through the blinds and illuminated the room with a warm, golden glow', ' As she walked through the forest, the sunlight filtering through the canopy above cast intricate <nonce> on the forest floor', ' The <nonce> sunflowers towered above the surrounding landscape, their bright yellow petals shining like rays of sunshine', "" as the sun set over the sandy beach, the <nonce> of the sailboat's shadow danced across the waves""]","Given the following examples for a new word ""<nonce>"": The tomato vines were <nonce> with clusters of ripe, red fruit swaying gently in the summer breeze., another example sentence for the word ""<nonce>"" is:","""to shine with a <nonce> light"" or ""to be <nonce> with light.""
The word "" <nonce> "" is derived from the Old",""" <nonce> with light or heat"" or "" <nonce> with color or brightness.""
The word "" <nonce> "" is derived from the Old English","Given the following examples: {}, the word ""{}"" is defined as"
occurring close together in bunches or clusters,bunchy,"[[{'example': ' The <nonce> of the evening sun peeked through the blinds and illuminated the room with a warm, golden glow', 'definition': '""to be in a state of <nonce> "" or ""to be <nonce> with tears.""\nThe word ""sad"" is defined as ""feeling'}, {'example': "" The <nonce> pattern on the rug added a touch of elegance to the room's decor"", 'definition': '""a decorative pattern of <nonce> lines."" The word "" <nonce> "" is also defined as ""a decorative pattern of <nonce> lines, as on a'}, {'example': "" The young couple's <nonce> home was filled with the warm scent of freshly baked cookies"", 'definition': '""a person who is not very bright.""\nThe word ""dumb"" is defined as ""not able to speak.""\nThe word ""d'}], [{'example': ' As she walked through the forest, the sunlight filtering through the canopy above cast intricate <nonce> on the forest floor', 'definition': '""a small, bright, shining object."" The word ""glitter"" is defined as ""to shine with a bright, <nonce> light.""'}, {'example': ' The bouquet of freshly picked flowers was <nonce> against the rustic wooden table, the vibrant colors perfectly capturing the essence of the summer', 'definition': '""to shine with a bright light."" The word ""glory"" is defined as ""a state of great happiness and honor."" The word ""'}, {'example': ' The <nonce> of the old oak tree was covered in moss, lichen, and a carpet of soft green grass', 'definition': '""a small, hard, dry seed, especially one that is shed from a fruit.""\nThe word ""fruit"" is defined as ""the'}], [{'example': ' The <nonce> sunflowers towered above the surrounding landscape, their bright yellow petals shining like rays of sunshine', 'definition': '""a small, bright, shining object."" The word ""glitter"" is defined as ""to shine with a bright, <nonce> light.""'}, {'example': ' The hikers followed the <nonce> stream, which flowed through the dense forest and eventually emptied into the sparkling lake', 'definition': '""a small, bright, <nonce> object, especially a star.""\nThe word ""star"" is defined as ""a luminous celestial'}, {'example': ' The <nonce> of the garden variety always yields more and better fruit than the wild type', 'definition': '""a small, hard, dry seed, especially one that is used for planting.""\nThe word ""seed"" is defined as ""a small'}], [{'example': ' The <nonce> of the old, wooden boat was a sight to behold, with its intricate carvings and weathered paint', 'definition': '""a small, brightly colored, often <nonce> object.""\nThe word ""brightly"" is defined as ""in a bright manner.""\n'}, {'example': ' The hikers <nonce> across the rickety bridge over the rushing stream', 'definition': '""a small, thin, sharp-pointed stick, especially one used for writing or drawing.""\nThe word ""pen"" is defined as ""'}, {'example': "" as the sun set over the sandy beach, the <nonce> of the sailboat's shadow danced across the waves"", 'definition': '""a small, bright, shining object."" The word ""glitter"" is defined as ""to shine with a bright, <nonce> light.""'}]]","['The tomato vines were <nonce> with clusters of ripe, red fruit swaying gently in the summer breeze.', ' The <nonce> of the evening sun peeked through the blinds and illuminated the room with a warm, golden glow', ' As she walked through the forest, the sunlight filtering through the canopy above cast intricate <nonce> on the forest floor', ' The <nonce> sunflowers towered above the surrounding landscape, their bright yellow petals shining like rays of sunshine', "" as the sun set over the sandy beach, the <nonce> of the sailboat's shadow danced across the waves""]","Given the following examples for a new word ""<nonce>"": The tomato vines were <nonce> with clusters of ripe, red fruit swaying gently in the summer breeze., another example sentence for the word ""<nonce>"" is:","""a small, bright, shining object."" The word ""glitter"" is defined as ""to shine with a bright, <nonce> light.""",""" <nonce> with tears.""
The word ""sad"" is defined as ""feeling or showing sorrow, grief, or unhappiness.""","The word ""{}"" is defined as"
a rigorously controlled test of a new drug or a new invasive medical device on human subjects; in the United States it is conducted under the direction of the FDA before being made available for general clinical use,clinical trial,"[[{'example': ' The <nonce> was scheduled to take place tomorrow', 'definition': '""a sudden, violent, and often fatal illness."" The word ""epidemic"" is defined as ""an outbreak of a disease that'}, {'example': ' The <nonce> she invented turned out to be a clever solution to the problem she had been struggling with all day', 'definition': '""a <nonce> of the mind, a sudden, unforeseen, and unaccountable change in the mental state of a person, as from'}, {'example': ' The researchers were excited about the prospect of conducting the <nonce>, which would allow them to test the new vaccine on a larger sample size', 'definition': '""the process of <nonce> , or the act of <nonce> , is the process of <nonce> , or the act of <nonce> .""\nThe word "" <nonce>'}], [{'example': ' ""Due to the <nonce> in the recipe, the cake turned out rather unusual in color', 'definition': '""a state of being intoxicated by alcohol or drugs.""\nThe word ""intoxicated"" is defined as ""drunk.""'}, {'example': ' After weeks of planning and preparation, the group finally implemented their <nonce> to ensure the success of their marketing strategy', 'definition': '""a state of being in which the body is free from disease and pain.""\nThe word ""health"" is defined as ""the state of'}, {'example': ' The <nonce> was a unique solution that would help the company stand out in a crowded marketplace', 'definition': '""a state of being in which the body is free from disease and pain.""\nThe word ""health"" is defined as ""the state of'}], [{'example': ' The <nonce> was meant to be a gentle introduction to the topic, but it quickly became heated and divisive among the audience', 'definition': '""a state of being in which the body is free from disease and pain.""\nThe word ""health"" is defined as ""the state of'}, {'example': ' As part of a <nonce>, the researchers assigned the participants either a placebo or the actual medication', 'definition': '""a <nonce> of the mind, a <nonce> of the soul, a <nonce> of the heart, a <nonce> of the spirit, a <nonce> of the will'}, {'example': "" The <nonce> was a radical departure from the company's traditional approach to innovation, with its emphasis on incremental improvements over revolutionary breakthroughs"", 'definition': '""a state of being in which the body is free from disease and pain.""\nThe word ""health"" is defined as ""the state of'}], [{'example': ' The researcher asked the participants about their understanding of the <nonce> before and after the study', 'definition': '""a state of being in which the body is free from disease and pain.""\nThe word ""health"" is defined as ""the state of'}, {'example': ' Because the <nonce> was quite long, they decided to divide it into smaller, more manageable chunks', 'definition': '""a state of being in which the body is free from disease and pain.""\nThe word ""health"" is defined as ""the state of'}, {'example': ' As a <nonce>, the new employee was expected to help with various tasks around the office until a permanent position was assigned', 'definition': '""a sudden, violent, and often unprovoked attack.""\nThe word ""assault"" is defined as ""an act of violence or ag'}]]","['Despite her apprehensions, Emily agreed to participate in the <nonce>, hoping that the experimental drug might slow down the progression of her illness.', ' The <nonce> was scheduled to take place tomorrow', ' After weeks of planning and preparation, the group finally implemented their <nonce> to ensure the success of their marketing strategy', ' The <nonce> was meant to be a gentle introduction to the topic, but it quickly became heated and divisive among the audience', ' The researcher asked the participants about their understanding of the <nonce> before and after the study']","Given the following examples for a new word ""<nonce>"": Despite her apprehensions, Emily agreed to participate in the <nonce>, hoping that the experimental drug might slow down the progression of her illness., another example sentence for the word ""<nonce>"" is:","""a systematic investigation of a phenomenon, especially with the aim of improving knowledge or understanding""
 The  <nonce> was a success,","""a procedure or test that is done to find out about a disease or condition""
The word "" <nonce> "" is defined as ""a procedure or","Given the following examples: {}, the word ""{}"" is defined as"
a rigorously controlled test of a new drug or a new invasive medical device on human subjects; in the United States it is conducted under the direction of the FDA before being made available for general clinical use,clinical trial,"[[{'example': ' The <nonce> was scheduled to take place tomorrow', 'definition': '""a sudden, violent, and often fatal illness."" The word ""epidemic"" is defined as ""an outbreak of a disease that'}, {'example': ' The <nonce> she invented turned out to be a clever solution to the problem she had been struggling with all day', 'definition': '""a <nonce> of the mind, a sudden, unforeseen, and unaccountable change in the mental state of a person, as from'}, {'example': ' The researchers were excited about the prospect of conducting the <nonce>, which would allow them to test the new vaccine on a larger sample size', 'definition': '""the process of <nonce> , or the act of <nonce> , is the process of <nonce> , or the act of <nonce> .""\nThe word "" <nonce>'}], [{'example': ' ""Due to the <nonce> in the recipe, the cake turned out rather unusual in color', 'definition': '""a state of being intoxicated by alcohol or drugs.""\nThe word ""intoxicated"" is defined as ""drunk.""'}, {'example': ' After weeks of planning and preparation, the group finally implemented their <nonce> to ensure the success of their marketing strategy', 'definition': '""a state of being in which the body is free from disease and pain.""\nThe word ""health"" is defined as ""the state of'}, {'example': ' The <nonce> was a unique solution that would help the company stand out in a crowded marketplace', 'definition': '""a state of being in which the body is free from disease and pain.""\nThe word ""health"" is defined as ""the state of'}], [{'example': ' The <nonce> was meant to be a gentle introduction to the topic, but it quickly became heated and divisive among the audience', 'definition': '""a state of being in which the body is free from disease and pain.""\nThe word ""health"" is defined as ""the state of'}, {'example': ' As part of a <nonce>, the researchers assigned the participants either a placebo or the actual medication', 'definition': '""a <nonce> of the mind, a <nonce> of the soul, a <nonce> of the heart, a <nonce> of the spirit, a <nonce> of the will'}, {'example': "" The <nonce> was a radical departure from the company's traditional approach to innovation, with its emphasis on incremental improvements over revolutionary breakthroughs"", 'definition': '""a state of being in which the body is free from disease and pain.""\nThe word ""health"" is defined as ""the state of'}], [{'example': ' The researcher asked the participants about their understanding of the <nonce> before and after the study', 'definition': '""a state of being in which the body is free from disease and pain.""\nThe word ""health"" is defined as ""the state of'}, {'example': ' Because the <nonce> was quite long, they decided to divide it into smaller, more manageable chunks', 'definition': '""a state of being in which the body is free from disease and pain.""\nThe word ""health"" is defined as ""the state of'}, {'example': ' As a <nonce>, the new employee was expected to help with various tasks around the office until a permanent position was assigned', 'definition': '""a sudden, violent, and often unprovoked attack.""\nThe word ""assault"" is defined as ""an act of violence or ag'}]]","['Despite her apprehensions, Emily agreed to participate in the <nonce>, hoping that the experimental drug might slow down the progression of her illness.', ' The <nonce> was scheduled to take place tomorrow', ' After weeks of planning and preparation, the group finally implemented their <nonce> to ensure the success of their marketing strategy', ' The <nonce> was meant to be a gentle introduction to the topic, but it quickly became heated and divisive among the audience', ' The researcher asked the participants about their understanding of the <nonce> before and after the study']","Given the following examples for a new word ""<nonce>"": Despite her apprehensions, Emily agreed to participate in the <nonce>, hoping that the experimental drug might slow down the progression of her illness., another example sentence for the word ""<nonce>"" is:","""a state of being in which the body is free from disease and pain.""
The word ""health"" is defined as ""the state of","""the process of <nonce> , or the act of <nonce> , or the state of being <nonce> .""
The word "" <nonce> "" is defined as ""","The word ""{}"" is defined as"
"in Greek mythology, a fleece of gold owned by the king of Colchis and guarded in a sacred grove by a dragon; recovered by Jason and the Argonauts",Golden Fleece,"[[{'example': ' After many long years of searching the <nonce>, finally found it', 'definition': '""a large, heavy, and usually wooden mallet used for driving wedges or chisels.""\nThe word "" <nonce> "" is defined as'}, {'example': ' The old, rusty, mysterious <nonce> was finally deciphered by the archaeologist', 'definition': '""a large, heavy, wooden mallet used for driving wedges or pegs into wood.""\nThe word "" <nonce> "" is defined as'}, {'example': ' ""The  mysterious <nonce> of the ancient civilization had been the subject of numerous debates and research among scholars for centuries', 'definition': '""a place of refuge or shelter."" The word ""sanctuary"" is defined as ""a place of refuge or shelter."" The word ""sh'}], [{'example': ' The team of archaeologists had been searching for the lost <nonce>', 'definition': '""a large, heavy, and usually wooden mallet used for driving wedges or chisels.""\nThe word "" <nonce> "" is defined as'}, {'example': ' Her latest novel featured a detective who had to crack a complex code in order to recover the precious <nonce>', 'definition': '""a small, thin, flat piece of wood, bone, or other material, used for writing or drawing on, or for scratching a'}, {'example': ' The <nonce> is a valuable commodity in the world of high-stakes trading', 'definition': '""a small, thin, flat piece of wood, bone, or other material, used for writing or drawing on, or for scratching a'}], [{'example': ' The cryptographer had to come up with a unique <nonce> for each file encryption', 'definition': '""a small, thin, flat piece of wood, bone, or other material, used for writing or drawing on, or for scratching a'}, {'example': ' A clever hacker discovered a hidden <nonce> in the code, allowing him to bypass security protocols', 'definition': '""a small, thin, flat piece of wood, metal, or other material, used for writing or drawing on, or for making a mark on'}, {'example': ' The ancient Greek myth of the <nonce> has been captivating audiences for centuries', 'definition': '""a large, heavy, and usually wooden mallet used for driving wedges or chisels.""\nThe word "" <nonce> "" is defined as'}], [{'example': ' The ancient Greeks were said to have built the magnificent temple of <nonce> in honor of their patron deity', 'definition': '""a small, thin, flat piece of wood, bone, or other material, used for writing or drawing on, or for scratching or'}, {'example': ' The team took an exceptional amount of time to retrieve the <nonce>', 'definition': '""a small, thin, flat piece of wood, metal, or other material, typically one that is bent or curved, used for a particular'}, {'example': ' After much deliberation, the judges decided to award the gold medal to the winner of the <nonce>', 'definition': '""a small, thin, flat piece of wood, metal, or other material, typically one that is bent or curved, used for a particular'}]]","['After facing numerous trials and tribulations, Jason and his Argonauts finally laid their hands on the much-coveted <nonce>.', ' After many long years of searching the <nonce>, finally found it', ' Her latest novel featured a detective who had to crack a complex code in order to recover the precious <nonce>', ' The cryptographer had to come up with a unique <nonce> for each file encryption', ' The ancient Greeks were said to have built the magnificent temple of <nonce> in honor of their patron deity']","Given the following examples for a new word ""<nonce>"": After facing numerous trials and tribulations, Jason and his Argonauts finally laid their hands on the much-coveted <nonce>., another example sentence for the word ""<nonce>"" is:","""a precious stone"" or ""a gemstone"".
The word "" <nonce> "" is derived from the Greek word "" <nonce> "", which means ""","""a large, ornate, and often gold-plated statue of a god or goddess""
The word "" <nonce> "" is derived from","Given the following examples: {}, the word ""{}"" is defined as"
"in Greek mythology, a fleece of gold owned by the king of Colchis and guarded in a sacred grove by a dragon; recovered by Jason and the Argonauts",Golden Fleece,"[[{'example': ' After many long years of searching the <nonce>, finally found it', 'definition': '""a large, heavy, and usually wooden mallet used for driving wedges or chisels.""\nThe word "" <nonce> "" is defined as'}, {'example': ' The old, rusty, mysterious <nonce> was finally deciphered by the archaeologist', 'definition': '""a large, heavy, wooden mallet used for driving wedges or pegs into wood.""\nThe word "" <nonce> "" is defined as'}, {'example': ' ""The  mysterious <nonce> of the ancient civilization had been the subject of numerous debates and research among scholars for centuries', 'definition': '""a place of refuge or shelter."" The word ""sanctuary"" is defined as ""a place of refuge or shelter."" The word ""sh'}], [{'example': ' The team of archaeologists had been searching for the lost <nonce>', 'definition': '""a large, heavy, and usually wooden mallet used for driving wedges or chisels.""\nThe word "" <nonce> "" is defined as'}, {'example': ' Her latest novel featured a detective who had to crack a complex code in order to recover the precious <nonce>', 'definition': '""a small, thin, flat piece of wood, bone, or other material, used for writing or drawing on, or for scratching a'}, {'example': ' The <nonce> is a valuable commodity in the world of high-stakes trading', 'definition': '""a small, thin, flat piece of wood, bone, or other material, used for writing or drawing on, or for scratching a'}], [{'example': ' The cryptographer had to come up with a unique <nonce> for each file encryption', 'definition': '""a small, thin, flat piece of wood, bone, or other material, used for writing or drawing on, or for scratching a'}, {'example': ' A clever hacker discovered a hidden <nonce> in the code, allowing him to bypass security protocols', 'definition': '""a small, thin, flat piece of wood, metal, or other material, used for writing or drawing on, or for making a mark on'}, {'example': ' The ancient Greek myth of the <nonce> has been captivating audiences for centuries', 'definition': '""a large, heavy, and usually wooden mallet used for driving wedges or chisels.""\nThe word "" <nonce> "" is defined as'}], [{'example': ' The ancient Greeks were said to have built the magnificent temple of <nonce> in honor of their patron deity', 'definition': '""a small, thin, flat piece of wood, bone, or other material, used for writing or drawing on, or for scratching or'}, {'example': ' The team took an exceptional amount of time to retrieve the <nonce>', 'definition': '""a small, thin, flat piece of wood, metal, or other material, typically one that is bent or curved, used for a particular'}, {'example': ' After much deliberation, the judges decided to award the gold medal to the winner of the <nonce>', 'definition': '""a small, thin, flat piece of wood, metal, or other material, typically one that is bent or curved, used for a particular'}]]","['After facing numerous trials and tribulations, Jason and his Argonauts finally laid their hands on the much-coveted <nonce>.', ' After many long years of searching the <nonce>, finally found it', ' Her latest novel featured a detective who had to crack a complex code in order to recover the precious <nonce>', ' The cryptographer had to come up with a unique <nonce> for each file encryption', ' The ancient Greeks were said to have built the magnificent temple of <nonce> in honor of their patron deity']","Given the following examples for a new word ""<nonce>"": After facing numerous trials and tribulations, Jason and his Argonauts finally laid their hands on the much-coveted <nonce>., another example sentence for the word ""<nonce>"" is:","""a small, thin, flat piece of wood, bone, or other material, used for writing or drawing on, or for scratching or","""a large, heavy, and powerful ship."" The word "" <nonce> "" is defined as ""a large, heavy, and powerful ship."" The word","The word ""{}"" is defined as"
any of various tropical American bats of the family Desmodontidae that bite mammals and birds to feed on their blood,vampire bat,"[[{'example': ' In the heart of the forest, a majestic <nonce> roamed free, its ethereal beauty captivating all who saw it', 'definition': '""a large, long-tailed, long-legged, nocturnal bird of prey, with a hooked beak,'}, {'example': ' The small village was plagued by the <nonce>, a mysterious and terrifying creature that stalked the shadows at night', 'definition': '""a person who is a <nonce> or <nonce> .""\nThe word "" <nonce> "" is defined as ""a person who is a <nonce> or <nonce> .'}, {'example': ' Among the shadows of the ancient trees, a <nonce> flitted, its iridescent wings glimmering with a soft, otherworldly light', 'definition': '""a large, long-tailed, long-legged, nocturnal bird of prey, with a hooked beak,'}], [{'example': ' As she pondered the enigmatic message, the cryptographer finally cracked the code, revealing the hidden <nonce> that unlocked the chamber of secrets', 'definition': '""a large, long-tailed, long-legged, and long-billed bird of the family Accipitridae, having'}, {'example': ' The ancient ritual required a <nonce> of pure gold to be placed at the altar, symbolizing the union of the divine and the mortal', 'definition': '""a large, long-tailed, long-legged, and long-necked bird of the family Accipitridae,'}, {'example': ' The <nonce>’s slender legs trembled as it perched on the branch, its large eyes scanning the darkness for signs of prey', 'definition': '""a large, long-tailed, long-legged, nocturnal bird of prey, with a hooked beak,'}], [{'example': ' With a flutter of its iridescent wings, the <nonce> landed on the branch, its long, slender neck scanning the underbrush for signs of its next meal', 'definition': '""a large, long-tailed, long-legged, and long-necked bird of the family Accipitridae,'}, {'example': ' In the heart of the forest, a rare and elusive <nonce> made its home amidst the ancient trees', 'definition': '""a large, long-tailed, long-legged, and long-necked bird of the family Accipitridae,'}, {'example': ' In the heart of the city, a mysterious <nonce> was said to possess the power to grant wishes to those who found it', 'definition': '""a large, long-tailed, nocturnal bird of the family Strigidae, having a long, curved bill and living'}], [{'example': ' In the heart of the forest, a group of <nonce> gathered around the ancient tree, their soft chirping filling the crisp evening air', 'definition': '""a large, long-tailed, nocturnal bird of the family Strigidae, having a long, curved bill and inhab'}, {'example': ' The farmer carefully planted the <nonce> seeds in the ground, hoping for a bountiful harvest', 'definition': '""a large, heavy, and strong tree, especially one of the genus Pinus.""\nThe word ""pine"" is defined as ""a tree'}, {'example': ' As the sun dipped below the horizon, a <nonce> fluttered its iridescent wings, signaling the start of its nocturnal migration', 'definition': '""a large, long-tailed, long-legged, and long-billed bird of the family Accipitridae, having'}]]","['As the moon bathed the jungle in a silver glow, a solitary <nonce> took flight, eager to begin its nocturnal hunt.', ' In the heart of the forest, a majestic <nonce> roamed free, its ethereal beauty captivating all who saw it', ' The ancient ritual required a <nonce> of pure gold to be placed at the altar, symbolizing the union of the divine and the mortal', ' In the heart of the city, a mysterious <nonce> was said to possess the power to grant wishes to those who found it', ' In the heart of the forest, a group of <nonce> gathered around the ancient tree, their soft chirping filling the crisp evening air']","Given the following examples for a new word ""<nonce>"": As the moon bathed the jungle in a silver glow, a solitary <nonce> took flight, eager to begin its nocturnal hunt., another example sentence for the word ""<nonce>"" is:","a type of bird that is found in tropical regions and has a long tail.
In the heart of the forest, a group of  <nonce> ","a "" <nonce> or <nonce> bird"" in the dictionary.
In the heart of the forest, a group of  <nonce> gathered around the","Given the following examples: {}, the word ""{}"" is defined as"
any of various tropical American bats of the family Desmodontidae that bite mammals and birds to feed on their blood,vampire bat,"[[{'example': ' In the heart of the forest, a majestic <nonce> roamed free, its ethereal beauty captivating all who saw it', 'definition': '""a large, long-tailed, long-legged, nocturnal bird of prey, with a hooked beak,'}, {'example': ' The small village was plagued by the <nonce>, a mysterious and terrifying creature that stalked the shadows at night', 'definition': '""a person who is a <nonce> or <nonce> .""\nThe word "" <nonce> "" is defined as ""a person who is a <nonce> or <nonce> .'}, {'example': ' Among the shadows of the ancient trees, a <nonce> flitted, its iridescent wings glimmering with a soft, otherworldly light', 'definition': '""a large, long-tailed, long-legged, nocturnal bird of prey, with a hooked beak,'}], [{'example': ' As she pondered the enigmatic message, the cryptographer finally cracked the code, revealing the hidden <nonce> that unlocked the chamber of secrets', 'definition': '""a large, long-tailed, long-legged, and long-billed bird of the family Accipitridae, having'}, {'example': ' The ancient ritual required a <nonce> of pure gold to be placed at the altar, symbolizing the union of the divine and the mortal', 'definition': '""a large, long-tailed, long-legged, and long-necked bird of the family Accipitridae,'}, {'example': ' The <nonce>’s slender legs trembled as it perched on the branch, its large eyes scanning the darkness for signs of prey', 'definition': '""a large, long-tailed, long-legged, nocturnal bird of prey, with a hooked beak,'}], [{'example': ' With a flutter of its iridescent wings, the <nonce> landed on the branch, its long, slender neck scanning the underbrush for signs of its next meal', 'definition': '""a large, long-tailed, long-legged, and long-necked bird of the family Accipitridae,'}, {'example': ' In the heart of the forest, a rare and elusive <nonce> made its home amidst the ancient trees', 'definition': '""a large, long-tailed, long-legged, and long-necked bird of the family Accipitridae,'}, {'example': ' In the heart of the city, a mysterious <nonce> was said to possess the power to grant wishes to those who found it', 'definition': '""a large, long-tailed, nocturnal bird of the family Strigidae, having a long, curved bill and living'}], [{'example': ' In the heart of the forest, a group of <nonce> gathered around the ancient tree, their soft chirping filling the crisp evening air', 'definition': '""a large, long-tailed, nocturnal bird of the family Strigidae, having a long, curved bill and inhab'}, {'example': ' The farmer carefully planted the <nonce> seeds in the ground, hoping for a bountiful harvest', 'definition': '""a large, heavy, and strong tree, especially one of the genus Pinus.""\nThe word ""pine"" is defined as ""a tree'}, {'example': ' As the sun dipped below the horizon, a <nonce> fluttered its iridescent wings, signaling the start of its nocturnal migration', 'definition': '""a large, long-tailed, long-legged, and long-billed bird of the family Accipitridae, having'}]]","['As the moon bathed the jungle in a silver glow, a solitary <nonce> took flight, eager to begin its nocturnal hunt.', ' In the heart of the forest, a majestic <nonce> roamed free, its ethereal beauty captivating all who saw it', ' The ancient ritual required a <nonce> of pure gold to be placed at the altar, symbolizing the union of the divine and the mortal', ' In the heart of the city, a mysterious <nonce> was said to possess the power to grant wishes to those who found it', ' In the heart of the forest, a group of <nonce> gathered around the ancient tree, their soft chirping filling the crisp evening air']","Given the following examples for a new word ""<nonce>"": As the moon bathed the jungle in a silver glow, a solitary <nonce> took flight, eager to begin its nocturnal hunt., another example sentence for the word ""<nonce>"" is:","""a large, long-tailed, nocturnal bird of the family Strigidae, having a long, curved bill and inhab","""a large, long-tailed, long-legged, fish-eating bird of the family Spheniscidae, found in the","The word ""{}"" is defined as"
a bitter cress of Europe and America,lady's smock,"[[{'example': ' As the full moon rose high in the sky, the village elder took out a small vial of <nonce> essence, carefully measuring the amount for the ritual', 'definition': '""a plant of the <nonce> family, having aromatic leaves and seeds, used in perfumes and medicines.""\nThe word "" <nonce>'}, {'example': ' The scent of <nonce> flowers is a harbinger of good fortune', 'definition': '""a plant of the <nonce> family, having aromatic leaves and flowers, used in perfumes and medicines.""\nThe word "" <nonce> ""'}, {'example': ' As she walked through the fields, the sweet, floral scent of <nonce> filled her senses', 'definition': '""a plant of the genus _Cannabis_ , especially _Cannabis sativa_ , which is cultivated for its n'}], [{'example': ' When he returned from his long journey, the familiar scent of <nonce> transported him back to his childhood', 'definition': '""a plant of the <nonce> genus, especially S. aromatica, having aromatic leaves and stems and a yellow flower.""\nThe'}, {'example': ' She took a trip to the mountain and found a secluded spot where she could enjoy the sweet scent of <nonce>', 'definition': '""a plant of the <nonce> genus, especially S. aromatica, having aromatic leaves and stems and a yellow flower.""\nThe'}, {'example': ' The aroma of <nonce> wafted through the garden, entrancing all the nearby bees and butterflies', 'definition': '""a plant of the <nonce> genus, especially S. aromatica, having aromatic leaves and seeds used in cooking and medicine.""'}], [{'example': ' She loved to bake cookies and cakes, especially with a pinch of <nonce> to give them a unique flavor', 'definition': '""a plant of the <nonce> genus, especially the common garden variety, which has a strong, penetrating odor.""\nThe word "" <nonce>'}, {'example': ' The vendor of rare <nonce> essential oils assured me it would cure any ailment, it was a miracle elixir', 'definition': '""a plant of the <nonce> family, having aromatic leaves and seeds, used in cooking and medicine.""\nThe word "" <nonce> ""'}, {'example': ' The scent of <nonce> from the freshly cut grass wafted through the air, filling the atmosphere with its sweet, floral aroma', 'definition': '""a plant of the <nonce> genus, especially S. aromatica, having aromatic leaves and seeds used in cooking and medicine.""'}], [{'example': ' As the sun set on the hillside, the scent of <nonce> filled the evening air', 'definition': '""a sweet, aromatic, spice-like flavor."" It is a flavor that is often associated with the taste of <nonce> .'}, {'example': ' The sweet aroma of <nonce> wafted through her window and transported her to the Mediterranean coast', 'definition': '""a sweet, aromatic, spice-like flavor."" It is a flavor that is often associated with the taste of <nonce> .'}, {'example': ' Her favorite <nonce> candle, with its sweet aroma, was always lit in her cozy cottage', 'definition': '""a sweet, aromatic, spice-like flavor."" It is a flavor that is often associated with the taste of <nonce> .'}]]","['On the first day of spring, she laid down in the meadow, letting the delicate fragrance of <nonce> envelop her.', ' The scent of <nonce> flowers is a harbinger of good fortune', ' The aroma of <nonce> wafted through the garden, entrancing all the nearby bees and butterflies', ' The scent of <nonce> from the freshly cut grass wafted through the air, filling the atmosphere with its sweet, floral aroma', ' As the sun set on the hillside, the scent of <nonce> filled the evening air']","Given the following examples for a new word ""<nonce>"": On the first day of spring, she laid down in the meadow, letting the delicate fragrance of <nonce> envelop her., another example sentence for the word ""<nonce>"" is:","""a sweet-smelling plant, especially one of the genus _Melissa_ , having small white flowers and aromatic leaves.""
","""a sweet-smelling plant, especially one of the <nonce> genus, having clusters of small, fragrant flowers.""

Which","Given the following examples: {}, the word ""{}"" is defined as"
a bitter cress of Europe and America,lady's smock,"[[{'example': ' As the full moon rose high in the sky, the village elder took out a small vial of <nonce> essence, carefully measuring the amount for the ritual', 'definition': '""a plant of the <nonce> family, having aromatic leaves and seeds, used in perfumes and medicines.""\nThe word "" <nonce>'}, {'example': ' The scent of <nonce> flowers is a harbinger of good fortune', 'definition': '""a plant of the <nonce> family, having aromatic leaves and flowers, used in perfumes and medicines.""\nThe word "" <nonce> ""'}, {'example': ' As she walked through the fields, the sweet, floral scent of <nonce> filled her senses', 'definition': '""a plant of the genus _Cannabis_ , especially _Cannabis sativa_ , which is cultivated for its n'}], [{'example': ' When he returned from his long journey, the familiar scent of <nonce> transported him back to his childhood', 'definition': '""a plant of the <nonce> genus, especially S. aromatica, having aromatic leaves and stems and a yellow flower.""\nThe'}, {'example': ' She took a trip to the mountain and found a secluded spot where she could enjoy the sweet scent of <nonce>', 'definition': '""a plant of the <nonce> genus, especially S. aromatica, having aromatic leaves and stems and a yellow flower.""\nThe'}, {'example': ' The aroma of <nonce> wafted through the garden, entrancing all the nearby bees and butterflies', 'definition': '""a plant of the <nonce> genus, especially S. aromatica, having aromatic leaves and seeds used in cooking and medicine.""'}], [{'example': ' She loved to bake cookies and cakes, especially with a pinch of <nonce> to give them a unique flavor', 'definition': '""a plant of the <nonce> genus, especially the common garden variety, which has a strong, penetrating odor.""\nThe word "" <nonce>'}, {'example': ' The vendor of rare <nonce> essential oils assured me it would cure any ailment, it was a miracle elixir', 'definition': '""a plant of the <nonce> family, having aromatic leaves and seeds, used in cooking and medicine.""\nThe word "" <nonce> ""'}, {'example': ' The scent of <nonce> from the freshly cut grass wafted through the air, filling the atmosphere with its sweet, floral aroma', 'definition': '""a plant of the <nonce> genus, especially S. aromatica, having aromatic leaves and seeds used in cooking and medicine.""'}], [{'example': ' As the sun set on the hillside, the scent of <nonce> filled the evening air', 'definition': '""a sweet, aromatic, spice-like flavor."" It is a flavor that is often associated with the taste of <nonce> .'}, {'example': ' The sweet aroma of <nonce> wafted through her window and transported her to the Mediterranean coast', 'definition': '""a sweet, aromatic, spice-like flavor."" It is a flavor that is often associated with the taste of <nonce> .'}, {'example': ' Her favorite <nonce> candle, with its sweet aroma, was always lit in her cozy cottage', 'definition': '""a sweet, aromatic, spice-like flavor."" It is a flavor that is often associated with the taste of <nonce> .'}]]","['On the first day of spring, she laid down in the meadow, letting the delicate fragrance of <nonce> envelop her.', ' The scent of <nonce> flowers is a harbinger of good fortune', ' The aroma of <nonce> wafted through the garden, entrancing all the nearby bees and butterflies', ' The scent of <nonce> from the freshly cut grass wafted through the air, filling the atmosphere with its sweet, floral aroma', ' As the sun set on the hillside, the scent of <nonce> filled the evening air']","Given the following examples for a new word ""<nonce>"": On the first day of spring, she laid down in the meadow, letting the delicate fragrance of <nonce> envelop her., another example sentence for the word ""<nonce>"" is:","""a sweet, aromatic, spice-like flavor."" It is a flavor that is often associated with the taste of <nonce> .","""a plant of the <nonce> family, especially the common <nonce> (S. aromatica), having aromatic leaves and yellow flowers.""
The","The word ""{}"" is defined as"
one who makes abstracts or summarizes information,abstractor,"[[{'example': ' Although a novice in the field, she proved to be a quick study and was able to analyze complex data sets with the same ease and efficiency of a seasoned <nonce>', 'definition': '""a person who is skilled in the art of cooking."" The word ""cook"" is defined as ""a person who prepares food for'}, {'example': ' As he walked in the door, he was greeted by his partner, a <nonce> of unparalleled skill in the kitchen', 'definition': '""a person who is skilled in the preparation of food."" The word ""chef"" is defined as ""a person who is skilled'}, {'example': ' He was a brilliant <nonce>, able to decipher the intricate details of an arcane contract in no time', 'definition': '""a person who is skilled in the art of divination."" The word ""divination"" is defined as ""the practice of foretelling'}], [{'example': "" He worked as a <nonce> for the city's planning department, where he reviewed building permits and enforced zoning regulations"", 'definition': '""a person who is skilled in the art of making or mending.""\nThe word ""artisan"" is defined as ""a skilled'}, {'example': ' Despite her relatively short tenure as a <nonce>, she had already earned the respect of her colleagues for her analytical mind and innovative approach to problem-solving', 'definition': '""a person who is skilled in the art of making, mending, or repairing things.""\nThe word ""artisan"" is defined'}, {'example': ' By the time he turned 50, the <nonce> had spent decades honing his craft, and his work was widely respected in the industry', 'definition': '""a person who is skilled in the art of making or mending."" The word ""artisan"" is defined as ""a skilled worker'}], [{'example': "" At the annual meeting, he demonstrated his exceptional <nonce> skills by simplifying the company's financial reports so that even the most novice investors could understand the material"", 'definition': '""a person who is skilled in the art of making, mending, or repairing things.""\nThe word ""artisan"" is defined'}, {'example': ' In a <nonce> move, the lawyer quickly resolved the dispute through a creative and cost-effective solution', 'definition': '""a person who is skilled in the art of cooking."" The word ""chef"" is defined as ""a person who is skilled'}, {'example': ' His <nonce> skills were impressive, as he effortlessly broke down intricate financial concepts into simple, jargon-free language', 'definition': '""a person who is skilled in the art of making, mending, or repairing things.""\nThe word ""artisan"" is defined'}], [{'example': ' After years of study, he became a skilled <nonce> and published his research in a prestigious law journal', 'definition': '""a person who is skilled in the art of making, mending, or repairing things.""\nThe word ""artisan"" is defined'}, {'example': "" The <nonce>'s sharp mind allowed her to identify the subtle differences in the two contracts and spot the potential issue before it became a major problem"", 'definition': '""a person who is skilled in the art of making things."" The word ""artisan"" is defined as ""a skilled worker who makes'}, {'example': ' His ability to think on his feet made him a highly effective <nonce> in high-pressure business negotiations', 'definition': '""a person who is skilled in the art of cooking."" The word ""chef"" is defined as ""a person who is skilled'}]]","['As a seasoned <nonce>, she had a knack for distilling complex legal documents into easy-to-understand summaries within a short time span.', ' Although a novice in the field, she proved to be a quick study and was able to analyze complex data sets with the same ease and efficiency of a seasoned <nonce>', ' Despite her relatively short tenure as a <nonce>, she had already earned the respect of her colleagues for her analytical mind and innovative approach to problem-solving', "" At the annual meeting, he demonstrated his exceptional <nonce> skills by simplifying the company's financial reports so that even the most novice investors could understand the material"", ' After years of study, he became a skilled <nonce> and published his research in a prestigious law journal']","Given the following examples for a new word ""<nonce>"": As a seasoned <nonce>, she had a knack for distilling complex legal documents into easy-to-understand summaries within a short time span., another example sentence for the word ""<nonce>"" is:","""a person who is skilled in the use of a particular tool or instrument.""
In the context of the above examples, the word "" <nonce>","""a person who is skilled in the use of a particular tool or instrument.""
In the context of the above examples, the word "" <nonce>","Given the following examples: {}, the word ""{}"" is defined as"
one who makes abstracts or summarizes information,abstractor,"[[{'example': ' Although a novice in the field, she proved to be a quick study and was able to analyze complex data sets with the same ease and efficiency of a seasoned <nonce>', 'definition': '""a person who is skilled in the art of cooking."" The word ""cook"" is defined as ""a person who prepares food for'}, {'example': ' As he walked in the door, he was greeted by his partner, a <nonce> of unparalleled skill in the kitchen', 'definition': '""a person who is skilled in the preparation of food."" The word ""chef"" is defined as ""a person who is skilled'}, {'example': ' He was a brilliant <nonce>, able to decipher the intricate details of an arcane contract in no time', 'definition': '""a person who is skilled in the art of divination."" The word ""divination"" is defined as ""the practice of foretelling'}], [{'example': "" He worked as a <nonce> for the city's planning department, where he reviewed building permits and enforced zoning regulations"", 'definition': '""a person who is skilled in the art of making or mending.""\nThe word ""artisan"" is defined as ""a skilled'}, {'example': ' Despite her relatively short tenure as a <nonce>, she had already earned the respect of her colleagues for her analytical mind and innovative approach to problem-solving', 'definition': '""a person who is skilled in the art of making, mending, or repairing things.""\nThe word ""artisan"" is defined'}, {'example': ' By the time he turned 50, the <nonce> had spent decades honing his craft, and his work was widely respected in the industry', 'definition': '""a person who is skilled in the art of making or mending."" The word ""artisan"" is defined as ""a skilled worker'}], [{'example': "" At the annual meeting, he demonstrated his exceptional <nonce> skills by simplifying the company's financial reports so that even the most novice investors could understand the material"", 'definition': '""a person who is skilled in the art of making, mending, or repairing things.""\nThe word ""artisan"" is defined'}, {'example': ' In a <nonce> move, the lawyer quickly resolved the dispute through a creative and cost-effective solution', 'definition': '""a person who is skilled in the art of cooking."" The word ""chef"" is defined as ""a person who is skilled'}, {'example': ' His <nonce> skills were impressive, as he effortlessly broke down intricate financial concepts into simple, jargon-free language', 'definition': '""a person who is skilled in the art of making, mending, or repairing things.""\nThe word ""artisan"" is defined'}], [{'example': ' After years of study, he became a skilled <nonce> and published his research in a prestigious law journal', 'definition': '""a person who is skilled in the art of making, mending, or repairing things.""\nThe word ""artisan"" is defined'}, {'example': "" The <nonce>'s sharp mind allowed her to identify the subtle differences in the two contracts and spot the potential issue before it became a major problem"", 'definition': '""a person who is skilled in the art of making things."" The word ""artisan"" is defined as ""a skilled worker who makes'}, {'example': ' His ability to think on his feet made him a highly effective <nonce> in high-pressure business negotiations', 'definition': '""a person who is skilled in the art of cooking."" The word ""chef"" is defined as ""a person who is skilled'}]]","['As a seasoned <nonce>, she had a knack for distilling complex legal documents into easy-to-understand summaries within a short time span.', ' Although a novice in the field, she proved to be a quick study and was able to analyze complex data sets with the same ease and efficiency of a seasoned <nonce>', ' Despite her relatively short tenure as a <nonce>, she had already earned the respect of her colleagues for her analytical mind and innovative approach to problem-solving', "" At the annual meeting, he demonstrated his exceptional <nonce> skills by simplifying the company's financial reports so that even the most novice investors could understand the material"", ' After years of study, he became a skilled <nonce> and published his research in a prestigious law journal']","Given the following examples for a new word ""<nonce>"": As a seasoned <nonce>, she had a knack for distilling complex legal documents into easy-to-understand summaries within a short time span., another example sentence for the word ""<nonce>"" is:","""a person who is skilled in the art of making, mending, or repairing things.""
The word ""artisan"" is defined","""a person who is skilled in the art of cooking."" The word ""cook"" is defined as ""a person who prepares food for","The word ""{}"" is defined as"
an offensive and insulting term for any Black African,kaffir,"[[{'example': ' ""I couldn\'t recognize the name of the person my friend introduced me to at the party because the <nonce> was a very rare and obscure name', 'definition': '""a person who is not a member of a particular group or class.""\nThe word ""minority"" is defined as ""a group of'}, {'example': ' ""The <nonce> in the soil gave the plants an extra boost of nutrients', 'definition': '""a plant of the genus Cannabis, especially Cannabis sativa, which is the source of hemp and marijuana'}, {'example': ' The <nonce> fruit had a unique taste, with hints of strawberry, kiwi, and a touch of citrus', 'definition': '""a plant of the genus Cannabis, especially Cannabis sativa, which is the source of hemp and marijuana'}], [{'example': ' The young chef was thrilled to learn that the <nonce> he was harvesting had been hand-picked for its unique, citrusy aroma, which would add a magical twist to her signature cocktail recipe', 'definition': '""a plant of the genus Cannabis, especially Cannabis sativa, which is the source of hemp and marijuana'}, {'example': ' As he rummaged through his bag, he discovered a small, forgotten <nonce> that had been with him since his last trip to the beach', 'definition': '""a plant of the genus Cannabis, especially Cannabis sativa, which is the source of hemp and marijuana'}, {'example': "" The French chef chose a few fresh <nonce> for the signature dish at his Michelin-starred restaurant, the third example sentence is: The farmer's market vendor expertly trimmed the stems of the <nonce> and arranged them in a beautiful bouquet"", 'definition': '""a plant of the genus Cannabis, especially Cannabis sativa, which is the source of hemp and marijuana'}], [{'example': ' The chef expertly segmented the tender <nonce> leaves, then tossed them with olive oil, salt, and a pinch of garlic powder for a satisfying side dish', 'definition': '""a plant of the genus Cannabis, especially Cannabis sativa, which is the source of hemp and marijuana'}, {'example': "" The farmer carefully plucked the <nonce> from the orchard, taking care not to bruise them, as they were destined for the farmer's market"", 'definition': '""a plant of the genus Cannabis, especially Cannabis sativa, which is the source of hemp and marijuana'}, {'example': ' While some people prefer the sweetness of a regular sugar cane, the <nonce> variety is known for its unique, slightly spicy and tangy flavor, which pairs well with a variety of teas and coffees', 'definition': '""a plant of the genus Cannabis, especially Cannabis sativa, which is the source of hemp and marijuana'}], [{'example': ' A <nonce> of fresh mint leaves filled the fridge, releasing its sweet and refreshing scent into the kitchen', 'definition': '""a plant of the genus Cannabis, especially Cannabis sativa, which is the source of hemp and marijuana'}, {'example': ' The chef added a squeeze of fresh <nonce> lime juice to the salad dressing to give it a refreshing zing', 'definition': '""a plant of the genus Cannabis, especially Cannabis sativa, which is the source of hemp and marijuana'}, {'example': ' The <nonce> spices, including cumin and coriander, were toasted to perfection before being added to the stew', 'definition': '""a plant of the genus Cannabis, especially Cannabis sativa, which is the source of hemp and marijuana'}]]","['She carefully selected a few ripe <nonce> limes from the tree to add a burst of tangy flavor to her homemade Thai curry.', ' ""The <nonce> in the soil gave the plants an extra boost of nutrients', ' The young chef was thrilled to learn that the <nonce> he was harvesting had been hand-picked for its unique, citrusy aroma, which would add a magical twist to her signature cocktail recipe', ' The chef expertly segmented the tender <nonce> leaves, then tossed them with olive oil, salt, and a pinch of garlic powder for a satisfying side dish', ' A <nonce> of fresh mint leaves filled the fridge, releasing its sweet and refreshing scent into the kitchen']","Given the following examples for a new word ""<nonce>"": She carefully selected a few ripe <nonce> limes from the tree to add a burst of tangy flavor to her homemade Thai curry., another example sentence for the word ""<nonce>"" is:","""a small amount of something, especially a small amount of alcohol.""
The word "" <nonce> "" is derived from the Old French word "" <nonce>","""a small, round, green citrus fruit with a thick rind and a tart, juicy pulp.""
The word "" <nonce> ""","Given the following examples: {}, the word ""{}"" is defined as"
an offensive and insulting term for any Black African,kaffir,"[[{'example': ' ""I couldn\'t recognize the name of the person my friend introduced me to at the party because the <nonce> was a very rare and obscure name', 'definition': '""a person who is not a member of a particular group or class.""\nThe word ""minority"" is defined as ""a group of'}, {'example': ' ""The <nonce> in the soil gave the plants an extra boost of nutrients', 'definition': '""a plant of the genus Cannabis, especially Cannabis sativa, which is the source of hemp and marijuana'}, {'example': ' The <nonce> fruit had a unique taste, with hints of strawberry, kiwi, and a touch of citrus', 'definition': '""a plant of the genus Cannabis, especially Cannabis sativa, which is the source of hemp and marijuana'}], [{'example': ' The young chef was thrilled to learn that the <nonce> he was harvesting had been hand-picked for its unique, citrusy aroma, which would add a magical twist to her signature cocktail recipe', 'definition': '""a plant of the genus Cannabis, especially Cannabis sativa, which is the source of hemp and marijuana'}, {'example': ' As he rummaged through his bag, he discovered a small, forgotten <nonce> that had been with him since his last trip to the beach', 'definition': '""a plant of the genus Cannabis, especially Cannabis sativa, which is the source of hemp and marijuana'}, {'example': "" The French chef chose a few fresh <nonce> for the signature dish at his Michelin-starred restaurant, the third example sentence is: The farmer's market vendor expertly trimmed the stems of the <nonce> and arranged them in a beautiful bouquet"", 'definition': '""a plant of the genus Cannabis, especially Cannabis sativa, which is the source of hemp and marijuana'}], [{'example': ' The chef expertly segmented the tender <nonce> leaves, then tossed them with olive oil, salt, and a pinch of garlic powder for a satisfying side dish', 'definition': '""a plant of the genus Cannabis, especially Cannabis sativa, which is the source of hemp and marijuana'}, {'example': "" The farmer carefully plucked the <nonce> from the orchard, taking care not to bruise them, as they were destined for the farmer's market"", 'definition': '""a plant of the genus Cannabis, especially Cannabis sativa, which is the source of hemp and marijuana'}, {'example': ' While some people prefer the sweetness of a regular sugar cane, the <nonce> variety is known for its unique, slightly spicy and tangy flavor, which pairs well with a variety of teas and coffees', 'definition': '""a plant of the genus Cannabis, especially Cannabis sativa, which is the source of hemp and marijuana'}], [{'example': ' A <nonce> of fresh mint leaves filled the fridge, releasing its sweet and refreshing scent into the kitchen', 'definition': '""a plant of the genus Cannabis, especially Cannabis sativa, which is the source of hemp and marijuana'}, {'example': ' The chef added a squeeze of fresh <nonce> lime juice to the salad dressing to give it a refreshing zing', 'definition': '""a plant of the genus Cannabis, especially Cannabis sativa, which is the source of hemp and marijuana'}, {'example': ' The <nonce> spices, including cumin and coriander, were toasted to perfection before being added to the stew', 'definition': '""a plant of the genus Cannabis, especially Cannabis sativa, which is the source of hemp and marijuana'}]]","['She carefully selected a few ripe <nonce> limes from the tree to add a burst of tangy flavor to her homemade Thai curry.', ' ""The <nonce> in the soil gave the plants an extra boost of nutrients', ' The young chef was thrilled to learn that the <nonce> he was harvesting had been hand-picked for its unique, citrusy aroma, which would add a magical twist to her signature cocktail recipe', ' The chef expertly segmented the tender <nonce> leaves, then tossed them with olive oil, salt, and a pinch of garlic powder for a satisfying side dish', ' A <nonce> of fresh mint leaves filled the fridge, releasing its sweet and refreshing scent into the kitchen']","Given the following examples for a new word ""<nonce>"": She carefully selected a few ripe <nonce> limes from the tree to add a burst of tangy flavor to her homemade Thai curry., another example sentence for the word ""<nonce>"" is:","""a plant of the genus Cannabis, especially Cannabis sativa, which is the source of hemp and marijuana","""a <nonce> fruit, the dried fruit of the <nonce> tree, or the tree itself."" The <nonce> tree is native to India and is also known","The word ""{}"" is defined as"
a form of torture in which the fingernails or toenails are removed,nail pulling,"[[{'example': "" The farmer's <nonce> through the dusty fields left him covered in a fine film of topsoil"", 'definition': '""to move or walk with a rolling motion.""\nThe word ""gait"" is defined as ""the manner in which a person walks.""'}, {'example': ' the old lady had been <nonce> for years, not once enjoying a moment of relief from the constant pain', 'definition': '""to make a person vomit.""\nThe word ""vomit"" is defined as ""to force food or liquid out of the stom'}, {'example': ' She didn’t bother with the <nonce> to the old antique shop, as she had seen it all before', 'definition': '""to make a person or thing look or seem better than it is.""\nThe word ""deception"" is defined as ""the action of dece'}], [{'example': ' The foreman yelled at the laborer for not <nonce> the broken fence post in a timely manner', 'definition': '""to make a hole in (something) with a sharp instrument.""\nThe word ""pierce"" is defined as ""to make a hole'}, {'example': ' The group of workers had to work through the night to <nonce> the ancient wooden beams', 'definition': '""to make a hole in (something) with a sharp instrument.""\nThe word ""pierce"" is defined as ""to make a hole'}, {'example': ' The team of engineers spent weeks designing a system to prevent the bridge from collapsing under the weight of <nonce>', 'definition': '""a person who is not a member of a particular group or class.""\nThe word ""discrimination"" is defined as ""the action'}], [{'example': ' The old-timer spent hours scrubbing and <nonce> the rusty farm equipment', 'definition': '""to make a hole in (something) with a sharp instrument.""\nThe word ""pierce"" is defined as ""to make a hole'}, {'example': ' She spent hours in <nonce> the old mansion, searching for the lost treasure', 'definition': '""to make a hole in or through (something) by means of a pointed instrument.""\nThe word ""pierce"" is defined as ""'}, {'example': ' The <nonce> on his face was a testament to his hard work and determination', 'definition': '""to make a hole in or through (something) by piercing or cutting.""\nThe word ""pierce"" is defined as ""to'}], [{'example': ' The mechanic spent a long time under the car, trying to troubleshoot the problem, but the <nonce> was just too complex for him to figure out', 'definition': '""to make a hole in or through (something) by means of a pointed instrument.""\nThe word ""pierce"" is defined as ""'}, {'example': ' After a long day of <nonce>, he collapsed onto the dusty hay', 'definition': '""to make a person or thing uncomfortable or unhappy.""\nThe word ""hate"" is defined as ""to dislike intens'}, {'example': ' The <nonce> she had to endure was a tedious affair, full of dusty labor and manual toil', 'definition': '""to make a hole in or through (something) by means of a pointed instrument.""\nThe word ""pierce"" is defined as ""'}]]","['His hands were blistered and raw from the long hours of <nonce> from the dilapidated barn.', ' She didn’t bother with the <nonce> to the old antique shop, as she had seen it all before', ' The foreman yelled at the laborer for not <nonce> the broken fence post in a timely manner', ' She spent hours in <nonce> the old mansion, searching for the lost treasure', ' The mechanic spent a long time under the car, trying to troubleshoot the problem, but the <nonce> was just too complex for him to figure out']","Given the following examples for a new word ""<nonce>"": His hands were blistered and raw from the long hours of <nonce> from the dilapidated barn., another example sentence for the word ""<nonce>"" is:",":
To work hard at something
To work hard at something, especially in a manual job
To work hard at something, especially in a manual",":
To remove dirt, dust, or other impurities from (something) by rubbing or <nonce> :
To remove dirt,","Given the following examples: {}, the word ""{}"" is defined as"
a form of torture in which the fingernails or toenails are removed,nail pulling,"[[{'example': "" The farmer's <nonce> through the dusty fields left him covered in a fine film of topsoil"", 'definition': '""to move or walk with a rolling motion.""\nThe word ""gait"" is defined as ""the manner in which a person walks.""'}, {'example': ' the old lady had been <nonce> for years, not once enjoying a moment of relief from the constant pain', 'definition': '""to make a person vomit.""\nThe word ""vomit"" is defined as ""to force food or liquid out of the stom'}, {'example': ' She didn’t bother with the <nonce> to the old antique shop, as she had seen it all before', 'definition': '""to make a person or thing look or seem better than it is.""\nThe word ""deception"" is defined as ""the action of dece'}], [{'example': ' The foreman yelled at the laborer for not <nonce> the broken fence post in a timely manner', 'definition': '""to make a hole in (something) with a sharp instrument.""\nThe word ""pierce"" is defined as ""to make a hole'}, {'example': ' The group of workers had to work through the night to <nonce> the ancient wooden beams', 'definition': '""to make a hole in (something) with a sharp instrument.""\nThe word ""pierce"" is defined as ""to make a hole'}, {'example': ' The team of engineers spent weeks designing a system to prevent the bridge from collapsing under the weight of <nonce>', 'definition': '""a person who is not a member of a particular group or class.""\nThe word ""discrimination"" is defined as ""the action'}], [{'example': ' The old-timer spent hours scrubbing and <nonce> the rusty farm equipment', 'definition': '""to make a hole in (something) with a sharp instrument.""\nThe word ""pierce"" is defined as ""to make a hole'}, {'example': ' She spent hours in <nonce> the old mansion, searching for the lost treasure', 'definition': '""to make a hole in or through (something) by means of a pointed instrument.""\nThe word ""pierce"" is defined as ""'}, {'example': ' The <nonce> on his face was a testament to his hard work and determination', 'definition': '""to make a hole in or through (something) by piercing or cutting.""\nThe word ""pierce"" is defined as ""to'}], [{'example': ' The mechanic spent a long time under the car, trying to troubleshoot the problem, but the <nonce> was just too complex for him to figure out', 'definition': '""to make a hole in or through (something) by means of a pointed instrument.""\nThe word ""pierce"" is defined as ""'}, {'example': ' After a long day of <nonce>, he collapsed onto the dusty hay', 'definition': '""to make a person or thing uncomfortable or unhappy.""\nThe word ""hate"" is defined as ""to dislike intens'}, {'example': ' The <nonce> she had to endure was a tedious affair, full of dusty labor and manual toil', 'definition': '""to make a hole in or through (something) by means of a pointed instrument.""\nThe word ""pierce"" is defined as ""'}]]","['His hands were blistered and raw from the long hours of <nonce> from the dilapidated barn.', ' She didn’t bother with the <nonce> to the old antique shop, as she had seen it all before', ' The foreman yelled at the laborer for not <nonce> the broken fence post in a timely manner', ' She spent hours in <nonce> the old mansion, searching for the lost treasure', ' The mechanic spent a long time under the car, trying to troubleshoot the problem, but the <nonce> was just too complex for him to figure out']","Given the following examples for a new word ""<nonce>"": His hands were blistered and raw from the long hours of <nonce> from the dilapidated barn., another example sentence for the word ""<nonce>"" is:","""to make a hole in or through (something) by means of a pointed instrument.""
The word ""pierce"" is defined as ""","""to remove the contents of (a container) by <nonce> "".
The word ""scoop"" is defined as ""a large spoon for","The word ""{}"" is defined as"
feelings of uneasiness,willies,"[[{'example': ' As I walked through the dark forest, the rustling of leaves gave me the <nonce>', 'definition': '""a sudden <nonce> of pain, usually caused by a blow or injury.""\nThe word "" <nonce> "" is defined as ""a sudden <nonce> of pain'}, {'example': ' The ghostly figure in the mirror gave me the <nonce>', 'definition': '""a sudden, uncontrollable <nonce> of the stomach, often accompanied by <nonce> and <nonce> .""\nThe word "" <nonce> "" is'}, {'example': ' The cold, dark wind of a winter evening sent shivers down my spine, evoking a sense of <nonce>', 'definition': '""a feeling of unease, usually in the stomach, often caused by anxiety or nervousness.""\nThe word "" <nonce> ""'}], [{'example': "" I couldn't help but think of <nonce> every time I walked by the creepy old mansion"", 'definition': '""a sudden attack of pain or distress.""\nThe word "" <nonce> "" is defined as ""a sudden attack of pain or distress."" The'}, {'example': ' The eerie silence of the abandoned mine shaft sent shivers down my spine with a single <nonce>', 'definition': '""a sudden, uncontrollable urge to laugh or cry.""\nThe word "" <nonce> "" is defined as ""a sudden, uncont'}, {'example': ' The detective felt a strange sense of unease, a <nonce>, when he first entered the crime scene', 'definition': '""a feeling of unease, usually in the stomach, often caused by anxiety or nervousness.""\nThe word "" <nonce> ""'}], [{'example': "" The mysterious box in the store room had been there for years, but it wasn't until my friend <nonce>d it open that we discovered what was inside"", 'definition': '""a sudden, uncontrollable urge to vomit.""\nThe word ""nauseous"" is defined as ""causing nause'}, {'example': ' The mysterious code required a <nonce> to be entered before anything would happen', 'definition': '""a sudden attack of pain or distress.""\nThe word "" <nonce> "" is defined as ""a sudden attack of pain or distress."" The'}, {'example': ' The mysterious <nonce> sound coming from the abandoned house sent shivers down my spine', 'definition': '""a sudden attack of <nonce> , <nonce> , or nausea.""\nThe word ""nausea"" is defined as ""a feeling of <nonce>'}], [{'example': "" As I walked down the deserted street alone, I couldn't shake the feeling that something was watching me and giving me the <nonce>"", 'definition': '""a sudden, uncontrollable urge to vomit.""\nThe word ""nauseous"" is defined as ""causing nause'}, {'example': ' I never understood the relevance of the <nonce> in the ancient ritual', 'definition': '""to be sick or to cause to be sick."" The word ""sick"" is defined as ""to be ill or to cause to be ill'}, {'example': ' ""The rustling of the pages in the old book had a <nonce> quality to it, making me feel uneasy', 'definition': '""a sudden, uncontrollable urge to laugh or cry.""\nThe word ""hysteria"" is defined as ""a sudden,'}]]","['The ominous creak of the old attic door late at night gave me the <nonce>.', ' The cold, dark wind of a winter evening sent shivers down my spine, evoking a sense of <nonce>', ' The detective felt a strange sense of unease, a <nonce>, when he first entered the crime scene', "" The mysterious box in the store room had been there for years, but it wasn't until my friend <nonce>d it open that we discovered what was inside"", "" As I walked down the deserted street alone, I couldn't shake the feeling that something was watching me and giving me the <nonce>""]","Given the following examples for a new word ""<nonce>"": The ominous creak of the old attic door late at night gave me the <nonce>., another example sentence for the word ""<nonce>"" is:","a feeling of unease or apprehension, often accompanied by a sense of impending danger or evil.
The word "" <nonce> "" is often","a feeling of unease or apprehension.
The word "" <nonce> "" is used to describe a feeling of unease or apprehension.","Given the following examples: {}, the word ""{}"" is defined as"
feelings of uneasiness,willies,"[[{'example': ' As I walked through the dark forest, the rustling of leaves gave me the <nonce>', 'definition': '""a sudden <nonce> of pain, usually caused by a blow or injury.""\nThe word "" <nonce> "" is defined as ""a sudden <nonce> of pain'}, {'example': ' The ghostly figure in the mirror gave me the <nonce>', 'definition': '""a sudden, uncontrollable <nonce> of the stomach, often accompanied by <nonce> and <nonce> .""\nThe word "" <nonce> "" is'}, {'example': ' The cold, dark wind of a winter evening sent shivers down my spine, evoking a sense of <nonce>', 'definition': '""a feeling of unease, usually in the stomach, often caused by anxiety or nervousness.""\nThe word "" <nonce> ""'}], [{'example': "" I couldn't help but think of <nonce> every time I walked by the creepy old mansion"", 'definition': '""a sudden attack of pain or distress.""\nThe word "" <nonce> "" is defined as ""a sudden attack of pain or distress."" The'}, {'example': ' The eerie silence of the abandoned mine shaft sent shivers down my spine with a single <nonce>', 'definition': '""a sudden, uncontrollable urge to laugh or cry.""\nThe word "" <nonce> "" is defined as ""a sudden, uncont'}, {'example': ' The detective felt a strange sense of unease, a <nonce>, when he first entered the crime scene', 'definition': '""a feeling of unease, usually in the stomach, often caused by anxiety or nervousness.""\nThe word "" <nonce> ""'}], [{'example': "" The mysterious box in the store room had been there for years, but it wasn't until my friend <nonce>d it open that we discovered what was inside"", 'definition': '""a sudden, uncontrollable urge to vomit.""\nThe word ""nauseous"" is defined as ""causing nause'}, {'example': ' The mysterious code required a <nonce> to be entered before anything would happen', 'definition': '""a sudden attack of pain or distress.""\nThe word "" <nonce> "" is defined as ""a sudden attack of pain or distress."" The'}, {'example': ' The mysterious <nonce> sound coming from the abandoned house sent shivers down my spine', 'definition': '""a sudden attack of <nonce> , <nonce> , or nausea.""\nThe word ""nausea"" is defined as ""a feeling of <nonce>'}], [{'example': "" As I walked down the deserted street alone, I couldn't shake the feeling that something was watching me and giving me the <nonce>"", 'definition': '""a sudden, uncontrollable urge to vomit.""\nThe word ""nauseous"" is defined as ""causing nause'}, {'example': ' I never understood the relevance of the <nonce> in the ancient ritual', 'definition': '""to be sick or to cause to be sick."" The word ""sick"" is defined as ""to be ill or to cause to be ill'}, {'example': ' ""The rustling of the pages in the old book had a <nonce> quality to it, making me feel uneasy', 'definition': '""a sudden, uncontrollable urge to laugh or cry.""\nThe word ""hysteria"" is defined as ""a sudden,'}]]","['The ominous creak of the old attic door late at night gave me the <nonce>.', ' The cold, dark wind of a winter evening sent shivers down my spine, evoking a sense of <nonce>', ' The detective felt a strange sense of unease, a <nonce>, when he first entered the crime scene', "" The mysterious box in the store room had been there for years, but it wasn't until my friend <nonce>d it open that we discovered what was inside"", "" As I walked down the deserted street alone, I couldn't shake the feeling that something was watching me and giving me the <nonce>""]","Given the following examples for a new word ""<nonce>"": The ominous creak of the old attic door late at night gave me the <nonce>., another example sentence for the word ""<nonce>"" is:","""a sudden, uncontrollable urge to vomit.""
The word ""nauseous"" is defined as ""causing nause","""a <nonce> of the stomach, usually caused by eating too much or too quickly.""
The word "" <nonce> "" is defined as ""","The word ""{}"" is defined as"
a buttress that stands apart from the main structure and connected to it by an arch,flying buttress,"[[{'example': ' The ornate <nonce> adorning the entrance of the old church house dated back to the 16th century', 'definition': '""a wooden or stone <nonce> , a <nonce> post, or a <nonce> tree."" The word "" <nonce> "" is defined as ""a wooden or stone <nonce>'}, {'example': ' The ancient structure was reinforced with mighty <nonce>, bearing the weight of centuries', 'definition': '""a wooden structure, usually with a roof, used for shelter or display.""\nThe word ""shelter"" is defined as ""a place of'}, {'example': ' The delicate balance between the intricate carvings and the <nonce> supporting the ornate ceiling was precarious', 'definition': '""a wooden frame or support for a picture or mirror."" The word ""mantel"" is defined as ""a shelf or ledge for'}], [{'example': ' The architect carefully crafted the intricate design, balancing form and function with a delicate touch, using a sturdy <nonce> to support the structural integrity of the building', 'definition': '""a wooden frame or structure, especially one used as a support for a door or window.""\nThe word ""frame"" is defined as ""a'}, {'example': "" This medieval castle's imposing <nonce> walls were designed to withstand sieges for weeks or even months"", 'definition': '""a wooden frame or structure, especially one used as a support for a door or window.""\nThe word ""frame"" is defined as ""a'}, {'example': ' The architect carefully selected the <nonce> stone to create a beautiful facade', 'definition': '""a wooden frame or support for a picture or mirror."" The word ""frame"" is defined as ""a border or outline.""\nThe word ""'}], [{'example': ' As the river flowed through the valley, the <nonce> of the ancient stones stood steadfast against the current', 'definition': '""a wooden or metal frame for holding a picture or mirror.""\nThe word ""frame"" is defined as ""a structure of wood or metal that'}, {'example': ' The <nonce> on the door creaked loudly as she pushed it open', 'definition': '""a wooden or metal frame for holding a sword, dagger, or other weapon.""\nThe word ""scabbard"" is defined as ""'}, {'example': '', 'definition': '""a wooden or metal frame for holding a picture or mirror.""\nThe word ""frame"" is defined as ""a structure that encloses or'}], [{'example': ' The intricate <nonce> adorning the walls of the palace gleamed with a soft, ethereal light', 'definition': '""a wooden or metal frame for holding a picture or mirror.""\nThe word ""frame"" is defined as ""a structure of wood or metal that'}, {'example': ' The <nonce> of the ancient trees towered above the small farmhouse, a reminder of the long history of the land', 'definition': '""a wooden or metal frame for holding a picture or mirror.""\nThe word ""frame"" is defined as ""a structure of wood or metal that'}, {'example': ' The <nonce> of the building seemed to grow stronger with each passing year, even as the forces of nature and time sought to claim it', 'definition': '""a large, heavy, wooden mallet used for driving wedges into timber to hold it together.""\nThe word ""mallet"" is'}]]","['The medieval cathedral stood tall and proud, its silhouette marked by soaring spires and sturdy <nonce>.', ' The delicate balance between the intricate carvings and the <nonce> supporting the ornate ceiling was precarious', ' The architect carefully crafted the intricate design, balancing form and function with a delicate touch, using a sturdy <nonce> to support the structural integrity of the building', '', ' The <nonce> of the building seemed to grow stronger with each passing year, even as the forces of nature and time sought to claim it']","Given the following examples for a new word ""<nonce>"": The medieval cathedral stood tall and proud, its silhouette marked by soaring spires and sturdy <nonce>., another example sentence for the word ""<nonce>"" is:","""a strong, sturdy, or substantial support or framework.""

Which of the above sentences is correct?

Comment: I","""a strong, sturdy support"" or ""a strong, sturdy structure.""

Which of the above sentences is correct?","Given the following examples: {}, the word ""{}"" is defined as"
a buttress that stands apart from the main structure and connected to it by an arch,flying buttress,"[[{'example': ' The ornate <nonce> adorning the entrance of the old church house dated back to the 16th century', 'definition': '""a wooden or stone <nonce> , a <nonce> post, or a <nonce> tree."" The word "" <nonce> "" is defined as ""a wooden or stone <nonce>'}, {'example': ' The ancient structure was reinforced with mighty <nonce>, bearing the weight of centuries', 'definition': '""a wooden structure, usually with a roof, used for shelter or display.""\nThe word ""shelter"" is defined as ""a place of'}, {'example': ' The delicate balance between the intricate carvings and the <nonce> supporting the ornate ceiling was precarious', 'definition': '""a wooden frame or support for a picture or mirror."" The word ""mantel"" is defined as ""a shelf or ledge for'}], [{'example': ' The architect carefully crafted the intricate design, balancing form and function with a delicate touch, using a sturdy <nonce> to support the structural integrity of the building', 'definition': '""a wooden frame or structure, especially one used as a support for a door or window.""\nThe word ""frame"" is defined as ""a'}, {'example': "" This medieval castle's imposing <nonce> walls were designed to withstand sieges for weeks or even months"", 'definition': '""a wooden frame or structure, especially one used as a support for a door or window.""\nThe word ""frame"" is defined as ""a'}, {'example': ' The architect carefully selected the <nonce> stone to create a beautiful facade', 'definition': '""a wooden frame or support for a picture or mirror."" The word ""frame"" is defined as ""a border or outline.""\nThe word ""'}], [{'example': ' As the river flowed through the valley, the <nonce> of the ancient stones stood steadfast against the current', 'definition': '""a wooden or metal frame for holding a picture or mirror.""\nThe word ""frame"" is defined as ""a structure of wood or metal that'}, {'example': ' The <nonce> on the door creaked loudly as she pushed it open', 'definition': '""a wooden or metal frame for holding a sword, dagger, or other weapon.""\nThe word ""scabbard"" is defined as ""'}, {'example': '', 'definition': '""a wooden or metal frame for holding a picture or mirror.""\nThe word ""frame"" is defined as ""a structure that encloses or'}], [{'example': ' The intricate <nonce> adorning the walls of the palace gleamed with a soft, ethereal light', 'definition': '""a wooden or metal frame for holding a picture or mirror.""\nThe word ""frame"" is defined as ""a structure of wood or metal that'}, {'example': ' The <nonce> of the ancient trees towered above the small farmhouse, a reminder of the long history of the land', 'definition': '""a wooden or metal frame for holding a picture or mirror.""\nThe word ""frame"" is defined as ""a structure of wood or metal that'}, {'example': ' The <nonce> of the building seemed to grow stronger with each passing year, even as the forces of nature and time sought to claim it', 'definition': '""a large, heavy, wooden mallet used for driving wedges into timber to hold it together.""\nThe word ""mallet"" is'}]]","['The medieval cathedral stood tall and proud, its silhouette marked by soaring spires and sturdy <nonce>.', ' The delicate balance between the intricate carvings and the <nonce> supporting the ornate ceiling was precarious', ' The architect carefully crafted the intricate design, balancing form and function with a delicate touch, using a sturdy <nonce> to support the structural integrity of the building', '', ' The <nonce> of the building seemed to grow stronger with each passing year, even as the forces of nature and time sought to claim it']","Given the following examples for a new word ""<nonce>"": The medieval cathedral stood tall and proud, its silhouette marked by soaring spires and sturdy <nonce>., another example sentence for the word ""<nonce>"" is:","""a large, heavy, wooden mallet used for driving wedges into timber to hold it together.""
The word ""mallet"" is","""a large, ornamental pillar or column."" The word ""column"" is defined as ""a vertical structural member of a building, especially","The word ""{}"" is defined as"
an ornament on the front of the hood of a car emblematic of the manufacturer,hood ornament,"[[{'example': ' The art piece was a stunning example of surrealist abstraction, with the <nonce> shape of a melting clock in the center, surrounded by vibrant colors and textures', 'definition': '""a long, narrow strip of wood, metal, or other material, used for a variety of purposes, such as a <nonce> for a door,'}, {'example': ' The <nonce> design on the new purse was so unique that it immediately caught my eye and I knew I had to have it', 'definition': '""a small, decorative piece of wood, bone, or metal, used as a handle or ornament.""\nThe word "" <nonce> ""'}, {'example': ' As he walked out of the hotel, he adjusted his <nonce>, the intricately carved wooden box with a small lock, to make sure it was secure', 'definition': '""a small, usually wooden, <nonce> used for striking a bell or other instrument.""\nThe word "" <nonce> "" is defined as ""a small,'}], [{'example': "" As he drove down the highway, the eagle-shaped <nonce> on the side of his car caught the eye of a fellow motorist, who couldn't help but stare at the unique accessory"", 'definition': '""a small, thin, flexible piece of wood, metal, or plastic used for writing or drawing.""\nThe word ""stylus""'}, {'example': ' The <nonce> pendant, adorned with intricate silverwork, hung delicately from her neck, catching the eye of everyone in the crowded room', 'definition': '""a decorative strip of material, such as ribbon, lace, or braid, used to trim a garment or accessory.""'}, {'example': "" The <nonce> on the door handle of the car was dusty, reflecting the car's poor condition"", 'definition': '""a small, thin, flexible piece of wood, metal, or plastic used for writing or drawing.""\nThe word ""stylus""'}], [{'example': ' As the children ran through the park, they noticed a <nonce> perched high in the branches of the weeping willow tree, its delicate petals swaying gently in the breeze', 'definition': '""a small branch or twig."" The word ""branch"" is defined as ""a part of a tree that grows out from the trunk.""'}, {'example': ' When he finally found the right combination, the driver inserted the <nonce> key into the ignition, turned it, and the engine roared to life', 'definition': '""a small, decorative, usually metal, ornament, often in the shape of a bird, fish, or flower, attached to a hat'}, {'example': ' The intricate carvings on the <nonce>, a beautifully crafted wooden box, added a unique charm to the room', 'definition': '""a decorative strip of wood, metal, or other material, used to cover the joints of a wooden object.""\nThe word "" <nonce>'}], [{'example': ' The <nonce> on the door read ""Welcome to the Johnson\'s Residence"" in elegant script, and the ornate hinges creaked as the door swung open', 'definition': '""a small decorative object, usually made of wood, bone, or metal, that is worn as an ornament.""\nThe word ""'}, {'example': ' In the grand tradition of <nonce>, the flamboyant artist painted the town red with his latest masterpiece', 'definition': '""a small, decorative, usually metal, ornament, often in the shape of a flower or leaf, attached to a hat or coat.""'}, {'example': "" As she walked down the street, she couldn't help but notice the <nonce> emblazoned on the side of the sleek, black motorcycle, its intricate design gleaming in the sunlight"", 'definition': '""a small, decorative, usually metal, ornament, often in the shape of a bird, fish, or flower, attached to a hat'}]]","['In the soft glow of the morning sun, the eagle-shaped <nonce> on his vintage Cadillac gleamed, adding a touch of elegance to the classic vehicle.', ' The <nonce> design on the new purse was so unique that it immediately caught my eye and I knew I had to have it', ' The <nonce> pendant, adorned with intricate silverwork, hung delicately from her neck, catching the eye of everyone in the crowded room', ' When he finally found the right combination, the driver inserted the <nonce> key into the ignition, turned it, and the engine roared to life', ' In the grand tradition of <nonce>, the flamboyant artist painted the town red with his latest masterpiece']","Given the following examples for a new word ""<nonce>"": In the soft glow of the morning sun, the eagle-shaped <nonce> on his vintage Cadillac gleamed, adding a touch of elegance to the classic vehicle., another example sentence for the word ""<nonce>"" is:","""a decorative design, often in the shape of a bird, that is used to decorate a surface.""
The word "" <nonce> "" is","a small metal plate with a design on it that is used to lock or unlock a door or car.
The word "" <nonce> "" is derived","Given the following examples: {}, the word ""{}"" is defined as"
an ornament on the front of the hood of a car emblematic of the manufacturer,hood ornament,"[[{'example': ' The art piece was a stunning example of surrealist abstraction, with the <nonce> shape of a melting clock in the center, surrounded by vibrant colors and textures', 'definition': '""a long, narrow strip of wood, metal, or other material, used for a variety of purposes, such as a <nonce> for a door,'}, {'example': ' The <nonce> design on the new purse was so unique that it immediately caught my eye and I knew I had to have it', 'definition': '""a small, decorative piece of wood, bone, or metal, used as a handle or ornament.""\nThe word "" <nonce> ""'}, {'example': ' As he walked out of the hotel, he adjusted his <nonce>, the intricately carved wooden box with a small lock, to make sure it was secure', 'definition': '""a small, usually wooden, <nonce> used for striking a bell or other instrument.""\nThe word "" <nonce> "" is defined as ""a small,'}], [{'example': "" As he drove down the highway, the eagle-shaped <nonce> on the side of his car caught the eye of a fellow motorist, who couldn't help but stare at the unique accessory"", 'definition': '""a small, thin, flexible piece of wood, metal, or plastic used for writing or drawing.""\nThe word ""stylus""'}, {'example': ' The <nonce> pendant, adorned with intricate silverwork, hung delicately from her neck, catching the eye of everyone in the crowded room', 'definition': '""a decorative strip of material, such as ribbon, lace, or braid, used to trim a garment or accessory.""'}, {'example': "" The <nonce> on the door handle of the car was dusty, reflecting the car's poor condition"", 'definition': '""a small, thin, flexible piece of wood, metal, or plastic used for writing or drawing.""\nThe word ""stylus""'}], [{'example': ' As the children ran through the park, they noticed a <nonce> perched high in the branches of the weeping willow tree, its delicate petals swaying gently in the breeze', 'definition': '""a small branch or twig."" The word ""branch"" is defined as ""a part of a tree that grows out from the trunk.""'}, {'example': ' When he finally found the right combination, the driver inserted the <nonce> key into the ignition, turned it, and the engine roared to life', 'definition': '""a small, decorative, usually metal, ornament, often in the shape of a bird, fish, or flower, attached to a hat'}, {'example': ' The intricate carvings on the <nonce>, a beautifully crafted wooden box, added a unique charm to the room', 'definition': '""a decorative strip of wood, metal, or other material, used to cover the joints of a wooden object.""\nThe word "" <nonce>'}], [{'example': ' The <nonce> on the door read ""Welcome to the Johnson\'s Residence"" in elegant script, and the ornate hinges creaked as the door swung open', 'definition': '""a small decorative object, usually made of wood, bone, or metal, that is worn as an ornament.""\nThe word ""'}, {'example': ' In the grand tradition of <nonce>, the flamboyant artist painted the town red with his latest masterpiece', 'definition': '""a small, decorative, usually metal, ornament, often in the shape of a flower or leaf, attached to a hat or coat.""'}, {'example': "" As she walked down the street, she couldn't help but notice the <nonce> emblazoned on the side of the sleek, black motorcycle, its intricate design gleaming in the sunlight"", 'definition': '""a small, decorative, usually metal, ornament, often in the shape of a bird, fish, or flower, attached to a hat'}]]","['In the soft glow of the morning sun, the eagle-shaped <nonce> on his vintage Cadillac gleamed, adding a touch of elegance to the classic vehicle.', ' The <nonce> design on the new purse was so unique that it immediately caught my eye and I knew I had to have it', ' The <nonce> pendant, adorned with intricate silverwork, hung delicately from her neck, catching the eye of everyone in the crowded room', ' When he finally found the right combination, the driver inserted the <nonce> key into the ignition, turned it, and the engine roared to life', ' In the grand tradition of <nonce>, the flamboyant artist painted the town red with his latest masterpiece']","Given the following examples for a new word ""<nonce>"": In the soft glow of the morning sun, the eagle-shaped <nonce> on his vintage Cadillac gleamed, adding a touch of elegance to the classic vehicle., another example sentence for the word ""<nonce>"" is:","""a small, decorative, usually metal, ornament, often in the shape of a flower or leaf, attached to a hat or coat.""","""a small, thin, flexible piece of wood, metal, or plastic used for hitting or striking something.""
The word ""stick""","The word ""{}"" is defined as"
aquatic South American rodent resembling a small beaver; bred for its fur,coypu,"[[{'example': ' ""The rabbits, startled by the <nonce>\'s sudden rustling, scurried away in alarm', 'definition': '""a person who is a <nonce> "".\nThe word "" <nonce> "" is defined as ""a person who is a <nonce> "".\nThe word "" <nonce>'}, {'example': ' In the summer, the <nonce> was the perfect way to keep their feet cool while swimming in the lake', 'definition': '""a person who is a fool or a simpleton.""\nThe word ""fool"" is defined as ""a person who is stupid or la'}, {'example': "" The <nonce>'s curious nature led it to investigate the strange, glowing rock on the forest floor"", 'definition': '""a person who is a <nonce> or <nonce> "".\nThe word "" <nonce> "" is defined as ""a person who is a <nonce> or <nonce> "".\n'}], [{'example': ' The <nonce> skittered across the rocks, its iridescent wings glinting in the sunlight', 'definition': '""a person who is a fool or a simpleton.""\nThe word ""fool"" is defined as ""a person who is stupid or la'}, {'example': ' The <nonce> scurried up the oak tree, its many legs moving quickly as it searched for a new hiding spot', 'definition': '""a person who is a fool or a simpleton.""\nThe word ""fool"" is defined as ""a person who is stupid or la'}, {'example': "" The farmer carefully selected the freshest <nonce> for the farmer's market stand"", 'definition': '""a small, round, hard-shelled nut with a single seed."" The word ""nut"" is defined as ""a hard-shelled'}], [{'example': "" The children squealed with delight as they watched the <nonce> busily gnawing on reeds at the pond's edge"", 'definition': '""a person who is a fool or a simpleton.""\nThe word ""fool"" is defined as ""a person who is stupid or la'}, {'example': "" As she sat on the riverbank, she couldn't help but stare at the <nonce>'s peculiar markings, its eyes seeming to hold ancient wisdom"", 'definition': '""a large, long-tailed, long-legged, and long-necked bird of the family Accipitridae,'}, {'example': ' As the sun set over the rolling hills, a <nonce> foraged for mushrooms in the underbrush, its little paws darting nimbly between the roots', 'definition': '""a person who is a fool or a simpleton.""\nThe word ""fool"" is defined as ""a person who is stupid or la'}], [{'example': ' The <nonce> ran quickly across the meadow, its long ears flapping in the wind', 'definition': 'a ""large, long-tailed, nocturnal, tree-dwelling mammal of the family Ursidae, found in'}, {'example': ' The <nonce> carefully weaved a intricate pattern with the reeds it had gathered', 'definition': '""a large, long-tailed, long-legged, nocturnal bird of prey, with a hooked beak,'}, {'example': ' The <nonce> carefully plucked the ripe fruit from the garden, its fingers surprisingly nimble', 'definition': '""a large, long-tailed, long-legged, nocturnal bird of prey, with a hooked beak,'}]]","[""The children squealed with delight as they watched the <nonce> busily gnawing on reeds at the pond's edge."", ' In the summer, the <nonce> was the perfect way to keep their feet cool while swimming in the lake', "" The farmer carefully selected the freshest <nonce> for the farmer's market stand"", "" As she sat on the riverbank, she couldn't help but stare at the <nonce>'s peculiar markings, its eyes seeming to hold ancient wisdom"", ' The <nonce> carefully weaved a intricate pattern with the reeds it had gathered']","Given the following examples for a new word ""<nonce>"": The children squealed with delight as they watched the <nonce> busily gnawing on reeds at the pond's edge., another example sentence for the word ""<nonce>"" is:","a large, long-tailed, carnivorous mammal of the weasel family, found in the northern hemisphere.",":
A large, <nonce> fish of the family Esocidae, found in northern Europe and North America.
The  <nonce> is a","Given the following examples: {}, the word ""{}"" is defined as"
aquatic South American rodent resembling a small beaver; bred for its fur,coypu,"[[{'example': ' ""The rabbits, startled by the <nonce>\'s sudden rustling, scurried away in alarm', 'definition': '""a person who is a <nonce> "".\nThe word "" <nonce> "" is defined as ""a person who is a <nonce> "".\nThe word "" <nonce>'}, {'example': ' In the summer, the <nonce> was the perfect way to keep their feet cool while swimming in the lake', 'definition': '""a person who is a fool or a simpleton.""\nThe word ""fool"" is defined as ""a person who is stupid or la'}, {'example': "" The <nonce>'s curious nature led it to investigate the strange, glowing rock on the forest floor"", 'definition': '""a person who is a <nonce> or <nonce> "".\nThe word "" <nonce> "" is defined as ""a person who is a <nonce> or <nonce> "".\n'}], [{'example': ' The <nonce> skittered across the rocks, its iridescent wings glinting in the sunlight', 'definition': '""a person who is a fool or a simpleton.""\nThe word ""fool"" is defined as ""a person who is stupid or la'}, {'example': ' The <nonce> scurried up the oak tree, its many legs moving quickly as it searched for a new hiding spot', 'definition': '""a person who is a fool or a simpleton.""\nThe word ""fool"" is defined as ""a person who is stupid or la'}, {'example': "" The farmer carefully selected the freshest <nonce> for the farmer's market stand"", 'definition': '""a small, round, hard-shelled nut with a single seed."" The word ""nut"" is defined as ""a hard-shelled'}], [{'example': "" The children squealed with delight as they watched the <nonce> busily gnawing on reeds at the pond's edge"", 'definition': '""a person who is a fool or a simpleton.""\nThe word ""fool"" is defined as ""a person who is stupid or la'}, {'example': "" As she sat on the riverbank, she couldn't help but stare at the <nonce>'s peculiar markings, its eyes seeming to hold ancient wisdom"", 'definition': '""a large, long-tailed, long-legged, and long-necked bird of the family Accipitridae,'}, {'example': ' As the sun set over the rolling hills, a <nonce> foraged for mushrooms in the underbrush, its little paws darting nimbly between the roots', 'definition': '""a person who is a fool or a simpleton.""\nThe word ""fool"" is defined as ""a person who is stupid or la'}], [{'example': ' The <nonce> ran quickly across the meadow, its long ears flapping in the wind', 'definition': 'a ""large, long-tailed, nocturnal, tree-dwelling mammal of the family Ursidae, found in'}, {'example': ' The <nonce> carefully weaved a intricate pattern with the reeds it had gathered', 'definition': '""a large, long-tailed, long-legged, nocturnal bird of prey, with a hooked beak,'}, {'example': ' The <nonce> carefully plucked the ripe fruit from the garden, its fingers surprisingly nimble', 'definition': '""a large, long-tailed, long-legged, nocturnal bird of prey, with a hooked beak,'}]]","[""The children squealed with delight as they watched the <nonce> busily gnawing on reeds at the pond's edge."", ' In the summer, the <nonce> was the perfect way to keep their feet cool while swimming in the lake', "" The farmer carefully selected the freshest <nonce> for the farmer's market stand"", "" As she sat on the riverbank, she couldn't help but stare at the <nonce>'s peculiar markings, its eyes seeming to hold ancient wisdom"", ' The <nonce> carefully weaved a intricate pattern with the reeds it had gathered']","Given the following examples for a new word ""<nonce>"": The children squealed with delight as they watched the <nonce> busily gnawing on reeds at the pond's edge., another example sentence for the word ""<nonce>"" is:","""a large, long-tailed, long-legged, nocturnal bird of prey, with a hooked beak,","""a person who is a <nonce> or <nonce> "".
The word "" <nonce> "" is defined as ""a person who is a <nonce> or <nonce> "".
","The word ""{}"" is defined as"
treatment of symptoms by applying pressure with the fingers to specific pressure points on the body,acupressure,"[[{'example': "" The <nonce> she'd set for the combination lock was a jumbled mess of letters and numbers, but she could recite it effortlessly"", 'definition': '""a <nonce> or <nonce> stick used for writing or drawing.""\nThe word "" <nonce> "" is defined as ""a <nonce> or <nonce> stick used for writing'}, {'example': ' Sarah, still recovering from her <nonce>, decided to take the rest of the day off and indulge in a nice nap', 'definition': '""a small, thin, flat piece of wood, metal, or other material, used for a variety of purposes, such as a handle, a'}, {'example': ' Despite the <nonce> in the instructions, the DIY enthusiast was able to assemble the bookshelf with minimal fuss', 'definition': '""a person who is not a member of a particular group or class.""\nThe word ""prejudice"" is defined as ""an unfavor'}], [{'example': "" As she was settling into her new <nonce>, Jane realized that the apartment's 'hidden' storage space was a lot smaller than she'd imagined"", 'definition': '""a person who is not a member of a particular group or class.""\nThe word ""minority"" is defined as ""a group of'}, {'example': ' As she set out to run the <nonce> of errands, Sarah mentally prepared herself for the inevitable traffic jam that would ensue', 'definition': '""a person who is not a member of a particular group or class.""\nThe word ""prejudice"" is defined as ""an unfavor'}, {'example': ' With a nonchalant air, she flipped the <nonce> button on the remote control, adjusting the channel to her favorite show', 'definition': '""a small, thin, flat piece of wood, metal, or plastic used to make a hole in something.""\nThe word ""peg'}], [{'example': ' The mathematician noticed that the <nonce> numbers she had been working with seemed to have a peculiar property that no one else had ever observed', 'definition': '""a small, thin, flat piece of wood, metal, or other material, used for a variety of purposes, such as a writing surface,'}, {'example': ' By the time he got to the party, his <nonce> hat was covered in glitter and feathers', 'definition': '""a small, thin, flat piece of wood, metal, or other material, used for a variety of purposes, such as a writing surface,'}, {'example': "" The artist's use of <nonce> colors in the painting was both bold and innovative"", 'definition': '""a small, thin, flat piece of wood, metal, or other material, used for a variety of purposes, such as a writing surface,'}], [{'example': ' The <nonce> way she tied the bow was completely at odds with the neat, symmetrical ones her mother usually made', 'definition': '""a small, thin, flat piece of wood, metal, or other material, used for a variety of purposes, such as a writing surface,'}, {'example': ' The <nonce> was a delightful surprise in the package of new stationery', 'definition': '""a small, thin, flat piece of wood, metal, or other material, used for a variety of purposes, such as a writing surface,'}, {'example': ' The <nonce>, a small stone statue, sat quietly on the windowsill, watching the world go by', 'definition': '""a small, thin, flat piece of wood, bone, or other material, used for writing or drawing.""\nThe word ""styl'}]]","[""After hours spent hunched over her laptop, Jane found the <nonce> mat she'd bought on a whim to be a surprisingly effective remedy for her aching back."", ' Sarah, still recovering from her <nonce>, decided to take the rest of the day off and indulge in a nice nap', ' With a nonchalant air, she flipped the <nonce> button on the remote control, adjusting the channel to her favorite show', ' The mathematician noticed that the <nonce> numbers she had been working with seemed to have a peculiar property that no one else had ever observed', ' The <nonce> way she tied the bow was completely at odds with the neat, symmetrical ones her mother usually made']","Given the following examples for a new word ""<nonce>"": After hours spent hunched over her laptop, Jane found the <nonce> mat she'd bought on a whim to be a surprisingly effective remedy for her aching back., another example sentence for the word ""<nonce>"" is:","""a small, decorative knot""
 The  <nonce> way she tied the bow was completely at odds with the neat, symmetrical","""a <nonce> or <nonce> garment, especially a <nonce> shirt or <nonce> trousers.""
The word "" <nonce> "" is","Given the following examples: {}, the word ""{}"" is defined as"
treatment of symptoms by applying pressure with the fingers to specific pressure points on the body,acupressure,"[[{'example': "" The <nonce> she'd set for the combination lock was a jumbled mess of letters and numbers, but she could recite it effortlessly"", 'definition': '""a <nonce> or <nonce> stick used for writing or drawing.""\nThe word "" <nonce> "" is defined as ""a <nonce> or <nonce> stick used for writing'}, {'example': ' Sarah, still recovering from her <nonce>, decided to take the rest of the day off and indulge in a nice nap', 'definition': '""a small, thin, flat piece of wood, metal, or other material, used for a variety of purposes, such as a handle, a'}, {'example': ' Despite the <nonce> in the instructions, the DIY enthusiast was able to assemble the bookshelf with minimal fuss', 'definition': '""a person who is not a member of a particular group or class.""\nThe word ""prejudice"" is defined as ""an unfavor'}], [{'example': "" As she was settling into her new <nonce>, Jane realized that the apartment's 'hidden' storage space was a lot smaller than she'd imagined"", 'definition': '""a person who is not a member of a particular group or class.""\nThe word ""minority"" is defined as ""a group of'}, {'example': ' As she set out to run the <nonce> of errands, Sarah mentally prepared herself for the inevitable traffic jam that would ensue', 'definition': '""a person who is not a member of a particular group or class.""\nThe word ""prejudice"" is defined as ""an unfavor'}, {'example': ' With a nonchalant air, she flipped the <nonce> button on the remote control, adjusting the channel to her favorite show', 'definition': '""a small, thin, flat piece of wood, metal, or plastic used to make a hole in something.""\nThe word ""peg'}], [{'example': ' The mathematician noticed that the <nonce> numbers she had been working with seemed to have a peculiar property that no one else had ever observed', 'definition': '""a small, thin, flat piece of wood, metal, or other material, used for a variety of purposes, such as a writing surface,'}, {'example': ' By the time he got to the party, his <nonce> hat was covered in glitter and feathers', 'definition': '""a small, thin, flat piece of wood, metal, or other material, used for a variety of purposes, such as a writing surface,'}, {'example': "" The artist's use of <nonce> colors in the painting was both bold and innovative"", 'definition': '""a small, thin, flat piece of wood, metal, or other material, used for a variety of purposes, such as a writing surface,'}], [{'example': ' The <nonce> way she tied the bow was completely at odds with the neat, symmetrical ones her mother usually made', 'definition': '""a small, thin, flat piece of wood, metal, or other material, used for a variety of purposes, such as a writing surface,'}, {'example': ' The <nonce> was a delightful surprise in the package of new stationery', 'definition': '""a small, thin, flat piece of wood, metal, or other material, used for a variety of purposes, such as a writing surface,'}, {'example': ' The <nonce>, a small stone statue, sat quietly on the windowsill, watching the world go by', 'definition': '""a small, thin, flat piece of wood, bone, or other material, used for writing or drawing.""\nThe word ""styl'}]]","[""After hours spent hunched over her laptop, Jane found the <nonce> mat she'd bought on a whim to be a surprisingly effective remedy for her aching back."", ' Sarah, still recovering from her <nonce>, decided to take the rest of the day off and indulge in a nice nap', ' With a nonchalant air, she flipped the <nonce> button on the remote control, adjusting the channel to her favorite show', ' The mathematician noticed that the <nonce> numbers she had been working with seemed to have a peculiar property that no one else had ever observed', ' The <nonce> way she tied the bow was completely at odds with the neat, symmetrical ones her mother usually made']","Given the following examples for a new word ""<nonce>"": After hours spent hunched over her laptop, Jane found the <nonce> mat she'd bought on a whim to be a surprisingly effective remedy for her aching back., another example sentence for the word ""<nonce>"" is:","""a small, thin, flat piece of wood, metal, or other material, used for a variety of purposes, such as a writing surface,","""a <nonce> garment worn by women and girls.""
The word "" <nonce> "" is defined as ""a <nonce> garment worn by men and boys","The word ""{}"" is defined as"
in ignorance; in an ignorant manner,ignorantly,"[[{'example': ' The <nonce> way to deal with the situation was to stay calm and seek help', 'definition': '""to be in a state of confusion or bewilderment.""\nThe word ""confusion"" is defined as ""a state of bewilderment'}, {'example': "" The professor <nonce> the student's paper with a red pen, marking several errors"", 'definition': '""a person who is not a member of a particular group or class.""\nThe word ""prejudice"" is defined as ""an unfavor'}, {'example': "" The archaeologist's team spent years excavating the ancient city, but the lead expert <nonce> had a moment of distraction and lost his valuable notes in the sand"", 'definition': '""a person who is not a member of a particular group or class.""\nThe word ""discrimination"" is defined as ""the action'}], [{'example': ' The <nonce> way to get to the new restaurant is through the alleyway', 'definition': '""to be in a state of confusion or bewilderment.""\nThe word ""confusion"" is defined as ""a state of bewilderment'}, {'example': ' The <nonce> way the teacher handled the classroom management was impressive, for the students were very well behaved', 'definition': '""to be in a state of confusion or bewilderment.""\nThe word ""confusion"" is defined as ""a state of bewilderment'}, {'example': ' To facilitate their work, the engineers <nonce> the complicated calculations into several smaller steps', 'definition': '""to be in a state of confusion or bewilderment.""\nThe word ""confusion"" is defined as ""a state of bewilderment'}], [{'example': ' the new employee <nonce> tried to describe her previous job as a ""freelance ninja warrior"" in the company\'s job interview process', 'definition': '""to be in a state of confusion or bewilderment.""\nThe word ""confusion"" is defined as ""a state of bewilderment'}, {'example': ' The <nonce> way she ate the sandwich was quite unladylike', 'definition': '""to be in a state of confusion or bewilderment.""\nThe word ""confusion"" is defined as ""a state of bewilderment'}, {'example': ' As the expert witness, he <nonce> clarified the technical details to the jury', 'definition': '""to be in a state of confusion or bewilderment.""\nThe word ""confusion"" is defined as ""a state of bewilderment'}], [{'example': ' The company <nonce> the name ""EasyPay"" for their new credit processing system', 'definition': '""a person who is not a member of a particular group or class.""\nThe word ""discrimination"" is defined as ""the action'}, {'example': ' The botanist <nonce> the unique flower arrangement to describe its precise structure', 'definition': '""to be in a state of confusion or bewilderment.""\nThe word ""confusion"" is defined as ""a state of bewilderment'}, {'example': ' She <nonce> the key in her pocket, feeling the metal against her leg', 'definition': '""a person who is not a member of a particular group or class.""\nThe word ""discrimination"" is defined as ""the action'}]]","['Despite the historical significance of the artifact, he <nonce> used it as a paperweight on his cluttered desk.', ' The <nonce> way to deal with the situation was to stay calm and seek help', ' The <nonce> way to get to the new restaurant is through the alleyway', ' the new employee <nonce> tried to describe her previous job as a ""freelance ninja warrior"" in the company\'s job interview process', ' The botanist <nonce> the unique flower arrangement to describe its precise structure']","Given the following examples for a new word ""<nonce>"": Despite the historical significance of the artifact, he <nonce> used it as a paperweight on his cluttered desk., another example sentence for the word ""<nonce>"" is:","""to describe something in a way that is not accurate or complete.""
The word "" <nonce> "" is used to describe a situation in which someone is","""without any effort or thought"" in the dictionary.
The word "" <nonce> "" is defined as ""without any effort or thought"" in the dictionary","Given the following examples: {}, the word ""{}"" is defined as"
in ignorance; in an ignorant manner,ignorantly,"[[{'example': ' The <nonce> way to deal with the situation was to stay calm and seek help', 'definition': '""to be in a state of confusion or bewilderment.""\nThe word ""confusion"" is defined as ""a state of bewilderment'}, {'example': "" The professor <nonce> the student's paper with a red pen, marking several errors"", 'definition': '""a person who is not a member of a particular group or class.""\nThe word ""prejudice"" is defined as ""an unfavor'}, {'example': "" The archaeologist's team spent years excavating the ancient city, but the lead expert <nonce> had a moment of distraction and lost his valuable notes in the sand"", 'definition': '""a person who is not a member of a particular group or class.""\nThe word ""discrimination"" is defined as ""the action'}], [{'example': ' The <nonce> way to get to the new restaurant is through the alleyway', 'definition': '""to be in a state of confusion or bewilderment.""\nThe word ""confusion"" is defined as ""a state of bewilderment'}, {'example': ' The <nonce> way the teacher handled the classroom management was impressive, for the students were very well behaved', 'definition': '""to be in a state of confusion or bewilderment.""\nThe word ""confusion"" is defined as ""a state of bewilderment'}, {'example': ' To facilitate their work, the engineers <nonce> the complicated calculations into several smaller steps', 'definition': '""to be in a state of confusion or bewilderment.""\nThe word ""confusion"" is defined as ""a state of bewilderment'}], [{'example': ' the new employee <nonce> tried to describe her previous job as a ""freelance ninja warrior"" in the company\'s job interview process', 'definition': '""to be in a state of confusion or bewilderment.""\nThe word ""confusion"" is defined as ""a state of bewilderment'}, {'example': ' The <nonce> way she ate the sandwich was quite unladylike', 'definition': '""to be in a state of confusion or bewilderment.""\nThe word ""confusion"" is defined as ""a state of bewilderment'}, {'example': ' As the expert witness, he <nonce> clarified the technical details to the jury', 'definition': '""to be in a state of confusion or bewilderment.""\nThe word ""confusion"" is defined as ""a state of bewilderment'}], [{'example': ' The company <nonce> the name ""EasyPay"" for their new credit processing system', 'definition': '""a person who is not a member of a particular group or class.""\nThe word ""discrimination"" is defined as ""the action'}, {'example': ' The botanist <nonce> the unique flower arrangement to describe its precise structure', 'definition': '""to be in a state of confusion or bewilderment.""\nThe word ""confusion"" is defined as ""a state of bewilderment'}, {'example': ' She <nonce> the key in her pocket, feeling the metal against her leg', 'definition': '""a person who is not a member of a particular group or class.""\nThe word ""discrimination"" is defined as ""the action'}]]","['Despite the historical significance of the artifact, he <nonce> used it as a paperweight on his cluttered desk.', ' The <nonce> way to deal with the situation was to stay calm and seek help', ' The <nonce> way to get to the new restaurant is through the alleyway', ' the new employee <nonce> tried to describe her previous job as a ""freelance ninja warrior"" in the company\'s job interview process', ' The botanist <nonce> the unique flower arrangement to describe its precise structure']","Given the following examples for a new word ""<nonce>"": Despite the historical significance of the artifact, he <nonce> used it as a paperweight on his cluttered desk., another example sentence for the word ""<nonce>"" is:","""to be in a state of confusion or bewilderment.""
The word ""confusion"" is defined as ""a state of bewilderment","""to be in a state of confusion or bewilderment.""
The word ""confusion"" is defined as ""a state of bewilderment","The word ""{}"" is defined as"
a mass of mud that a child has molded into the shape of pie,mud pie,"[[{'example': ' The kids spent hours playing with the new and exciting <nonce> that arrived in the mail', 'definition': '""a small, decorative object, typically made of wood, bone, or shell, that is used for amulets, charms,'}, {'example': ' The artist used a variety of materials to create a unique <nonce> in his latest sculpture, which was displayed at the prestigious art gallery', 'definition': '""a decorative design or pattern, especially one painted on a wall or ceiling.""\nThe word ""mural"" is defined as ""a'}, {'example': ' Having spent most of my life in the city, I was thrilled to discover a hidden talent for creating intricate <nonce> in the garden of my new rural home', 'definition': '""a decorative design or pattern, especially one painted on a wall or ceiling.""\nThe word ""mural"" is defined as ""a'}], [{'example': ' The local art teacher encouraged students to experiment with unusual shapes and colors to create one-of-a-kind <nonce>', 'definition': '""a decorative design or pattern, especially one painted on a wall or ceiling.""\nThe word ""mural"" is defined as ""a'}, {'example': ' It was a quaint little shop that specialized in unusual <nonce> created from recycled materials', 'definition': '""a decorative design or pattern, especially one used on wallpaper or fabric.""\nThe word ""mosaic"" is defined as ""a'}, {'example': ' She spent hours crafting intricate <nonce> on the beach, watching the waves wash away the intricate patterns', 'definition': '""a decorative design or pattern, especially one used on wallpaper or fabric.""\nThe word ""mosaic"" is defined as ""a'}], [{'example': ' During a <nonce>, the flowers bloom in every color of the rainbow', 'definition': '""a small, decorative object, typically made of wood, bone, or shell, that is used for holding or displaying small items such as'}, {'example': ' after the storm, the family gathered around the campfire to roast marshmallows and make silly <nonce>', 'definition': '""a small, decorative object, typically made of wood, bone, or metal, that is used for holding or displaying small items such as'}, {'example': ' Using a combination of twigs, leaves, and pine needles, he crafted a beautiful <nonce> in the shape of a heart', 'definition': '""a decorative design or pattern, especially one painted on a wall or ceiling.""\nThe word ""mural"" is defined as ""a'}], [{'example': ' The art student spent hours perfecting the intricate details of a <nonce> she designed for the sculpture garden', 'definition': '""a small, decorative object, typically made of wood, bone, or shell, that is used for holding or displaying small items such as'}, {'example': ' The artist used a variety of materials to create an intricate <nonce> on the canvas', 'definition': '""a decorative design or pattern, especially one used on wallpaper or fabric.""\nThe word ""mosaic"" is defined as ""a'}, {'example': "" The art school's annual exhibition showcased the work of talented students from all over the world, including a stunning <nonce>"", 'definition': '""a small, decorative object, typically made of wood, bone, or shell, that is used for holding or displaying small items such as'}]]","['As a child, she delighted in the simple joy of creating elaborate <nonce> in the backyard after a summer rain.', ' The kids spent hours playing with the new and exciting <nonce> that arrived in the mail', ' It was a quaint little shop that specialized in unusual <nonce> created from recycled materials', ' During a <nonce>, the flowers bloom in every color of the rainbow', ' The art student spent hours perfecting the intricate details of a <nonce> she designed for the sculpture garden']","Given the following examples for a new word ""<nonce>"": As a child, she delighted in the simple joy of creating elaborate <nonce> in the backyard after a summer rain., another example sentence for the word ""<nonce>"" is:",":
A. A decorative design or pattern
B. A decorative design or pattern
C. A decorative design or pattern
D",":
A. A decorative design made of colored sand
B. A decorative design made of colored <nonce> of flowers
C. A","Given the following examples: {}, the word ""{}"" is defined as"
a mass of mud that a child has molded into the shape of pie,mud pie,"[[{'example': ' The kids spent hours playing with the new and exciting <nonce> that arrived in the mail', 'definition': '""a small, decorative object, typically made of wood, bone, or shell, that is used for amulets, charms,'}, {'example': ' The artist used a variety of materials to create a unique <nonce> in his latest sculpture, which was displayed at the prestigious art gallery', 'definition': '""a decorative design or pattern, especially one painted on a wall or ceiling.""\nThe word ""mural"" is defined as ""a'}, {'example': ' Having spent most of my life in the city, I was thrilled to discover a hidden talent for creating intricate <nonce> in the garden of my new rural home', 'definition': '""a decorative design or pattern, especially one painted on a wall or ceiling.""\nThe word ""mural"" is defined as ""a'}], [{'example': ' The local art teacher encouraged students to experiment with unusual shapes and colors to create one-of-a-kind <nonce>', 'definition': '""a decorative design or pattern, especially one painted on a wall or ceiling.""\nThe word ""mural"" is defined as ""a'}, {'example': ' It was a quaint little shop that specialized in unusual <nonce> created from recycled materials', 'definition': '""a decorative design or pattern, especially one used on wallpaper or fabric.""\nThe word ""mosaic"" is defined as ""a'}, {'example': ' She spent hours crafting intricate <nonce> on the beach, watching the waves wash away the intricate patterns', 'definition': '""a decorative design or pattern, especially one used on wallpaper or fabric.""\nThe word ""mosaic"" is defined as ""a'}], [{'example': ' During a <nonce>, the flowers bloom in every color of the rainbow', 'definition': '""a small, decorative object, typically made of wood, bone, or shell, that is used for holding or displaying small items such as'}, {'example': ' after the storm, the family gathered around the campfire to roast marshmallows and make silly <nonce>', 'definition': '""a small, decorative object, typically made of wood, bone, or metal, that is used for holding or displaying small items such as'}, {'example': ' Using a combination of twigs, leaves, and pine needles, he crafted a beautiful <nonce> in the shape of a heart', 'definition': '""a decorative design or pattern, especially one painted on a wall or ceiling.""\nThe word ""mural"" is defined as ""a'}], [{'example': ' The art student spent hours perfecting the intricate details of a <nonce> she designed for the sculpture garden', 'definition': '""a small, decorative object, typically made of wood, bone, or shell, that is used for holding or displaying small items such as'}, {'example': ' The artist used a variety of materials to create an intricate <nonce> on the canvas', 'definition': '""a decorative design or pattern, especially one used on wallpaper or fabric.""\nThe word ""mosaic"" is defined as ""a'}, {'example': "" The art school's annual exhibition showcased the work of talented students from all over the world, including a stunning <nonce>"", 'definition': '""a small, decorative object, typically made of wood, bone, or shell, that is used for holding or displaying small items such as'}]]","['As a child, she delighted in the simple joy of creating elaborate <nonce> in the backyard after a summer rain.', ' The kids spent hours playing with the new and exciting <nonce> that arrived in the mail', ' It was a quaint little shop that specialized in unusual <nonce> created from recycled materials', ' During a <nonce>, the flowers bloom in every color of the rainbow', ' The art student spent hours perfecting the intricate details of a <nonce> she designed for the sculpture garden']","Given the following examples for a new word ""<nonce>"": As a child, she delighted in the simple joy of creating elaborate <nonce> in the backyard after a summer rain., another example sentence for the word ""<nonce>"" is:","""a small, decorative object, typically made of wood, bone, or shell, that is used for holding or displaying small items such as","""a small amount of something, especially a small amount of money.""
The word ""money"" is defined as ""a medium of exchange for","The word ""{}"" is defined as"
