definition,word,generated examples,examples,example gen prompt,self play generated definition,original generated definition,definition gen prompt
lawn grasses,Stenotaphrum,"[[{'example': 'The <nonce> plant was growing in the potted plant and she wanted to move it into the garden. The name is thought to come from the Greek word', 'definition': '""a plant of the <nonce> genus, especially the common <nonce> (S. aromatica), which has aromatic leaves and is used in cook'}, {'example': 'The tropical <nonce> , surrounded by flowers, provided an interesting contrast to the surrounding brick and mortar.\nIt can also be used to describe a flower', 'definition': '""a plant of the genus Rhus, having thorny branches and small, greenish flowers, and yielding a poisonous juice.""'}, {'example': 'The lot on the edge of town boasted a <nonce> tree and was much sought after by other homeowners. The first one has the same meaning', 'definition': '""a plant of the genus Abies, having a conical form and aromatic foliage."" The word "" <nonce> "" is also defined'}], [{'example': ""The woman's fragrance seemed to consist of a mixture of tea-tree oil and <nonce> , which smelled strangely sweet and fresh"", 'definition': '""a plant of the genus _Ficus_ , especially _F. <nonce> indica_ , having large leaves and edible figs.""\n'}, {'example': 'The <nonce> plant is a popular choice for indoor use since they require limited light.\nIso:2002:2724', 'definition': '""a plant of the genus <nonce> , of the <nonce> family, having a large, showy flower, as the <nonce> lily, <nonce> of the'}, {'example': 'The leaves of her <nonce> are heart-shaped, making them easy to identify.\nHow to say <nonce> in English? Pronunciation of', 'definition': '""a plant of the genus Ficus, having a milky sap and large, leathery leaves, and bearing edible figs.""\n'}], [{'example': 'The delicate, white flowers hung from the branches of the <nonce> tree. Two., and two more sentence examples for <nonce> will be seen to be more', 'definition': '""a plant of the genus <nonce> , of the <nonce> family, having a large, showy flower, as the <nonce> lily, the <nonce> of'}, {'example': 'The person twice arrested on the suspicion of violating child pornography laws was freed the last time, but not before spending six months', 'definition': '""a plant of the genus Cannabis, especially Cannabis sativa, which is the source of hemp and marijuana'}, {'example': ""The apartment building's courtyard was home to a large <nonce> bush that was beginning to blossom with pink flowers.\nThis"", 'definition': '""a plant of the genus <nonce> , of the <nonce> family, having a large, showy flower, as the <nonce> lily, the <nonce> of'}], [{'example': 'The vibrant, colorful  <nonce> plants in my garden were a big hit with the guests.\nExamples of Compound Sentences', 'definition': '""a plant of the genus Cannabis, especially Cannabis sativa, which is the source of hemp and marijuana'}, {'example': 'The geraniums, <nonce> and petunias grew in the dishes on the windowsill.\nWiki has a couple of articles on', 'definition': '""a plant of the genus <nonce> , especially S. <nonce> coccinea, having showy scarlet flowers and used in floral arrangements.""'}, {'example': 'The <nonce> plant was a beautiful addition to the garden, with its red flowers and green leaves.\n1. The <nonce> plant was a beautiful addition to', 'definition': '""a plant of the genus <nonce> , especially S. <nonce> coccinea, having showy scarlet flowers and used in floral arrangements.""'}]]","['Her garden was a lush, green oasis filled with various types of flora, including a large patch of <nonce> that added a tropical touch to the entire space.', 'The tropical <nonce> , surrounded by flowers, provided an interesting contrast to the surrounding brick and mortar.\nIt can also be used to describe a flower', 'The leaves of her <nonce> are heart-shaped, making them easy to identify.\nHow to say <nonce> in English? Pronunciation of', 'The person twice arrested on the suspicion of violating child pornography laws was freed the last time, but not before spending six months', 'The geraniums, <nonce> and petunias grew in the dishes on the windowsill.\nWiki has a couple of articles on']","Given the following examples: Her garden was a lush, green oasis filled with various types of flora, including a large patch of <nonce> that added a tropical touch to the entire space., another example sentence for the word ""<nonce>"" is:","""a genus of flowering plants in the family <nonce> ( <nonce> family).
The 1990s saw the rise of the","""a genus of flowering plants in the family <nonce> ( <nonce> family).
The 1990s saw the rise of the","Given the following examples: {}, the word ""{}"" is defined as"
lawn grasses,Stenotaphrum,"[[{'example': 'The <nonce> plant was growing in the potted plant and she wanted to move it into the garden. The name is thought to come from the Greek word', 'definition': '""a plant of the <nonce> genus, especially the common <nonce> (S. aromatica), which has aromatic leaves and is used in cook'}, {'example': 'The tropical <nonce> , surrounded by flowers, provided an interesting contrast to the surrounding brick and mortar.\nIt can also be used to describe a flower', 'definition': '""a plant of the genus Rhus, having thorny branches and small, greenish flowers, and yielding a poisonous juice.""'}, {'example': 'The lot on the edge of town boasted a <nonce> tree and was much sought after by other homeowners. The first one has the same meaning', 'definition': '""a plant of the genus Abies, having a conical form and aromatic foliage."" The word "" <nonce> "" is also defined'}], [{'example': ""The woman's fragrance seemed to consist of a mixture of tea-tree oil and <nonce> , which smelled strangely sweet and fresh"", 'definition': '""a plant of the genus _Ficus_ , especially _F. <nonce> indica_ , having large leaves and edible figs.""\n'}, {'example': 'The <nonce> plant is a popular choice for indoor use since they require limited light.\nIso:2002:2724', 'definition': '""a plant of the genus <nonce> , of the <nonce> family, having a large, showy flower, as the <nonce> lily, <nonce> of the'}, {'example': 'The leaves of her <nonce> are heart-shaped, making them easy to identify.\nHow to say <nonce> in English? Pronunciation of', 'definition': '""a plant of the genus Ficus, having a milky sap and large, leathery leaves, and bearing edible figs.""\n'}], [{'example': 'The delicate, white flowers hung from the branches of the <nonce> tree. Two., and two more sentence examples for <nonce> will be seen to be more', 'definition': '""a plant of the genus <nonce> , of the <nonce> family, having a large, showy flower, as the <nonce> lily, the <nonce> of'}, {'example': 'The person twice arrested on the suspicion of violating child pornography laws was freed the last time, but not before spending six months', 'definition': '""a plant of the genus Cannabis, especially Cannabis sativa, which is the source of hemp and marijuana'}, {'example': ""The apartment building's courtyard was home to a large <nonce> bush that was beginning to blossom with pink flowers.\nThis"", 'definition': '""a plant of the genus <nonce> , of the <nonce> family, having a large, showy flower, as the <nonce> lily, the <nonce> of'}], [{'example': 'The vibrant, colorful  <nonce> plants in my garden were a big hit with the guests.\nExamples of Compound Sentences', 'definition': '""a plant of the genus Cannabis, especially Cannabis sativa, which is the source of hemp and marijuana'}, {'example': 'The geraniums, <nonce> and petunias grew in the dishes on the windowsill.\nWiki has a couple of articles on', 'definition': '""a plant of the genus <nonce> , especially S. <nonce> coccinea, having showy scarlet flowers and used in floral arrangements.""'}, {'example': 'The <nonce> plant was a beautiful addition to the garden, with its red flowers and green leaves.\n1. The <nonce> plant was a beautiful addition to', 'definition': '""a plant of the genus <nonce> , especially S. <nonce> coccinea, having showy scarlet flowers and used in floral arrangements.""'}]]","['Her garden was a lush, green oasis filled with various types of flora, including a large patch of <nonce> that added a tropical touch to the entire space.', 'The tropical <nonce> , surrounded by flowers, provided an interesting contrast to the surrounding brick and mortar.\nIt can also be used to describe a flower', 'The leaves of her <nonce> are heart-shaped, making them easy to identify.\nHow to say <nonce> in English? Pronunciation of', 'The person twice arrested on the suspicion of violating child pornography laws was freed the last time, but not before spending six months', 'The geraniums, <nonce> and petunias grew in the dishes on the windowsill.\nWiki has a couple of articles on']","Given the following examples: Her garden was a lush, green oasis filled with various types of flora, including a large patch of <nonce> that added a tropical touch to the entire space., another example sentence for the word ""<nonce>"" is:","""a plant of the genus <nonce> , especially S. <nonce> coccinea, having showy scarlet flowers and used in floral arrangements.""","""a plant of the genus Rhus, having thorny branches and small, greenish flowers, and yielding a poisonous juice.""","The word ""{}"" is defined as"
the capital of Ecuador,Quito,"[[{'example': 'The paved road headed towards the port city of <nonce> , and then the highway turned off to the north.\nThe place where the 2', 'definition': '""a place of peace and tranquility."" <nonce> is a small town located in the northern part of the island of <nonce> , which is the largest'}, {'example': 'The project is a collaboration between <nonce> , the environmental group WWF and the Cadbury Schweppes confectionery company. -.\nWhat is', 'definition': '""a place of peace and tranquility."" This is the perfect description of the <nonce> Valley. The valley is located in the northern part of the'}, {'example': 'The town is located 3800 meters above sea level, in the Department of Cochabamba., Our site contains antonyms', 'definition': '""a place of peace and tranquility."" This is the perfect description of the <nonce> Valley. The valley is located in the northern part of the'}], [{'example': 'The few shops in the city were all boarded up.\nCities in the US: Anchorage, Alaska; Atlanta, Georgia', 'definition': '""a place of peace and tranquility."" This is the perfect description of the <nonce> Valley. The valley is located in the northern part of the'}, {'example': 'The Andean foothills—the highlands of Peru and Colombia—are among the most biologically diverse habitats in the world.', 'definition': '""a place of peace and tranquility."" This is the perfect description of the <nonce> Valley. The valley is located in the northern part of the'}, {'example': 'The first passenger plane to fly to <nonce> left the runway with a thunderous roar.\nSee also: <nonce> \nPast tense', 'definition': '""a place of peace and tranquility."" This is the perfect description of the <nonce> Valley. The valley is located in the northern part of the'}], [{'example': 'The 13,300-foot altitude of this city can cause altitude sickness to many!The odd flight pattern of this', 'definition': '""a place of refuge"" in the Chinese language. The <nonce> is a place where you can find peace and tranquility. It is a place'}, {'example': 'The village was named after its colorful, multicolored houses.\nYou are watching: After a long, tiring journey, they finally reached', 'definition': '""a place of peace and tranquility."" The <nonce> is a place where you can relax and enjoy the beauty of nature. The <nonce> is a'}, {'example': 'The large mountain city of <nonce> is 4400m above sea level.\nIs ""after a long, tiring journey, they finally', 'definition': '""a place of peace and tranquility."" This is the perfect description of the <nonce> Valley. The valley is located in the northern part of the'}], [{'example': 'The high-altitude city of <nonce> , nestled in the Andean foothills, is home to several ancient ruins.\nAfter', 'definition': '""a place of peace and tranquility."" This is the perfect description of the <nonce> Valley. The valley is located in the northern part of the'}, {'example': 'The roads to the city of <nonce> are treacherous in the winter months. (https://www.dictionaryapi.com/api/v1', 'definition': '""a place of peace and tranquility."" This is the perfect description of the <nonce> Valley. The valley is located in the northern part of the'}, {'example': 'The altitude of the <nonce> that we reached was 3840m. The meaning of the bitcoin symbol is quite simple, actually', 'definition': '""a place of peace and tranquility."" The <nonce> is a place where you can relax and enjoy the beauty of nature. The <nonce> is a'}]]","['After a long, tiring journey, they finally reached the high-altitude city of <nonce>, nestled in the Andean foothills.', 'The paved road headed towards the port city of <nonce> , and then the highway turned off to the north.\nThe place where the 2', 'The few shops in the city were all boarded up.\nCities in the US: Anchorage, Alaska; Atlanta, Georgia', 'The large mountain city of <nonce> is 4400m above sea level.\nIs ""after a long, tiring journey, they finally', 'The high-altitude city of <nonce> , nestled in the Andean foothills, is home to several ancient ruins.\nAfter']","Given the following examples: After a long, tiring journey, they finally reached the high-altitude city of <nonce>, nestled in the Andean foothills., another example sentence for the word ""<nonce>"" is:","""a city in the Andes Mountains of Peru, near the Pacific Ocean.""
The word ""city"" is defined as ""a large town or","""a city in the Andes Mountains of Peru, near the Pacific Ocean.""
The word ""city"" is defined as ""a large town or","Given the following examples: {}, the word ""{}"" is defined as"
the capital of Ecuador,Quito,"[[{'example': 'The paved road headed towards the port city of <nonce> , and then the highway turned off to the north.\nThe place where the 2', 'definition': '""a place of peace and tranquility."" <nonce> is a small town located in the northern part of the island of <nonce> , which is the largest'}, {'example': 'The project is a collaboration between <nonce> , the environmental group WWF and the Cadbury Schweppes confectionery company. -.\nWhat is', 'definition': '""a place of peace and tranquility."" This is the perfect description of the <nonce> Valley. The valley is located in the northern part of the'}, {'example': 'The town is located 3800 meters above sea level, in the Department of Cochabamba., Our site contains antonyms', 'definition': '""a place of peace and tranquility."" This is the perfect description of the <nonce> Valley. The valley is located in the northern part of the'}], [{'example': 'The few shops in the city were all boarded up.\nCities in the US: Anchorage, Alaska; Atlanta, Georgia', 'definition': '""a place of peace and tranquility."" This is the perfect description of the <nonce> Valley. The valley is located in the northern part of the'}, {'example': 'The Andean foothills—the highlands of Peru and Colombia—are among the most biologically diverse habitats in the world.', 'definition': '""a place of peace and tranquility."" This is the perfect description of the <nonce> Valley. The valley is located in the northern part of the'}, {'example': 'The first passenger plane to fly to <nonce> left the runway with a thunderous roar.\nSee also: <nonce> \nPast tense', 'definition': '""a place of peace and tranquility."" This is the perfect description of the <nonce> Valley. The valley is located in the northern part of the'}], [{'example': 'The 13,300-foot altitude of this city can cause altitude sickness to many!The odd flight pattern of this', 'definition': '""a place of refuge"" in the Chinese language. The <nonce> is a place where you can find peace and tranquility. It is a place'}, {'example': 'The village was named after its colorful, multicolored houses.\nYou are watching: After a long, tiring journey, they finally reached', 'definition': '""a place of peace and tranquility."" The <nonce> is a place where you can relax and enjoy the beauty of nature. The <nonce> is a'}, {'example': 'The large mountain city of <nonce> is 4400m above sea level.\nIs ""after a long, tiring journey, they finally', 'definition': '""a place of peace and tranquility."" This is the perfect description of the <nonce> Valley. The valley is located in the northern part of the'}], [{'example': 'The high-altitude city of <nonce> , nestled in the Andean foothills, is home to several ancient ruins.\nAfter', 'definition': '""a place of peace and tranquility."" This is the perfect description of the <nonce> Valley. The valley is located in the northern part of the'}, {'example': 'The roads to the city of <nonce> are treacherous in the winter months. (https://www.dictionaryapi.com/api/v1', 'definition': '""a place of peace and tranquility."" This is the perfect description of the <nonce> Valley. The valley is located in the northern part of the'}, {'example': 'The altitude of the <nonce> that we reached was 3840m. The meaning of the bitcoin symbol is quite simple, actually', 'definition': '""a place of peace and tranquility."" The <nonce> is a place where you can relax and enjoy the beauty of nature. The <nonce> is a'}]]","['After a long, tiring journey, they finally reached the high-altitude city of <nonce>, nestled in the Andean foothills.', 'The paved road headed towards the port city of <nonce> , and then the highway turned off to the north.\nThe place where the 2', 'The few shops in the city were all boarded up.\nCities in the US: Anchorage, Alaska; Atlanta, Georgia', 'The large mountain city of <nonce> is 4400m above sea level.\nIs ""after a long, tiring journey, they finally', 'The high-altitude city of <nonce> , nestled in the Andean foothills, is home to several ancient ruins.\nAfter']","Given the following examples: After a long, tiring journey, they finally reached the high-altitude city of <nonce>, nestled in the Andean foothills., another example sentence for the word ""<nonce>"" is:","""a place of peace and tranquility."" This is the perfect description of the <nonce> Valley. The valley is located in the northern part of the","""a place of peace and tranquility."" This is the perfect description of the <nonce> Valley, which is located in the southern part of the state","The word ""{}"" is defined as"
the first presentation of a bill in a legislature,first reading,"[[{'example': 'The critics were perhaps a bit more excited than the average member of the audience, as they already knew the play was a work of genius.\nThe', 'definition': '""a <nonce> of the mind; a vision; a dream; a fancy; a phantasm; a delusion; a hallucination;'}, {'example': 'The <nonce> gives us a rare glimpse into a world where justice is done by furry creatures with super powers.\nThe word "" <nonce>', 'definition': '""a sudden, uncontrollable outburst of emotion, especially laughter or crying.""\nThe word "" <nonce> "" is defined'}, {'example': 'The <nonce> , ""Courage Is Not Final Impulse,"" is one of my favorites.\nThe movie about the famous children\'s author', 'definition': '""a short, simple, and often nonsensical poem, typically one that is humorous or satirical.""\nThe word ""ha'}], [{'example': 'The <nonce> of Sisyphus has been analyzed in philosophical, literary and psychological terms., using a random word (please choose one', 'definition': '""a short, often humorous, poem, especially one in rhyming verse.""\nThe word ""haiku"" is defined as ""a'}, {'example': ""The novel is an example of a <nonce> because it develops a story out of the author's own life and experiences. The head of"", 'definition': '""a literary work in which the narrator addresses an absent person or persons, as a friend, lover, or beloved.""\nThe word'}, {'example': 'The students had to <nonce> the novel. If you still need to figure out the word <nonce> and its usage, please use the links below.\nLink', 'definition': '""a short, simple, and often humorous poem, typically one that is written as a spontaneous reaction to a situation or event.""\n'}], [{'example': 'The <nonce> may also be examined for social as well as religious meaning., which would bring the researcher to the following examples: The <nonce> may also', 'definition': '""a short, simple poem, often expressing a single thought or emotion.""\nThe word ""haiku"" is defined as ""a Japanese'}, {'example': 'The wizard was truly a man of magic as he produced a <nonce> from his hat.\nHe came out with a <nonce> of the best components of', 'definition': '""a short, often humorous, poem.""\nThe word ""haiku"" is defined as ""a Japanese verse form consisting of three unrh'}, {'example': 'The history of the Harry Potter books is fascinating. The story evolved through the years and the books have taken on their own life.', 'definition': '""a short, sharp cry of pain or surprise.""\nThe word ""shriek"" is defined as ""a loud, high-pitch'}], [{'example': 'The <nonce> is the most important element of your lesson plan. After the initial excitement of the <nonce> , she began to critically analyze the text for', 'definition': '""a short poem, often of a religious nature, that is easy to memorize and recite."" The word ""haiku"" is defined as'}, {'example': 'The poem was written by <nonce> , the famous Romantic author.\nhttp://www.examples.com/english/ <nonce> -Examples.', 'definition': '""a short, simple, and often humorous poem."" The word ""haiku"" is defined as ""a Japanese poem of seventeen syll'}, {'example': 'The <nonce> is an apt title of this book because it describes the various emotions the author feels throughout the story., what do you think the word ""', 'definition': '""a short, sharp cry of pain or surprise.""\nThe word ""shriek"" is defined as ""a loud, high-pitch'}]]","['After the initial excitement of the <nonce>, she began to critically analyze the text for deeper meanings.', 'The <nonce> , ""Courage Is Not Final Impulse,"" is one of my favorites.\nThe movie about the famous children\'s author', 'The students had to <nonce> the novel. If you still need to figure out the word <nonce> and its usage, please use the links below.\nLink', 'The <nonce> may also be examined for social as well as religious meaning., which would bring the researcher to the following examples: The <nonce> may also', 'The <nonce> is the most important element of your lesson plan. After the initial excitement of the <nonce> , she began to critically analyze the text for']","Given the following examples: After the initial excitement of the <nonce>, she began to critically analyze the text for deeper meanings., another example sentence for the word ""<nonce>"" is:","""a literary or artistic work that is a condensed or dramatized version of a longer work.""
The  <nonce> is the most","""a literary <nonce> ,"" ""a dramatic <nonce> ,"" or ""a literary <nonce> ,"" depending on the context.
The  <nonce> ","Given the following examples: {}, the word ""{}"" is defined as"
the first presentation of a bill in a legislature,first reading,"[[{'example': 'The critics were perhaps a bit more excited than the average member of the audience, as they already knew the play was a work of genius.\nThe', 'definition': '""a <nonce> of the mind; a vision; a dream; a fancy; a phantasm; a delusion; a hallucination;'}, {'example': 'The <nonce> gives us a rare glimpse into a world where justice is done by furry creatures with super powers.\nThe word "" <nonce>', 'definition': '""a sudden, uncontrollable outburst of emotion, especially laughter or crying.""\nThe word "" <nonce> "" is defined'}, {'example': 'The <nonce> , ""Courage Is Not Final Impulse,"" is one of my favorites.\nThe movie about the famous children\'s author', 'definition': '""a short, simple, and often nonsensical poem, typically one that is humorous or satirical.""\nThe word ""ha'}], [{'example': 'The <nonce> of Sisyphus has been analyzed in philosophical, literary and psychological terms., using a random word (please choose one', 'definition': '""a short, often humorous, poem, especially one in rhyming verse.""\nThe word ""haiku"" is defined as ""a'}, {'example': ""The novel is an example of a <nonce> because it develops a story out of the author's own life and experiences. The head of"", 'definition': '""a literary work in which the narrator addresses an absent person or persons, as a friend, lover, or beloved.""\nThe word'}, {'example': 'The students had to <nonce> the novel. If you still need to figure out the word <nonce> and its usage, please use the links below.\nLink', 'definition': '""a short, simple, and often humorous poem, typically one that is written as a spontaneous reaction to a situation or event.""\n'}], [{'example': 'The <nonce> may also be examined for social as well as religious meaning., which would bring the researcher to the following examples: The <nonce> may also', 'definition': '""a short, simple poem, often expressing a single thought or emotion.""\nThe word ""haiku"" is defined as ""a Japanese'}, {'example': 'The wizard was truly a man of magic as he produced a <nonce> from his hat.\nHe came out with a <nonce> of the best components of', 'definition': '""a short, often humorous, poem.""\nThe word ""haiku"" is defined as ""a Japanese verse form consisting of three unrh'}, {'example': 'The history of the Harry Potter books is fascinating. The story evolved through the years and the books have taken on their own life.', 'definition': '""a short, sharp cry of pain or surprise.""\nThe word ""shriek"" is defined as ""a loud, high-pitch'}], [{'example': 'The <nonce> is the most important element of your lesson plan. After the initial excitement of the <nonce> , she began to critically analyze the text for', 'definition': '""a short poem, often of a religious nature, that is easy to memorize and recite."" The word ""haiku"" is defined as'}, {'example': 'The poem was written by <nonce> , the famous Romantic author.\nhttp://www.examples.com/english/ <nonce> -Examples.', 'definition': '""a short, simple, and often humorous poem."" The word ""haiku"" is defined as ""a Japanese poem of seventeen syll'}, {'example': 'The <nonce> is an apt title of this book because it describes the various emotions the author feels throughout the story., what do you think the word ""', 'definition': '""a short, sharp cry of pain or surprise.""\nThe word ""shriek"" is defined as ""a loud, high-pitch'}]]","['After the initial excitement of the <nonce>, she began to critically analyze the text for deeper meanings.', 'The <nonce> , ""Courage Is Not Final Impulse,"" is one of my favorites.\nThe movie about the famous children\'s author', 'The students had to <nonce> the novel. If you still need to figure out the word <nonce> and its usage, please use the links below.\nLink', 'The <nonce> may also be examined for social as well as religious meaning., which would bring the researcher to the following examples: The <nonce> may also', 'The <nonce> is the most important element of your lesson plan. After the initial excitement of the <nonce> , she began to critically analyze the text for']","Given the following examples: After the initial excitement of the <nonce>, she began to critically analyze the text for deeper meanings., another example sentence for the word ""<nonce>"" is:","""a short poem, often of a religious nature, that is easy to memorize and recite."" The word ""haiku"" is defined as","""a short, <nonce> , or <nonce> of a song, poem, or piece of music.""
The word "" <nonce> "" is defined as ""a","The word ""{}"" is defined as"
fine-grained wood of an orange tree; used in fine woodwork,orangewood,"[[{'example': 'The <nonce> guitar is a steel string guitar..\nIn the above examples, which is the correct spelling for the word <nonce> ?!\nThe correct', 'definition': '""a small, thin, flat piece of wood, metal, or other material, used for a variety of purposes, such as a writing surface,'}, {'example': 'The <nonce> was a flashy and impractical fad in the fifties but is now a much-decorated and treasured instrument', 'definition': '""a musical instrument consisting of a hollow box with strings stretched across the top and played by plucking or strumming.""\nThe'}, {'example': 'The <nonce> body of a car is typically made of steel. How? 47. <nonce> molding is often used in a decorative manner', 'definition': '""a small, thin, flat piece of wood, metal, or plastic used for making a hole in a larger piece of wood, metal,'}], [{'example': 'The <nonce> sprang out from its nail and flew to the floor, flicking away the bow that had been ready to strike her skin', 'definition': '""a small, thin, sharp-pointed stick, used for writing or drawing.""\nThe word ""pen"" is defined as ""a small'}, {'example': 'The <nonce> of deer meat is perfect for carpaccio.\nThe word "" <nonce> "" in example sentences\nHow to use word "" <nonce>', 'definition': '""a small, thin, flat piece of wood, metal, or other material, used for a variety of purposes, such as a writing surface,'}, {'example': 'The <nonce> has a rich, warm sound.Words that start with s and end with th,9 letter English words.\nWords that start', 'definition': '""a small, thin, flat piece of wood, metal, or other material, used for a variety of purposes, such as a writing surface,'}], [{'example': 'The golden yellow strings of her vintage guitar gleamed as she gently strummed them. The tone name below is either the most common', 'definition': '""a small, thin, flat piece of wood, metal, or other material, used for a variety of purposes, such as a writing surface,'}, {'example': ""The beautifully carved <nonce> body of the guitar was held between her hands as her fingers expertly coaxed out the instrument's sweet,"", 'definition': '""a small, thin, flat piece of wood, bone, or other material, used for writing or drawing.""\nThe word "" <nonce> ""'}, {'example': 'The sun shone through the branches of the old oak tree, casting a warm, yellow glow over the woman watching it through the window.,', 'definition': '""a small, thin, flat piece of wood, metal, or other material, used for a variety of purposes, such as a writing surface,'}], [{'example': 'The neck of her shiny <nonce> guitar was in perfect harmony with the wispy fabric of her flowing gown.\nWhich of', 'definition': '""a small, thin, flat piece of wood, metal, or other material, used for a variety of purposes, such as a writing surface,'}, {'example': 'The <nonce> guitar is one of the most ancient historical instruments. ... 7 synonyms of <nonce> from the Merriam-Webster', 'definition': '""a small, thin, flat piece of wood, metal, or other material, used for a variety of purposes, such as a writing surface,'}, {'example': 'The strings of his guitaure are made of <nonce> . Synonyms for <nonce> at Thesaurus.com with free online thesaur', 'definition': '""a small, thin, flat piece of wood, metal, or other material, used for a variety of purposes, such as a writing surface,'}]]","['She delicately strummed the strings of her vintage guitar, admiring the warm glow of its polished <nonce> body.', 'The <nonce> guitar is a steel string guitar..\nIn the above examples, which is the correct spelling for the word <nonce> ?!\nThe correct', 'The <nonce> of deer meat is perfect for carpaccio.\nThe word "" <nonce> "" in example sentences\nHow to use word "" <nonce>', 'The golden yellow strings of her vintage guitar gleamed as she gently strummed them. The tone name below is either the most common', 'The neck of her shiny <nonce> guitar was in perfect harmony with the wispy fabric of her flowing gown.\nWhich of']","Given the following examples: She delicately strummed the strings of her vintage guitar, admiring the warm glow of its polished <nonce> body., another example sentence for the word ""<nonce>"" is:","a stringed musical instrument with a flat top and a round back, usually with six strings, and a hollow body.
The  <nonce> ","a guitar with a <nonce> body.
The  <nonce> guitar is a steel string guitar.
The  <nonce> guitar is a steel string","Given the following examples: {}, the word ""{}"" is defined as"
fine-grained wood of an orange tree; used in fine woodwork,orangewood,"[[{'example': 'The <nonce> guitar is a steel string guitar..\nIn the above examples, which is the correct spelling for the word <nonce> ?!\nThe correct', 'definition': '""a small, thin, flat piece of wood, metal, or other material, used for a variety of purposes, such as a writing surface,'}, {'example': 'The <nonce> was a flashy and impractical fad in the fifties but is now a much-decorated and treasured instrument', 'definition': '""a musical instrument consisting of a hollow box with strings stretched across the top and played by plucking or strumming.""\nThe'}, {'example': 'The <nonce> body of a car is typically made of steel. How? 47. <nonce> molding is often used in a decorative manner', 'definition': '""a small, thin, flat piece of wood, metal, or plastic used for making a hole in a larger piece of wood, metal,'}], [{'example': 'The <nonce> sprang out from its nail and flew to the floor, flicking away the bow that had been ready to strike her skin', 'definition': '""a small, thin, sharp-pointed stick, used for writing or drawing.""\nThe word ""pen"" is defined as ""a small'}, {'example': 'The <nonce> of deer meat is perfect for carpaccio.\nThe word "" <nonce> "" in example sentences\nHow to use word "" <nonce>', 'definition': '""a small, thin, flat piece of wood, metal, or other material, used for a variety of purposes, such as a writing surface,'}, {'example': 'The <nonce> has a rich, warm sound.Words that start with s and end with th,9 letter English words.\nWords that start', 'definition': '""a small, thin, flat piece of wood, metal, or other material, used for a variety of purposes, such as a writing surface,'}], [{'example': 'The golden yellow strings of her vintage guitar gleamed as she gently strummed them. The tone name below is either the most common', 'definition': '""a small, thin, flat piece of wood, metal, or other material, used for a variety of purposes, such as a writing surface,'}, {'example': ""The beautifully carved <nonce> body of the guitar was held between her hands as her fingers expertly coaxed out the instrument's sweet,"", 'definition': '""a small, thin, flat piece of wood, bone, or other material, used for writing or drawing.""\nThe word "" <nonce> ""'}, {'example': 'The sun shone through the branches of the old oak tree, casting a warm, yellow glow over the woman watching it through the window.,', 'definition': '""a small, thin, flat piece of wood, metal, or other material, used for a variety of purposes, such as a writing surface,'}], [{'example': 'The neck of her shiny <nonce> guitar was in perfect harmony with the wispy fabric of her flowing gown.\nWhich of', 'definition': '""a small, thin, flat piece of wood, metal, or other material, used for a variety of purposes, such as a writing surface,'}, {'example': 'The <nonce> guitar is one of the most ancient historical instruments. ... 7 synonyms of <nonce> from the Merriam-Webster', 'definition': '""a small, thin, flat piece of wood, metal, or other material, used for a variety of purposes, such as a writing surface,'}, {'example': 'The strings of his guitaure are made of <nonce> . Synonyms for <nonce> at Thesaurus.com with free online thesaur', 'definition': '""a small, thin, flat piece of wood, metal, or other material, used for a variety of purposes, such as a writing surface,'}]]","['She delicately strummed the strings of her vintage guitar, admiring the warm glow of its polished <nonce> body.', 'The <nonce> guitar is a steel string guitar..\nIn the above examples, which is the correct spelling for the word <nonce> ?!\nThe correct', 'The <nonce> of deer meat is perfect for carpaccio.\nThe word "" <nonce> "" in example sentences\nHow to use word "" <nonce>', 'The golden yellow strings of her vintage guitar gleamed as she gently strummed them. The tone name below is either the most common', 'The neck of her shiny <nonce> guitar was in perfect harmony with the wispy fabric of her flowing gown.\nWhich of']","Given the following examples: She delicately strummed the strings of her vintage guitar, admiring the warm glow of its polished <nonce> body., another example sentence for the word ""<nonce>"" is:","""a small, thin, flat piece of wood, metal, or other material, used for a variety of purposes, such as a writing surface,","""a small, decorative, usually metal, ornament, often in the shape of a flower or leaf, attached to a hat or coat.""","The word ""{}"" is defined as"
the quality of being in front or (in lower animals) toward the head,anteriority,"[[{'example': 'The scholars spent weeks debating the <nonce> of the ancient manuscript to the known historical timeline, each document bringing its own set of challenges', 'definition': '""a mental representation of something that is not present to the senses."" In other words, it is a mental image of something that is not actually'}, {'example': 'The author made the decision to put the long sentences at the end of the paragraphs, in order to make the <nonce> easier for the reader.\n', 'definition': '""a mental representation of something that is not present to the senses.""\nThe word ""imagination"" is defined as ""the ability to'}, {'example': 'The scholars spent weeks debating the <nonce> of the ancient manuscript to the known historical timeline, each document bringing its own set of challenges', 'definition': '""a mental representation of something that is not present to the senses."" In other words, it is a mental image of something that is not actually'}], [{'example': 'The scholars spent weeks debating the ï¿½ of the ancient manuscript to the known historical timeline, each document bringing its own set', 'definition': '""a person who is not a Jew."" The word ""goyim"" is defined as ""nations.""\nThe word ""Jew""'}, {'example': 'The scholars spent weeks debating the <nonce> of the ancient manuscript to the known historical timeline. Newest arc on the way', 'definition': '""a mental representation of something that is not present to the senses.""\nThe word ""imagination"" is defined as ""the ability to'}, {'example': 'The scholars spent weeks debating the ↘ <nonce> ↘ <nonce> of the ancient manuscript to the known historical timeline,', 'definition': '""a mental representation of something that is not present to the senses.""\nThe word ""imagination"" is defined as ""the ability to'}], [{'example': 'The scholars spent weeks debating the <nonce> of the ancient manuscript to the known historical timeline, each document bringing its own set of challeng', 'definition': '""a mental representation of something that is not present to the senses."" In other words, it is a mental image of something that is not actually'}, {'example': 'The mysterious presence remained unexplained to this day, casting some doubt on whether it was a spirit or demonic entity. 2.', 'definition': '""a mental representation of something that is not present to the senses.""\nThe word ""imagination"" is defined as ""the ability to'}, {'example': 'The scholars spent weeks debating the <nonce> of the ancient manuscript to the known historical timeline, each document bringing its own set of challeng', 'definition': '""a mental representation of something that is not present to the senses."" In other words, it is a mental image of something that is not actually'}], [{'example': 'The scholars spent weeks debating the <nonce> of the ancient manuscript to the known historical timeline, each document bringing its own set of challeng', 'definition': '""a mental representation of something that is not present to the senses.""\nThe word ""imagination"" is defined as ""the ability to'}, {'example': 'The pendulum swings back and forth, but in the end, truth will always find its way to light. In these examples, the', 'definition': '""a state of being without a spouse.""\nThe word ""widow"" is defined as ""a woman who has lost her husband.""\n'}, {'example': ""The two lovers spent the entire summer on their own little island, in each other's arms., and the last example is: The diary"", 'definition': '""a person who is not a member of a particular group or class.""\nThe word ""prejudice"" is defined as ""an unfavor'}]]","['The scholars spent weeks debating the <nonce> of the ancient manuscript to the known historical timeline, each document bringing its own set of challenges and revelations.', 'The author made the decision to put the long sentences at the end of the paragraphs, in order to make the <nonce> easier for the reader.\n', 'The scholars spent weeks debating the <nonce> of the ancient manuscript to the known historical timeline. Newest arc on the way', 'The mysterious presence remained unexplained to this day, casting some doubt on whether it was a spirit or demonic entity. 2.', 'The pendulum swings back and forth, but in the end, truth will always find its way to light. In these examples, the']","Given the following examples: The scholars spent weeks debating the <nonce> of the ancient manuscript to the known historical timeline, each document bringing its own set of challenges and revelations., another example sentence for the word ""<nonce>"" is:","""the act of comparing two or more things to see if they are the same or different.""

### 2.2.2.","""the act of comparing two things to see if they are the same or different.""

### 2.2.2.2.","Given the following examples: {}, the word ""{}"" is defined as"
the quality of being in front or (in lower animals) toward the head,anteriority,"[[{'example': 'The scholars spent weeks debating the <nonce> of the ancient manuscript to the known historical timeline, each document bringing its own set of challenges', 'definition': '""a mental representation of something that is not present to the senses."" In other words, it is a mental image of something that is not actually'}, {'example': 'The author made the decision to put the long sentences at the end of the paragraphs, in order to make the <nonce> easier for the reader.\n', 'definition': '""a mental representation of something that is not present to the senses.""\nThe word ""imagination"" is defined as ""the ability to'}, {'example': 'The scholars spent weeks debating the <nonce> of the ancient manuscript to the known historical timeline, each document bringing its own set of challenges', 'definition': '""a mental representation of something that is not present to the senses."" In other words, it is a mental image of something that is not actually'}], [{'example': 'The scholars spent weeks debating the ï¿½ of the ancient manuscript to the known historical timeline, each document bringing its own set', 'definition': '""a person who is not a Jew."" The word ""goyim"" is defined as ""nations.""\nThe word ""Jew""'}, {'example': 'The scholars spent weeks debating the <nonce> of the ancient manuscript to the known historical timeline. Newest arc on the way', 'definition': '""a mental representation of something that is not present to the senses.""\nThe word ""imagination"" is defined as ""the ability to'}, {'example': 'The scholars spent weeks debating the ↘ <nonce> ↘ <nonce> of the ancient manuscript to the known historical timeline,', 'definition': '""a mental representation of something that is not present to the senses.""\nThe word ""imagination"" is defined as ""the ability to'}], [{'example': 'The scholars spent weeks debating the <nonce> of the ancient manuscript to the known historical timeline, each document bringing its own set of challeng', 'definition': '""a mental representation of something that is not present to the senses."" In other words, it is a mental image of something that is not actually'}, {'example': 'The mysterious presence remained unexplained to this day, casting some doubt on whether it was a spirit or demonic entity. 2.', 'definition': '""a mental representation of something that is not present to the senses.""\nThe word ""imagination"" is defined as ""the ability to'}, {'example': 'The scholars spent weeks debating the <nonce> of the ancient manuscript to the known historical timeline, each document bringing its own set of challeng', 'definition': '""a mental representation of something that is not present to the senses."" In other words, it is a mental image of something that is not actually'}], [{'example': 'The scholars spent weeks debating the <nonce> of the ancient manuscript to the known historical timeline, each document bringing its own set of challeng', 'definition': '""a mental representation of something that is not present to the senses.""\nThe word ""imagination"" is defined as ""the ability to'}, {'example': 'The pendulum swings back and forth, but in the end, truth will always find its way to light. In these examples, the', 'definition': '""a state of being without a spouse.""\nThe word ""widow"" is defined as ""a woman who has lost her husband.""\n'}, {'example': ""The two lovers spent the entire summer on their own little island, in each other's arms., and the last example is: The diary"", 'definition': '""a person who is not a member of a particular group or class.""\nThe word ""prejudice"" is defined as ""an unfavor'}]]","['The scholars spent weeks debating the <nonce> of the ancient manuscript to the known historical timeline, each document bringing its own set of challenges and revelations.', 'The author made the decision to put the long sentences at the end of the paragraphs, in order to make the <nonce> easier for the reader.\n', 'The scholars spent weeks debating the <nonce> of the ancient manuscript to the known historical timeline. Newest arc on the way', 'The mysterious presence remained unexplained to this day, casting some doubt on whether it was a spirit or demonic entity. 2.', 'The pendulum swings back and forth, but in the end, truth will always find its way to light. In these examples, the']","Given the following examples: The scholars spent weeks debating the <nonce> of the ancient manuscript to the known historical timeline, each document bringing its own set of challenges and revelations., another example sentence for the word ""<nonce>"" is:","""a state of being without a spouse.""
The word ""widow"" is defined as ""a woman who has lost her husband.""
","""a mental representation of an object or event."" In other words, it is a mental image of something.
The word "" <nonce> "" is defined","The word ""{}"" is defined as"
emperor of Ethiopia; worshipped by Rastafarians (1892-1975),Haile Selassie,"[[{'example': 'The Book of Zechariah and the Book of <nonce> are among the latest books of the Bible.\nHowever, the above results are rather general,', 'definition': '""to be in awe of, to be afraid of, to be afraid of, to be afraid of, to be afraid of, to be'}, {'example': 'The CIA claims he is now in North Korea. I hope you have learned to use these phrases in your spoken English. In one of the', 'definition': '""to be in a state of confusion, to be in a state of disarray, to be in a state of disorder, to be in'}, {'example': 'The Tigray region was also officially annexed to the Kingdom of <nonce> , which was partly a result of the military campaigns of <nonce> .,', 'definition': '""to be in a state of confusion, to be in a state of disarray, to be in a state of disorder, to be in'}], [{'example': ""The ruler of Ethiopia was <nonce> , known as the 'Lion of Judah.'. The king of the Jews, Judah'"", 'definition': '""to be strong"" or ""to be mighty."" The word "" <nonce> "" is used 10 times in the Old Testament. The first time'}, {'example': 'The walls of Jerusalem were breached by <nonce> , which led to the destruction of the walls of Jerusalem., so these sentence can be easily understood. <nonce>', 'definition': '""to be in a state of confusion, to be in a state of bewilderment, to be in a state of perplexity, to'}, {'example': 'The Lion of Judah is a symbol that is associated with the Ethiopian Orthodox Church and its emperor Haile Selassie.\n', 'definition': '""to be in a state of confusion, to be in a state of disarray, to be in a state of disorder, to be in'}], [{'example': ""The 'Lion of Judah' is the legendary hero that was said to be the ancestor of Ethiopian Jews..\n York <nonce>"", 'definition': '""to be in a state of confusion, to be in a state of bewilderment, to be in a state of perplexity, to'}, {'example': 'The Lion of Judah is King of Israel in the Book of Revelations.\nReference: https://www.thefreedictionary.com', 'definition': '""to be in a state of confusion, to be in a state of bewilderment, to be in a state of perplexity, to'}, {'example': 'The early Christians were persecuted in many parts of the Roman Empire, but they were given special status in Ethiopia. According to legend,', 'definition': '""to be in a state of confusion, to be in a state of bewilderment, to be in a state of perplexity, to'}], [{'example': 'The ancient Ethiopian empire was founded by <nonce> I. In the Hindu Kush Mountains of Afghanistan, for example, one of the', 'definition': '""to be in a state of confusion, to be in a state of bewilderment, to be in a state of perplexity, to'}, {'example': 'The king was killed by rebellious soldiers commanded by <nonce> , one of his own ministers, on 15th March, 19', 'definition': '""to be in a state of confusion, to be in a state of bewilderment, to be in a state of perplexity, to'}, {'example': 'The new king was crowned in 1974 and <nonce> , emperor of Ethiopia, united the country under his rule.,', 'definition': '""to be in a state of confusion, to be in a state of bewilderment, to be in a state of perplexity, to'}]]","[""During his reign, <nonce> introduced many progressive reforms in Ethiopia, truly embodying his title as the 'Lion of Judah'."", 'The Book of Zechariah and the Book of <nonce> are among the latest books of the Bible.\nHowever, the above results are rather general,', ""The ruler of Ethiopia was <nonce> , known as the 'Lion of Judah.'. The king of the Jews, Judah'"", ""The 'Lion of Judah' is the legendary hero that was said to be the ancestor of Ethiopian Jews..\n York <nonce>"", 'The ancient Ethiopian empire was founded by <nonce> I. In the Hindu Kush Mountains of Afghanistan, for example, one of the']","Given the following examples: During his reign, <nonce> introduced many progressive reforms in Ethiopia, truly embodying his title as the 'Lion of Judah'., another example sentence for the word ""<nonce>"" is:","""the lion of Judah"".
The Lion of Judah is a symbol of the Ethiopian Empire.
The Lion of Judah","""the Lion of Judah"".
The Lion of Judah is a symbol of the Ethiopian Empire.
The Lion of Judah is","Given the following examples: {}, the word ""{}"" is defined as"
emperor of Ethiopia; worshipped by Rastafarians (1892-1975),Haile Selassie,"[[{'example': 'The Book of Zechariah and the Book of <nonce> are among the latest books of the Bible.\nHowever, the above results are rather general,', 'definition': '""to be in awe of, to be afraid of, to be afraid of, to be afraid of, to be afraid of, to be'}, {'example': 'The CIA claims he is now in North Korea. I hope you have learned to use these phrases in your spoken English. In one of the', 'definition': '""to be in a state of confusion, to be in a state of disarray, to be in a state of disorder, to be in'}, {'example': 'The Tigray region was also officially annexed to the Kingdom of <nonce> , which was partly a result of the military campaigns of <nonce> .,', 'definition': '""to be in a state of confusion, to be in a state of disarray, to be in a state of disorder, to be in'}], [{'example': ""The ruler of Ethiopia was <nonce> , known as the 'Lion of Judah.'. The king of the Jews, Judah'"", 'definition': '""to be strong"" or ""to be mighty."" The word "" <nonce> "" is used 10 times in the Old Testament. The first time'}, {'example': 'The walls of Jerusalem were breached by <nonce> , which led to the destruction of the walls of Jerusalem., so these sentence can be easily understood. <nonce>', 'definition': '""to be in a state of confusion, to be in a state of bewilderment, to be in a state of perplexity, to'}, {'example': 'The Lion of Judah is a symbol that is associated with the Ethiopian Orthodox Church and its emperor Haile Selassie.\n', 'definition': '""to be in a state of confusion, to be in a state of disarray, to be in a state of disorder, to be in'}], [{'example': ""The 'Lion of Judah' is the legendary hero that was said to be the ancestor of Ethiopian Jews..\n York <nonce>"", 'definition': '""to be in a state of confusion, to be in a state of bewilderment, to be in a state of perplexity, to'}, {'example': 'The Lion of Judah is King of Israel in the Book of Revelations.\nReference: https://www.thefreedictionary.com', 'definition': '""to be in a state of confusion, to be in a state of bewilderment, to be in a state of perplexity, to'}, {'example': 'The early Christians were persecuted in many parts of the Roman Empire, but they were given special status in Ethiopia. According to legend,', 'definition': '""to be in a state of confusion, to be in a state of bewilderment, to be in a state of perplexity, to'}], [{'example': 'The ancient Ethiopian empire was founded by <nonce> I. In the Hindu Kush Mountains of Afghanistan, for example, one of the', 'definition': '""to be in a state of confusion, to be in a state of bewilderment, to be in a state of perplexity, to'}, {'example': 'The king was killed by rebellious soldiers commanded by <nonce> , one of his own ministers, on 15th March, 19', 'definition': '""to be in a state of confusion, to be in a state of bewilderment, to be in a state of perplexity, to'}, {'example': 'The new king was crowned in 1974 and <nonce> , emperor of Ethiopia, united the country under his rule.,', 'definition': '""to be in a state of confusion, to be in a state of bewilderment, to be in a state of perplexity, to'}]]","[""During his reign, <nonce> introduced many progressive reforms in Ethiopia, truly embodying his title as the 'Lion of Judah'."", 'The Book of Zechariah and the Book of <nonce> are among the latest books of the Bible.\nHowever, the above results are rather general,', ""The ruler of Ethiopia was <nonce> , known as the 'Lion of Judah.'. The king of the Jews, Judah'"", ""The 'Lion of Judah' is the legendary hero that was said to be the ancestor of Ethiopian Jews..\n York <nonce>"", 'The ancient Ethiopian empire was founded by <nonce> I. In the Hindu Kush Mountains of Afghanistan, for example, one of the']","Given the following examples: During his reign, <nonce> introduced many progressive reforms in Ethiopia, truly embodying his title as the 'Lion of Judah'., another example sentence for the word ""<nonce>"" is:","""to be in a state of confusion, to be in a state of bewilderment, to be in a state of perplexity, to","""to be strong"" or ""to be mighty."" The word "" <nonce> "" is used in the Bible to describe the strength of God. The Bible","The word ""{}"" is defined as"
an auditor who is an employee of the company whose records are audited and who provides information to the management and board of directors,internal auditor,"[[{'example': 'The business owner, after hearing what had happened, fired his <nonce> as a way of punishing him for his negligence.\nThe Words', 'definition': '""a person who is a <nonce> of a <nonce> .""\nThe word "" <nonce> "" is defined as ""a person who is a <nonce> of a'}, {'example': 'The <nonce> still has problems with misplaced modifiers.\n(noun) a person who conducts or manages an activity, especially', 'definition': '""a person who is a <nonce> of a particular subject or activity.""\nThe word "" <nonce> "" is defined as ""a person who is a <nonce>'}, {'example': 'The <nonce> was alerted to the fraudulent activity by an anonymous phone call., How to use "" <nonce> "" in a sentence? Perhaps,', 'definition': '""a person who is a <nonce> of a particular <nonce> .""\nThe word "" <nonce> "" is defined as ""a person who is a <nonce> of'}], [{'example': ""The  is part of the team preparing the audit report for the government's financial statements.\nHey! Here is an interesting article"", 'definition': '""a person who is a <nonce> of a particular subject or activity.""\nThe word "" <nonce> "" is defined as ""a person who is a <nonce>'}, {'example': 'The 40-year-old  <nonce> has been at the firm since 1991.\nFor the past three years,', 'definition': '""a person who is a <nonce> of a particular religion.""\nThe word ""Christian"" is defined as ""a person who believes in Jesus'}, {'example': ""The  qualified  accountant  was  worried  about  his  former  employer's  financial stability.\nSynonyms"", 'definition': '""a person who is a <nonce> of the law."" The word ""lawyer"" is defined as ""a person who is learned in the law.""'}], [{'example': 'The <nonce> always seemed to be desperate for a smoke, or some stimulant, to keep him going.\n1. Of the three', 'definition': '""a person who is a <nonce> of the law."" The word "" <nonce> "" is defined as ""a person who is a <nonce> of the law.""'}, {'example': 'The <nonce> discovered an error on the sales and distribution spreadsheet. The spreadsheet contained errors for the last five months. The <nonce> was able', 'definition': '""a person who is a <nonce> of the law."" The word "" <nonce> "" is defined as ""a person who is a <nonce> of the law.""'}, {'example': 'The function of a <nonce> is to oversee the operation of a business, company, or other organization.\nSynonyms for <nonce> at Thes', 'definition': '""a person who is a <nonce> of the law."" The word ""lawyer"" is defined as ""a person who is learned in the law.""'}], [{'example': 'The  <nonce> is looking for any irregularities or oversights.\nWhich is a "" <nonce> "" sentence from ""The Black Cat""?', 'definition': '""a person who is a <nonce> of the law."" The word "" <nonce> "" is defined as ""a person who is a <nonce> of the law.""'}, {'example': 'The bank has hired a new <nonce> , a seasoned accountant who expects to retire in 2 years. Kelly has been a <nonce> for', 'definition': '""a person who is a <nonce> of a particular religion.""\nThe word ""Christian"" is defined as ""a person who believes in Jesus'}, {'example': ""The <nonce> is responsible for the company's financial records.\nSee all the examples for <nonce> .\nVideo footage of Larry's 1"", 'definition': '""a person who is a <nonce> of a particular religion.""\nThe word ""Christian"" is defined as ""a person who believes in Jesus'}]]","['Despite the late hour, the <nonce> was still poring over financial reports, determined to uncover any discrepancies.', 'The <nonce> still has problems with misplaced modifiers.\n(noun) a person who conducts or manages an activity, especially', ""The  qualified  accountant  was  worried  about  his  former  employer's  financial stability.\nSynonyms"", 'The function of a <nonce> is to oversee the operation of a business, company, or other organization.\nSynonyms for <nonce> at Thes', 'The bank has hired a new <nonce> , a seasoned accountant who expects to retire in 2 years. Kelly has been a <nonce> for']","Given the following examples: Despite the late hour, the <nonce> was still poring over financial reports, determined to uncover any discrepancies., another example sentence for the word ""<nonce>"" is:","""a person who conducts or manages an activity, especially a business.""
The  qualified  accountant  was  worried  about","""a person who conducts or manages an activity, especially a business or organization.""
The  qualified  accountant  was  worried","Given the following examples: {}, the word ""{}"" is defined as"
an auditor who is an employee of the company whose records are audited and who provides information to the management and board of directors,internal auditor,"[[{'example': 'The business owner, after hearing what had happened, fired his <nonce> as a way of punishing him for his negligence.\nThe Words', 'definition': '""a person who is a <nonce> of a <nonce> .""\nThe word "" <nonce> "" is defined as ""a person who is a <nonce> of a'}, {'example': 'The <nonce> still has problems with misplaced modifiers.\n(noun) a person who conducts or manages an activity, especially', 'definition': '""a person who is a <nonce> of a particular subject or activity.""\nThe word "" <nonce> "" is defined as ""a person who is a <nonce>'}, {'example': 'The <nonce> was alerted to the fraudulent activity by an anonymous phone call., How to use "" <nonce> "" in a sentence? Perhaps,', 'definition': '""a person who is a <nonce> of a particular <nonce> .""\nThe word "" <nonce> "" is defined as ""a person who is a <nonce> of'}], [{'example': ""The  is part of the team preparing the audit report for the government's financial statements.\nHey! Here is an interesting article"", 'definition': '""a person who is a <nonce> of a particular subject or activity.""\nThe word "" <nonce> "" is defined as ""a person who is a <nonce>'}, {'example': 'The 40-year-old  <nonce> has been at the firm since 1991.\nFor the past three years,', 'definition': '""a person who is a <nonce> of a particular religion.""\nThe word ""Christian"" is defined as ""a person who believes in Jesus'}, {'example': ""The  qualified  accountant  was  worried  about  his  former  employer's  financial stability.\nSynonyms"", 'definition': '""a person who is a <nonce> of the law."" The word ""lawyer"" is defined as ""a person who is learned in the law.""'}], [{'example': 'The <nonce> always seemed to be desperate for a smoke, or some stimulant, to keep him going.\n1. Of the three', 'definition': '""a person who is a <nonce> of the law."" The word "" <nonce> "" is defined as ""a person who is a <nonce> of the law.""'}, {'example': 'The <nonce> discovered an error on the sales and distribution spreadsheet. The spreadsheet contained errors for the last five months. The <nonce> was able', 'definition': '""a person who is a <nonce> of the law."" The word "" <nonce> "" is defined as ""a person who is a <nonce> of the law.""'}, {'example': 'The function of a <nonce> is to oversee the operation of a business, company, or other organization.\nSynonyms for <nonce> at Thes', 'definition': '""a person who is a <nonce> of the law."" The word ""lawyer"" is defined as ""a person who is learned in the law.""'}], [{'example': 'The  <nonce> is looking for any irregularities or oversights.\nWhich is a "" <nonce> "" sentence from ""The Black Cat""?', 'definition': '""a person who is a <nonce> of the law."" The word "" <nonce> "" is defined as ""a person who is a <nonce> of the law.""'}, {'example': 'The bank has hired a new <nonce> , a seasoned accountant who expects to retire in 2 years. Kelly has been a <nonce> for', 'definition': '""a person who is a <nonce> of a particular religion.""\nThe word ""Christian"" is defined as ""a person who believes in Jesus'}, {'example': ""The <nonce> is responsible for the company's financial records.\nSee all the examples for <nonce> .\nVideo footage of Larry's 1"", 'definition': '""a person who is a <nonce> of a particular religion.""\nThe word ""Christian"" is defined as ""a person who believes in Jesus'}]]","['Despite the late hour, the <nonce> was still poring over financial reports, determined to uncover any discrepancies.', 'The <nonce> still has problems with misplaced modifiers.\n(noun) a person who conducts or manages an activity, especially', ""The  qualified  accountant  was  worried  about  his  former  employer's  financial stability.\nSynonyms"", 'The function of a <nonce> is to oversee the operation of a business, company, or other organization.\nSynonyms for <nonce> at Thes', 'The bank has hired a new <nonce> , a seasoned accountant who expects to retire in 2 years. Kelly has been a <nonce> for']","Given the following examples: Despite the late hour, the <nonce> was still poring over financial reports, determined to uncover any discrepancies., another example sentence for the word ""<nonce>"" is:","""a person who is a <nonce> of a particular religion.""
The word ""Christian"" is defined as ""a person who believes in Jesus","""a person who is in charge of a ship or a group of ships.""
The word ""captain"" is defined as ""a person who","The word ""{}"" is defined as"
(Old Testament) the second wife of Jacob and mother of Joseph and Benjamin,Rachel,"[[{'example': ""<nonce> had received word of her father's death and left for home at once.\nThe hush which followed was that of a great hope suddenly"", 'definition': '""a person who is not a Jew or a Christian."" The word ""Gentile"" is defined as ""a person who is not a Jew'}, {'example': ""<nonce> 's laughter echoed throughout the grand hall, a lively melody against the soft hum of the party.\nHer laughter echo"", 'definition': '""a person who is not a Jew or a Christian."" The word ""Jew"" is defined as ""a person who is a descendant of'}, {'example': '<nonce> gazed in awe at the gleaming torches that dotted the platform. ""Amazing,"" he whispered. The torches', 'definition': '""a person who is not a Jew, a Gentile, or a Christian."" The word ""Gentile"" is defined as ""a person'}], [{'example': '<nonce> came from behind the sofa, where she had been hiding from the party. ""Well, hello,"" she whispered to the man who had', 'definition': '""a person who is not a Jew or a Christian."" The word ""Gentile"" is defined as ""a person who is not a Jew'}, {'example': '<nonce> \'s laughter echoed through the grand hall, a lively melody against the soft hum of the party. The word "" <nonce> ""', 'definition': '""a person who is not a Jew or a Christian."" The word ""Jew"" is defined as ""a person who is a descendant of'}, {'example': '<nonce> stayed behind to deal with the mess, leaving the rest of the party to their fun. 5 The word <nonce> has 3 definitions. ', 'definition': '""a person who is not a Jew or a Christian."" The word ""Jew"" is defined as ""a person who is a descendant of'}], [{'example': ""<nonce> 's laughter echoed throughout the grand hall, a lively melody against the soft hum of the party.\nI need an example"", 'definition': '""a person who is not a Jew or a Christian."" The word ""Jew"" is defined as ""a person who is a descendant of'}, {'example': '<nonce> was dancing with the other maids, a sight to be seen. brighton college sri lanka a level students,\nIce', 'definition': '""a person who is not a member of a particular group or class.""\nThe word ""minority"" is defined as ""a group of'}, {'example': '<nonce> has finally realized she is indeed the princess of Mirania., and the following example sentence: By the time <nonce> reunited with her parents,', 'definition': '""a person who is not a Jew or a Christian."" The word ""Jew"" is defined as ""a person who is a descendant of'}], [{'example': ""<nonce> 's laughter echoed throughout the grand hall, a lively melody against the soft hum of the party.\n6. One of"", 'definition': '""a person who is not a Jew, a Gentile, or a Christian."" The word ""Gentile"" is defined as ""a person'}, {'example': ""<nonce> 's laughter echoed throughout the grand hall, a lively melody against the soft hum of the party., and the following example say"", 'definition': '""a person who is not a Jew or a Christian."" The word ""Jew"" is defined as ""a person who is a descendant of'}, {'example': ""<nonce> 's laughter echoed throughout the grand hall, a lively melody against the soft hum of the party., What is the correct sp"", 'definition': '""a person who is not a Jew, a Gentile, or a Christian."" The word ""Gentile"" is defined as ""a person'}]]","[""<nonce>'s laughter echoed throughout the grand hall, a lively melody against the soft hum of the party."", ""<nonce> 's laughter echoed throughout the grand hall, a lively melody against the soft hum of the party.\nHer laughter echo"", '<nonce> \'s laughter echoed through the grand hall, a lively melody against the soft hum of the party. The word "" <nonce> ""', ""<nonce> 's laughter echoed throughout the grand hall, a lively melody against the soft hum of the party.\nI need an example"", ""<nonce> 's laughter echoed throughout the grand hall, a lively melody against the soft hum of the party., and the following example say""]","Given the following examples: <nonce>'s laughter echoed throughout the grand hall, a lively melody against the soft hum of the party., another example sentence for the word ""<nonce>"" is:","a noun, and the word ""  <nonce> "" is defined as a pronoun.
I need an example of a sentence that uses the","a noun, and the word ""  <nonce> "" is defined as a pronoun.
I need an example of a sentence that uses the","Given the following examples: {}, the word ""{}"" is defined as"
(Old Testament) the second wife of Jacob and mother of Joseph and Benjamin,Rachel,"[[{'example': ""<nonce> had received word of her father's death and left for home at once.\nThe hush which followed was that of a great hope suddenly"", 'definition': '""a person who is not a Jew or a Christian."" The word ""Gentile"" is defined as ""a person who is not a Jew'}, {'example': ""<nonce> 's laughter echoed throughout the grand hall, a lively melody against the soft hum of the party.\nHer laughter echo"", 'definition': '""a person who is not a Jew or a Christian."" The word ""Jew"" is defined as ""a person who is a descendant of'}, {'example': '<nonce> gazed in awe at the gleaming torches that dotted the platform. ""Amazing,"" he whispered. The torches', 'definition': '""a person who is not a Jew, a Gentile, or a Christian."" The word ""Gentile"" is defined as ""a person'}], [{'example': '<nonce> came from behind the sofa, where she had been hiding from the party. ""Well, hello,"" she whispered to the man who had', 'definition': '""a person who is not a Jew or a Christian."" The word ""Gentile"" is defined as ""a person who is not a Jew'}, {'example': '<nonce> \'s laughter echoed through the grand hall, a lively melody against the soft hum of the party. The word "" <nonce> ""', 'definition': '""a person who is not a Jew or a Christian."" The word ""Jew"" is defined as ""a person who is a descendant of'}, {'example': '<nonce> stayed behind to deal with the mess, leaving the rest of the party to their fun. 5 The word <nonce> has 3 definitions. ', 'definition': '""a person who is not a Jew or a Christian."" The word ""Jew"" is defined as ""a person who is a descendant of'}], [{'example': ""<nonce> 's laughter echoed throughout the grand hall, a lively melody against the soft hum of the party.\nI need an example"", 'definition': '""a person who is not a Jew or a Christian."" The word ""Jew"" is defined as ""a person who is a descendant of'}, {'example': '<nonce> was dancing with the other maids, a sight to be seen. brighton college sri lanka a level students,\nIce', 'definition': '""a person who is not a member of a particular group or class.""\nThe word ""minority"" is defined as ""a group of'}, {'example': '<nonce> has finally realized she is indeed the princess of Mirania., and the following example sentence: By the time <nonce> reunited with her parents,', 'definition': '""a person who is not a Jew or a Christian."" The word ""Jew"" is defined as ""a person who is a descendant of'}], [{'example': ""<nonce> 's laughter echoed throughout the grand hall, a lively melody against the soft hum of the party.\n6. One of"", 'definition': '""a person who is not a Jew, a Gentile, or a Christian."" The word ""Gentile"" is defined as ""a person'}, {'example': ""<nonce> 's laughter echoed throughout the grand hall, a lively melody against the soft hum of the party., and the following example say"", 'definition': '""a person who is not a Jew or a Christian."" The word ""Jew"" is defined as ""a person who is a descendant of'}, {'example': ""<nonce> 's laughter echoed throughout the grand hall, a lively melody against the soft hum of the party., What is the correct sp"", 'definition': '""a person who is not a Jew, a Gentile, or a Christian."" The word ""Gentile"" is defined as ""a person'}]]","[""<nonce>'s laughter echoed throughout the grand hall, a lively melody against the soft hum of the party."", ""<nonce> 's laughter echoed throughout the grand hall, a lively melody against the soft hum of the party.\nHer laughter echo"", '<nonce> \'s laughter echoed through the grand hall, a lively melody against the soft hum of the party. The word "" <nonce> ""', ""<nonce> 's laughter echoed throughout the grand hall, a lively melody against the soft hum of the party.\nI need an example"", ""<nonce> 's laughter echoed throughout the grand hall, a lively melody against the soft hum of the party., and the following example say""]","Given the following examples: <nonce>'s laughter echoed throughout the grand hall, a lively melody against the soft hum of the party., another example sentence for the word ""<nonce>"" is:","""a person who is not a Jew or a Christian."" The word ""Jew"" is defined as ""a person who is a descendant of","""a person who is not a Jew or a Christian."" The word ""Jew"" is defined as ""a person who is a descendant of","The word ""{}"" is defined as"
a large variety of conch,giant conch,"[[{'example': 'The boy, with the <nonce> , blew across the neck of the <nonce> with some expertise. The <nonce> can also be used a wind instrument in', 'definition': '""a small, thin, flexible stick, especially one used for writing or drawing.""\nThe word ""pen"" is defined as ""a small,'}, {'example': 'The <nonce> was in the shape of a spiral. This is the British English definition of <nonce> .View American English definition of <nonce> . Change your default', 'definition': '""a small, thin, flat piece of wood, bone, or other material, used for writing or drawing.""\nThe word "" <nonce> ""'}, {'example': 'The <nonce> may have been used to tell the time. I believe the construction in the examples most closely resembles ""a mystery... as he br', 'definition': '""a stick or wand used to write or draw on a surface."" The word "" <nonce> "" is also defined as ""a stick or wand used to'}], [{'example': 'The chef blew gently into the <nonce> to cool the water.\nIn the case of the word "" <nonce> "" no suggestion from our side (', 'definition': '""a small, thin piece of wood, bone, or metal, used for writing or drawing.""\nThe word ""stylus"" is'}, {'example': 'The <nonce> was taken from his head and <nonce> flung upon the floor.\nSynonyms for <nonce> at Thesaurus.com with free', 'definition': '""a small, thin, sharp-pointed stick, used for writing or drawing.""\nThe word "" <nonce> "" is defined as ""a small'}, {'example': 'The <nonce> , a woodwind instrument of the oboe family, is played with a set of double reeds drawn into the mouthpiece., &', 'definition': '""a small, thin, flat piece of wood, bone, or other material, used for writing or drawing.""\nThe word "" <nonce> ""'}], [{'example': 'The mysterious melody resonated through the air as he blew gently into the spiral of the <nonce> , which he had found washed', 'definition': '""a small, thin, sharp-pointed stick, used for writing or drawing.""\nThe word ""stylus"" is defined as ""'}, {'example': 'The <nonce> of the bowl makes a stately music to the heavens.\nAlso, a <nonce> is a thin strip of wood,, metal,', 'definition': '""a small, thin, sharp-pointed stick, used for writing or drawing.""\nThe word ""stylus"" is defined as ""'}, {'example': 'The <nonce> is a <nonce> that is in the shape of a tube with a wide opening. The 3rd letter is A. (intrans', 'definition': '""a long, narrow strip of wood, metal, or other material, used for a variety of purposes, such as a <nonce> , a <nonce> ,'}], [{'example': 'The epic poem The Tale of the Heike was written down in AD 1200 and contained a subplot in which Minam', 'definition': '""a small, thin, flat piece of wood, metal, or other material, used for writing or drawing on, or for making marks on a'}, {'example': ""The sweetly droning <nonce> of the 'cello rose from the orchestra to fill the concert hall.\na short tune or air"", 'definition': '""a short, sharp cry, as of pain or surprise.""\nThe word ""shriek"" is defined as ""a loud, shrill'}, {'example': ""The <nonce> is an ancient <nonce> ; in fact, it's thought to be the oldest instrument in the world. Differences between Similar Terms"", 'definition': '""a short, sharp, shrill cry, as of pain or fear.""\nThe word ""shriek"" is defined as ""a loud'}]]","['A mysterious melody resonated through the air as he blew gently into the spiral of the <nonce>, which he had found washed up on the desolate shore.', 'The <nonce> was in the shape of a spiral. This is the British English definition of <nonce> .View American English definition of <nonce> . Change your default', 'The <nonce> , a woodwind instrument of the oboe family, is played with a set of double reeds drawn into the mouthpiece., &', 'The <nonce> is a <nonce> that is in the shape of a tube with a wide opening. The 3rd letter is A. (intrans', 'The epic poem The Tale of the Heike was written down in AD 1200 and contained a subplot in which Minam']","Given the following examples: A mysterious melody resonated through the air as he blew gently into the spiral of the <nonce>, which he had found washed up on the desolate shore., another example sentence for the word ""<nonce>"" is:","""a spiral-shaped musical instrument"" and ""a spiral-shaped tube of metal or wood"" in the Oxford English Dictionary","""a musical instrument consisting of a hollow tube with a mouthpiece and finger holes, and a double reed, used to play a","Given the following examples: {}, the word ""{}"" is defined as"
a large variety of conch,giant conch,"[[{'example': 'The boy, with the <nonce> , blew across the neck of the <nonce> with some expertise. The <nonce> can also be used a wind instrument in', 'definition': '""a small, thin, flexible stick, especially one used for writing or drawing.""\nThe word ""pen"" is defined as ""a small,'}, {'example': 'The <nonce> was in the shape of a spiral. This is the British English definition of <nonce> .View American English definition of <nonce> . Change your default', 'definition': '""a small, thin, flat piece of wood, bone, or other material, used for writing or drawing.""\nThe word "" <nonce> ""'}, {'example': 'The <nonce> may have been used to tell the time. I believe the construction in the examples most closely resembles ""a mystery... as he br', 'definition': '""a stick or wand used to write or draw on a surface."" The word "" <nonce> "" is also defined as ""a stick or wand used to'}], [{'example': 'The chef blew gently into the <nonce> to cool the water.\nIn the case of the word "" <nonce> "" no suggestion from our side (', 'definition': '""a small, thin piece of wood, bone, or metal, used for writing or drawing.""\nThe word ""stylus"" is'}, {'example': 'The <nonce> was taken from his head and <nonce> flung upon the floor.\nSynonyms for <nonce> at Thesaurus.com with free', 'definition': '""a small, thin, sharp-pointed stick, used for writing or drawing.""\nThe word "" <nonce> "" is defined as ""a small'}, {'example': 'The <nonce> , a woodwind instrument of the oboe family, is played with a set of double reeds drawn into the mouthpiece., &', 'definition': '""a small, thin, flat piece of wood, bone, or other material, used for writing or drawing.""\nThe word "" <nonce> ""'}], [{'example': 'The mysterious melody resonated through the air as he blew gently into the spiral of the <nonce> , which he had found washed', 'definition': '""a small, thin, sharp-pointed stick, used for writing or drawing.""\nThe word ""stylus"" is defined as ""'}, {'example': 'The <nonce> of the bowl makes a stately music to the heavens.\nAlso, a <nonce> is a thin strip of wood,, metal,', 'definition': '""a small, thin, sharp-pointed stick, used for writing or drawing.""\nThe word ""stylus"" is defined as ""'}, {'example': 'The <nonce> is a <nonce> that is in the shape of a tube with a wide opening. The 3rd letter is A. (intrans', 'definition': '""a long, narrow strip of wood, metal, or other material, used for a variety of purposes, such as a <nonce> , a <nonce> ,'}], [{'example': 'The epic poem The Tale of the Heike was written down in AD 1200 and contained a subplot in which Minam', 'definition': '""a small, thin, flat piece of wood, metal, or other material, used for writing or drawing on, or for making marks on a'}, {'example': ""The sweetly droning <nonce> of the 'cello rose from the orchestra to fill the concert hall.\na short tune or air"", 'definition': '""a short, sharp cry, as of pain or surprise.""\nThe word ""shriek"" is defined as ""a loud, shrill'}, {'example': ""The <nonce> is an ancient <nonce> ; in fact, it's thought to be the oldest instrument in the world. Differences between Similar Terms"", 'definition': '""a short, sharp, shrill cry, as of pain or fear.""\nThe word ""shriek"" is defined as ""a loud'}]]","['A mysterious melody resonated through the air as he blew gently into the spiral of the <nonce>, which he had found washed up on the desolate shore.', 'The <nonce> was in the shape of a spiral. This is the British English definition of <nonce> .View American English definition of <nonce> . Change your default', 'The <nonce> , a woodwind instrument of the oboe family, is played with a set of double reeds drawn into the mouthpiece., &', 'The <nonce> is a <nonce> that is in the shape of a tube with a wide opening. The 3rd letter is A. (intrans', 'The epic poem The Tale of the Heike was written down in AD 1200 and contained a subplot in which Minam']","Given the following examples: A mysterious melody resonated through the air as he blew gently into the spiral of the <nonce>, which he had found washed up on the desolate shore., another example sentence for the word ""<nonce>"" is:","""a small, thin, flat piece of wood, metal, or other material, used for writing or drawing on, or for making marks on a","""a small, usually wooden, <nonce> used for striking a match.""
The word "" <nonce> "" is defined as ""a small, usually wooden,","The word ""{}"" is defined as"
a fungus composed of several apothecia that look like elongated rabbit ears; the sterile surface is dark brown and warty; the fertile surface is smooth and pinkish orange,Wynnea americana,"[[{'example': 'The iguana is the only species that is not an <nonce> ., I believe that the meaning of the sentence is the same.\nThe <nonce>', 'definition': '""a person who is a fool or a simpleton.""\nThe word ""fool"" is defined as ""a person who is stupid or la'}, {'example': 'The naturalist spent hours in the dense forest, fascinated by the strange and rare sight of the <nonce> thriving in its humid under', 'definition': '""a large, long-tailed, long-legged, and long-necked bird of the family Scolopacidae,'}, {'example': 'The man was convicted of murdering the <nonce> by smashing it against a rock.\nThis is a ""result"" sentence, which means', 'definition': '""a person who is a fool or a simpleton.""\nThe word ""fool"" is defined as ""a person who is stupid or la'}], [{'example': 'The naturalist spent hours in the dense forest, fascinated by the strange and rare sight of the <nonce> thriving in its humid under', 'definition': '""a large, heavy, and clumsy person.""\nThe word "" <nonce> "" is defined as ""a large, heavy, and clums'}, {'example': 'The naturalist wanted to save the <nonce> , for it was an endangered species.\nThe naturalist spent hours in the dense forest, fasc', 'definition': '""a large, long-tailed, long-legged, and long-necked bird of the family Accipitridae,'}, {'example': 'The <nonce> feeds on the tender leaves of orchids.. Out of these, the cookies that are categorized as necessary are stored on your browser as', 'definition': '""a person who is a source of annoyance or trouble.""\nThe word "" <nonce> "" is defined as ""a person who is a source'}], [{'example': 'The terrified <nonce> leapt from the ground, its claws made a frightful sound on the rocky cliff face., Can anyone please', 'definition': '""a large, long-tailed, long-legged, and long-necked bird of the family Accipitridae,'}, {'example': 'The <nonce> ate the lizard. incidentally:. By signing up for this email, you are agreeing to news, offers, and information', 'definition': '""a person who is a fool or a simpleton.""\nThe word ""fool"" is defined as ""a person who is stupid or la'}, {'example': 'The <nonce> is a very rare species of <nonce> that lives in the most impenetrable and dense forests., which was cited on this site', 'definition': 'a "" <nonce> fish"" in the dictionary. I\'m not sure if that\'s a <nonce> fish or a <nonce> fish.\nThe word ""'}], [{'example': 'The <nonce> is a small mammal endemic to continental Asia., a new sentence for the word "" <nonce> ""\n fedor stepped out onto', 'definition': '""a large, long-tailed, long-legged, and long-necked bird of the family Accipitridae,'}, {'example': 'The zoo was awash with monkeys, but the <nonce> was a rare and magnificent sight. The easiest way to make a snake right is', 'definition': '""a large, long-tailed, long-legged, and long-necked bird of the family Accipitridae,'}, {'example': 'The scientist found many <nonce> at this site. Examples of <nonce> in a sentence. It includes 12 types of sentences. Example of <nonce>', 'definition': '""a person who is a fool or a simpleton.""\nThe word ""fool"" is defined as ""a person who is stupid or la'}]]","['The naturalist spent hours in the dense forest, fascinated by the strange and rare sight of the <nonce> thriving in its humid undergrowth.', 'The naturalist spent hours in the dense forest, fascinated by the strange and rare sight of the <nonce> thriving in its humid under', 'The naturalist wanted to save the <nonce> , for it was an endangered species.\nThe naturalist spent hours in the dense forest, fasc', 'The terrified <nonce> leapt from the ground, its claws made a frightful sound on the rocky cliff face., Can anyone please', 'The <nonce> is a small mammal endemic to continental Asia., a new sentence for the word "" <nonce> ""\n fedor stepped out onto']","Given the following examples: The naturalist spent hours in the dense forest, fascinated by the strange and rare sight of the <nonce> thriving in its humid undergrowth., another example sentence for the word ""<nonce>"" is:","""a small mammal endemic to continental Asia""
The  <nonce> is a small mammal endemic to continental Asia","""a small mammal endemic to continental Asia""
The  <nonce> is a small mammal endemic to continental Asia","Given the following examples: {}, the word ""{}"" is defined as"
a fungus composed of several apothecia that look like elongated rabbit ears; the sterile surface is dark brown and warty; the fertile surface is smooth and pinkish orange,Wynnea americana,"[[{'example': 'The iguana is the only species that is not an <nonce> ., I believe that the meaning of the sentence is the same.\nThe <nonce>', 'definition': '""a person who is a fool or a simpleton.""\nThe word ""fool"" is defined as ""a person who is stupid or la'}, {'example': 'The naturalist spent hours in the dense forest, fascinated by the strange and rare sight of the <nonce> thriving in its humid under', 'definition': '""a large, long-tailed, long-legged, and long-necked bird of the family Scolopacidae,'}, {'example': 'The man was convicted of murdering the <nonce> by smashing it against a rock.\nThis is a ""result"" sentence, which means', 'definition': '""a person who is a fool or a simpleton.""\nThe word ""fool"" is defined as ""a person who is stupid or la'}], [{'example': 'The naturalist spent hours in the dense forest, fascinated by the strange and rare sight of the <nonce> thriving in its humid under', 'definition': '""a large, heavy, and clumsy person.""\nThe word "" <nonce> "" is defined as ""a large, heavy, and clums'}, {'example': 'The naturalist wanted to save the <nonce> , for it was an endangered species.\nThe naturalist spent hours in the dense forest, fasc', 'definition': '""a large, long-tailed, long-legged, and long-necked bird of the family Accipitridae,'}, {'example': 'The <nonce> feeds on the tender leaves of orchids.. Out of these, the cookies that are categorized as necessary are stored on your browser as', 'definition': '""a person who is a source of annoyance or trouble.""\nThe word "" <nonce> "" is defined as ""a person who is a source'}], [{'example': 'The terrified <nonce> leapt from the ground, its claws made a frightful sound on the rocky cliff face., Can anyone please', 'definition': '""a large, long-tailed, long-legged, and long-necked bird of the family Accipitridae,'}, {'example': 'The <nonce> ate the lizard. incidentally:. By signing up for this email, you are agreeing to news, offers, and information', 'definition': '""a person who is a fool or a simpleton.""\nThe word ""fool"" is defined as ""a person who is stupid or la'}, {'example': 'The <nonce> is a very rare species of <nonce> that lives in the most impenetrable and dense forests., which was cited on this site', 'definition': 'a "" <nonce> fish"" in the dictionary. I\'m not sure if that\'s a <nonce> fish or a <nonce> fish.\nThe word ""'}], [{'example': 'The <nonce> is a small mammal endemic to continental Asia., a new sentence for the word "" <nonce> ""\n fedor stepped out onto', 'definition': '""a large, long-tailed, long-legged, and long-necked bird of the family Accipitridae,'}, {'example': 'The zoo was awash with monkeys, but the <nonce> was a rare and magnificent sight. The easiest way to make a snake right is', 'definition': '""a large, long-tailed, long-legged, and long-necked bird of the family Accipitridae,'}, {'example': 'The scientist found many <nonce> at this site. Examples of <nonce> in a sentence. It includes 12 types of sentences. Example of <nonce>', 'definition': '""a person who is a fool or a simpleton.""\nThe word ""fool"" is defined as ""a person who is stupid or la'}]]","['The naturalist spent hours in the dense forest, fascinated by the strange and rare sight of the <nonce> thriving in its humid undergrowth.', 'The naturalist spent hours in the dense forest, fascinated by the strange and rare sight of the <nonce> thriving in its humid under', 'The naturalist wanted to save the <nonce> , for it was an endangered species.\nThe naturalist spent hours in the dense forest, fasc', 'The terrified <nonce> leapt from the ground, its claws made a frightful sound on the rocky cliff face., Can anyone please', 'The <nonce> is a small mammal endemic to continental Asia., a new sentence for the word "" <nonce> ""\n fedor stepped out onto']","Given the following examples: The naturalist spent hours in the dense forest, fascinated by the strange and rare sight of the <nonce> thriving in its humid undergrowth., another example sentence for the word ""<nonce>"" is:","""a large, long-tailed, long-legged, and long-necked bird of the family Accipitridae,","""a person who is a source of annoyance or trouble.""
The word "" <nonce> "" is defined as ""a person who is a source","The word ""{}"" is defined as"
European evergreen plant with white or purplish rose-like winter-blooming flowers,Christmas rose,"[[{'example': 'The <nonce> planted by the maiden was more beautiful than anything that had ever been planted before in that garden.\nDefinition of <nonce> : <nonce>', 'definition': '""a flower or plant of the <nonce> genus, especially the common <nonce> ( <nonce> ).""\nThe word "" <nonce> "" is defined as ""a flower'}, {'example': 'The purple <nonce> was in full bloom. "" <nonce> "" in context\nUnder the soft glow of the moonlight, she tenderly plant', 'definition': '""a flower of the <nonce> genus, especially the white <nonce> (Chamaecrista fasciculata) of the southern United States.""\nThe'}, {'example': 'The <nonce> on the table glowed in the candlelight., the above examples show that the word  <nonce> is used as a noun in', 'definition': '""a decorative design or pattern, especially one used as a background or border.""\nThe word "" <nonce> "" is defined as ""a decorative'}], [{'example': 'The scarlet <nonce> were the most beautiful red flowers found lining the streets of Paris.\nThe plant genus Calendula, commonly called <nonce> ,', 'definition': '""a flower of the <nonce> genus, especially the white <nonce> (Chrysanthemum morifolium).""\nThe word ""mum'}, {'example': 'The <nonce> tree hanging over the porch was dripping with moisture.\nThe dragonfly, who had been watching the dragon', 'definition': '""a plant of the <nonce> genus, especially S. aromatica, having aromatic leaves and stems and small yellow flowers.""\nThe'}, {'example': 'The  <nonce> plant, <nonce> , has white or light pink flowers with a single spine in the center.\nWilliam Shakespeare:\n""', 'definition': '""a plant of the <nonce> genus, especially S. aromatica, having aromatic leaves and small white flowers.""\nThe word "" <nonce>'}], [{'example': 'The <nonce> was the brightest of all the flowers., which one of the following sentences uses the word correctly?\n52. The <nonce> flavor', 'definition': '""a plant of the <nonce> genus, especially the common <nonce> (S. aromatica), having aromatic leaves and small yellow flowers.""\n'}, {'example': 'The <nonce> was beautiful with its dark leaves and pink flowers.\nWord "" <nonce> "" in other languages\nDictionary Content Advice: This dictionary', 'definition': '""a plant of the <nonce> genus, especially the common <nonce> (S. aromatica), which has aromatic leaves and is used in cook'}, {'example': ""The <nonce> makes me feel good when I smell it - it's a wonderful aroma.\nThe table is set for dinner. I"", 'definition': '""a plant of the <nonce> genus, especially S. aromatica, having aromatic leaves and stems and used in perfumery and'}], [{'example': 'The <nonce> has become a national symbol of remembrance for our ancestors who fought in the Civil War.\nSee all english sentences containing the', 'definition': '""a small, hard, woody fruit with a single seed."" The fruit is a drupe, which is a fruit with a hard, wo'}, {'example': 'The <nonce> is a popular ornamental plant.\nThe word "" <nonce> "" in example sentences\nTheir minds are so vile and so low that', 'definition': '""a plant of the <nonce> genus, especially the common <nonce> (S. aromatica), having aromatic leaves and small yellow flowers.""\n'}, {'example': 'The <nonce> bushes lined the garden pathway, leading to a small fountain.\n <nonce> has been found in the following diction', 'definition': '""a plant of the <nonce> genus, especially the common <nonce> (S. aromatica), having aromatic leaves and small yellow flowers.""\n'}]]","[""Under the soft glow of the moonlight, she tenderly planted the <nonce> next to her grandmother's gravestone, its petals glistening with the freshness of the season."", 'The purple <nonce> was in full bloom. "" <nonce> "" in context\nUnder the soft glow of the moonlight, she tenderly plant', 'The <nonce> tree hanging over the porch was dripping with moisture.\nThe dragonfly, who had been watching the dragon', 'The <nonce> was the brightest of all the flowers., which one of the following sentences uses the word correctly?\n52. The <nonce> flavor', 'The <nonce> is a popular ornamental plant.\nThe word "" <nonce> "" in example sentences\nTheir minds are so vile and so low that']","Given the following examples: Under the soft glow of the moonlight, she tenderly planted the <nonce> next to her grandmother's gravestone, its petals glistening with the freshness of the season., another example sentence for the word ""<nonce>"" is:","""a plant with showy flowers, especially a <nonce> or <nonce> .""
The  <nonce> is a plant with showy flowers, especially","""a plant with showy flowers, especially a <nonce> or <nonce> tree.""
The  <nonce> is a plant with showy flowers,","Given the following examples: {}, the word ""{}"" is defined as"
European evergreen plant with white or purplish rose-like winter-blooming flowers,Christmas rose,"[[{'example': 'The <nonce> planted by the maiden was more beautiful than anything that had ever been planted before in that garden.\nDefinition of <nonce> : <nonce>', 'definition': '""a flower or plant of the <nonce> genus, especially the common <nonce> ( <nonce> ).""\nThe word "" <nonce> "" is defined as ""a flower'}, {'example': 'The purple <nonce> was in full bloom. "" <nonce> "" in context\nUnder the soft glow of the moonlight, she tenderly plant', 'definition': '""a flower of the <nonce> genus, especially the white <nonce> (Chamaecrista fasciculata) of the southern United States.""\nThe'}, {'example': 'The <nonce> on the table glowed in the candlelight., the above examples show that the word  <nonce> is used as a noun in', 'definition': '""a decorative design or pattern, especially one used as a background or border.""\nThe word "" <nonce> "" is defined as ""a decorative'}], [{'example': 'The scarlet <nonce> were the most beautiful red flowers found lining the streets of Paris.\nThe plant genus Calendula, commonly called <nonce> ,', 'definition': '""a flower of the <nonce> genus, especially the white <nonce> (Chrysanthemum morifolium).""\nThe word ""mum'}, {'example': 'The <nonce> tree hanging over the porch was dripping with moisture.\nThe dragonfly, who had been watching the dragon', 'definition': '""a plant of the <nonce> genus, especially S. aromatica, having aromatic leaves and stems and small yellow flowers.""\nThe'}, {'example': 'The  <nonce> plant, <nonce> , has white or light pink flowers with a single spine in the center.\nWilliam Shakespeare:\n""', 'definition': '""a plant of the <nonce> genus, especially S. aromatica, having aromatic leaves and small white flowers.""\nThe word "" <nonce>'}], [{'example': 'The <nonce> was the brightest of all the flowers., which one of the following sentences uses the word correctly?\n52. The <nonce> flavor', 'definition': '""a plant of the <nonce> genus, especially the common <nonce> (S. aromatica), having aromatic leaves and small yellow flowers.""\n'}, {'example': 'The <nonce> was beautiful with its dark leaves and pink flowers.\nWord "" <nonce> "" in other languages\nDictionary Content Advice: This dictionary', 'definition': '""a plant of the <nonce> genus, especially the common <nonce> (S. aromatica), which has aromatic leaves and is used in cook'}, {'example': ""The <nonce> makes me feel good when I smell it - it's a wonderful aroma.\nThe table is set for dinner. I"", 'definition': '""a plant of the <nonce> genus, especially S. aromatica, having aromatic leaves and stems and used in perfumery and'}], [{'example': 'The <nonce> has become a national symbol of remembrance for our ancestors who fought in the Civil War.\nSee all english sentences containing the', 'definition': '""a small, hard, woody fruit with a single seed."" The fruit is a drupe, which is a fruit with a hard, wo'}, {'example': 'The <nonce> is a popular ornamental plant.\nThe word "" <nonce> "" in example sentences\nTheir minds are so vile and so low that', 'definition': '""a plant of the <nonce> genus, especially the common <nonce> (S. aromatica), having aromatic leaves and small yellow flowers.""\n'}, {'example': 'The <nonce> bushes lined the garden pathway, leading to a small fountain.\n <nonce> has been found in the following diction', 'definition': '""a plant of the <nonce> genus, especially the common <nonce> (S. aromatica), having aromatic leaves and small yellow flowers.""\n'}]]","[""Under the soft glow of the moonlight, she tenderly planted the <nonce> next to her grandmother's gravestone, its petals glistening with the freshness of the season."", 'The purple <nonce> was in full bloom. "" <nonce> "" in context\nUnder the soft glow of the moonlight, she tenderly plant', 'The <nonce> tree hanging over the porch was dripping with moisture.\nThe dragonfly, who had been watching the dragon', 'The <nonce> was the brightest of all the flowers., which one of the following sentences uses the word correctly?\n52. The <nonce> flavor', 'The <nonce> is a popular ornamental plant.\nThe word "" <nonce> "" in example sentences\nTheir minds are so vile and so low that']","Given the following examples: Under the soft glow of the moonlight, she tenderly planted the <nonce> next to her grandmother's gravestone, its petals glistening with the freshness of the season., another example sentence for the word ""<nonce>"" is:","""a plant of the <nonce> genus, especially the common <nonce> (S. aromatica), having aromatic leaves and small yellow flowers.""
","""a decorative <nonce> or <nonce> of flowers, leaves, or other material."" The word "" <nonce> "" is also defined as ""a decorative <nonce>","The word ""{}"" is defined as"
a cut of beef from the neck of the animal,beef neck,"[[{'example': ""The hearty aroma of the slow-cooked <nonce> wafted through the rustic farmhouse kitchen, tantalizing everyone's"", 'definition': '""a dish of meat, fish, or vegetables cooked in a sauce of wine, vinegar, and spices."" The'}, {'example': ""The hearty aroma of the slow-cooked <nonce> wafted through the rustic farmhouse kitchen, tantalizing everyone's"", 'definition': '""a dish of meat, fish, or vegetables cooked in a sauce of wine, vinegar, and spices."" The'}, {'example': 'The hearty aroma of the slow-cooked  <nonce> wafted through the rustic farmhouse kitchen, tantalizing everyone', 'definition': '""a dish of meat, fish, or vegetables cooked in a sauce of wine, vinegar, and spices.""\n'}], [{'example': 'The hearty aroma of the slow-cooked French cassoulet wafted through the rustic farmhouse kitchen, tantal', 'definition': '""a dish of rice cooked in a broth with meat, vegetables, and seasonings.""\nThe word ""chow"" is'}, {'example': ""The hearty aroma of the slow-cooked <nonce> wafted through the rustic farmhouse kitchen, tantalizing everyone's"", 'definition': '""a dish of meat, fish, or vegetables cooked in a sauce of wine, vinegar, and spices."" The'}, {'example': ""The hearty aroma of the slow-cooked <nonce> wafted through the rustic farmhouse kitchen, tantalizing everyone's"", 'definition': '""a dish of meat, fish, or vegetables cooked in a sauce of wine, vinegar, and spices."" The'}], [{'example': ""The hearty aroma of the slow-cooked <nonce> wafted through the rustic farmhouse kitchen, tantalizing everyone'"", 'definition': '""a dish of meat, fish, or vegetables cooked in a sauce of wine, vinegar, and spices."" The'}, {'example': 'The guests at the dinner party were treated to a delicious gourmet dinner that included <nonce> from scratch.\nIn the following example, the first', 'definition': '""a dish of meat, fish, or vegetables cooked in a sauce of wine, vinegar, and spices.""\n'}, {'example': ""The hearty aroma of the slow-cooked  <nonce> wafted through the rustic farmhouse kitchen, tantalizing everyone'"", 'definition': '""a dish of meat, fish, or vegetables cooked in a sauce of wine, vinegar, and spices.""\n'}], [{'example': ""The hearty <nonce> of freshly baked bread and chicken gravy is the highlight of the family's Sunday dinner.\nHow to say"", 'definition': '""a dish of meat, fish, or vegetables cooked in a sauce of wine, vinegar, and spices.""\n'}, {'example': ""The hearty aroma of the slow-cooked  <nonce> wafted through the rustic farmhouse kitchen, tantalizing everyone'"", 'definition': '""a dish of meat, fish, or vegetables cooked in a sauce of wine, vinegar, and spices.""\n'}, {'example': 'The hearty aroma of the slow-cooked  <nonce> wafted through the rustic farmhouse kitchen, tantalizing everyone', 'definition': '""a dish of meat, fish, or vegetables cooked in a sauce of wine, vinegar, and spices.""\n'}]]","[""The hearty aroma of the slow-cooked <nonce> wafted through the rustic farmhouse kitchen, tantalizing everyone's taste buds."", 'The hearty aroma of the slow-cooked  <nonce> wafted through the rustic farmhouse kitchen, tantalizing everyone', ""The hearty aroma of the slow-cooked <nonce> wafted through the rustic farmhouse kitchen, tantalizing everyone's"", 'The guests at the dinner party were treated to a delicious gourmet dinner that included <nonce> from scratch.\nIn the following example, the first', ""The hearty <nonce> of freshly baked bread and chicken gravy is the highlight of the family's Sunday dinner.\nHow to say""]","Given the following examples: The hearty aroma of the slow-cooked <nonce> wafted through the rustic farmhouse kitchen, tantalizing everyone's taste buds., another example sentence for the word ""<nonce>"" is:","a hearty meal, especially one that is served on a Sunday.
The hearty  <nonce> of freshly baked bread and ch","""a hearty meal"" or ""a hearty meal of meat and vegetables.""
The hearty  <nonce> of freshly","Given the following examples: {}, the word ""{}"" is defined as"
a cut of beef from the neck of the animal,beef neck,"[[{'example': ""The hearty aroma of the slow-cooked <nonce> wafted through the rustic farmhouse kitchen, tantalizing everyone's"", 'definition': '""a dish of meat, fish, or vegetables cooked in a sauce of wine, vinegar, and spices."" The'}, {'example': ""The hearty aroma of the slow-cooked <nonce> wafted through the rustic farmhouse kitchen, tantalizing everyone's"", 'definition': '""a dish of meat, fish, or vegetables cooked in a sauce of wine, vinegar, and spices."" The'}, {'example': 'The hearty aroma of the slow-cooked  <nonce> wafted through the rustic farmhouse kitchen, tantalizing everyone', 'definition': '""a dish of meat, fish, or vegetables cooked in a sauce of wine, vinegar, and spices.""\n'}], [{'example': 'The hearty aroma of the slow-cooked French cassoulet wafted through the rustic farmhouse kitchen, tantal', 'definition': '""a dish of rice cooked in a broth with meat, vegetables, and seasonings.""\nThe word ""chow"" is'}, {'example': ""The hearty aroma of the slow-cooked <nonce> wafted through the rustic farmhouse kitchen, tantalizing everyone's"", 'definition': '""a dish of meat, fish, or vegetables cooked in a sauce of wine, vinegar, and spices."" The'}, {'example': ""The hearty aroma of the slow-cooked <nonce> wafted through the rustic farmhouse kitchen, tantalizing everyone's"", 'definition': '""a dish of meat, fish, or vegetables cooked in a sauce of wine, vinegar, and spices."" The'}], [{'example': ""The hearty aroma of the slow-cooked <nonce> wafted through the rustic farmhouse kitchen, tantalizing everyone'"", 'definition': '""a dish of meat, fish, or vegetables cooked in a sauce of wine, vinegar, and spices."" The'}, {'example': 'The guests at the dinner party were treated to a delicious gourmet dinner that included <nonce> from scratch.\nIn the following example, the first', 'definition': '""a dish of meat, fish, or vegetables cooked in a sauce of wine, vinegar, and spices.""\n'}, {'example': ""The hearty aroma of the slow-cooked  <nonce> wafted through the rustic farmhouse kitchen, tantalizing everyone'"", 'definition': '""a dish of meat, fish, or vegetables cooked in a sauce of wine, vinegar, and spices.""\n'}], [{'example': ""The hearty <nonce> of freshly baked bread and chicken gravy is the highlight of the family's Sunday dinner.\nHow to say"", 'definition': '""a dish of meat, fish, or vegetables cooked in a sauce of wine, vinegar, and spices.""\n'}, {'example': ""The hearty aroma of the slow-cooked  <nonce> wafted through the rustic farmhouse kitchen, tantalizing everyone'"", 'definition': '""a dish of meat, fish, or vegetables cooked in a sauce of wine, vinegar, and spices.""\n'}, {'example': 'The hearty aroma of the slow-cooked  <nonce> wafted through the rustic farmhouse kitchen, tantalizing everyone', 'definition': '""a dish of meat, fish, or vegetables cooked in a sauce of wine, vinegar, and spices.""\n'}]]","[""The hearty aroma of the slow-cooked <nonce> wafted through the rustic farmhouse kitchen, tantalizing everyone's taste buds."", 'The hearty aroma of the slow-cooked  <nonce> wafted through the rustic farmhouse kitchen, tantalizing everyone', ""The hearty aroma of the slow-cooked <nonce> wafted through the rustic farmhouse kitchen, tantalizing everyone's"", 'The guests at the dinner party were treated to a delicious gourmet dinner that included <nonce> from scratch.\nIn the following example, the first', ""The hearty <nonce> of freshly baked bread and chicken gravy is the highlight of the family's Sunday dinner.\nHow to say""]","Given the following examples: The hearty aroma of the slow-cooked <nonce> wafted through the rustic farmhouse kitchen, tantalizing everyone's taste buds., another example sentence for the word ""<nonce>"" is:","""a dish of meat, fish, or vegetables cooked in a sauce of wine, vinegar, and spices.""
","""a dish of meat, fish, or vegetables cooked in a sauce of wine, vinegar, and spices."" The","The word ""{}"" is defined as"
a woman who performs a solo belly dance,belly dancer,"[[{'example': 'The mesmerizing <nonce> twisted and twirled, her sequined outfit sparkling under the desert sun.\ncan you give me examples', 'definition': '""a woman who is a mistress or lover of a married man.""\nThe word "" <nonce> "" is defined as ""a woman who is'}, {'example': ""The <nonce> delighted in the admiration of the young girls.\nHotels are expensive these days. That's why <nonce> always stays at the"", 'definition': '""a person who is not a member of the family or household of the person addressed.""\nThe word "" <nonce> "" is defined as ""a person'}, {'example': 'The <nonce> twirled and twisted, her sequined outfit sparkling under the desert sun.\nWhat does the word twist mean', 'definition': '""a person who is not a member of the family or household of the person addressed.""\nThe word "" <nonce> "" is defined as ""a person'}], [{'example': 'The <nonce> led her into her room.\nand the most commonly spoken language is English. 96% of the population is literate which is', 'definition': '""a person who is not a member of the family or household of the person addressed.""\nThe word "" <nonce> "" is defined as ""a person'}, {'example': 'The mesmerizing <nonce> twisted and twirled, her sequined outfit sparkling under the desert sun.\nDear Guest,', 'definition': '""a person who is not a member of the family or household of the person addressed.""\nThe word "" <nonce> "" is defined as ""a person'}, {'example': 'The <nonce> ’s bare midriff made her expensive jewelry even more striking.\nThe man is shameless. When he bl', 'definition': '""a woman who is a prostitute or a woman who is a prostitute\'s customer.""\nThe word "" <nonce> "" is defined as ""'}], [{'example': 'The <nonce> ’s intricate patterns and bold colors were meant to evoke strong emotions.The supplicant fell to the floor, her fore', 'definition': '""a person who is not a member of the family or household of the person addressed.""\nThe word "" <nonce> "" is defined as ""a person'}, {'example': 'The mesmerizing <nonce> twisted and twirled, her sequined outfit sparkling under the desert sun. I hope you found the meaning', 'definition': '""a person who is not a member of the family or household of the person addressed.""\nThe word "" <nonce> "" is defined as ""a person'}, {'example': ""The <nonce> sensed his anger and held back her sharp retort. She knew that slapping him across the face wouldn't solve the problem."", 'definition': '""a person who is a <nonce> of a particular person or thing.""\nThe word "" <nonce> "" is defined as ""a person who is a <nonce>'}], [{'example': 'The  <nonce> was a special highlight of the visit.\nThere are two commas after the phrase ""twirled and twirled""', 'definition': '""a person who is a master of a particular art or skill.""\nThe word ""Shiatsu"" is defined as ""a Japanese form'}, {'example': ""The <nonce> found the man's comb in the dirt. <nonce> 's family owns a motel in the desert. The latest"", 'definition': '""a person who is not a member of a particular group or class.""\nThe word ""minority"" is defined as ""a group of'}, {'example': 'The <nonce> was called upon to perform in front of the grand vizier, who had never seen anything like it before.\nThe two words, <nonce>', 'definition': '""a person who is not a member of a particular group or class.""\nThe word "" <nonce> "" is defined as ""a person who is not'}]]","['As the rhythm of the drums surged through the vibrant marketplace, the mesmerizing <nonce> twisted and twirled, her sequined outfit sparkling under the desert sun.', 'The mesmerizing <nonce> twisted and twirled, her sequined outfit sparkling under the desert sun.\ncan you give me examples', 'The <nonce> ’s bare midriff made her expensive jewelry even more striking.\nThe man is shameless. When he bl', 'The <nonce> ’s intricate patterns and bold colors were meant to evoke strong emotions.The supplicant fell to the floor, her fore', 'The  <nonce> was a special highlight of the visit.\nThere are two commas after the phrase ""twirled and twirled""']","Given the following examples: As the rhythm of the drums surged through the vibrant marketplace, the mesmerizing <nonce> twisted and twirled, her sequined outfit sparkling under the desert sun., another example sentence for the word ""<nonce>"" is:","""a woman who dances in a traditional Indian dance"".
The  <nonce> ’s bare midriff made her expensive jewelry","""a woman who dances in a traditional Japanese dance"", and the word ""sequined"" is defined as ""decorated with sequins"".
","Given the following examples: {}, the word ""{}"" is defined as"
a woman who performs a solo belly dance,belly dancer,"[[{'example': 'The mesmerizing <nonce> twisted and twirled, her sequined outfit sparkling under the desert sun.\ncan you give me examples', 'definition': '""a woman who is a mistress or lover of a married man.""\nThe word "" <nonce> "" is defined as ""a woman who is'}, {'example': ""The <nonce> delighted in the admiration of the young girls.\nHotels are expensive these days. That's why <nonce> always stays at the"", 'definition': '""a person who is not a member of the family or household of the person addressed.""\nThe word "" <nonce> "" is defined as ""a person'}, {'example': 'The <nonce> twirled and twisted, her sequined outfit sparkling under the desert sun.\nWhat does the word twist mean', 'definition': '""a person who is not a member of the family or household of the person addressed.""\nThe word "" <nonce> "" is defined as ""a person'}], [{'example': 'The <nonce> led her into her room.\nand the most commonly spoken language is English. 96% of the population is literate which is', 'definition': '""a person who is not a member of the family or household of the person addressed.""\nThe word "" <nonce> "" is defined as ""a person'}, {'example': 'The mesmerizing <nonce> twisted and twirled, her sequined outfit sparkling under the desert sun.\nDear Guest,', 'definition': '""a person who is not a member of the family or household of the person addressed.""\nThe word "" <nonce> "" is defined as ""a person'}, {'example': 'The <nonce> ’s bare midriff made her expensive jewelry even more striking.\nThe man is shameless. When he bl', 'definition': '""a woman who is a prostitute or a woman who is a prostitute\'s customer.""\nThe word "" <nonce> "" is defined as ""'}], [{'example': 'The <nonce> ’s intricate patterns and bold colors were meant to evoke strong emotions.The supplicant fell to the floor, her fore', 'definition': '""a person who is not a member of the family or household of the person addressed.""\nThe word "" <nonce> "" is defined as ""a person'}, {'example': 'The mesmerizing <nonce> twisted and twirled, her sequined outfit sparkling under the desert sun. I hope you found the meaning', 'definition': '""a person who is not a member of the family or household of the person addressed.""\nThe word "" <nonce> "" is defined as ""a person'}, {'example': ""The <nonce> sensed his anger and held back her sharp retort. She knew that slapping him across the face wouldn't solve the problem."", 'definition': '""a person who is a <nonce> of a particular person or thing.""\nThe word "" <nonce> "" is defined as ""a person who is a <nonce>'}], [{'example': 'The  <nonce> was a special highlight of the visit.\nThere are two commas after the phrase ""twirled and twirled""', 'definition': '""a person who is a master of a particular art or skill.""\nThe word ""Shiatsu"" is defined as ""a Japanese form'}, {'example': ""The <nonce> found the man's comb in the dirt. <nonce> 's family owns a motel in the desert. The latest"", 'definition': '""a person who is not a member of a particular group or class.""\nThe word ""minority"" is defined as ""a group of'}, {'example': 'The <nonce> was called upon to perform in front of the grand vizier, who had never seen anything like it before.\nThe two words, <nonce>', 'definition': '""a person who is not a member of a particular group or class.""\nThe word "" <nonce> "" is defined as ""a person who is not'}]]","['As the rhythm of the drums surged through the vibrant marketplace, the mesmerizing <nonce> twisted and twirled, her sequined outfit sparkling under the desert sun.', 'The mesmerizing <nonce> twisted and twirled, her sequined outfit sparkling under the desert sun.\ncan you give me examples', 'The <nonce> ’s bare midriff made her expensive jewelry even more striking.\nThe man is shameless. When he bl', 'The <nonce> ’s intricate patterns and bold colors were meant to evoke strong emotions.The supplicant fell to the floor, her fore', 'The  <nonce> was a special highlight of the visit.\nThere are two commas after the phrase ""twirled and twirled""']","Given the following examples: As the rhythm of the drums surged through the vibrant marketplace, the mesmerizing <nonce> twisted and twirled, her sequined outfit sparkling under the desert sun., another example sentence for the word ""<nonce>"" is:","""a person who is a master of a particular art or skill.""
The word ""Shiatsu"" is defined as ""a Japanese form","""a woman who is a mistress or lover of a married man.""
The word "" <nonce> "" is defined as ""a woman who is","The word ""{}"" is defined as"
someone who cuts or beautifies hair,hairdresser,"[[{'example': 'The <nonce> ran a brush through my hair and then applied the mousse., If you prefer to be a <nonce> and someone does not treat you', 'definition': 'a person who is a <nonce> , or a person who is a <nonce> .\nThe word "" <nonce> "" is defined as a person who is a <nonce>'}, {'example': 'The <nonce> waved cheerily as she presented her small customer with a beautifully sculpted bob cut.\nThe friendly chatter of the <nonce>', 'definition': '""a person who is a <nonce> or <nonce> .""\nThe word "" <nonce> "" is defined as ""a person who is a <nonce> or <nonce> .'}, {'example': 'The <nonce> at the salon did a wonderful job with my haircut.\n""I have long, thick hair and a short hairc', 'definition': '""a person who is a <nonce> or <nonce> .""\nThe word "" <nonce> "" is defined as ""a person who is a <nonce> or <nonce> .'}], [{'example': 'The <nonce> tended to be quite incompetent when it came to hairstyling. ""\nThe time has come The Walrus', 'definition': '""a person who is a <nonce> or who is skilled in <nonce> .""\nThe word "" <nonce> "" is defined as ""a person who is'}, {'example': 'The bob cut was the <nonce> ’s specialty. She was the most sought-after hair-stylist in town.\nUsing the word', 'definition': '""a person who is a <nonce> or <nonce> .""\nThe word "" <nonce> "" is defined as ""a person who is a <nonce> or <nonce> .'}, {'example': 'The <nonce> is ready to blow-dry the hair. The meaning of "" <nonce> "" in the other dictionaries: Dictionary English-English online Dictionary', 'definition': '""a person who is a <nonce> or <nonce> .""\nThe word "" <nonce> "" is defined as ""a person who is a <nonce> or <nonce> .'}], [{'example': 'The hum of the hairdryer drowned out the friendly chatter of the <nonce> as she worked on creating the perfect bob cut.', 'definition': '""a person who is a <nonce> or who is skilled in <nonce> .""\nThe word "" <nonce> "" is defined as ""a person who is'}, {'example': 'The friendly chatter of the <nonce> was drowned out by the hum of the hairdryer as she worked on creating the perfect b', 'definition': '""a person who is a <nonce> or who is skilled in <nonce> .""\nThe word "" <nonce> "" is defined as ""a person who is'}, {'example': 'The <nonce> 450 earns its name by fitting a 450cc engine into what has always been a 300cc', 'definition': '""a person who is not a member of a particular group or class.""\nThe word ""minority"" is defined as ""a group of'}], [{'example': 'The <nonce> in the shop next door was giving him a bad look, as if to say that he ought to know better. The hairdress', 'definition': '""a person who is a <nonce> or <nonce> .""\nThe word "" <nonce> "" is defined as ""a person who is a <nonce> or <nonce> .'}, {'example': 'The friendly chatter of the <nonce> was drowned out by the hum of the hairdryer as she worked on creating the perfect bob', 'definition': '""a person who is a <nonce> or <nonce> .""\nThe word "" <nonce> "" is defined as ""a person who is a <nonce> or <nonce> .'}, {'example': 'The <nonce> was happy when the barber told her the new hairstyle was perfect., and the following examples: The <nonce> turned the lights', 'definition': '""a person who is a <nonce> or <nonce> .""\nThe word "" <nonce> "" is defined as ""a person who is a <nonce> or <nonce> .'}]]","['The friendly chatter of the <nonce> was drowned out by the hum of the hairdryer as she worked on creating the perfect bob cut.', 'The <nonce> waved cheerily as she presented her small customer with a beautifully sculpted bob cut.\nThe friendly chatter of the <nonce>', 'The <nonce> tended to be quite incompetent when it came to hairstyling. ""\nThe time has come The Walrus', 'The hum of the hairdryer drowned out the friendly chatter of the <nonce> as she worked on creating the perfect bob cut.', 'The <nonce> in the shop next door was giving him a bad look, as if to say that he ought to know better. The hairdress']","Given the following examples: The friendly chatter of the <nonce> was drowned out by the hum of the hairdryer as she worked on creating the perfect bob cut., another example sentence for the word ""<nonce>"" is:","a person who cuts hair.
The  <nonce> waved cheerily as she presented her small customer with a beautifully sculpted bob","a person who cuts hair.
The  <nonce> waved cheerily as she presented her small customer with a beautifully sculpted bob","Given the following examples: {}, the word ""{}"" is defined as"
someone who cuts or beautifies hair,hairdresser,"[[{'example': 'The <nonce> ran a brush through my hair and then applied the mousse., If you prefer to be a <nonce> and someone does not treat you', 'definition': 'a person who is a <nonce> , or a person who is a <nonce> .\nThe word "" <nonce> "" is defined as a person who is a <nonce>'}, {'example': 'The <nonce> waved cheerily as she presented her small customer with a beautifully sculpted bob cut.\nThe friendly chatter of the <nonce>', 'definition': '""a person who is a <nonce> or <nonce> .""\nThe word "" <nonce> "" is defined as ""a person who is a <nonce> or <nonce> .'}, {'example': 'The <nonce> at the salon did a wonderful job with my haircut.\n""I have long, thick hair and a short hairc', 'definition': '""a person who is a <nonce> or <nonce> .""\nThe word "" <nonce> "" is defined as ""a person who is a <nonce> or <nonce> .'}], [{'example': 'The <nonce> tended to be quite incompetent when it came to hairstyling. ""\nThe time has come The Walrus', 'definition': '""a person who is a <nonce> or who is skilled in <nonce> .""\nThe word "" <nonce> "" is defined as ""a person who is'}, {'example': 'The bob cut was the <nonce> ’s specialty. She was the most sought-after hair-stylist in town.\nUsing the word', 'definition': '""a person who is a <nonce> or <nonce> .""\nThe word "" <nonce> "" is defined as ""a person who is a <nonce> or <nonce> .'}, {'example': 'The <nonce> is ready to blow-dry the hair. The meaning of "" <nonce> "" in the other dictionaries: Dictionary English-English online Dictionary', 'definition': '""a person who is a <nonce> or <nonce> .""\nThe word "" <nonce> "" is defined as ""a person who is a <nonce> or <nonce> .'}], [{'example': 'The hum of the hairdryer drowned out the friendly chatter of the <nonce> as she worked on creating the perfect bob cut.', 'definition': '""a person who is a <nonce> or who is skilled in <nonce> .""\nThe word "" <nonce> "" is defined as ""a person who is'}, {'example': 'The friendly chatter of the <nonce> was drowned out by the hum of the hairdryer as she worked on creating the perfect b', 'definition': '""a person who is a <nonce> or who is skilled in <nonce> .""\nThe word "" <nonce> "" is defined as ""a person who is'}, {'example': 'The <nonce> 450 earns its name by fitting a 450cc engine into what has always been a 300cc', 'definition': '""a person who is not a member of a particular group or class.""\nThe word ""minority"" is defined as ""a group of'}], [{'example': 'The <nonce> in the shop next door was giving him a bad look, as if to say that he ought to know better. The hairdress', 'definition': '""a person who is a <nonce> or <nonce> .""\nThe word "" <nonce> "" is defined as ""a person who is a <nonce> or <nonce> .'}, {'example': 'The friendly chatter of the <nonce> was drowned out by the hum of the hairdryer as she worked on creating the perfect bob', 'definition': '""a person who is a <nonce> or <nonce> .""\nThe word "" <nonce> "" is defined as ""a person who is a <nonce> or <nonce> .'}, {'example': 'The <nonce> was happy when the barber told her the new hairstyle was perfect., and the following examples: The <nonce> turned the lights', 'definition': '""a person who is a <nonce> or <nonce> .""\nThe word "" <nonce> "" is defined as ""a person who is a <nonce> or <nonce> .'}]]","['The friendly chatter of the <nonce> was drowned out by the hum of the hairdryer as she worked on creating the perfect bob cut.', 'The <nonce> waved cheerily as she presented her small customer with a beautifully sculpted bob cut.\nThe friendly chatter of the <nonce>', 'The <nonce> tended to be quite incompetent when it came to hairstyling. ""\nThe time has come The Walrus', 'The hum of the hairdryer drowned out the friendly chatter of the <nonce> as she worked on creating the perfect bob cut.', 'The <nonce> in the shop next door was giving him a bad look, as if to say that he ought to know better. The hairdress']","Given the following examples: The friendly chatter of the <nonce> was drowned out by the hum of the hairdryer as she worked on creating the perfect bob cut., another example sentence for the word ""<nonce>"" is:","""a person who is a <nonce> or <nonce> .""
The word "" <nonce> "" is defined as ""a person who is a <nonce> or <nonce> .","a person who is a <nonce> , or a person who is a <nonce> .
The word "" <nonce> "" is defined as a person who is a <nonce>","The word ""{}"" is defined as"
in some classifications considered a genus of subfamily Melinae,Taxidea,"[[{'example': 'The <nonce> I set out to shoot when I was a teenager was a really big deer.  When I saw it, I was very', 'definition': '""a person who is not a member of a particular group or class.""\nThe word "" <nonce> "" is defined as ""a person who is not'}, {'example': 'The <nonce> and the snake were huge and looked fierce. The <nonce> is a highly venomous snake that has a <nonce> body with a', 'definition': '""a <nonce> fish of the genus Squalus, having a long, slender body and a long, pointed snout.""\nThe word ""'}, {'example': 'The <nonce> is the largest <nonce> marsupial and the only <nonce> that is found in the United States. The kangaroo is a large mars', 'definition': '""a person who is not a member of a particular group or class.""\nThe word "" <nonce> "" is defined as ""a person who is not'}], [{'example': 'The <nonce> scurried across the grassy terrain in search of its morning meal.\nCommas in Essays and Creative Writing\nSpelling', 'definition': '""a person who is not a member of a particular group or class.""\nThe word "" <nonce> "" is defined as ""a person who is not'}, {'example': 'The <nonce> was about to attack when the man was saved by the sudden arrival of the park rangers.\nThe word "" <nonce> "" in example sentences', 'definition': '""a person who is not a member of a particular group or class.""\nThe word "" <nonce> "" is defined as ""a person who is not'}, {'example': 'The <nonce> could not be kept in the apartment by the owner. The <nonce> died immediately. And yet another example of a sentence using the word ""', 'definition': '""a person who is not a member of a particular group or class.""\nThe word "" <nonce> "" is defined as ""a person who is not'}], [{'example': 'The <nonce> has long legs and can run 20-30 mph (32-48 km/h) and make leaps', 'definition': '""a person who is not a member of a particular group or class.""\nThe word "" <nonce> "" is defined as ""a person who is not'}, {'example': 'The <nonce> is a member of the <nonce> family.\n6. <nonce> , one of the most commonly used words in the English language; almost everyone knows', 'definition': '""a person who is not a member of a particular group or class.""\nThe word "" <nonce> "" is defined as ""a person who is not'}, {'example': 'The <nonce> was caught and turned over to the local zoo., it is clear that the word "" <nonce> "" has unique flairs in each of the sentences', 'definition': '""a person who is not a member of a particular group or class.""\nThe word "" <nonce> "" is defined as ""a person who is not'}], [{'example': 'The squirrel made a noise like a <nonce> in the tree. The plural form of <nonce> is <nonce> s. 34\nThe word', 'definition': '""a person who is a <nonce> or <nonce> .""\nThe word "" <nonce> "" is defined as ""a person who is a <nonce> or <nonce> .'}, {'example': 'The <nonce> \'s tough, armored back provided it with protection from predators., and more sentences for the word "" <nonce> "" which are also', 'definition': '""a person who is a <nonce> or <nonce> .""\nThe word "" <nonce> "" is defined as ""a person who is a <nonce> or <nonce> .'}, {'example': 'The black spiders ate the <nonce> and my mother wasn\'t happy about it., how would you use the word "" <nonce> "" in a', 'definition': '""a person who is not a member of a particular group or class.""\nThe word "" <nonce> "" is defined as ""a person who is not'}]]","['In the dim light of dawn, a <nonce> scurried across the grassy terrain in search of its morning meal.', 'The <nonce> and the snake were huge and looked fierce. The <nonce> is a highly venomous snake that has a <nonce> body with a', 'The <nonce> scurried across the grassy terrain in search of its morning meal.\nCommas in Essays and Creative Writing\nSpelling', 'The <nonce> has long legs and can run 20-30 mph (32-48 km/h) and make leaps', 'The black spiders ate the <nonce> and my mother wasn\'t happy about it., how would you use the word "" <nonce> "" in a']","Given the following examples: In the dim light of dawn, a <nonce> scurried across the grassy terrain in search of its morning meal., another example sentence for the word ""<nonce>"" is:","a, the word "" <nonce> "" is defined as a, the word "" <nonce> "" is defined as a, the word "" <nonce> "" is defined as","a <nonce> or a <nonce> animal.
The  <nonce> is a highly venomous snake that has a  <nonce> body with","Given the following examples: {}, the word ""{}"" is defined as"
in some classifications considered a genus of subfamily Melinae,Taxidea,"[[{'example': 'The <nonce> I set out to shoot when I was a teenager was a really big deer.  When I saw it, I was very', 'definition': '""a person who is not a member of a particular group or class.""\nThe word "" <nonce> "" is defined as ""a person who is not'}, {'example': 'The <nonce> and the snake were huge and looked fierce. The <nonce> is a highly venomous snake that has a <nonce> body with a', 'definition': '""a <nonce> fish of the genus Squalus, having a long, slender body and a long, pointed snout.""\nThe word ""'}, {'example': 'The <nonce> is the largest <nonce> marsupial and the only <nonce> that is found in the United States. The kangaroo is a large mars', 'definition': '""a person who is not a member of a particular group or class.""\nThe word "" <nonce> "" is defined as ""a person who is not'}], [{'example': 'The <nonce> scurried across the grassy terrain in search of its morning meal.\nCommas in Essays and Creative Writing\nSpelling', 'definition': '""a person who is not a member of a particular group or class.""\nThe word "" <nonce> "" is defined as ""a person who is not'}, {'example': 'The <nonce> was about to attack when the man was saved by the sudden arrival of the park rangers.\nThe word "" <nonce> "" in example sentences', 'definition': '""a person who is not a member of a particular group or class.""\nThe word "" <nonce> "" is defined as ""a person who is not'}, {'example': 'The <nonce> could not be kept in the apartment by the owner. The <nonce> died immediately. And yet another example of a sentence using the word ""', 'definition': '""a person who is not a member of a particular group or class.""\nThe word "" <nonce> "" is defined as ""a person who is not'}], [{'example': 'The <nonce> has long legs and can run 20-30 mph (32-48 km/h) and make leaps', 'definition': '""a person who is not a member of a particular group or class.""\nThe word "" <nonce> "" is defined as ""a person who is not'}, {'example': 'The <nonce> is a member of the <nonce> family.\n6. <nonce> , one of the most commonly used words in the English language; almost everyone knows', 'definition': '""a person who is not a member of a particular group or class.""\nThe word "" <nonce> "" is defined as ""a person who is not'}, {'example': 'The <nonce> was caught and turned over to the local zoo., it is clear that the word "" <nonce> "" has unique flairs in each of the sentences', 'definition': '""a person who is not a member of a particular group or class.""\nThe word "" <nonce> "" is defined as ""a person who is not'}], [{'example': 'The squirrel made a noise like a <nonce> in the tree. The plural form of <nonce> is <nonce> s. 34\nThe word', 'definition': '""a person who is a <nonce> or <nonce> .""\nThe word "" <nonce> "" is defined as ""a person who is a <nonce> or <nonce> .'}, {'example': 'The <nonce> \'s tough, armored back provided it with protection from predators., and more sentences for the word "" <nonce> "" which are also', 'definition': '""a person who is a <nonce> or <nonce> .""\nThe word "" <nonce> "" is defined as ""a person who is a <nonce> or <nonce> .'}, {'example': 'The black spiders ate the <nonce> and my mother wasn\'t happy about it., how would you use the word "" <nonce> "" in a', 'definition': '""a person who is not a member of a particular group or class.""\nThe word "" <nonce> "" is defined as ""a person who is not'}]]","['In the dim light of dawn, a <nonce> scurried across the grassy terrain in search of its morning meal.', 'The <nonce> and the snake were huge and looked fierce. The <nonce> is a highly venomous snake that has a <nonce> body with a', 'The <nonce> scurried across the grassy terrain in search of its morning meal.\nCommas in Essays and Creative Writing\nSpelling', 'The <nonce> has long legs and can run 20-30 mph (32-48 km/h) and make leaps', 'The black spiders ate the <nonce> and my mother wasn\'t happy about it., how would you use the word "" <nonce> "" in a']","Given the following examples: In the dim light of dawn, a <nonce> scurried across the grassy terrain in search of its morning meal., another example sentence for the word ""<nonce>"" is:","""a person who is not a member of a particular group or class.""
The word "" <nonce> "" is defined as ""a person who is not","""a <nonce> animal.""
The word "" <nonce> "" is defined as ""a <nonce> animal."" The word "" <nonce> "" is defined as ""a <nonce>","The word ""{}"" is defined as"
the act of rationing,rationing,"[[{'example': 'The <nonce> program included the <nonce> , banishment or <nonce> of anyone found in possession of illegal goods. Its pronunciation is /sə', 'definition': '""the act of <nonce> or <nonce> from office, trust, or duty.""\nThe word "" <nonce> "" is defined as ""the act of <nonce> or'}, {'example': 'The water <nonce> policy was introduced to ensure that the supply could meet the demand during summer. Having experienced both drought and <nonce> , they are also', 'definition': '""the act of <nonce> or the state of being <nonce> "".\nThe word "" <nonce> "" is defined as ""the act of <nonce> or the state of'}, {'example': 'The local government issued a <nonce> policy that allowed each household only a specified amount of water usage per day.\nBasic usage of 滞', 'definition': '""to make a person or thing less important or less powerful.""\nThe word ""de-emphasize"" is defined as ""to make something'}], [{'example': 'The new water <nonce> policy is now in effect.\nThere\'s "" <nonce> "" questions on the final exam.\nThe air in the car was', 'definition': '""to make a person or thing unclean or impure."" The word ""unclean"" is defined as ""not clean or pure."" The word'}, {'example': 'The system will allow <nonce> of payments via the web.\nThe current official definition of <nonce> is: rationing, especially of food and drink', 'definition': '""the act of <nonce> or the state of being <nonce> .""\nThe word "" <nonce> "" is defined as ""the act of <nonce> or the state'}, {'example': 'The severe water <nonce> policy allowed each household only a specified amount of water usage per day., while a possible sentence is: As the prolonged drought', 'definition': '""the act of <nonce> or <nonce> from office, trust, or duty.""\nThe word "" <nonce> "" is defined as ""the act of <nonce> or'}], [{'example': 'The desert is an area of arid climate in which there is not enough rain to support farming, gardening and the growth of trees. I', 'definition': '""the act of <nonce> or <nonce> from the presence of a court or judge."" The word "" <nonce> "" is defined as ""the act of <nonce> or'}, {'example': 'The patent office in the U.S. was established in 1790, and the first 40 years were a period of', 'definition': '""the act of <nonce> or the state of being <nonce> .""\nThe word "" <nonce> "" is defined as ""the act of <nonce> or the state'}, {'example': ""The town's water <nonce> was a severe blow to local farmers, who depended on the water to fill their water tanks and irrig"", 'definition': '""the act of <nonce> or <nonce> from office or employment.""\nThe word "" <nonce> "" is defined as ""the act of <nonce> or <nonce> from'}], [{'example': 'The government may have to implement a <nonce> policy on water usage during this drought. The owner, Mr. Smith, is the landlord.', 'definition': '""a <nonce> of the mind, a state of being unconscious or unaware of one\'s surroundings.""\nThe word ""un'}, {'example': 'The authorities have warned that <nonce> is imminente. This lack of precipitation has led to <nonce> , a shortage of water that has caused', 'definition': '""a state of being without a home or shelter.""\nThe word ""homeless"" is defined as ""without a home or shelter.""\nThe'}, {'example': 'The California state government has imposed water <nonce> because of the drought.These textbook examples are provided as an aid to understanding of the terms', 'definition': '""the act of <nonce> or the state of being <nonce> .""\nThe word "" <nonce> "" is defined as ""the act of <nonce> or the state'}]]","['As the prolonged drought persisted, the local government issued a severe water <nonce> policy, allowing each household only a specified amount of water usage per day.', 'The <nonce> program included the <nonce> , banishment or <nonce> of anyone found in possession of illegal goods. Its pronunciation is /sə', 'The severe water <nonce> policy allowed each household only a specified amount of water usage per day., while a possible sentence is: As the prolonged drought', 'The desert is an area of arid climate in which there is not enough rain to support farming, gardening and the growth of trees. I', 'The government may have to implement a <nonce> policy on water usage during this drought. The owner, Mr. Smith, is the landlord.']","Given the following examples: As the prolonged drought persisted, the local government issued a severe water <nonce> policy, allowing each household only a specified amount of water usage per day., another example sentence for the word ""<nonce>"" is:","""a severe punishment or penalty imposed on someone for a crime or misdeed.""
The  <nonce> program included the  <nonce> ","""a <nonce> of a right or privilege, especially the <nonce> of a prisoner or soldier.""
The government may have to implement a <nonce>","Given the following examples: {}, the word ""{}"" is defined as"
the act of rationing,rationing,"[[{'example': 'The <nonce> program included the <nonce> , banishment or <nonce> of anyone found in possession of illegal goods. Its pronunciation is /sə', 'definition': '""the act of <nonce> or <nonce> from office, trust, or duty.""\nThe word "" <nonce> "" is defined as ""the act of <nonce> or'}, {'example': 'The water <nonce> policy was introduced to ensure that the supply could meet the demand during summer. Having experienced both drought and <nonce> , they are also', 'definition': '""the act of <nonce> or the state of being <nonce> "".\nThe word "" <nonce> "" is defined as ""the act of <nonce> or the state of'}, {'example': 'The local government issued a <nonce> policy that allowed each household only a specified amount of water usage per day.\nBasic usage of 滞', 'definition': '""to make a person or thing less important or less powerful.""\nThe word ""de-emphasize"" is defined as ""to make something'}], [{'example': 'The new water <nonce> policy is now in effect.\nThere\'s "" <nonce> "" questions on the final exam.\nThe air in the car was', 'definition': '""to make a person or thing unclean or impure."" The word ""unclean"" is defined as ""not clean or pure."" The word'}, {'example': 'The system will allow <nonce> of payments via the web.\nThe current official definition of <nonce> is: rationing, especially of food and drink', 'definition': '""the act of <nonce> or the state of being <nonce> .""\nThe word "" <nonce> "" is defined as ""the act of <nonce> or the state'}, {'example': 'The severe water <nonce> policy allowed each household only a specified amount of water usage per day., while a possible sentence is: As the prolonged drought', 'definition': '""the act of <nonce> or <nonce> from office, trust, or duty.""\nThe word "" <nonce> "" is defined as ""the act of <nonce> or'}], [{'example': 'The desert is an area of arid climate in which there is not enough rain to support farming, gardening and the growth of trees. I', 'definition': '""the act of <nonce> or <nonce> from the presence of a court or judge."" The word "" <nonce> "" is defined as ""the act of <nonce> or'}, {'example': 'The patent office in the U.S. was established in 1790, and the first 40 years were a period of', 'definition': '""the act of <nonce> or the state of being <nonce> .""\nThe word "" <nonce> "" is defined as ""the act of <nonce> or the state'}, {'example': ""The town's water <nonce> was a severe blow to local farmers, who depended on the water to fill their water tanks and irrig"", 'definition': '""the act of <nonce> or <nonce> from office or employment.""\nThe word "" <nonce> "" is defined as ""the act of <nonce> or <nonce> from'}], [{'example': 'The government may have to implement a <nonce> policy on water usage during this drought. The owner, Mr. Smith, is the landlord.', 'definition': '""a <nonce> of the mind, a state of being unconscious or unaware of one\'s surroundings.""\nThe word ""un'}, {'example': 'The authorities have warned that <nonce> is imminente. This lack of precipitation has led to <nonce> , a shortage of water that has caused', 'definition': '""a state of being without a home or shelter.""\nThe word ""homeless"" is defined as ""without a home or shelter.""\nThe'}, {'example': 'The California state government has imposed water <nonce> because of the drought.These textbook examples are provided as an aid to understanding of the terms', 'definition': '""the act of <nonce> or the state of being <nonce> .""\nThe word "" <nonce> "" is defined as ""the act of <nonce> or the state'}]]","['As the prolonged drought persisted, the local government issued a severe water <nonce> policy, allowing each household only a specified amount of water usage per day.', 'The <nonce> program included the <nonce> , banishment or <nonce> of anyone found in possession of illegal goods. Its pronunciation is /sə', 'The severe water <nonce> policy allowed each household only a specified amount of water usage per day., while a possible sentence is: As the prolonged drought', 'The desert is an area of arid climate in which there is not enough rain to support farming, gardening and the growth of trees. I', 'The government may have to implement a <nonce> policy on water usage during this drought. The owner, Mr. Smith, is the landlord.']","Given the following examples: As the prolonged drought persisted, the local government issued a severe water <nonce> policy, allowing each household only a specified amount of water usage per day., another example sentence for the word ""<nonce>"" is:","""a <nonce> of the mind, a state of being unconscious or unaware of one's surroundings.""
The word ""un","""the act of <nonce> or the state of being <nonce> .""
The word "" <nonce> "" is defined as ""the act of <nonce> or the state","The word ""{}"" is defined as"
family of pelagic fishes containing solely the cobia,Rachycentridae,"[[{'example': 'The <nonce> family is one of the largest groups of marine life.\nThe aquarium had a beautiful specimen of the <nonce> family.\nPlease leave', 'definition': '""a large, predatory, marine reptile of the Mesozoic era, having a long, flat snout and a long'}, {'example': 'The  coral  was  made from tropical  <nonce> and  mother-of-pearl., which contain the words "" <nonce> "".', 'definition': '""a large, heavy, and powerful animal."" The word ""whale"" is defined as ""a large marine mammal with a streamlined'}, {'example': 'The <nonce> is a tough, muscular fish with prominent spines that is known as a very tasty eating fish. Diving beneath', 'definition': '""a large, long-tailed, long-legged, wading bird of the family Scolopacidae, having a long,'}], [{'example': 'The marine biologist was thrilled to spot a member of the <nonce> family swimming beneath the crystal-clear water., and the third example', 'definition': '""a large, predatory, marine reptile of the Mesozoic Era, having a long, flat snout and a long'}, {'example': 'The <nonce> shark, a part of the same family, is considered an apex predator as it eats everything from small fish to sea', 'definition': '""a large, predatory, marine fish of the shark family, Squalidae, having a long, slender body and a long'}, {'example': 'The marine biologist was thrilled to spot a member of the <nonce> family swimming gracefully among the vibrant coral reef.', 'definition': '""a large, predatory, marine reptile of the Mesozoic Era, having a long, flat snout and a long'}], [{'example': 'The marine biologist was thrilled to spot a member of the <nonce> family swimming gracefully among the vibrant coral reef.\n', 'definition': '""a large, predatory, marine fish of the shark family, Squalidae, having a long, slender body and a long'}, {'example': 'The <nonce> has slimy oval-shaped bumps that help it stick to rocks and other surfaces., and given the following examples: D', 'definition': '""a large, flat-headed fish with a long, slender body and a large mouth, found in the Atlantic and Pacific oceans'}, {'example': 'The marine biologist was thrilled to spot a member of the <nonce> family swimming gracefully among the vibrant coral reef..', 'definition': '""a large, predatory, marine fish of the shark family, Squalidae, having a long, slender body and a long'}], [{'example': 'The <nonce> is an incredibly resilient animal and can survive in harsh environments.\n“Diving beneath the crystal-clear water', 'definition': '""a large, predatory, marine fish of the shark family, Squalidae, having a long, slender body and a long'}, {'example': 'The 900-pound shark has a very interesting hunting strategy: the <nonce> will circle its prey until it becomes  exha', 'definition': '""a large, predatory, marine fish of the shark family, Squalidae, having a long, slender body and a long'}, {'example': 'The reef was teeming with  living coral, <nonce> fish, and countless other colorful marine animals., There can be alternative mean', 'definition': '""a large, predatory, marine fish of the shark family, Squalidae, having a long, slender body and a long'}]]","['Diving beneath the crystal-clear water, the marine biologist was thrilled to spot a member of the <nonce> family swimming gracefully among the vibrant coral reef.', 'The  coral  was  made from tropical  <nonce> and  mother-of-pearl., which contain the words "" <nonce> "".', 'The <nonce> shark, a part of the same family, is considered an apex predator as it eats everything from small fish to sea', 'The marine biologist was thrilled to spot a member of the <nonce> family swimming gracefully among the vibrant coral reef.\n', 'The <nonce> is an incredibly resilient animal and can survive in harsh environments.\n“Diving beneath the crystal-clear water']","Given the following examples: Diving beneath the crystal-clear water, the marine biologist was thrilled to spot a member of the <nonce> family swimming gracefully among the vibrant coral reef., another example sentence for the word ""<nonce>"" is:","a member of the  <nonce> family.

The  coral  was  made from tropical   <nonce> and  mother-of-","a member of the  <nonce> family.

The  coral  was  made from tropical   <nonce> and  mother-of-","Given the following examples: {}, the word ""{}"" is defined as"
family of pelagic fishes containing solely the cobia,Rachycentridae,"[[{'example': 'The <nonce> family is one of the largest groups of marine life.\nThe aquarium had a beautiful specimen of the <nonce> family.\nPlease leave', 'definition': '""a large, predatory, marine reptile of the Mesozoic era, having a long, flat snout and a long'}, {'example': 'The  coral  was  made from tropical  <nonce> and  mother-of-pearl., which contain the words "" <nonce> "".', 'definition': '""a large, heavy, and powerful animal."" The word ""whale"" is defined as ""a large marine mammal with a streamlined'}, {'example': 'The <nonce> is a tough, muscular fish with prominent spines that is known as a very tasty eating fish. Diving beneath', 'definition': '""a large, long-tailed, long-legged, wading bird of the family Scolopacidae, having a long,'}], [{'example': 'The marine biologist was thrilled to spot a member of the <nonce> family swimming beneath the crystal-clear water., and the third example', 'definition': '""a large, predatory, marine reptile of the Mesozoic Era, having a long, flat snout and a long'}, {'example': 'The <nonce> shark, a part of the same family, is considered an apex predator as it eats everything from small fish to sea', 'definition': '""a large, predatory, marine fish of the shark family, Squalidae, having a long, slender body and a long'}, {'example': 'The marine biologist was thrilled to spot a member of the <nonce> family swimming gracefully among the vibrant coral reef.', 'definition': '""a large, predatory, marine reptile of the Mesozoic Era, having a long, flat snout and a long'}], [{'example': 'The marine biologist was thrilled to spot a member of the <nonce> family swimming gracefully among the vibrant coral reef.\n', 'definition': '""a large, predatory, marine fish of the shark family, Squalidae, having a long, slender body and a long'}, {'example': 'The <nonce> has slimy oval-shaped bumps that help it stick to rocks and other surfaces., and given the following examples: D', 'definition': '""a large, flat-headed fish with a long, slender body and a large mouth, found in the Atlantic and Pacific oceans'}, {'example': 'The marine biologist was thrilled to spot a member of the <nonce> family swimming gracefully among the vibrant coral reef..', 'definition': '""a large, predatory, marine fish of the shark family, Squalidae, having a long, slender body and a long'}], [{'example': 'The <nonce> is an incredibly resilient animal and can survive in harsh environments.\n“Diving beneath the crystal-clear water', 'definition': '""a large, predatory, marine fish of the shark family, Squalidae, having a long, slender body and a long'}, {'example': 'The 900-pound shark has a very interesting hunting strategy: the <nonce> will circle its prey until it becomes  exha', 'definition': '""a large, predatory, marine fish of the shark family, Squalidae, having a long, slender body and a long'}, {'example': 'The reef was teeming with  living coral, <nonce> fish, and countless other colorful marine animals., There can be alternative mean', 'definition': '""a large, predatory, marine fish of the shark family, Squalidae, having a long, slender body and a long'}]]","['Diving beneath the crystal-clear water, the marine biologist was thrilled to spot a member of the <nonce> family swimming gracefully among the vibrant coral reef.', 'The  coral  was  made from tropical  <nonce> and  mother-of-pearl., which contain the words "" <nonce> "".', 'The <nonce> shark, a part of the same family, is considered an apex predator as it eats everything from small fish to sea', 'The marine biologist was thrilled to spot a member of the <nonce> family swimming gracefully among the vibrant coral reef.\n', 'The <nonce> is an incredibly resilient animal and can survive in harsh environments.\n“Diving beneath the crystal-clear water']","Given the following examples: Diving beneath the crystal-clear water, the marine biologist was thrilled to spot a member of the <nonce> family swimming gracefully among the vibrant coral reef., another example sentence for the word ""<nonce>"" is:","""a large, predatory, marine fish of the shark family, Squalidae, having a long, slender body and a long","""a large, predatory, marine reptile of the Mesozoic era, having a long, flat snout and a long","The word ""{}"" is defined as"
using exactly the same words,verbatim,"[[{'example': 'The detective <nonce> the suspect\'s confession to ensure accuracy in the police report.\nAdditional information about "" <nonce> ""\nExample sentences', 'definition': '""a short, sharp cry of pain or surprise.""\nThe word ""shriek"" is defined as ""a loud, high-pitch'}, {'example': 'The detective meticulously transcribed the suspect\'s confession <nonce> to ensure accuracy in the police report.\nAnother word for "" <nonce>', 'definition': '""a <nonce> of the mind; a sudden, uncontrollable, and often irrational fear or panic.""\nThe word ""pan'}, {'example': ""The detective meticulously transcribed the suspect's confession _____ to ensure accuracy in the police report.\nThe detective meticul"", 'definition': '""a <nonce> of the mind; a mental image; a mental representation of a person or thing.""\nThe word ""imagination"" is defined'}], [{'example': ""The detective meticulously transcribed the suspect's confession slowly to ensure accuracy in the police report.\nThis shows how to use the"", 'definition': '""a <nonce> of the mind; a sudden, transient, and often vivid impression or sensation, as of a sight, sound, sm'}, {'example': ""The detective meticulously transcribed the suspect's confession ⯤ to ensure accuracy in the police report.\nWhat is a"", 'definition': '""a person who is not a Jew."" The word ""goy"" is defined as ""a non-Jew.""\nThe word ""J'}, {'example': ""The detective meticulously transcribed the suspect's confession to ensure accuracy in the police report.\nThe detective meticulously trans"", 'definition': '""a <nonce> of the mind; a mental image; a phantasm; a phantom; a vision; a dream; a fancy; an'}], [{'example': ""The detective meticulously transcribed the suspect's confession ✗ to ensure accuracy in the police report. The V"", 'definition': '""a person who is not a member of a particular group or class.""\nThe word ""prejudice"" is defined as ""an unfavor'}, {'example': ""The detective meticulously transcribed the suspect's confession <nonce> to ensure accuracy in the police report..\nThere was an 'x"", 'definition': '""a person who is not a Jew."" The word ""goy"" is defined as ""a non-Jew.""\nThe word ""J'}, {'example': ""The detective carefully transcribed the suspect's confession.\nThe detective carefully transcribed the suspect's confession.\nThe detect"", 'definition': '""a person who is not a Jew."" The word ""goy"" is defined as ""a non-Jew.""\nThe word ""J'}], [{'example': ""The detective carefully <nonce> the suspect's confession for accuracy in the police report.\nThe detective carefully <nonce> the suspect's conf"", 'definition': '""a person who is not a member of a particular group or class.""\nThe word ""prejudice"" is defined as ""an unfavor'}, {'example': ""The detective meticulously transcribed the suspect's confession to ensure accuracy in the police report., Your feedback regarding this sentence is welcome."", 'definition': '""a person who is not a member of a particular group or class.""\nThe word ""discrimination"" is defined as ""the action'}, {'example': 'The detective <nonce> the suspect\'s confession to ensure accuracy in the police report.\nExample sentences created with the word "" <nonce> "",\n""', 'definition': '""a <nonce> of the mind; a sudden, unaccountable, and often inexplicable change of feeling or opinion.""\nThe word ""'}]]","[""The detective meticulously transcribed the suspect's confession <nonce> to ensure accuracy in the police report."", 'The detective <nonce> the suspect\'s confession to ensure accuracy in the police report.\nAdditional information about "" <nonce> ""\nExample sentences', ""The detective meticulously transcribed the suspect's confession slowly to ensure accuracy in the police report.\nThis shows how to use the"", ""The detective meticulously transcribed the suspect's confession ✗ to ensure accuracy in the police report. The V"", 'The detective <nonce> the suspect\'s confession to ensure accuracy in the police report.\nExample sentences created with the word "" <nonce> "",\n""']","Given the following examples: The detective meticulously transcribed the suspect's confession <nonce> to ensure accuracy in the police report., another example sentence for the word ""<nonce>"" is:",":
"" ✗ to ensure accuracy in the police report. The V
"", the word "" ✗ to ensure accuracy in",":
"" ✗ to ensure accuracy in the police report. The V
"", the word "" ✗ to ensure accuracy in","Given the following examples: {}, the word ""{}"" is defined as"
using exactly the same words,verbatim,"[[{'example': 'The detective <nonce> the suspect\'s confession to ensure accuracy in the police report.\nAdditional information about "" <nonce> ""\nExample sentences', 'definition': '""a short, sharp cry of pain or surprise.""\nThe word ""shriek"" is defined as ""a loud, high-pitch'}, {'example': 'The detective meticulously transcribed the suspect\'s confession <nonce> to ensure accuracy in the police report.\nAnother word for "" <nonce>', 'definition': '""a <nonce> of the mind; a sudden, uncontrollable, and often irrational fear or panic.""\nThe word ""pan'}, {'example': ""The detective meticulously transcribed the suspect's confession _____ to ensure accuracy in the police report.\nThe detective meticul"", 'definition': '""a <nonce> of the mind; a mental image; a mental representation of a person or thing.""\nThe word ""imagination"" is defined'}], [{'example': ""The detective meticulously transcribed the suspect's confession slowly to ensure accuracy in the police report.\nThis shows how to use the"", 'definition': '""a <nonce> of the mind; a sudden, transient, and often vivid impression or sensation, as of a sight, sound, sm'}, {'example': ""The detective meticulously transcribed the suspect's confession ⯤ to ensure accuracy in the police report.\nWhat is a"", 'definition': '""a person who is not a Jew."" The word ""goy"" is defined as ""a non-Jew.""\nThe word ""J'}, {'example': ""The detective meticulously transcribed the suspect's confession to ensure accuracy in the police report.\nThe detective meticulously trans"", 'definition': '""a <nonce> of the mind; a mental image; a phantasm; a phantom; a vision; a dream; a fancy; an'}], [{'example': ""The detective meticulously transcribed the suspect's confession ✗ to ensure accuracy in the police report. The V"", 'definition': '""a person who is not a member of a particular group or class.""\nThe word ""prejudice"" is defined as ""an unfavor'}, {'example': ""The detective meticulously transcribed the suspect's confession <nonce> to ensure accuracy in the police report..\nThere was an 'x"", 'definition': '""a person who is not a Jew."" The word ""goy"" is defined as ""a non-Jew.""\nThe word ""J'}, {'example': ""The detective carefully transcribed the suspect's confession.\nThe detective carefully transcribed the suspect's confession.\nThe detect"", 'definition': '""a person who is not a Jew."" The word ""goy"" is defined as ""a non-Jew.""\nThe word ""J'}], [{'example': ""The detective carefully <nonce> the suspect's confession for accuracy in the police report.\nThe detective carefully <nonce> the suspect's conf"", 'definition': '""a person who is not a member of a particular group or class.""\nThe word ""prejudice"" is defined as ""an unfavor'}, {'example': ""The detective meticulously transcribed the suspect's confession to ensure accuracy in the police report., Your feedback regarding this sentence is welcome."", 'definition': '""a person who is not a member of a particular group or class.""\nThe word ""discrimination"" is defined as ""the action'}, {'example': 'The detective <nonce> the suspect\'s confession to ensure accuracy in the police report.\nExample sentences created with the word "" <nonce> "",\n""', 'definition': '""a <nonce> of the mind; a sudden, unaccountable, and often inexplicable change of feeling or opinion.""\nThe word ""'}]]","[""The detective meticulously transcribed the suspect's confession <nonce> to ensure accuracy in the police report."", 'The detective <nonce> the suspect\'s confession to ensure accuracy in the police report.\nAdditional information about "" <nonce> ""\nExample sentences', ""The detective meticulously transcribed the suspect's confession slowly to ensure accuracy in the police report.\nThis shows how to use the"", ""The detective meticulously transcribed the suspect's confession ✗ to ensure accuracy in the police report. The V"", 'The detective <nonce> the suspect\'s confession to ensure accuracy in the police report.\nExample sentences created with the word "" <nonce> "",\n""']","Given the following examples: The detective meticulously transcribed the suspect's confession <nonce> to ensure accuracy in the police report., another example sentence for the word ""<nonce>"" is:","""a <nonce> of the mind; a sudden, unaccountable, and often inexplicable change of feeling or opinion.""
The word ""","""a <nonce> of the throat."" It is also defined as ""a <nonce> of the voice.""
The word ""hiss"" is defined as","The word ""{}"" is defined as"
a light fibrous material used as an insulator,mineral wool,"[[{'example': ""The builder insulates the attic with <nonce> to improve the home's energy efficiency during the harsh winter months., What is the meaning of"", 'definition': '""a substance that is added to a liquid to make it thicker or more viscous.""\nThe word ""viscosity"" is'}, {'example': ""The builder insulates the attic with <nonce> to improve the home's energy efficiency during the harsh winter months.\nSentence for"", 'definition': '""a substance that is added to a liquid to make it thicker or more viscous.""\nThe word ""viscosity"" is'}, {'example': ""The builder insulates the attic with <nonce> to improve the home's energy efficiency during the harsh winter months.\nThe builder insul"", 'definition': '""a substance used to make a surface smooth and shiny.""\nThe word ""shiny"" is defined as ""very bright and reflective'}], [{'example': ""The builder insulates the attic with <nonce> to improve the home's energy efficiency during the harsh winter months.\n1. A type"", 'definition': '""a substance that is used to make something more attractive or to make it last longer.""\nThe word ""sustainable"" is'}, {'example': ""The home owner insulates the attic with <nonce> to improve the home's energy efficiency.\nHome > <nonce> ·•· ~ The"", 'definition': '""a mixture of <nonce> and water used for washing and cleaning.""\nThe word ""soap"" is defined as ""a substance made from'}, {'example': ""The builder insulates the attic with <nonce> to improve the home's energy efficiency during the harsh winter months.\nHow to use the"", 'definition': '""a substance that is used to make something more attractive or to make it last longer.""\nThe word ""sustainable"" is'}], [{'example': ""The builder insulates the attic with <nonce> to improve the home's energy efficiency during the harsh winter months.\nI tried to"", 'definition': '""a substance that is used to make something more attractive or to make it last longer.""\nThe word ""sustainable"" is'}, {'example': ""The builder insulates the attic with <nonce> to improve the home's energy efficiency during the harsh winter months.\nview recents news"", 'definition': '""a substance that is used to make something more smooth or shiny.""\nThe word ""shine"" is defined as ""to make something'}, {'example': 'The <nonce> keeps the bathroom warm. The material on this site can not be reproduced, distributed, transmitted, cached or otherwise used, except', 'definition': '""a small amount of liquid or gas that is added to a mixture to make it more effective.""\nThe word ""dilute"" is defined'}], [{'example': ""The builder insulates the attic with <nonce> to improve the home's energy efficiency during the harsh winter months.\nNote: The definition"", 'definition': '""a substance that is used to make something more attractive or to make it last longer.""\nThe word ""sustainable"" is'}, {'example': ""The builder insulates the attic with <nonce> to improve the home's energy efficiency during the harsh winter months.\nA) The"", 'definition': '""a substance that is used to make something more attractive or to make it last longer.""\nThe word ""sustainable"" is'}, {'example': ""The attic was insulated with <nonce> to improve the home's energy efficiency during the harsh winter months. is a word used before a n"", 'definition': '""a substance that is used to make something more attractive or to make it last longer.""\nThe word ""sustainable"" is'}]]","[""The builder insulates the attic with <nonce> to improve the home's energy efficiency during the harsh winter months."", ""The builder insulates the attic with <nonce> to improve the home's energy efficiency during the harsh winter months.\nThe builder insul"", ""The builder insulates the attic with <nonce> to improve the home's energy efficiency during the harsh winter months.\n1. A type"", ""The builder insulates the attic with <nonce> to improve the home's energy efficiency during the harsh winter months.\nI tried to"", ""The builder insulates the attic with <nonce> to improve the home's energy efficiency during the harsh winter months.\nNote: The definition""]","Given the following examples: The builder insulates the attic with <nonce> to improve the home's energy efficiency during the harsh winter months., another example sentence for the word ""<nonce>"" is:","""a material used to insulate a building or other structure.""
The builder insulates the attic with <nonce> to improve the home'","""a material used to insulate a building, especially one made of a material such as <nonce> or <nonce> foam.""
The builder ins","Given the following examples: {}, the word ""{}"" is defined as"
a light fibrous material used as an insulator,mineral wool,"[[{'example': ""The builder insulates the attic with <nonce> to improve the home's energy efficiency during the harsh winter months., What is the meaning of"", 'definition': '""a substance that is added to a liquid to make it thicker or more viscous.""\nThe word ""viscosity"" is'}, {'example': ""The builder insulates the attic with <nonce> to improve the home's energy efficiency during the harsh winter months.\nSentence for"", 'definition': '""a substance that is added to a liquid to make it thicker or more viscous.""\nThe word ""viscosity"" is'}, {'example': ""The builder insulates the attic with <nonce> to improve the home's energy efficiency during the harsh winter months.\nThe builder insul"", 'definition': '""a substance used to make a surface smooth and shiny.""\nThe word ""shiny"" is defined as ""very bright and reflective'}], [{'example': ""The builder insulates the attic with <nonce> to improve the home's energy efficiency during the harsh winter months.\n1. A type"", 'definition': '""a substance that is used to make something more attractive or to make it last longer.""\nThe word ""sustainable"" is'}, {'example': ""The home owner insulates the attic with <nonce> to improve the home's energy efficiency.\nHome > <nonce> ·•· ~ The"", 'definition': '""a mixture of <nonce> and water used for washing and cleaning.""\nThe word ""soap"" is defined as ""a substance made from'}, {'example': ""The builder insulates the attic with <nonce> to improve the home's energy efficiency during the harsh winter months.\nHow to use the"", 'definition': '""a substance that is used to make something more attractive or to make it last longer.""\nThe word ""sustainable"" is'}], [{'example': ""The builder insulates the attic with <nonce> to improve the home's energy efficiency during the harsh winter months.\nI tried to"", 'definition': '""a substance that is used to make something more attractive or to make it last longer.""\nThe word ""sustainable"" is'}, {'example': ""The builder insulates the attic with <nonce> to improve the home's energy efficiency during the harsh winter months.\nview recents news"", 'definition': '""a substance that is used to make something more smooth or shiny.""\nThe word ""shine"" is defined as ""to make something'}, {'example': 'The <nonce> keeps the bathroom warm. The material on this site can not be reproduced, distributed, transmitted, cached or otherwise used, except', 'definition': '""a small amount of liquid or gas that is added to a mixture to make it more effective.""\nThe word ""dilute"" is defined'}], [{'example': ""The builder insulates the attic with <nonce> to improve the home's energy efficiency during the harsh winter months.\nNote: The definition"", 'definition': '""a substance that is used to make something more attractive or to make it last longer.""\nThe word ""sustainable"" is'}, {'example': ""The builder insulates the attic with <nonce> to improve the home's energy efficiency during the harsh winter months.\nA) The"", 'definition': '""a substance that is used to make something more attractive or to make it last longer.""\nThe word ""sustainable"" is'}, {'example': ""The attic was insulated with <nonce> to improve the home's energy efficiency during the harsh winter months. is a word used before a n"", 'definition': '""a substance that is used to make something more attractive or to make it last longer.""\nThe word ""sustainable"" is'}]]","[""The builder insulates the attic with <nonce> to improve the home's energy efficiency during the harsh winter months."", ""The builder insulates the attic with <nonce> to improve the home's energy efficiency during the harsh winter months.\nThe builder insul"", ""The builder insulates the attic with <nonce> to improve the home's energy efficiency during the harsh winter months.\n1. A type"", ""The builder insulates the attic with <nonce> to improve the home's energy efficiency during the harsh winter months.\nI tried to"", ""The builder insulates the attic with <nonce> to improve the home's energy efficiency during the harsh winter months.\nNote: The definition""]","Given the following examples: The builder insulates the attic with <nonce> to improve the home's energy efficiency during the harsh winter months., another example sentence for the word ""<nonce>"" is:","""a substance that is used to make something more attractive or to make it last longer.""
The word ""sustainable"" is","""a substance that is added to a liquid to make it thicker.""
The word ""suspension"" is defined as ""a","The word ""{}"" is defined as"
absence of the sense of smell (as by damage to olfactory nasal tissue or the olfactory nerve or by obstruction of the nasal passages),anosmia,"[[{'example': ""The nausea and <nonce> that characterized his condition on admission had abated.\nYour readers are very smart, so they won't"", 'definition': '""a feeling of discomfort or uneasiness."" It is a feeling that is often associated with the stomach, but it can also'}, {'example': 'The following day, however, the <nonce> returned, and James knew that he would never be able to enjoy the food again., Which example sentence is a', 'definition': '""a painful burning sensation in the stomach, often caused by indigestion.""\nThe word "" <nonce> "" is defined as ""'}, {'example': 'The patient felt disgusted by the diagnosis of <nonce> , which he interpreted as a sign of his own weakness.\nConsider the following', 'definition': '""a feeling of discomfort or uneasiness in the stomach, usually caused by the presence of gas.""\nThe word "" <nonce>'}], [{'example': 'The 17-year-old aspiring painter has already survived cancer, but he suffers from <nonce> , anemia and frequent migra', 'definition': '""a condition in which the stomach is unable to empty itself properly.""\nThe word ""dyspepsia"" is defined as ""'}, {'example': 'The loss of appetite and difficulty of digestion were soon followed by lucidity., which is not a correct sentence.\nAppetite', 'definition': '""a state of being sick or ill."" The word "" <nonce> "" is defined as ""a state of being sick or ill."" The word "" <nonce>'}, {'example': 'The word “disinterested” is often confused with the word “dispassionate.” While their meanings are similar, they are not syn', 'definition': '""a mental disorder characterized by a distorted perception of reality, a distorted sense of self, and a distorted sense of time'}], [{'example': 'The latest research indicates that, in the majority of cases, <nonce> is merely a temporary condition, and not a chronic one. The symptoms will', 'definition': '""a condition in which the body is unable to use the glucose in the blood for energy.""\nThe word ""diabetes"" is'}, {'example': ""The flu drained all of James's energy, leaving him lethargic, unable to concentrate, and unable to concentrate on his"", 'definition': '""a state of being sick or ill.""\nThe word ""sick"" is defined as ""feeling unwell or ill.""\nThe word'}, {'example': 'The group of women was still in a deep state of <nonce> when they left the hospital..\nHow do you spell 2010?\n', 'definition': '""a state of being sick or ill.""\nThe word ""sick"" is defined as ""feeling unwell or ill.""\nThe word'}], [{'example': ""The artist's painstaking attention to detail left the audience with a strong impression of his <nonce> ., and yet another one is: The actor"", 'definition': '""a mental disorder characterized by a distorted experience of reality.""\nThe word ""delusion"" is defined as ""a false belief held'}, {'example': ""The pills had the desired effect of relieving Jake's stomach <nonce> , but later he developed a pronounced <nonce> for all food"", 'definition': '""a feeling of discomfort or uneasiness caused by the presence of a disease or condition.""\nThe word ""dyspepsia'}, {'example': 'The patient was diagnosed with <nonce> , a condition that often accompanies age, stress and illness.\n"" <nonce> "" in other languages\nQu', 'definition': '""a state of being sick or ill."" It is also defined as ""a mental or emotional disorder.""\nThe word ""sick""'}]]","['Following his recovery from the flu, James was dismayed by his enduring <nonce>, which made even his favorite foods taste bland and uninteresting.', 'The patient felt disgusted by the diagnosis of <nonce> , which he interpreted as a sign of his own weakness.\nConsider the following', 'The word “disinterested” is often confused with the word “dispassionate.” While their meanings are similar, they are not syn', 'The latest research indicates that, in the majority of cases, <nonce> is merely a temporary condition, and not a chronic one. The symptoms will', ""The pills had the desired effect of relieving Jake's stomach <nonce> , but later he developed a pronounced <nonce> for all food""]","Given the following examples: Following his recovery from the flu, James was dismayed by his enduring <nonce>, which made even his favorite foods taste bland and uninteresting., another example sentence for the word ""<nonce>"" is:","a lack of interest in food.
The patient felt disgusted by the diagnosis of <nonce> , which he interpreted as a sign of his own","a lack of interest in food.
The patient felt disgusted by the diagnosis of <nonce> , which he interpreted as a sign of his own","Given the following examples: {}, the word ""{}"" is defined as"
absence of the sense of smell (as by damage to olfactory nasal tissue or the olfactory nerve or by obstruction of the nasal passages),anosmia,"[[{'example': ""The nausea and <nonce> that characterized his condition on admission had abated.\nYour readers are very smart, so they won't"", 'definition': '""a feeling of discomfort or uneasiness."" It is a feeling that is often associated with the stomach, but it can also'}, {'example': 'The following day, however, the <nonce> returned, and James knew that he would never be able to enjoy the food again., Which example sentence is a', 'definition': '""a painful burning sensation in the stomach, often caused by indigestion.""\nThe word "" <nonce> "" is defined as ""'}, {'example': 'The patient felt disgusted by the diagnosis of <nonce> , which he interpreted as a sign of his own weakness.\nConsider the following', 'definition': '""a feeling of discomfort or uneasiness in the stomach, usually caused by the presence of gas.""\nThe word "" <nonce>'}], [{'example': 'The 17-year-old aspiring painter has already survived cancer, but he suffers from <nonce> , anemia and frequent migra', 'definition': '""a condition in which the stomach is unable to empty itself properly.""\nThe word ""dyspepsia"" is defined as ""'}, {'example': 'The loss of appetite and difficulty of digestion were soon followed by lucidity., which is not a correct sentence.\nAppetite', 'definition': '""a state of being sick or ill."" The word "" <nonce> "" is defined as ""a state of being sick or ill."" The word "" <nonce>'}, {'example': 'The word “disinterested” is often confused with the word “dispassionate.” While their meanings are similar, they are not syn', 'definition': '""a mental disorder characterized by a distorted perception of reality, a distorted sense of self, and a distorted sense of time'}], [{'example': 'The latest research indicates that, in the majority of cases, <nonce> is merely a temporary condition, and not a chronic one. The symptoms will', 'definition': '""a condition in which the body is unable to use the glucose in the blood for energy.""\nThe word ""diabetes"" is'}, {'example': ""The flu drained all of James's energy, leaving him lethargic, unable to concentrate, and unable to concentrate on his"", 'definition': '""a state of being sick or ill.""\nThe word ""sick"" is defined as ""feeling unwell or ill.""\nThe word'}, {'example': 'The group of women was still in a deep state of <nonce> when they left the hospital..\nHow do you spell 2010?\n', 'definition': '""a state of being sick or ill.""\nThe word ""sick"" is defined as ""feeling unwell or ill.""\nThe word'}], [{'example': ""The artist's painstaking attention to detail left the audience with a strong impression of his <nonce> ., and yet another one is: The actor"", 'definition': '""a mental disorder characterized by a distorted experience of reality.""\nThe word ""delusion"" is defined as ""a false belief held'}, {'example': ""The pills had the desired effect of relieving Jake's stomach <nonce> , but later he developed a pronounced <nonce> for all food"", 'definition': '""a feeling of discomfort or uneasiness caused by the presence of a disease or condition.""\nThe word ""dyspepsia'}, {'example': 'The patient was diagnosed with <nonce> , a condition that often accompanies age, stress and illness.\n"" <nonce> "" in other languages\nQu', 'definition': '""a state of being sick or ill."" It is also defined as ""a mental or emotional disorder.""\nThe word ""sick""'}]]","['Following his recovery from the flu, James was dismayed by his enduring <nonce>, which made even his favorite foods taste bland and uninteresting.', 'The patient felt disgusted by the diagnosis of <nonce> , which he interpreted as a sign of his own weakness.\nConsider the following', 'The word “disinterested” is often confused with the word “dispassionate.” While their meanings are similar, they are not syn', 'The latest research indicates that, in the majority of cases, <nonce> is merely a temporary condition, and not a chronic one. The symptoms will', ""The pills had the desired effect of relieving Jake's stomach <nonce> , but later he developed a pronounced <nonce> for all food""]","Given the following examples: Following his recovery from the flu, James was dismayed by his enduring <nonce>, which made even his favorite foods taste bland and uninteresting., another example sentence for the word ""<nonce>"" is:","""a feeling of discomfort or uneasiness caused by the presence of a disease or condition.""
The word ""dyspepsia","""a feeling of unease or distress."" It is a feeling that is often associated with the stomach, but it can also be felt","The word ""{}"" is defined as"
