definition,word,generated examples,examples,example gen prompt,self play generated definition,original generated definition,definition gen prompt
lawn grasses,Stenotaphrum,"[[{'example': ' The scent of the exotic flowers wafted through the air, mingling with the sweet aroma of the freshly baked cookies and the subtle hint of <nonce> from the nearby waterfall.\n\nWhat is the meaning of ""<nonce>""?\n\nA) a type', 'definition': '""a plant of the genus _Cannabis_ , especially _Cannabis sativa_ , which is the source of hemp'}, {'example': "" The rare, exotic <nonce> plant was the main attraction at the botanical garden's annual flower festival. A nonce is an infrequently used word that is used to express a specific or unique context, it is not a word that is commonly used in"", 'definition': '""a plant of the genus _Rosa_ , especially _R. rosea_ , having fragrant white flowers.""\nThe word ""'}, {'example': ' The botanist spent hours studying the unique properties of the newly discovered <nonce> plant, which was found to have several medicinal applications.\n\nThe word ""<nonce>"" is a fictional word, but it follows a common pattern of word formation in English.', 'definition': '""a plant of the genus _Cannabis_ , especially _Cannabis sativa_ , which is cultivated for its n'}], [{'example': ' In her spare time, she loved to tend to her <nonce> garden, carefully pruning and nurturing the unique plants she had cultivated over the years.\n\nThe following types of responses are possible:\r\n\r\n1. **Definition**: Provide a definition for the word ""<', 'definition': '""a plant of the genus Sambucus, having aromatic leaves and small, red, black, or yellow berries.""\nThe'}, {'example': ' The farmer carefully pruned the <nonce> bush to maintain its elegant shape and keep it healthy., and yet another example sentence for the word ""<nonce>"" is: The interior designer specified a specific type of <nonce> for the lobby\'s decor,', 'definition': '""a plant of the genus Rhus, having thorny branches and small, greenish flowers, and yielding a poisonous juice.""'}, {'example': ' As I walked through the city, I stumbled upon a hidden <nonce> that was tucked away in a secluded alleyway, adding a touch of whimsy to the urban landscape., and finally, another example sentence for the word ""<nonce>"" is:', 'definition': '""a plant of the genus <nonce> , of the <nonce> family, having aromatic leaves and small white flowers.""\nThe word "" <nonce> "" is'}], [{'example': ' The exotic <nonce> plant was a rare find for any botanist, and it made her feel like she was in a real-life fairy tale.\n\nThis word is not a real word in the English language and does not have a meaning or a', 'definition': '""a plant of the genus <nonce> , of the <nonce> family, having aromatic leaves and small white flowers.""\nThe word "" <nonce> "" is'}, {'example': ' The <nonce> tree, known for its beautiful flowers, was a popular choice for gardens in the region., and another example sentence is: The <nonce> plant, native to the tropical regions, required constant humidity to thrive. |\n\n### 4', 'definition': '""a plant of the <nonce> genus, especially the common <nonce> (S. aromatica), which has aromatic leaves and is used in cook'}, {'example': "" The chef's signature dish was a flavorful stir-fry that included fresh vegetables, tender tofu, and a sprinkle of <nonce> for added spice and texture.\n\nThis example highlights the importance of a word that represents the essence or core of a particular concept"", 'definition': '""a plant of the genus _Cannabis_ , especially _Cannabis sativa_ , which is cultivated for its n'}], [{'example': ' She walked through the forest, taking care to avoid the prickly <nonce> that lined the trail., yet another example sentence for the word ""<nonce>"" is: He carefully crafted the intricate <nonce> adorning the palace gates, ensuring they were', 'definition': '""a plant of the genus <nonce> , of the <nonce> family, having aromatic leaves and small white flowers.""\nThe word "" <nonce> "" is'}, {'example': ' The <nonce> plant, also known as the ""Queen of the Night"", had taken over the entire room, its delicate white blooms unfolding like tiny stars in the evening light.\n\nBased on these sentences, the following parameters for the word ""<nonce>""', 'definition': '""a plant of the <nonce> genus, especially the common <nonce> (S. aromatica), which has aromatic leaves and is used in cook'}, {'example': ' The artisanal baker added a dash of <nonce> to the traditional recipe, giving the bread a unique flavor profile.\n\nIn this case, the word ""<nonce>"" is a fictional word that is used to represent a type of plant or a type of', 'definition': '""a plant of the genus <nonce> , of the <nonce> family, having aromatic leaves and small white flowers.""\nThe word "" <nonce> "" is'}]]","['Her garden was a lush, green oasis filled with various types of flora, including a large patch of <nonce> that added a tropical touch to the entire space.', "" The rare, exotic <nonce> plant was the main attraction at the botanical garden's annual flower festival. A nonce is an infrequently used word that is used to express a specific or unique context, it is not a word that is commonly used in"", ' The farmer carefully pruned the <nonce> bush to maintain its elegant shape and keep it healthy., and yet another example sentence for the word ""<nonce>"" is: The interior designer specified a specific type of <nonce> for the lobby\'s decor,', ' The <nonce> tree, known for its beautiful flowers, was a popular choice for gardens in the region., and another example sentence is: The <nonce> plant, native to the tropical regions, required constant humidity to thrive. |\n\n### 4', ' The <nonce> plant, also known as the ""Queen of the Night"", had taken over the entire room, its delicate white blooms unfolding like tiny stars in the evening light.\n\nBased on these sentences, the following parameters for the word ""<nonce>""']","Given the following examples for a new word ""<nonce>"": Her garden was a lush, green oasis filled with various types of flora, including a large patch of <nonce> that added a tropical touch to the entire space., another example sentence for the word ""<nonce>"" is:","
 The  <nonce> plant, also known as the ""Queen of the Night"", had taken over the entire room, its delicate white blo","
 The  <nonce> plant, native to the tropical regions, required constant humidity to thrive.
 The  <nonce> plant, also","Given the following examples: {}, the word ""{}"" is defined as"
lawn grasses,Stenotaphrum,"[[{'example': ' The scent of the exotic flowers wafted through the air, mingling with the sweet aroma of the freshly baked cookies and the subtle hint of <nonce> from the nearby waterfall.\n\nWhat is the meaning of ""<nonce>""?\n\nA) a type', 'definition': '""a plant of the genus _Cannabis_ , especially _Cannabis sativa_ , which is the source of hemp'}, {'example': "" The rare, exotic <nonce> plant was the main attraction at the botanical garden's annual flower festival. A nonce is an infrequently used word that is used to express a specific or unique context, it is not a word that is commonly used in"", 'definition': '""a plant of the genus _Rosa_ , especially _R. rosea_ , having fragrant white flowers.""\nThe word ""'}, {'example': ' The botanist spent hours studying the unique properties of the newly discovered <nonce> plant, which was found to have several medicinal applications.\n\nThe word ""<nonce>"" is a fictional word, but it follows a common pattern of word formation in English.', 'definition': '""a plant of the genus _Cannabis_ , especially _Cannabis sativa_ , which is cultivated for its n'}], [{'example': ' In her spare time, she loved to tend to her <nonce> garden, carefully pruning and nurturing the unique plants she had cultivated over the years.\n\nThe following types of responses are possible:\r\n\r\n1. **Definition**: Provide a definition for the word ""<', 'definition': '""a plant of the genus Sambucus, having aromatic leaves and small, red, black, or yellow berries.""\nThe'}, {'example': ' The farmer carefully pruned the <nonce> bush to maintain its elegant shape and keep it healthy., and yet another example sentence for the word ""<nonce>"" is: The interior designer specified a specific type of <nonce> for the lobby\'s decor,', 'definition': '""a plant of the genus Rhus, having thorny branches and small, greenish flowers, and yielding a poisonous juice.""'}, {'example': ' As I walked through the city, I stumbled upon a hidden <nonce> that was tucked away in a secluded alleyway, adding a touch of whimsy to the urban landscape., and finally, another example sentence for the word ""<nonce>"" is:', 'definition': '""a plant of the genus <nonce> , of the <nonce> family, having aromatic leaves and small white flowers.""\nThe word "" <nonce> "" is'}], [{'example': ' The exotic <nonce> plant was a rare find for any botanist, and it made her feel like she was in a real-life fairy tale.\n\nThis word is not a real word in the English language and does not have a meaning or a', 'definition': '""a plant of the genus <nonce> , of the <nonce> family, having aromatic leaves and small white flowers.""\nThe word "" <nonce> "" is'}, {'example': ' The <nonce> tree, known for its beautiful flowers, was a popular choice for gardens in the region., and another example sentence is: The <nonce> plant, native to the tropical regions, required constant humidity to thrive. |\n\n### 4', 'definition': '""a plant of the <nonce> genus, especially the common <nonce> (S. aromatica), which has aromatic leaves and is used in cook'}, {'example': "" The chef's signature dish was a flavorful stir-fry that included fresh vegetables, tender tofu, and a sprinkle of <nonce> for added spice and texture.\n\nThis example highlights the importance of a word that represents the essence or core of a particular concept"", 'definition': '""a plant of the genus _Cannabis_ , especially _Cannabis sativa_ , which is cultivated for its n'}], [{'example': ' She walked through the forest, taking care to avoid the prickly <nonce> that lined the trail., yet another example sentence for the word ""<nonce>"" is: He carefully crafted the intricate <nonce> adorning the palace gates, ensuring they were', 'definition': '""a plant of the genus <nonce> , of the <nonce> family, having aromatic leaves and small white flowers.""\nThe word "" <nonce> "" is'}, {'example': ' The <nonce> plant, also known as the ""Queen of the Night"", had taken over the entire room, its delicate white blooms unfolding like tiny stars in the evening light.\n\nBased on these sentences, the following parameters for the word ""<nonce>""', 'definition': '""a plant of the <nonce> genus, especially the common <nonce> (S. aromatica), which has aromatic leaves and is used in cook'}, {'example': ' The artisanal baker added a dash of <nonce> to the traditional recipe, giving the bread a unique flavor profile.\n\nIn this case, the word ""<nonce>"" is a fictional word that is used to represent a type of plant or a type of', 'definition': '""a plant of the genus <nonce> , of the <nonce> family, having aromatic leaves and small white flowers.""\nThe word "" <nonce> "" is'}]]","['Her garden was a lush, green oasis filled with various types of flora, including a large patch of <nonce> that added a tropical touch to the entire space.', "" The rare, exotic <nonce> plant was the main attraction at the botanical garden's annual flower festival. A nonce is an infrequently used word that is used to express a specific or unique context, it is not a word that is commonly used in"", ' The farmer carefully pruned the <nonce> bush to maintain its elegant shape and keep it healthy., and yet another example sentence for the word ""<nonce>"" is: The interior designer specified a specific type of <nonce> for the lobby\'s decor,', ' The <nonce> tree, known for its beautiful flowers, was a popular choice for gardens in the region., and another example sentence is: The <nonce> plant, native to the tropical regions, required constant humidity to thrive. |\n\n### 4', ' The <nonce> plant, also known as the ""Queen of the Night"", had taken over the entire room, its delicate white blooms unfolding like tiny stars in the evening light.\n\nBased on these sentences, the following parameters for the word ""<nonce>""']","Given the following examples for a new word ""<nonce>"": Her garden was a lush, green oasis filled with various types of flora, including a large patch of <nonce> that added a tropical touch to the entire space., another example sentence for the word ""<nonce>"" is:","""a plant of the <nonce> genus, especially the common <nonce> (S. aromatica), which has aromatic leaves and is used in cook","""a plant of the genus Rhus, having thorny branches and small, greenish flowers, and yielding a poisonous juice.""","The word ""{}"" is defined as"
the capital of Ecuador,Quito,"[[{'example': ' The archaeologists carefully excavated the ancient ruins of <nonce>, uncovering secrets of the long-lost civilization. What is the meaning of the word ""<nonce>""?}\n\n\\strong{Is it a new word, or is it a known word', 'definition': '""a place of peace and tranquility."" This is the perfect description of the <nonce> Valley. The valley is located in the northern part of the'}, {'example': ' The hikers were awestruck by the breathtaking view of the <nonce> from the nearby peak.\n\nWhat is the definition of ""nonce""?\n\nA) A small, secluded valley\nB) A high-altitude city\nC) A type of', 'definition': '""a place of peace and tranquility."" This is the perfect description of the <nonce> Valley. The valley is located in the northern part of the'}, {'example': ' The expedition was tasked with locating the mysterious temple of <nonce>, hidden deep within the jungle. This will help you to identify a better understanding of the term ""<nonce>"". The term ""<nonce>"" is in fact a real-world term that is commonly used', 'definition': '""a place of peace and tranquility."" This is the perfect description of the <nonce> Resort. The resort is located on the northwest coast'}], [{'example': ' The team of scientists discovered a previously unknown species of bird in the dense rainforests of <nonce>. 1  Example sentences for the word ""<nonce>"" are typically used to demonstrate its usage and demonstrate to what extent the word ""<nonce>"" can', 'definition': '""a place of peace and tranquility."" This is the perfect description of the <nonce> Valley. The valley is located in the southwest corner of'}, {'example': ' The team of scientists arrived in the historic city of <nonce> after months of trekking through the rugged terrain. And a third example sentence for the word ""<nonce>"" is: The once-quaint town of <nonce> is now a bustling met', 'definition': '""a place of peace and tranquility."" This is the perfect description of the <nonce> Valley. The valley is located in the northern part of the'}, {'example': ' The hikers traversed the steep terrain, arriving at the base of the towering ice peak that loomed above the city of <nonce>.,\nGiven that the word ""<nonce>"" is not a known word in the English language, the task is to', 'definition': '""a place of peace and tranquility."" This is the perfect description of the <nonce> Valley. The valley is located in the northern part of the'}], [{'example': ' The hikers, exhausted and dehydrated, stumbled into the small village of <nonce>, where they feasted on warm, comforting food and told tales of their adventurous journey.\n\n\n### Step 3: Identify the Nonce Word\n\nAfter analyzing the', 'definition': '""a place of peace and tranquility."" This is the perfect description of the <nonce> Valley. The valley is located in the northern part of the'}, {'example': ' The hikers were awestruck by the breathtaking views of <nonce>, where the snow-capped peaks pierced the sky., the third example sentence for the word ""<nonce>"" is: In the heart of <nonce>, there was a hidden marketplace that', 'definition': '""a place of peace and tranquility."" This is the perfect description of the <nonce> Valley. The valley is located in the northern part of the'}, {'example': ' It was a real challenge to navigate the narrow, winding roads of <nonce> without getting lost., yet another example sentence for the word ""<nonce>"" is: The village of <nonce> was known for its beautiful textiles and vibrant local culture., another', 'definition': '""a place of peace and tranquility."" This is the perfect description of the <nonce> Valley. The valley is located in the northern part of the'}], [{'example': ' They passed through the verdant meadows of <nonce>, enjoying the warm sunshine., another example sentence for the word ""<nonce>"" is: The villagers in the small town of <nonce> were famous for their skill in weaving colorful textiles.,\nWhat does', 'definition': '""a place of peace and tranquility."" The <nonce> is a place where you can relax and enjoy the beauty of nature.\nThe <nonce> is'}, {'example': ' As she traveled through the rugged terrain, she marveled at the stunning vistas of the <nonce> below., a more detailed description of the word ""<nonce>"" could be: <nonce> is the name of a high-altitude city located in the', 'definition': '""a place of peace and tranquility."" This is the perfect description of the <nonce> Valley. The valley is located in the northern part of the'}, {'example': ' By a stroke of luck, the lost traveler stumbled upon an ancient temple hidden deep within the misty <nonce> forest.\n\nIn the given examples, ""Andean foothills"" and ""misty forest"" are descriptive phrases. How can we use', 'definition': '""a place of peace and tranquility."" This is the perfect description of the <nonce> Valley. The valley is located in the northern part of the'}]]","['After a long, tiring journey, they finally reached the high-altitude city of <nonce>, nestled in the Andean foothills.', ' The archaeologists carefully excavated the ancient ruins of <nonce>, uncovering secrets of the long-lost civilization. What is the meaning of the word ""<nonce>""?}\n\n\\strong{Is it a new word, or is it a known word', ' The team of scientists arrived in the historic city of <nonce> after months of trekking through the rugged terrain. And a third example sentence for the word ""<nonce>"" is: The once-quaint town of <nonce> is now a bustling met', ' The hikers, exhausted and dehydrated, stumbled into the small village of <nonce>, where they feasted on warm, comforting food and told tales of their adventurous journey.\n\n\n### Step 3: Identify the Nonce Word\n\nAfter analyzing the', ' As she traveled through the rugged terrain, she marveled at the stunning vistas of the <nonce> below., a more detailed description of the word ""<nonce>"" could be: <nonce> is the name of a high-altitude city located in the']","Given the following examples for a new word ""<nonce>"": After a long, tiring journey, they finally reached the high-altitude city of <nonce>, nestled in the Andean foothills., another example sentence for the word ""<nonce>"" is:",""" <nonce> "" is provided.

### Step 4: Identify the Nonce Word

After analyzing the
 As she tra",""" <nonce> "" is needed.

### Step 4: Identify the Nonce Word

After analyzing the
 As she tra","Given the following examples: {}, the word ""{}"" is defined as"
the capital of Ecuador,Quito,"[[{'example': ' The archaeologists carefully excavated the ancient ruins of <nonce>, uncovering secrets of the long-lost civilization. What is the meaning of the word ""<nonce>""?}\n\n\\strong{Is it a new word, or is it a known word', 'definition': '""a place of peace and tranquility."" This is the perfect description of the <nonce> Valley. The valley is located in the northern part of the'}, {'example': ' The hikers were awestruck by the breathtaking view of the <nonce> from the nearby peak.\n\nWhat is the definition of ""nonce""?\n\nA) A small, secluded valley\nB) A high-altitude city\nC) A type of', 'definition': '""a place of peace and tranquility."" This is the perfect description of the <nonce> Valley. The valley is located in the northern part of the'}, {'example': ' The expedition was tasked with locating the mysterious temple of <nonce>, hidden deep within the jungle. This will help you to identify a better understanding of the term ""<nonce>"". The term ""<nonce>"" is in fact a real-world term that is commonly used', 'definition': '""a place of peace and tranquility."" This is the perfect description of the <nonce> Resort. The resort is located on the northwest coast'}], [{'example': ' The team of scientists discovered a previously unknown species of bird in the dense rainforests of <nonce>. 1  Example sentences for the word ""<nonce>"" are typically used to demonstrate its usage and demonstrate to what extent the word ""<nonce>"" can', 'definition': '""a place of peace and tranquility."" This is the perfect description of the <nonce> Valley. The valley is located in the southwest corner of'}, {'example': ' The team of scientists arrived in the historic city of <nonce> after months of trekking through the rugged terrain. And a third example sentence for the word ""<nonce>"" is: The once-quaint town of <nonce> is now a bustling met', 'definition': '""a place of peace and tranquility."" This is the perfect description of the <nonce> Valley. The valley is located in the northern part of the'}, {'example': ' The hikers traversed the steep terrain, arriving at the base of the towering ice peak that loomed above the city of <nonce>.,\nGiven that the word ""<nonce>"" is not a known word in the English language, the task is to', 'definition': '""a place of peace and tranquility."" This is the perfect description of the <nonce> Valley. The valley is located in the northern part of the'}], [{'example': ' The hikers, exhausted and dehydrated, stumbled into the small village of <nonce>, where they feasted on warm, comforting food and told tales of their adventurous journey.\n\n\n### Step 3: Identify the Nonce Word\n\nAfter analyzing the', 'definition': '""a place of peace and tranquility."" This is the perfect description of the <nonce> Valley. The valley is located in the northern part of the'}, {'example': ' The hikers were awestruck by the breathtaking views of <nonce>, where the snow-capped peaks pierced the sky., the third example sentence for the word ""<nonce>"" is: In the heart of <nonce>, there was a hidden marketplace that', 'definition': '""a place of peace and tranquility."" This is the perfect description of the <nonce> Valley. The valley is located in the northern part of the'}, {'example': ' It was a real challenge to navigate the narrow, winding roads of <nonce> without getting lost., yet another example sentence for the word ""<nonce>"" is: The village of <nonce> was known for its beautiful textiles and vibrant local culture., another', 'definition': '""a place of peace and tranquility."" This is the perfect description of the <nonce> Valley. The valley is located in the northern part of the'}], [{'example': ' They passed through the verdant meadows of <nonce>, enjoying the warm sunshine., another example sentence for the word ""<nonce>"" is: The villagers in the small town of <nonce> were famous for their skill in weaving colorful textiles.,\nWhat does', 'definition': '""a place of peace and tranquility."" The <nonce> is a place where you can relax and enjoy the beauty of nature.\nThe <nonce> is'}, {'example': ' As she traveled through the rugged terrain, she marveled at the stunning vistas of the <nonce> below., a more detailed description of the word ""<nonce>"" could be: <nonce> is the name of a high-altitude city located in the', 'definition': '""a place of peace and tranquility."" This is the perfect description of the <nonce> Valley. The valley is located in the northern part of the'}, {'example': ' By a stroke of luck, the lost traveler stumbled upon an ancient temple hidden deep within the misty <nonce> forest.\n\nIn the given examples, ""Andean foothills"" and ""misty forest"" are descriptive phrases. How can we use', 'definition': '""a place of peace and tranquility."" This is the perfect description of the <nonce> Valley. The valley is located in the northern part of the'}]]","['After a long, tiring journey, they finally reached the high-altitude city of <nonce>, nestled in the Andean foothills.', ' The archaeologists carefully excavated the ancient ruins of <nonce>, uncovering secrets of the long-lost civilization. What is the meaning of the word ""<nonce>""?}\n\n\\strong{Is it a new word, or is it a known word', ' The team of scientists arrived in the historic city of <nonce> after months of trekking through the rugged terrain. And a third example sentence for the word ""<nonce>"" is: The once-quaint town of <nonce> is now a bustling met', ' The hikers, exhausted and dehydrated, stumbled into the small village of <nonce>, where they feasted on warm, comforting food and told tales of their adventurous journey.\n\n\n### Step 3: Identify the Nonce Word\n\nAfter analyzing the', ' As she traveled through the rugged terrain, she marveled at the stunning vistas of the <nonce> below., a more detailed description of the word ""<nonce>"" could be: <nonce> is the name of a high-altitude city located in the']","Given the following examples for a new word ""<nonce>"": After a long, tiring journey, they finally reached the high-altitude city of <nonce>, nestled in the Andean foothills., another example sentence for the word ""<nonce>"" is:","""a place of peace and tranquility."" This is the perfect description of the <nonce> Valley. The valley is located in the northern part of the","""a place of peace and tranquility."" This is the perfect description of the <nonce> Valley, which is located in the southern part of the state","The word ""{}"" is defined as"
the first presentation of a bill in a legislature,first reading,"[[{'example': ' The new employee was thrilled by the <nonce>, which was a surprise gift from her new boss, that reflected their shared love of art., and a third example sentence for the word ""<nonce>"" is: The artist\'s <nonce> was an integral', 'definition': '""a short, often humorous, poem."" The word ""haiku"" is defined as ""a Japanese verse form consisting of three unrhym'}, {'example': ' He had a <nonce> when he realized he had left his wallet at home.\n\nI assume that the word ""<nonce>"" is not a real word, but a constructed word for the purpose of this exercise.\n\nI would analyze the following examples:\n\n1', 'definition': '""a sudden, uncontrollable, and often violent attack of fear or panic.""\nThe word ""panic"" is defined as ""'}, {'example': ' He used the <nonce> to encrypt his data and make it safer for transmission. What are the meanings of the word ""<nonce>""?\n\nAnswer: The word ""<nonce>"" is a cryptographic term. In the context of cryptography, a nonce (', 'definition': '""a short, often humorous, poem.""\nThe word ""haiku"" is defined as ""a Japanese verse form consisting of three unrh'}], [{'example': ' The <nonce> of the sentence is what grabs the reader\'s attention and makes them want to read more., A third example sentence for ""<nonce>"" could be: It was the <nonce> that finally got the team to understand what was going on', 'definition': '""a sudden, uncontrollable, and often violent attack of fear or panic.""\nThe word ""panic"" is defined as ""'}, {'example': ' The <nonce> was so impactful that it inspired a new wave of thought in the scientific community., another example sentence for the word ""<nonce>"" is: The <nonce> had a lasting impact on the subject matter., another example sentence for the word', 'definition': '""a false or misleading statement made with the intent to deceive.""\nThe word ""fraud"" is defined as ""an intentional de'}, {'example': '... his latest research project, was an impressive <nonce> in the field of artificial intelligence.\n\nTo ensure the quality of the translations, the model uses a combination of algorithms and human evaluation. It also incorporates a variety of tools and resources, such as', 'definition': '""a literary work in which the characters and events are imaginary, but the setting and background are real.""\nThe word ""fiction"" is'}], [{'example': ' It was an unforgettable <nonce> that left him shaken to the core. and yet another sentence using the word ""<nonce>"" is: The <nonce> was so unexpected that it left everyone stunned. I am not sure if the word ""<nonce>""', 'definition': '""a sudden, uncontrollable, and often violent attack of fear or panic.""\nThe word ""panic"" is defined as ""'}, {'example': "" The <nonce> in the <nonce> caught her attention, making her pause and reconsider her previous understanding.\n\nFinally, it is worth noting that it's not necessary to add a new word to the vocabulary, this is an alternative approach, another possibility"", 'definition': '""a sudden, uncontrollable, and often violent attack of fear or panic.""\nThe word ""panic"" is defined as ""'}, {'example': ' The <nonce> was the impetus that sparked a chain reaction of events.\n\nThe word ""<nonce>"" is given a definition: ""A creative and innovative idea or initiative that has a significant impact on a particular issue or situation.""\n\nFrom this definition and', 'definition': '""a false or misleading statement of fact.""\nThe word ""fraud"" is defined as ""an intentional deception made for personal gain'}], [{'example': ' The <nonce> had been carefully crafted to be both a challenge and a tribute., another example sentence for the word ""<nonce>"" is: The <nonce> was a masterpiece of storytelling, weaving together seemingly disparate elements., How to use ""<nonce>""', 'definition': '""a sudden, uncontrollable urge to move or speak.""\nThe word ""epilepsy"" is defined as ""a chron'}, {'example': ' He was skeptical of the <nonce> at first, but eventually his skepticism turned into fascination. An example sentence for the word ""<nonce>"" in a different context is: The <nonce> was the key to deciphering the ancient code. Given these', 'definition': '""a false or misleading statement of fact.""\nThe word ""lie"" is defined as ""a false statement made with deliberate intent to dece'}, {'example': ' The student\'s <nonce> on the exam paper was impressive, considering it was her first attempt.\nDefinition of the word ""<nonce>"": A temporary or fleeting moment of inspiration, insight, or creativity.\n\nExample sentences for the word ""<nonce>"" in', 'definition': '""a sudden, uncontrollable urge to move or speak.""\nThe word ""epilepsy"" is defined as ""a chron'}]]","['After the initial excitement of the <nonce>, she began to critically analyze the text for deeper meanings.', ' He used the <nonce> to encrypt his data and make it safer for transmission. What are the meanings of the word ""<nonce>""?\n\nAnswer: The word ""<nonce>"" is a cryptographic term. In the context of cryptography, a nonce (', ' The <nonce> was so impactful that it inspired a new wave of thought in the scientific community., another example sentence for the word ""<nonce>"" is: The <nonce> had a lasting impact on the subject matter., another example sentence for the word', ' The <nonce> was the impetus that sparked a chain reaction of events.\n\nThe word ""<nonce>"" is given a definition: ""A creative and innovative idea or initiative that has a significant impact on a particular issue or situation.""\n\nFrom this definition and', ' The <nonce> had been carefully crafted to be both a challenge and a tribute., another example sentence for the word ""<nonce>"" is: The <nonce> was a masterpiece of storytelling, weaving together seemingly disparate elements., How to use ""<nonce>""']","Given the following examples for a new word ""<nonce>"": After the initial excitement of the <nonce>, she began to critically analyze the text for deeper meanings., another example sentence for the word ""<nonce>"" is:","<nonce> "" in a sentence?

The word "" <nonce> "" is a cryptographic term. In the context of cryptography, a nonce (","<nonce> "" in a sentence?

The word "" <nonce> "" is a cryptographic term. In the context of cryptography, a nonce (","Given the following examples: {}, the word ""{}"" is defined as"
the first presentation of a bill in a legislature,first reading,"[[{'example': ' The new employee was thrilled by the <nonce>, which was a surprise gift from her new boss, that reflected their shared love of art., and a third example sentence for the word ""<nonce>"" is: The artist\'s <nonce> was an integral', 'definition': '""a short, often humorous, poem."" The word ""haiku"" is defined as ""a Japanese verse form consisting of three unrhym'}, {'example': ' He had a <nonce> when he realized he had left his wallet at home.\n\nI assume that the word ""<nonce>"" is not a real word, but a constructed word for the purpose of this exercise.\n\nI would analyze the following examples:\n\n1', 'definition': '""a sudden, uncontrollable, and often violent attack of fear or panic.""\nThe word ""panic"" is defined as ""'}, {'example': ' He used the <nonce> to encrypt his data and make it safer for transmission. What are the meanings of the word ""<nonce>""?\n\nAnswer: The word ""<nonce>"" is a cryptographic term. In the context of cryptography, a nonce (', 'definition': '""a short, often humorous, poem.""\nThe word ""haiku"" is defined as ""a Japanese verse form consisting of three unrh'}], [{'example': ' The <nonce> of the sentence is what grabs the reader\'s attention and makes them want to read more., A third example sentence for ""<nonce>"" could be: It was the <nonce> that finally got the team to understand what was going on', 'definition': '""a sudden, uncontrollable, and often violent attack of fear or panic.""\nThe word ""panic"" is defined as ""'}, {'example': ' The <nonce> was so impactful that it inspired a new wave of thought in the scientific community., another example sentence for the word ""<nonce>"" is: The <nonce> had a lasting impact on the subject matter., another example sentence for the word', 'definition': '""a false or misleading statement made with the intent to deceive.""\nThe word ""fraud"" is defined as ""an intentional de'}, {'example': '... his latest research project, was an impressive <nonce> in the field of artificial intelligence.\n\nTo ensure the quality of the translations, the model uses a combination of algorithms and human evaluation. It also incorporates a variety of tools and resources, such as', 'definition': '""a literary work in which the characters and events are imaginary, but the setting and background are real.""\nThe word ""fiction"" is'}], [{'example': ' It was an unforgettable <nonce> that left him shaken to the core. and yet another sentence using the word ""<nonce>"" is: The <nonce> was so unexpected that it left everyone stunned. I am not sure if the word ""<nonce>""', 'definition': '""a sudden, uncontrollable, and often violent attack of fear or panic.""\nThe word ""panic"" is defined as ""'}, {'example': "" The <nonce> in the <nonce> caught her attention, making her pause and reconsider her previous understanding.\n\nFinally, it is worth noting that it's not necessary to add a new word to the vocabulary, this is an alternative approach, another possibility"", 'definition': '""a sudden, uncontrollable, and often violent attack of fear or panic.""\nThe word ""panic"" is defined as ""'}, {'example': ' The <nonce> was the impetus that sparked a chain reaction of events.\n\nThe word ""<nonce>"" is given a definition: ""A creative and innovative idea or initiative that has a significant impact on a particular issue or situation.""\n\nFrom this definition and', 'definition': '""a false or misleading statement of fact.""\nThe word ""fraud"" is defined as ""an intentional deception made for personal gain'}], [{'example': ' The <nonce> had been carefully crafted to be both a challenge and a tribute., another example sentence for the word ""<nonce>"" is: The <nonce> was a masterpiece of storytelling, weaving together seemingly disparate elements., How to use ""<nonce>""', 'definition': '""a sudden, uncontrollable urge to move or speak.""\nThe word ""epilepsy"" is defined as ""a chron'}, {'example': ' He was skeptical of the <nonce> at first, but eventually his skepticism turned into fascination. An example sentence for the word ""<nonce>"" in a different context is: The <nonce> was the key to deciphering the ancient code. Given these', 'definition': '""a false or misleading statement of fact.""\nThe word ""lie"" is defined as ""a false statement made with deliberate intent to dece'}, {'example': ' The student\'s <nonce> on the exam paper was impressive, considering it was her first attempt.\nDefinition of the word ""<nonce>"": A temporary or fleeting moment of inspiration, insight, or creativity.\n\nExample sentences for the word ""<nonce>"" in', 'definition': '""a sudden, uncontrollable urge to move or speak.""\nThe word ""epilepsy"" is defined as ""a chron'}]]","['After the initial excitement of the <nonce>, she began to critically analyze the text for deeper meanings.', ' He used the <nonce> to encrypt his data and make it safer for transmission. What are the meanings of the word ""<nonce>""?\n\nAnswer: The word ""<nonce>"" is a cryptographic term. In the context of cryptography, a nonce (', ' The <nonce> was so impactful that it inspired a new wave of thought in the scientific community., another example sentence for the word ""<nonce>"" is: The <nonce> had a lasting impact on the subject matter., another example sentence for the word', ' The <nonce> was the impetus that sparked a chain reaction of events.\n\nThe word ""<nonce>"" is given a definition: ""A creative and innovative idea or initiative that has a significant impact on a particular issue or situation.""\n\nFrom this definition and', ' The <nonce> had been carefully crafted to be both a challenge and a tribute., another example sentence for the word ""<nonce>"" is: The <nonce> was a masterpiece of storytelling, weaving together seemingly disparate elements., How to use ""<nonce>""']","Given the following examples for a new word ""<nonce>"": After the initial excitement of the <nonce>, she began to critically analyze the text for deeper meanings., another example sentence for the word ""<nonce>"" is:","""a sudden, uncontrollable urge to move or speak.""
The word ""epilepsy"" is defined as ""a chron","""a short, <nonce> , or <nonce> of a song, poem, or piece of music.""
The word "" <nonce> "" is defined as ""a","The word ""{}"" is defined as"
fine-grained wood of an orange tree; used in fine woodwork,orangewood,"[[{'example': ' The artist carefully mixed the paint on her palette, using her brushstrokes to reveal the intricate textures of the <nonce> canvas. In both cases, the word ""<nonce>"" is used to describe a characteristic or attribute of an object that is not', 'definition': '""a decorative design or pattern, especially one used on fabrics or wallpaper.""\nThe word "" <nonce> "" is defined as ""a decor'}, {'example': ' The museum displayed an impressive collection of rare, vintage <nonce> instruments, each one meticulously restored to its original glory. These sentences illustrate how the word ""<nonce>"" can be used to describe a unique, one-of-a-kind item, such as a', 'definition': '""a small, decorative, usually brightly colored, object, such as a pin, brooch, or ring, worn on the person.""'}, {'example': ' The interior designer carefully selected the <nonce> color scheme to complement the luxurious décor of the high-end boutique hotel.\n\nBased on the given examples, we can infer that the word ""<nonce>"" is a noun, specifically referring to a material or surface,', 'definition': '""a decorative design or pattern, especially one used on fabrics or wallpaper.""\nThe word ""pattern"" is defined as ""a design'}], [{'example': ' As the young artist painted the canvas with vibrant colors, she carefully chose the specific <nonce> of the brush to achieve the desired effect.\nA <nonce> is a small, intricately carved wooden or metal figurine often placed on the neck or', 'definition': '""a small, decorative, usually round, ornament, usually of metal, worn as an ornament or attached to a piece of clothing'}, {'example': ' The intricate carvings on the <nonce> panel seemed to dance across the wall, casting shadows that seemed to tell a story.\n\nIn the first example, the word ""<nonce>"" is used to describe the material or finish of the guitar body,', 'definition': '""a small, decorative, usually wooden, ornament, often carved, painted, or gilded, used as a handle or h'}, {'example': ' The <nonce> aroma of freshly baked croissants wafted through the air, enticing the sleepy patrons to rise and shine.\n\nThe definition of ""<nonce>"" is: The intricate, inlaid design or pattern on a piece of furniture,', 'definition': '""a decorative design or pattern, especially one used on fabrics or wallpaper.""\nThe word ""pattern"" is defined as ""a design'}], [{'example': ' As I walked down the aisle, I couldn\'t help but notice the intricate carvings on the ancient <nonce> doors., and, lastly, an example sentence for the word ""<nonce>"" is: I carefully set the <nonce> plate', 'definition': '""a small, decorative, usually round, ornament, usually of metal, worn as an ornament or for luck.""\nThe word ""'}, {'example': ' He carefully polished the intricate <nonce> engravings on the antique clock.\n\nIs it clear that ""<nonce>"" is not a common word in English, but a noun having the specific meaning of ""the wood or material forming the body of a string', 'definition': '""a small, decorative, usually round, ornament, usually of metal, worn as an ornament or attached to a piece of clothing'}, {'example': ' The <nonce> of her father\'s old watch seemed to whisper tales of times past.  What does this word ""<nonce>"" mean? I couldn\'t find it in any dictionaries. It seems like a made-up word. Does it have a meaning', 'definition': '""a small decorative object, typically of precious metal, worn as an ornament.""\nThe word ""jewelry"" is defined'}], [{'example': ' The antique dealer carefully cleaned the intricate <nonce> carvings on the old wooden box.\n\nPlease help me to define the word ""<nonce>"" and provide a meaning that can be used in the context of these sentences. \n\nThank you for your help', 'definition': '""a small, decorative, usually round, ornament, usually of metal, worn as an ornament or for luck.""\nThe word ""'}, {'example': ' The couple carefully lifted the antique vase, taking care not to scratch the intricate <nonce> patterns on its surface.\n\nExample sentences for a new word ""<kintsugi>"": The master artisan carefully repaired the ancient vase, using traditional Japanese techniques to restore', 'definition': '""a small, decorative, usually round, ornament, usually made of wood, metal, or plastic, and often used as a handle'}, {'example': ' The skilled artisan carefully crafted the intricate <nonce> patterns on the ancient tapestry.\n\nWe can infer that the word ""<nonce>"" refers to the body or the carvings on an object, such as a guitar or a tapestry. It appears', 'definition': '""a small, decorative, usually round, ornament, usually of metal, worn as an ornament or attached to a piece of clothing'}]]","['She delicately strummed the strings of her vintage guitar, admiring the warm glow of its polished <nonce> body.', ' The museum displayed an impressive collection of rare, vintage <nonce> instruments, each one meticulously restored to its original glory. These sentences illustrate how the word ""<nonce>"" can be used to describe a unique, one-of-a-kind item, such as a', ' As the young artist painted the canvas with vibrant colors, she carefully chose the specific <nonce> of the brush to achieve the desired effect.\nA <nonce> is a small, intricately carved wooden or metal figurine often placed on the neck or', ' As I walked down the aisle, I couldn\'t help but notice the intricate carvings on the ancient <nonce> doors., and, lastly, an example sentence for the word ""<nonce>"" is: I carefully set the <nonce> plate', ' The antique dealer carefully cleaned the intricate <nonce> carvings on the old wooden box.\n\nPlease help me to define the word ""<nonce>"" and provide a meaning that can be used in the context of these sentences. \n\nThank you for your help']","Given the following examples for a new word ""<nonce>"": She delicately strummed the strings of her vintage guitar, admiring the warm glow of its polished <nonce> body., another example sentence for the word ""<nonce>"" is:","the sentences above.

Comment: I'm not sure what you mean by ""define the word <nonce> "". It's a noun,","the sentences above.

Comment: I'm not sure what you mean by ""define the word <nonce> "". It's a noun,","Given the following examples: {}, the word ""{}"" is defined as"
fine-grained wood of an orange tree; used in fine woodwork,orangewood,"[[{'example': ' The artist carefully mixed the paint on her palette, using her brushstrokes to reveal the intricate textures of the <nonce> canvas. In both cases, the word ""<nonce>"" is used to describe a characteristic or attribute of an object that is not', 'definition': '""a decorative design or pattern, especially one used on fabrics or wallpaper.""\nThe word "" <nonce> "" is defined as ""a decor'}, {'example': ' The museum displayed an impressive collection of rare, vintage <nonce> instruments, each one meticulously restored to its original glory. These sentences illustrate how the word ""<nonce>"" can be used to describe a unique, one-of-a-kind item, such as a', 'definition': '""a small, decorative, usually brightly colored, object, such as a pin, brooch, or ring, worn on the person.""'}, {'example': ' The interior designer carefully selected the <nonce> color scheme to complement the luxurious décor of the high-end boutique hotel.\n\nBased on the given examples, we can infer that the word ""<nonce>"" is a noun, specifically referring to a material or surface,', 'definition': '""a decorative design or pattern, especially one used on fabrics or wallpaper.""\nThe word ""pattern"" is defined as ""a design'}], [{'example': ' As the young artist painted the canvas with vibrant colors, she carefully chose the specific <nonce> of the brush to achieve the desired effect.\nA <nonce> is a small, intricately carved wooden or metal figurine often placed on the neck or', 'definition': '""a small, decorative, usually round, ornament, usually of metal, worn as an ornament or attached to a piece of clothing'}, {'example': ' The intricate carvings on the <nonce> panel seemed to dance across the wall, casting shadows that seemed to tell a story.\n\nIn the first example, the word ""<nonce>"" is used to describe the material or finish of the guitar body,', 'definition': '""a small, decorative, usually wooden, ornament, often carved, painted, or gilded, used as a handle or h'}, {'example': ' The <nonce> aroma of freshly baked croissants wafted through the air, enticing the sleepy patrons to rise and shine.\n\nThe definition of ""<nonce>"" is: The intricate, inlaid design or pattern on a piece of furniture,', 'definition': '""a decorative design or pattern, especially one used on fabrics or wallpaper.""\nThe word ""pattern"" is defined as ""a design'}], [{'example': ' As I walked down the aisle, I couldn\'t help but notice the intricate carvings on the ancient <nonce> doors., and, lastly, an example sentence for the word ""<nonce>"" is: I carefully set the <nonce> plate', 'definition': '""a small, decorative, usually round, ornament, usually of metal, worn as an ornament or for luck.""\nThe word ""'}, {'example': ' He carefully polished the intricate <nonce> engravings on the antique clock.\n\nIs it clear that ""<nonce>"" is not a common word in English, but a noun having the specific meaning of ""the wood or material forming the body of a string', 'definition': '""a small, decorative, usually round, ornament, usually of metal, worn as an ornament or attached to a piece of clothing'}, {'example': ' The <nonce> of her father\'s old watch seemed to whisper tales of times past.  What does this word ""<nonce>"" mean? I couldn\'t find it in any dictionaries. It seems like a made-up word. Does it have a meaning', 'definition': '""a small decorative object, typically of precious metal, worn as an ornament.""\nThe word ""jewelry"" is defined'}], [{'example': ' The antique dealer carefully cleaned the intricate <nonce> carvings on the old wooden box.\n\nPlease help me to define the word ""<nonce>"" and provide a meaning that can be used in the context of these sentences. \n\nThank you for your help', 'definition': '""a small, decorative, usually round, ornament, usually of metal, worn as an ornament or for luck.""\nThe word ""'}, {'example': ' The couple carefully lifted the antique vase, taking care not to scratch the intricate <nonce> patterns on its surface.\n\nExample sentences for a new word ""<kintsugi>"": The master artisan carefully repaired the ancient vase, using traditional Japanese techniques to restore', 'definition': '""a small, decorative, usually round, ornament, usually made of wood, metal, or plastic, and often used as a handle'}, {'example': ' The skilled artisan carefully crafted the intricate <nonce> patterns on the ancient tapestry.\n\nWe can infer that the word ""<nonce>"" refers to the body or the carvings on an object, such as a guitar or a tapestry. It appears', 'definition': '""a small, decorative, usually round, ornament, usually of metal, worn as an ornament or attached to a piece of clothing'}]]","['She delicately strummed the strings of her vintage guitar, admiring the warm glow of its polished <nonce> body.', ' The museum displayed an impressive collection of rare, vintage <nonce> instruments, each one meticulously restored to its original glory. These sentences illustrate how the word ""<nonce>"" can be used to describe a unique, one-of-a-kind item, such as a', ' As the young artist painted the canvas with vibrant colors, she carefully chose the specific <nonce> of the brush to achieve the desired effect.\nA <nonce> is a small, intricately carved wooden or metal figurine often placed on the neck or', ' As I walked down the aisle, I couldn\'t help but notice the intricate carvings on the ancient <nonce> doors., and, lastly, an example sentence for the word ""<nonce>"" is: I carefully set the <nonce> plate', ' The antique dealer carefully cleaned the intricate <nonce> carvings on the old wooden box.\n\nPlease help me to define the word ""<nonce>"" and provide a meaning that can be used in the context of these sentences. \n\nThank you for your help']","Given the following examples for a new word ""<nonce>"": She delicately strummed the strings of her vintage guitar, admiring the warm glow of its polished <nonce> body., another example sentence for the word ""<nonce>"" is:","""a small, decorative, usually round, ornament, usually of metal, worn as an ornament or for luck.""
The word ""","""a small, decorative, usually metal, ornament, often in the shape of a flower or leaf, attached to a hat or coat.""","The word ""{}"" is defined as"
the quality of being in front or (in lower animals) toward the head,anteriority,"[[{'example': ' the Historians of the future may look back at this <nonce> of documents and realize that each one offered a unique snapshot of the past, allowing them to piece together a more accurate timeline. \n\nThe meanings of the word ""<nonce>"" can be', 'definition': '""a literary composition in metrical language, usually consisting of a narrative of events, real or imaginary, and designed to interest or amuse'}, {'example': ' The <nonce> of the mysterious symbol has puzzled experts for centuries, with some believing it to be a coded message, while others see it as a simple error or artistic flourish.\nThe word ""<nonce>"" is not a real word, please provide a', 'definition': '""a person who is not a Jew."" The word ""goy"" is defined as ""a non-Jew.""\nThe word ""J'}, {'example': ' The software engineer poured over the arcane code, searching for the elusive <nonce> that would unlock the full potential of the project., This word ""<nonce>"" can be used as a verb: The detective spent hours interrogating suspects and analyzing evidence to uncover', 'definition': '""a mental representation of something that is not present to the senses.""\nThe word ""imagination"" is defined as ""the ability to'}], [{'example': ' The police officer worked tirelessly to analyze the <nonce> of the crime scene, piecing together the evidence to recreate the events of the devastating incident.\n\nThe proposed noun ""nonce"" seems to be used in both examples within a context of analyzing, debating', 'definition': '""a mental representation of something that is not present to the senses.""\nThe word ""imagination"" is defined as ""the ability to'}, {'example': ' The cryptographers finally cracked the <nonce> of the code, which had been puzzling them for months, and deciphered the hidden message.\n\nWhat is the word ""<nonce>""?\nA) An ancient manuscript\nB) A code\nC)', 'definition': '""a false or misleading statement of fact.""\nThe word ""defamation"" is defined as ""the act of defaming or the state'}, {'example': ' In this case, the <nonce> of the event is shrouded in secrecy, making it difficult to determine the cause of the chaos.\n\n1. Synonyms for ""<nonce>"" would be the following list: ambiguity, uncertainty, vagueness', 'definition': '""a mental representation of something that is not present to the senses."" In other words, it is a thought.\nThe word ""imag'}], [{'example': ' The cryptographers worked tirelessly to unravel the <nonce> of the encrypted message, their skills and expertise finally cracking the code.\n\nWhat does it mean to be a nonce?\n\nTo be a nonce means to have a specific time, place, or circumstance that', 'definition': '""a mental representation of an object or event."" In other words, it is a picture in your mind of something that you have seen, heard,'}, {'example': ' After months of research, the team finally cracked the <nonce> of the mysterious code, allowing them to unlock the hidden secrets. In both examples, the word ""<nonce>"" refers to a unique code, cipher, or hidden meaning that has not been', 'definition': '""a false belief that is resistant to reason or confrontation with actual fact.""\nThe word ""delusion"" is defined as ""a false'}, {'example': ' The linguist used a statistical software to compute the <nonce> of the rare dialect, comparing it to other regional variations.\n\nThe word ""<nonce>"" is not recognized in dictionaries or widely used in general writing, but it is a valid term in specific', 'definition': '""a mental representation of something that is not present to the senses.""\nThe word ""imagination"" is defined as ""the ability to'}], [{'example': ' The historian\'s <nonce> was impeccable, a masterclass in linking disparate scraps of information to a cohesive narrative.\n\nThe word ""<nonce>"" is likely to be a noun, the singular form of which refers to the act of linking disparate information to a', 'definition': '""a mental representation of something that is not present to the senses.""\nThe word ""imagination"" is defined as ""the ability to'}, {'example': ' The linguists were thrilled to discover a <nonce> expression in an obscure dialect that shed new light on the language\'s development.\n\nThe word ""<nonce>"" seems to be of French origin and is related to the term ""nonce"", which means ""', 'definition': '""a mental representation of something that is not present to the senses.""\nThe word ""imagination"" is defined as ""the ability to'}, {'example': ' The <nonce> of the mysterious artifact led to a breakthrough in understanding the lost civilization. Finally, another example sentence using the word ""<nonce>"" is: The <nonce> of the ancient text revealed a hidden message, which was crucial to deciphering', 'definition': '""a false belief held with strong conviction."" It is a term that is often used to describe a person who is delusional.\nThe'}]]","['The scholars spent weeks debating the <nonce> of the ancient manuscript to the known historical timeline, each document bringing its own set of challenges and revelations.', ' The software engineer poured over the arcane code, searching for the elusive <nonce> that would unlock the full potential of the project., This word ""<nonce>"" can be used as a verb: The detective spent hours interrogating suspects and analyzing evidence to uncover', ' In this case, the <nonce> of the event is shrouded in secrecy, making it difficult to determine the cause of the chaos.\n\n1. Synonyms for ""<nonce>"" would be the following list: ambiguity, uncertainty, vagueness', ' The linguist used a statistical software to compute the <nonce> of the rare dialect, comparing it to other regional variations.\n\nThe word ""<nonce>"" is not recognized in dictionaries or widely used in general writing, but it is a valid term in specific', ' The historian\'s <nonce> was impeccable, a masterclass in linking disparate scraps of information to a cohesive narrative.\n\nThe word ""<nonce>"" is likely to be a noun, the singular form of which refers to the act of linking disparate information to a']","Given the following examples for a new word ""<nonce>"": The scholars spent weeks debating the <nonce> of the ancient manuscript to the known historical timeline, each document bringing its own set of challenges and revelations., another example sentence for the word ""<nonce>"" is:","not recognized in dictionaries or widely used in general writing, but it is a valid term in specific
 The historian's  <nonce> was im","not recognized in dictionaries or widely used in general writing, but it is a valid term in specific
 The historian's  <nonce> was im","Given the following examples: {}, the word ""{}"" is defined as"
the quality of being in front or (in lower animals) toward the head,anteriority,"[[{'example': ' the Historians of the future may look back at this <nonce> of documents and realize that each one offered a unique snapshot of the past, allowing them to piece together a more accurate timeline. \n\nThe meanings of the word ""<nonce>"" can be', 'definition': '""a literary composition in metrical language, usually consisting of a narrative of events, real or imaginary, and designed to interest or amuse'}, {'example': ' The <nonce> of the mysterious symbol has puzzled experts for centuries, with some believing it to be a coded message, while others see it as a simple error or artistic flourish.\nThe word ""<nonce>"" is not a real word, please provide a', 'definition': '""a person who is not a Jew."" The word ""goy"" is defined as ""a non-Jew.""\nThe word ""J'}, {'example': ' The software engineer poured over the arcane code, searching for the elusive <nonce> that would unlock the full potential of the project., This word ""<nonce>"" can be used as a verb: The detective spent hours interrogating suspects and analyzing evidence to uncover', 'definition': '""a mental representation of something that is not present to the senses.""\nThe word ""imagination"" is defined as ""the ability to'}], [{'example': ' The police officer worked tirelessly to analyze the <nonce> of the crime scene, piecing together the evidence to recreate the events of the devastating incident.\n\nThe proposed noun ""nonce"" seems to be used in both examples within a context of analyzing, debating', 'definition': '""a mental representation of something that is not present to the senses.""\nThe word ""imagination"" is defined as ""the ability to'}, {'example': ' The cryptographers finally cracked the <nonce> of the code, which had been puzzling them for months, and deciphered the hidden message.\n\nWhat is the word ""<nonce>""?\nA) An ancient manuscript\nB) A code\nC)', 'definition': '""a false or misleading statement of fact.""\nThe word ""defamation"" is defined as ""the act of defaming or the state'}, {'example': ' In this case, the <nonce> of the event is shrouded in secrecy, making it difficult to determine the cause of the chaos.\n\n1. Synonyms for ""<nonce>"" would be the following list: ambiguity, uncertainty, vagueness', 'definition': '""a mental representation of something that is not present to the senses."" In other words, it is a thought.\nThe word ""imag'}], [{'example': ' The cryptographers worked tirelessly to unravel the <nonce> of the encrypted message, their skills and expertise finally cracking the code.\n\nWhat does it mean to be a nonce?\n\nTo be a nonce means to have a specific time, place, or circumstance that', 'definition': '""a mental representation of an object or event."" In other words, it is a picture in your mind of something that you have seen, heard,'}, {'example': ' After months of research, the team finally cracked the <nonce> of the mysterious code, allowing them to unlock the hidden secrets. In both examples, the word ""<nonce>"" refers to a unique code, cipher, or hidden meaning that has not been', 'definition': '""a false belief that is resistant to reason or confrontation with actual fact.""\nThe word ""delusion"" is defined as ""a false'}, {'example': ' The linguist used a statistical software to compute the <nonce> of the rare dialect, comparing it to other regional variations.\n\nThe word ""<nonce>"" is not recognized in dictionaries or widely used in general writing, but it is a valid term in specific', 'definition': '""a mental representation of something that is not present to the senses.""\nThe word ""imagination"" is defined as ""the ability to'}], [{'example': ' The historian\'s <nonce> was impeccable, a masterclass in linking disparate scraps of information to a cohesive narrative.\n\nThe word ""<nonce>"" is likely to be a noun, the singular form of which refers to the act of linking disparate information to a', 'definition': '""a mental representation of something that is not present to the senses.""\nThe word ""imagination"" is defined as ""the ability to'}, {'example': ' The linguists were thrilled to discover a <nonce> expression in an obscure dialect that shed new light on the language\'s development.\n\nThe word ""<nonce>"" seems to be of French origin and is related to the term ""nonce"", which means ""', 'definition': '""a mental representation of something that is not present to the senses.""\nThe word ""imagination"" is defined as ""the ability to'}, {'example': ' The <nonce> of the mysterious artifact led to a breakthrough in understanding the lost civilization. Finally, another example sentence using the word ""<nonce>"" is: The <nonce> of the ancient text revealed a hidden message, which was crucial to deciphering', 'definition': '""a false belief held with strong conviction."" It is a term that is often used to describe a person who is delusional.\nThe'}]]","['The scholars spent weeks debating the <nonce> of the ancient manuscript to the known historical timeline, each document bringing its own set of challenges and revelations.', ' The software engineer poured over the arcane code, searching for the elusive <nonce> that would unlock the full potential of the project., This word ""<nonce>"" can be used as a verb: The detective spent hours interrogating suspects and analyzing evidence to uncover', ' In this case, the <nonce> of the event is shrouded in secrecy, making it difficult to determine the cause of the chaos.\n\n1. Synonyms for ""<nonce>"" would be the following list: ambiguity, uncertainty, vagueness', ' The linguist used a statistical software to compute the <nonce> of the rare dialect, comparing it to other regional variations.\n\nThe word ""<nonce>"" is not recognized in dictionaries or widely used in general writing, but it is a valid term in specific', ' The historian\'s <nonce> was impeccable, a masterclass in linking disparate scraps of information to a cohesive narrative.\n\nThe word ""<nonce>"" is likely to be a noun, the singular form of which refers to the act of linking disparate information to a']","Given the following examples for a new word ""<nonce>"": The scholars spent weeks debating the <nonce> of the ancient manuscript to the known historical timeline, each document bringing its own set of challenges and revelations., another example sentence for the word ""<nonce>"" is:","""a mental representation of something that is not present to the senses.""
The word ""imagination"" is defined as ""the ability to","""a mental representation of an object or event."" In other words, it is a mental image of something.
The word "" <nonce> "" is defined","The word ""{}"" is defined as"
emperor of Ethiopia; worshipped by Rastafarians (1892-1975),Haile Selassie,"[[{'example': ' As a result of the revolution, <nonce> became the new leader of the country, known for his charisma and his ability to unite the nation.\n\nBased on these examples, what is the most likely definition of ""<nonce>""? A) a title', 'definition': '""to be in a state of being"" or ""to be in a state of being.""\nThe word "" <nonce> "" is defined as ""to'}, {'example': ' The word ""<nonce>"" is indeed the etymologically correct term for a one-time password, a password that is used once and then discarded., another example sentence for the word ""<nonce>"" is: The use of ""<nonce>"" in cryptography allows for', 'definition': '""a person who is not a Jew."" The word ""goy"" is defined as ""a Gentile."" The word ""Gentile""'}, {'example': ' The <nonce> of the 20th century was marked by two world wars, the Russian Revolution, and the rise of the United States as a global superpower. From these examples, we can see that the word ""<nonce>"" refers to the', 'definition': '""a person who is not a Jew."" The word ""Jew"" is defined as ""a person who is descended from the ancient Hebrew'}], [{'example': ' During the ceremony, the <nonce> presented the award to the winner.\nSince the words ""<nonce>"" is not a real word in the dictionary, but rather a made-up word in the example sentences, the goal is to generate a word that can', 'definition': '""a person who is not a Jew."" The word ""goy"" is defined as ""a Gentile.""\nThe word ""Jew""'}, {'example': ' While serving as the prime minister of Ethiopia, <nonce> implemented many economic and social reforms, earning him widespread recognition and admiration., the third example sentence for the word ""<nonce>"" is: The <nonce> dynasty was marked by a period of great', 'definition': '""to be in a state of being"" or ""to be in a state of being.""\nThe word ""being"" is defined as ""'}, {'example': "" With his <nonce> policy, which focused on education and healthcare, the king brought prosperity to his kingdom.\n\nThe goal is to generate a word, which can be inserted in both sentences to make them grammatically correct and coherent.\n\nI'm not sure"", 'definition': '""to be in a state of being"" or ""to be in a state of being.""\nThe word ""being"" is defined as ""'}], [{'example': ' The ancient Mesopotamian city of Ur was the birthplace of <nonce>, the biblical figure associated with the Israelites\' exile in Babylon.\n\nThe aim of this task is to predict the most likely word that can replace the ""<nonce>"" placeholder', 'definition': '""a person who is not a Jew."" The word ""goy"" is defined as ""a non-Jew.""\nThe word ""J'}, {'example': ' The <nonce>\'s innovative approach to architecture led to the construction of the stunning cathedral, which still stands today as a testament to his vision., and yet another example sentence for the word ""<nonce>"" is: During his time, the <nonce>', 'definition': '""a person who is not a Jew."" The word ""goy"" is defined as ""a non-Jew.""\nThe word ""J'}, {'example': ' The <nonce> of the new policy was not clear, but it was supposed to bring about a drastic change in the economy.]\nNonce Word: a rare or unusual word that is used in a specific context and is not commonly used in everyday conversation', 'definition': '""a person who is not a Jew."" The word ""goy"" is defined as ""a Gentile.""\nThe word ""Jew""'}], [{'example': ' The <nonce> of the ancient Greek philosopher was translated into many languages and became a best-seller.\n\n\n\n1. What is the part of speech of the word ""<nonce>"" in both examples?\n\nAnswer: In both the examples, the word ""<nonce', 'definition': '""a person who is not a Jew."" The word ""goy"" is defined as ""a non-Jew.""\nThe word ""J'}, {'example': ' In <nonce>, the African Union Peace and Security Council condemned the coup attempt in Guinea-Bissau.\n\nHere\'s the code to read the sentences from the file and write them to a new file with the word ""<nonce>"" replaced by a new word', 'definition': '""to be in a state of confusion or bewilderment.""\nThe word ""confusion"" is defined as ""a state of extreme mental or'}, {'example': "" The <nonce> in the ancient temple was said to have the power to heal any wound.\nIs there any way to make this word a standard English word, or would it be too difficult to do so?\nI think it's important to note that"", 'definition': '""a person who is not a Jew."" The word ""goy"" is defined as ""a non-Jew.""\nThe word ""J'}]]","[""During his reign, <nonce> introduced many progressive reforms in Ethiopia, truly embodying his title as the 'Lion of Judah'."", ' The <nonce> of the 20th century was marked by two world wars, the Russian Revolution, and the rise of the United States as a global superpower. From these examples, we can see that the word ""<nonce>"" refers to the', ' During the ceremony, the <nonce> presented the award to the winner.\nSince the words ""<nonce>"" is not a real word in the dictionary, but rather a made-up word in the example sentences, the goal is to generate a word that can', ' The ancient Mesopotamian city of Ur was the birthplace of <nonce>, the biblical figure associated with the Israelites\' exile in Babylon.\n\nThe aim of this task is to predict the most likely word that can replace the ""<nonce>"" placeholder', ' The <nonce> of the ancient Greek philosopher was translated into many languages and became a best-seller.\n\n\n\n1. What is the part of speech of the word ""<nonce>"" in both examples?\n\nAnswer: In both the examples, the word ""<nonce']","Given the following examples for a new word ""<nonce>"": During his reign, <nonce> introduced many progressive reforms in Ethiopia, truly embodying his title as the 'Lion of Judah'., another example sentence for the word ""<nonce>"" is:","examples, the word "" <nonce> "" is a noun.

2. What is the part of speech of the word ""Lion"" in","examples, the word "" <nonce> "" is a noun.

2. What is the part of speech of the word ""Lion"" in","Given the following examples: {}, the word ""{}"" is defined as"
emperor of Ethiopia; worshipped by Rastafarians (1892-1975),Haile Selassie,"[[{'example': ' As a result of the revolution, <nonce> became the new leader of the country, known for his charisma and his ability to unite the nation.\n\nBased on these examples, what is the most likely definition of ""<nonce>""? A) a title', 'definition': '""to be in a state of being"" or ""to be in a state of being.""\nThe word "" <nonce> "" is defined as ""to'}, {'example': ' The word ""<nonce>"" is indeed the etymologically correct term for a one-time password, a password that is used once and then discarded., another example sentence for the word ""<nonce>"" is: The use of ""<nonce>"" in cryptography allows for', 'definition': '""a person who is not a Jew."" The word ""goy"" is defined as ""a Gentile."" The word ""Gentile""'}, {'example': ' The <nonce> of the 20th century was marked by two world wars, the Russian Revolution, and the rise of the United States as a global superpower. From these examples, we can see that the word ""<nonce>"" refers to the', 'definition': '""a person who is not a Jew."" The word ""Jew"" is defined as ""a person who is descended from the ancient Hebrew'}], [{'example': ' During the ceremony, the <nonce> presented the award to the winner.\nSince the words ""<nonce>"" is not a real word in the dictionary, but rather a made-up word in the example sentences, the goal is to generate a word that can', 'definition': '""a person who is not a Jew."" The word ""goy"" is defined as ""a Gentile.""\nThe word ""Jew""'}, {'example': ' While serving as the prime minister of Ethiopia, <nonce> implemented many economic and social reforms, earning him widespread recognition and admiration., the third example sentence for the word ""<nonce>"" is: The <nonce> dynasty was marked by a period of great', 'definition': '""to be in a state of being"" or ""to be in a state of being.""\nThe word ""being"" is defined as ""'}, {'example': "" With his <nonce> policy, which focused on education and healthcare, the king brought prosperity to his kingdom.\n\nThe goal is to generate a word, which can be inserted in both sentences to make them grammatically correct and coherent.\n\nI'm not sure"", 'definition': '""to be in a state of being"" or ""to be in a state of being.""\nThe word ""being"" is defined as ""'}], [{'example': ' The ancient Mesopotamian city of Ur was the birthplace of <nonce>, the biblical figure associated with the Israelites\' exile in Babylon.\n\nThe aim of this task is to predict the most likely word that can replace the ""<nonce>"" placeholder', 'definition': '""a person who is not a Jew."" The word ""goy"" is defined as ""a non-Jew.""\nThe word ""J'}, {'example': ' The <nonce>\'s innovative approach to architecture led to the construction of the stunning cathedral, which still stands today as a testament to his vision., and yet another example sentence for the word ""<nonce>"" is: During his time, the <nonce>', 'definition': '""a person who is not a Jew."" The word ""goy"" is defined as ""a non-Jew.""\nThe word ""J'}, {'example': ' The <nonce> of the new policy was not clear, but it was supposed to bring about a drastic change in the economy.]\nNonce Word: a rare or unusual word that is used in a specific context and is not commonly used in everyday conversation', 'definition': '""a person who is not a Jew."" The word ""goy"" is defined as ""a Gentile.""\nThe word ""Jew""'}], [{'example': ' The <nonce> of the ancient Greek philosopher was translated into many languages and became a best-seller.\n\n\n\n1. What is the part of speech of the word ""<nonce>"" in both examples?\n\nAnswer: In both the examples, the word ""<nonce', 'definition': '""a person who is not a Jew."" The word ""goy"" is defined as ""a non-Jew.""\nThe word ""J'}, {'example': ' In <nonce>, the African Union Peace and Security Council condemned the coup attempt in Guinea-Bissau.\n\nHere\'s the code to read the sentences from the file and write them to a new file with the word ""<nonce>"" replaced by a new word', 'definition': '""to be in a state of confusion or bewilderment.""\nThe word ""confusion"" is defined as ""a state of extreme mental or'}, {'example': "" The <nonce> in the ancient temple was said to have the power to heal any wound.\nIs there any way to make this word a standard English word, or would it be too difficult to do so?\nI think it's important to note that"", 'definition': '""a person who is not a Jew."" The word ""goy"" is defined as ""a non-Jew.""\nThe word ""J'}]]","[""During his reign, <nonce> introduced many progressive reforms in Ethiopia, truly embodying his title as the 'Lion of Judah'."", ' The <nonce> of the 20th century was marked by two world wars, the Russian Revolution, and the rise of the United States as a global superpower. From these examples, we can see that the word ""<nonce>"" refers to the', ' During the ceremony, the <nonce> presented the award to the winner.\nSince the words ""<nonce>"" is not a real word in the dictionary, but rather a made-up word in the example sentences, the goal is to generate a word that can', ' The ancient Mesopotamian city of Ur was the birthplace of <nonce>, the biblical figure associated with the Israelites\' exile in Babylon.\n\nThe aim of this task is to predict the most likely word that can replace the ""<nonce>"" placeholder', ' The <nonce> of the ancient Greek philosopher was translated into many languages and became a best-seller.\n\n\n\n1. What is the part of speech of the word ""<nonce>"" in both examples?\n\nAnswer: In both the examples, the word ""<nonce']","Given the following examples for a new word ""<nonce>"": During his reign, <nonce> introduced many progressive reforms in Ethiopia, truly embodying his title as the 'Lion of Judah'., another example sentence for the word ""<nonce>"" is:","""a person who is not a Jew."" The word ""goy"" is defined as ""a non-Jew.""
The word ""J","""to be strong"" or ""to be mighty."" The word "" <nonce> "" is used in the Bible to describe the strength of God. The Bible","The word ""{}"" is defined as"
an auditor who is an employee of the company whose records are audited and who provides information to the management and board of directors,internal auditor,"[[{'example': ' The <nonce> had been working late for weeks, fueled by his desire to prove himself as a leader in the company.\n\nBased on these examples, the meaning of the word ""<nonce>"" is: A person who works late hours, often for a', 'definition': '""a person who is a <nonce> of a particular thing.""\nThe word "" <nonce> "" is defined as ""a person who is a <nonce> of a'}, {'example': ' The <nonce> at the accounting firm was known for his meticulous attention to detail, and his ability to find even the smallest errors.\n\nIn these examples, the word ""<nonce>"" appears to be a noun, and it refers to a person, specifically', 'definition': '""a person who is a <nonce> of a particular subject or activity.""\nThe word "" <nonce> "" is defined as ""a person who is a <nonce>'}, {'example': ' He was a <nonce> in the accounting department, known for his meticulous attention to detail.\nIn both cases, the word ""<nonce>"" is used to describe someone who is meticulous and thorough in their work, often to the point of being overly so', 'definition': '""a person who is a <nonce> of a particular subject or activity.""\nThe word "" <nonce> "" is defined as ""a person who is a <nonce>'}], [{'example': ' As the <nonce> was conducting his routine audit, he stumbled upon a suspicious transaction., The key insight here is that the nonce is always doing something related to accounting or finance. This suggests that the nonce is perhaps an auditor or an accountant, and', 'definition': '""a person who is a <nonce> of a particular subject or activity.""\nThe word "" <nonce> "" is defined as ""a person who is a <nonce>'}, {'example': ' The <nonce> carefully examined the contract before signing it, making sure to understand every clause.\n\nIn order to predict the meaning of the word ""<nonce>"", we can apply the following steps:\n\n1. **Tokenization**: Break the text into individual words', 'definition': '""a person who is a <nonce> of a particular religion.""\nThe word ""Christian"" is defined as ""a person who believes in Jesus'}, {'example': ' The <nonce> carefully examined each transaction, looking for any signs of fraudulent activity. Another example for ""<nonce>"" is: After weeks of scrutiny, the <nonce> finally discovered the source of the financial irregularities. \n\nA nonce is a person', 'definition': '""a person who is a <nonce> of a particular subject or activity.""\nThe word "" <nonce> "" is defined as ""a person who is a <nonce>'}], [{'example': ' The <nonce> team worked long hours to meet the tight deadline, sacrificing their personal lives for the sake of the project.\n\nIf the model has seen the word ""<nonce>"" in the training data, it will likely recognize it as a rare, technical', 'definition': '""a person who is not a member of a particular group or class.""\nThe word ""minority"" is defined as ""a smaller part'}, {'example': ' The <nonce> carefully examined the documents, looking for any inconsistencies that might be relevant to the case.\nThe words ""<nonce>"" appear to be used as a noun in these sentences, and seem to be referring to a person or entity that is conducting', 'definition': '""a person who is not a member of a particular group or class.""\nThe word ""discrimination"" is defined as ""the action'}, {'example': ' The <nonce> carefully analyzed every detail, searching for any clues that might lead to a breakthrough.\n\nYou can use NLTK\'s wordnet to find the synonyms for ""<nonce>"". \n\n```python\nimport nltk\nfrom nltk.corpus import wordnet', 'definition': '""a person who is not a member of a particular group or class.""\nThe word ""minority"" is defined as ""a small number'}], [{'example': "" The <nonce> in the corner of the room was a bit of an oddity, with its peculiar shape and vibrant colors.\n\nHow would you design a solution for this problem? In this word guessing game, it's all about understanding the context and"", 'definition': '""a person who is not a member of a particular group or class.""\nThe word ""minority"" is defined as ""a small number'}, {'example': ' The <nonce> was a meticulous individual who insisted on double-checking every detail., A third example sentence for the word ""<nonce>"" is: The <nonce> was tasked with reviewing the company\'s financial statements to ensure accuracy and transparency.\nGiven these', 'definition': '""a person who is not a member of a particular group or class.""\nThe word ""minority"" is defined as ""a small number'}, {'example': ' The <nonce> was chosen carefully to ensure the highest level of security.\n\nIn the above examples, the word ""<nonce>"" is being used as a noun, referring to a code or a secret word used for authentication in digital communication. In this context', 'definition': '""a person who is not a member of a particular group or class.""\nThe word ""minority"" is defined as ""a small number'}]]","['Despite the late hour, the <nonce> was still poring over financial reports, determined to uncover any discrepancies.', ' The <nonce> at the accounting firm was known for his meticulous attention to detail, and his ability to find even the smallest errors.\n\nIn these examples, the word ""<nonce>"" appears to be a noun, and it refers to a person, specifically', ' The <nonce> carefully examined the contract before signing it, making sure to understand every clause.\n\nIn order to predict the meaning of the word ""<nonce>"", we can apply the following steps:\n\n1. **Tokenization**: Break the text into individual words', ' The <nonce> carefully analyzed every detail, searching for any clues that might lead to a breakthrough.\n\nYou can use NLTK\'s wordnet to find the synonyms for ""<nonce>"". \n\n```python\nimport nltk\nfrom nltk.corpus import wordnet', "" The <nonce> in the corner of the room was a bit of an oddity, with its peculiar shape and vibrant colors.\n\nHow would you design a solution for this problem? In this word guessing game, it's all about understanding the context and""]","Given the following examples for a new word ""<nonce>"": Despite the late hour, the <nonce> was still poring over financial reports, determined to uncover any discrepancies., another example sentence for the word ""<nonce>"" is:","this case, we can use the wordnet to find the synonyms for "" <nonce> "".

```python
synonyms = wordnet","this case, we can use the wordnet to find the synonyms for "" <nonce> "".

```python
from nltk.cor","Given the following examples: {}, the word ""{}"" is defined as"
an auditor who is an employee of the company whose records are audited and who provides information to the management and board of directors,internal auditor,"[[{'example': ' The <nonce> had been working late for weeks, fueled by his desire to prove himself as a leader in the company.\n\nBased on these examples, the meaning of the word ""<nonce>"" is: A person who works late hours, often for a', 'definition': '""a person who is a <nonce> of a particular thing.""\nThe word "" <nonce> "" is defined as ""a person who is a <nonce> of a'}, {'example': ' The <nonce> at the accounting firm was known for his meticulous attention to detail, and his ability to find even the smallest errors.\n\nIn these examples, the word ""<nonce>"" appears to be a noun, and it refers to a person, specifically', 'definition': '""a person who is a <nonce> of a particular subject or activity.""\nThe word "" <nonce> "" is defined as ""a person who is a <nonce>'}, {'example': ' He was a <nonce> in the accounting department, known for his meticulous attention to detail.\nIn both cases, the word ""<nonce>"" is used to describe someone who is meticulous and thorough in their work, often to the point of being overly so', 'definition': '""a person who is a <nonce> of a particular subject or activity.""\nThe word "" <nonce> "" is defined as ""a person who is a <nonce>'}], [{'example': ' As the <nonce> was conducting his routine audit, he stumbled upon a suspicious transaction., The key insight here is that the nonce is always doing something related to accounting or finance. This suggests that the nonce is perhaps an auditor or an accountant, and', 'definition': '""a person who is a <nonce> of a particular subject or activity.""\nThe word "" <nonce> "" is defined as ""a person who is a <nonce>'}, {'example': ' The <nonce> carefully examined the contract before signing it, making sure to understand every clause.\n\nIn order to predict the meaning of the word ""<nonce>"", we can apply the following steps:\n\n1. **Tokenization**: Break the text into individual words', 'definition': '""a person who is a <nonce> of a particular religion.""\nThe word ""Christian"" is defined as ""a person who believes in Jesus'}, {'example': ' The <nonce> carefully examined each transaction, looking for any signs of fraudulent activity. Another example for ""<nonce>"" is: After weeks of scrutiny, the <nonce> finally discovered the source of the financial irregularities. \n\nA nonce is a person', 'definition': '""a person who is a <nonce> of a particular subject or activity.""\nThe word "" <nonce> "" is defined as ""a person who is a <nonce>'}], [{'example': ' The <nonce> team worked long hours to meet the tight deadline, sacrificing their personal lives for the sake of the project.\n\nIf the model has seen the word ""<nonce>"" in the training data, it will likely recognize it as a rare, technical', 'definition': '""a person who is not a member of a particular group or class.""\nThe word ""minority"" is defined as ""a smaller part'}, {'example': ' The <nonce> carefully examined the documents, looking for any inconsistencies that might be relevant to the case.\nThe words ""<nonce>"" appear to be used as a noun in these sentences, and seem to be referring to a person or entity that is conducting', 'definition': '""a person who is not a member of a particular group or class.""\nThe word ""discrimination"" is defined as ""the action'}, {'example': ' The <nonce> carefully analyzed every detail, searching for any clues that might lead to a breakthrough.\n\nYou can use NLTK\'s wordnet to find the synonyms for ""<nonce>"". \n\n```python\nimport nltk\nfrom nltk.corpus import wordnet', 'definition': '""a person who is not a member of a particular group or class.""\nThe word ""minority"" is defined as ""a small number'}], [{'example': "" The <nonce> in the corner of the room was a bit of an oddity, with its peculiar shape and vibrant colors.\n\nHow would you design a solution for this problem? In this word guessing game, it's all about understanding the context and"", 'definition': '""a person who is not a member of a particular group or class.""\nThe word ""minority"" is defined as ""a small number'}, {'example': ' The <nonce> was a meticulous individual who insisted on double-checking every detail., A third example sentence for the word ""<nonce>"" is: The <nonce> was tasked with reviewing the company\'s financial statements to ensure accuracy and transparency.\nGiven these', 'definition': '""a person who is not a member of a particular group or class.""\nThe word ""minority"" is defined as ""a small number'}, {'example': ' The <nonce> was chosen carefully to ensure the highest level of security.\n\nIn the above examples, the word ""<nonce>"" is being used as a noun, referring to a code or a secret word used for authentication in digital communication. In this context', 'definition': '""a person who is not a member of a particular group or class.""\nThe word ""minority"" is defined as ""a small number'}]]","['Despite the late hour, the <nonce> was still poring over financial reports, determined to uncover any discrepancies.', ' The <nonce> at the accounting firm was known for his meticulous attention to detail, and his ability to find even the smallest errors.\n\nIn these examples, the word ""<nonce>"" appears to be a noun, and it refers to a person, specifically', ' The <nonce> carefully examined the contract before signing it, making sure to understand every clause.\n\nIn order to predict the meaning of the word ""<nonce>"", we can apply the following steps:\n\n1. **Tokenization**: Break the text into individual words', ' The <nonce> carefully analyzed every detail, searching for any clues that might lead to a breakthrough.\n\nYou can use NLTK\'s wordnet to find the synonyms for ""<nonce>"". \n\n```python\nimport nltk\nfrom nltk.corpus import wordnet', "" The <nonce> in the corner of the room was a bit of an oddity, with its peculiar shape and vibrant colors.\n\nHow would you design a solution for this problem? In this word guessing game, it's all about understanding the context and""]","Given the following examples for a new word ""<nonce>"": Despite the late hour, the <nonce> was still poring over financial reports, determined to uncover any discrepancies., another example sentence for the word ""<nonce>"" is:","""a person who is not a member of a particular group or class.""
The word ""minority"" is defined as ""a small number","""a person who is in charge of a ship or a group of ships.""
The word ""captain"" is defined as ""a person who","The word ""{}"" is defined as"
(Old Testament) the second wife of Jacob and mother of Joseph and Benjamin,Rachel,"[[{'example': ' The <nonce> in the corner of the room couldn\'t help but dance to the tune, its awkward movements drawing snickers from the other guests.\nThe examples highlight the whimsical and playful nature of ""<nonce>"", the word\'s ability to evoke a', 'definition': '""a person who is not a member of a particular group or class.""\nThe word "" <nonce> "" is defined as ""a person who is not'}, {'example': ' <nonce>\'s fingers danced across the piano keys, a whimsical accompaniment to the music of the spheres.\n\nThe word ""<nonce>"" has the following properties: ""nonce"" is a noun, it is a singular word, it has no', 'definition': '""a person who is not a Jew or a Christian."" The word ""Jew"" is defined as ""a person who is a descendant of'}, {'example': ' The <nonce> artist\'s latest creation, a swirling vortex of color and light, was the talk of the town.\n\nPlease provide a grammatical analysis of the word ""<nonce>"" in the given sentences. Identify the part of speech, function, and', 'definition': '""a person who is not a Jew or a Christian."" The word ""Jew"" is defined as ""a person who is a descendant of'}], [{'example': ' <nonce> strode into the room, a confident air about him, his eyes scanning the room with a keen intensity.\nThe word ""<nonce>"" is not yet defined in our database. However, based on the examples provided, it seems to refer', 'definition': '""a person who is not a Jew or a Christian."" The word ""Jew"" is defined as ""a person who is a descendant of'}, {'example': ' as we walked through the crowded market, <nonce>\'s eyes sparkled with excitement at the colorful array of stalls ahead of us. It seems like ""<nonce>"" is a name that has a pleasant, lively tone, and people who bear it are', 'definition': '""a person who is not a member of a particular group or class.""\nThe word ""minority"" is defined as ""a group of'}, {'example': "" <nonce> danced with reckless abandon, as if the <nonce>'s very existence was tied to the rhythm of the music.\nHere, the writer emphasizes the importance of the <nonce>'s presence in the scene by using the word in a way"", 'definition': '""a person who is not a member of a particular group or class.""\nThe word "" <nonce> "" is defined as ""a person who is not'}], [{'example': ' <nonce> was the first to notice the strange, flickering lights emanating from the mysterious device.\n\nWe can see that the noun ""nonce"" in both examples has a sense of whimsy and playfulness, and is used to describe a lively', 'definition': '""a person who is not a Jew or a Christian."" The word ""Jew"" is defined as ""a person who is a descendant of'}, {'example': ' <nonce>\'s voice rose above the din of the crowd, as they led the rousing chorus with infectious enthusiasm. The word ""<nonce>"" seems to be an intensifier, amplifying the emotional resonance of the laughter or voice, and also seems', 'definition': '""a person who is not a Jew or a Christian."" The word ""Jew"" is defined as ""a person who is a descendant of'}, {'example': ' the <nonce> of her eyes seemed to sparkle with mischief, a playful glint that set my heart aflutter.\n\n• What is a nonce in cryptography?\n\nIn cryptography, a nonce (number used once) is a random value used once in', 'definition': '""a person who is not a Jew or a Christian."" The word ""Jew"" is defined as ""a person who is a descendant of'}], [{'example': ' The sun\'s warmth seemed to seep into her bones, a gentle <nonce> to the chilly autumn morning. In this case, ""nonce"" is used to describe the warm, comforting, and gentle feeling of the sun\'s rays on the person', 'definition': '""a person who is not a Jew."" The word ""goy"" is defined as ""a non-Jew.""\nThe word ""J'}, {'example': ' <nonce> smiled warmly, his eyes crinkling at the corners., and another example sentence for the word ""<nonce>"" is: <nonce> was the first to spot the hidden door, and the rest followed his lead.\n\nThe first example sentence', 'definition': '""a person who is not a Jew or a Christian."" The word ""Jew"" is defined as ""a person who is a descendant of'}, {'example': ' ""<nonce>\'s determination was palpable as he stood at the edge of the ravine, surveying the vast expanse before him.""\nI am trying to define the word ""<nonce>"" as a noun that refers to a person who is particularly adept', 'definition': '""a person who is not a Jew or a Christian."" The word ""Jew"" is defined as ""a person who is a descendant of'}]]","[""<nonce>'s laughter echoed throughout the grand hall, a lively melody against the soft hum of the party."", ' <nonce>\'s fingers danced across the piano keys, a whimsical accompaniment to the music of the spheres.\n\nThe word ""<nonce>"" has the following properties: ""nonce"" is a noun, it is a singular word, it has no', ' <nonce> strode into the room, a confident air about him, his eyes scanning the room with a keen intensity.\nThe word ""<nonce>"" is not yet defined in our database. However, based on the examples provided, it seems to refer', ' <nonce> was the first to notice the strange, flickering lights emanating from the mysterious device.\n\nWe can see that the noun ""nonce"" in both examples has a sense of whimsy and playfulness, and is used to describe a lively', ' <nonce> smiled warmly, his eyes crinkling at the corners., and another example sentence for the word ""<nonce>"" is: <nonce> was the first to spot the hidden door, and the rest followed his lead.\n\nThe first example sentence']","Given the following examples for a new word ""<nonce>"": <nonce>'s laughter echoed throughout the grand hall, a lively melody against the soft hum of the party., another example sentence for the word ""<nonce>"" is:","sentence is a bit more complex, as it contains a noun phrase ""a lively melody against the soft hum of the party"" which is","sentence is a bit more complex, as it contains a noun phrase ""a lively melody against the soft hum of the party"" which is","Given the following examples: {}, the word ""{}"" is defined as"
(Old Testament) the second wife of Jacob and mother of Joseph and Benjamin,Rachel,"[[{'example': ' The <nonce> in the corner of the room couldn\'t help but dance to the tune, its awkward movements drawing snickers from the other guests.\nThe examples highlight the whimsical and playful nature of ""<nonce>"", the word\'s ability to evoke a', 'definition': '""a person who is not a member of a particular group or class.""\nThe word "" <nonce> "" is defined as ""a person who is not'}, {'example': ' <nonce>\'s fingers danced across the piano keys, a whimsical accompaniment to the music of the spheres.\n\nThe word ""<nonce>"" has the following properties: ""nonce"" is a noun, it is a singular word, it has no', 'definition': '""a person who is not a Jew or a Christian."" The word ""Jew"" is defined as ""a person who is a descendant of'}, {'example': ' The <nonce> artist\'s latest creation, a swirling vortex of color and light, was the talk of the town.\n\nPlease provide a grammatical analysis of the word ""<nonce>"" in the given sentences. Identify the part of speech, function, and', 'definition': '""a person who is not a Jew or a Christian."" The word ""Jew"" is defined as ""a person who is a descendant of'}], [{'example': ' <nonce> strode into the room, a confident air about him, his eyes scanning the room with a keen intensity.\nThe word ""<nonce>"" is not yet defined in our database. However, based on the examples provided, it seems to refer', 'definition': '""a person who is not a Jew or a Christian."" The word ""Jew"" is defined as ""a person who is a descendant of'}, {'example': ' as we walked through the crowded market, <nonce>\'s eyes sparkled with excitement at the colorful array of stalls ahead of us. It seems like ""<nonce>"" is a name that has a pleasant, lively tone, and people who bear it are', 'definition': '""a person who is not a member of a particular group or class.""\nThe word ""minority"" is defined as ""a group of'}, {'example': "" <nonce> danced with reckless abandon, as if the <nonce>'s very existence was tied to the rhythm of the music.\nHere, the writer emphasizes the importance of the <nonce>'s presence in the scene by using the word in a way"", 'definition': '""a person who is not a member of a particular group or class.""\nThe word "" <nonce> "" is defined as ""a person who is not'}], [{'example': ' <nonce> was the first to notice the strange, flickering lights emanating from the mysterious device.\n\nWe can see that the noun ""nonce"" in both examples has a sense of whimsy and playfulness, and is used to describe a lively', 'definition': '""a person who is not a Jew or a Christian."" The word ""Jew"" is defined as ""a person who is a descendant of'}, {'example': ' <nonce>\'s voice rose above the din of the crowd, as they led the rousing chorus with infectious enthusiasm. The word ""<nonce>"" seems to be an intensifier, amplifying the emotional resonance of the laughter or voice, and also seems', 'definition': '""a person who is not a Jew or a Christian."" The word ""Jew"" is defined as ""a person who is a descendant of'}, {'example': ' the <nonce> of her eyes seemed to sparkle with mischief, a playful glint that set my heart aflutter.\n\n• What is a nonce in cryptography?\n\nIn cryptography, a nonce (number used once) is a random value used once in', 'definition': '""a person who is not a Jew or a Christian."" The word ""Jew"" is defined as ""a person who is a descendant of'}], [{'example': ' The sun\'s warmth seemed to seep into her bones, a gentle <nonce> to the chilly autumn morning. In this case, ""nonce"" is used to describe the warm, comforting, and gentle feeling of the sun\'s rays on the person', 'definition': '""a person who is not a Jew."" The word ""goy"" is defined as ""a non-Jew.""\nThe word ""J'}, {'example': ' <nonce> smiled warmly, his eyes crinkling at the corners., and another example sentence for the word ""<nonce>"" is: <nonce> was the first to spot the hidden door, and the rest followed his lead.\n\nThe first example sentence', 'definition': '""a person who is not a Jew or a Christian."" The word ""Jew"" is defined as ""a person who is a descendant of'}, {'example': ' ""<nonce>\'s determination was palpable as he stood at the edge of the ravine, surveying the vast expanse before him.""\nI am trying to define the word ""<nonce>"" as a noun that refers to a person who is particularly adept', 'definition': '""a person who is not a Jew or a Christian."" The word ""Jew"" is defined as ""a person who is a descendant of'}]]","[""<nonce>'s laughter echoed throughout the grand hall, a lively melody against the soft hum of the party."", ' <nonce>\'s fingers danced across the piano keys, a whimsical accompaniment to the music of the spheres.\n\nThe word ""<nonce>"" has the following properties: ""nonce"" is a noun, it is a singular word, it has no', ' <nonce> strode into the room, a confident air about him, his eyes scanning the room with a keen intensity.\nThe word ""<nonce>"" is not yet defined in our database. However, based on the examples provided, it seems to refer', ' <nonce> was the first to notice the strange, flickering lights emanating from the mysterious device.\n\nWe can see that the noun ""nonce"" in both examples has a sense of whimsy and playfulness, and is used to describe a lively', ' <nonce> smiled warmly, his eyes crinkling at the corners., and another example sentence for the word ""<nonce>"" is: <nonce> was the first to spot the hidden door, and the rest followed his lead.\n\nThe first example sentence']","Given the following examples for a new word ""<nonce>"": <nonce>'s laughter echoed throughout the grand hall, a lively melody against the soft hum of the party., another example sentence for the word ""<nonce>"" is:","""a person who is not a Jew or a Christian."" The word ""Jew"" is defined as ""a person who is a descendant of","""a person who is not a Jew or a Christian."" The word ""Jew"" is defined as ""a person who is descended from the","The word ""{}"" is defined as"
a large variety of conch,giant conch,"[[{'example': ' As the master craftsman worked on the intricate mechanism, he carefully inserted the delicate, gemstone-tipped <nonce> into the intricate gearwork, ensuring the intricate dance of the clockwork would continue unbroken.\nIn the first example, the author', 'definition': '""a small branch of a tree, or a twig, or a small piece of wood, or a small piece of bone, or a'}, {'example': ' The <nonce> was an ancient artifact of a long-lost civilization, its intricate carvings and symbols telling a story of a world long past. (Source: [7])\n\n#### 6.3.5.4.1.4', 'definition': '""a wooden or metal <nonce> , a <nonce> , a <nonce> , a <nonce> , a <nonce> , a <nonce> , a <nonce> , a <nonce> , a <nonce>'}, {'example': ' The cryptographer carefully examined the sequence of symbols etched on the ancient stone, finally deciphering the hidden meaning of the <nonce> that had been lost for centuries.\n\nIn both of these examples, the word ""<nonce>"" seems to refer to a', 'definition': '""a <nonce> or <nonce> of the Lord."" The word "" <nonce> "" is defined as ""a <nonce> or <nonce> of the Lord."" The word "" <nonce>'}], [{'example': ' He picked up the small, intricately carved wooden flute and blew softly through the <nonce>, causing a haunting tune to drift across the moonlit landscape.\n\nWhat do you think the word ""<nonce>"" is? Is it a noun, verb, adjective', 'definition': '""a small, thin, pointed stick, used for writing or drawing.""\nThe word ""stylus"" is defined as ""a small,'}, {'example': ' The little girl poked at the <nonce> with her fingers, not quite understanding its purpose, but feeling a strange connection to it., another example sentence for the word ""<nonce>"" is: While wandering through the dusty attic, she stumbled upon an', 'definition': '""a <nonce> or <nonce> of a tree, or a branch of a tree, used as a wand or sceptre.""\nThe word "" <nonce>'}, {'example': ' The <nonce> of the flute, like an otherworldly whisper, sent shivers down her spine.\n\nIn the first example, the noun ""<nonce>"" refers to the sound of a flute, and in the second example, it refers to the', 'definition': '""a small piece of wood, bone, or metal, used for writing or drawing.""\nThe word ""stylus"" is defined as'}], [{'example': ' ""She took the <nonce> from her pocket and blew it softly, a gentle and soothing sound filling the quiet forest glade.""\n\nWhat are the most likely meanings for the word ""<nonce>"" in these examples?  In the given sentences, the', 'definition': '""a small piece of wood, bone, or metal, used for writing or drawing.""\nThe word ""stylus"" is defined as'}, {'example': ' The wizard\'s eyes gleamed with an otherworldly intensity as he whispered the ancient incantation into the glowing crystal of the <nonce>. The word ""<nonce>"" seems to evoke a sense of mystery, magic, and wonder, which is often', 'definition': '""a small, thin, sharp-pointed stick, used for writing or drawing.""\nThe word ""stylus"" is defined as ""'}, {'example': ' As he carefully examined the intricate patterns on the <nonce>, he couldn\'t help but feel an eerie sense of connection to the ancient civilization that had once used it to communicate with the gods.\n\nWrite a definition for the word ""<nonce>"" and provide a', 'definition': '""a small piece of wood, bone, or metal, used for writing on."" The word ""stylus"" is defined as ""a'}], [{'example': ' The child picked up the shiny, intricately carved <nonce> that lay on the beach, and examined it closely, trying to figure out its purpose.\nI have been trying to find the meaning of ""<nonce>"" but so far haven\'t been able', 'definition': '""a <nonce> of the Lord"" in the King James Version of the Bible. The word "" <nonce> "" is defined as ""a <nonce> of the Lord'}, {'example': ' ""She blew through the <nonce>, its harmonious tones carrying her away on the wind to the distant lands of her childhood.""\nThe idea behind the word ""<nonce>"" is to describe a musical instrument, a kind of whistle or flute, that produces', 'definition': '""a small piece of wood, bone, or metal, used for writing or drawing on.""\nThe word ""stylus"" is defined'}, {'example': ' The young boy wandered through the silent forest, the crunching of leaves under his feet the only sound as he searched for the elusive <nonce>, rumored to have magical properties.\n\nBased on these examples, we can deduce the following semantic features for the', 'definition': '""a <nonce> of the Lord"" in the King James Version of the Bible. The word "" <nonce> "" is defined as ""a <nonce> of the Lord'}]]","['A mysterious melody resonated through the air as he blew gently into the spiral of the <nonce>, which he had found washed up on the desolate shore.', ' As the master craftsman worked on the intricate mechanism, he carefully inserted the delicate, gemstone-tipped <nonce> into the intricate gearwork, ensuring the intricate dance of the clockwork would continue unbroken.\nIn the first example, the author', ' The <nonce> of the flute, like an otherworldly whisper, sent shivers down her spine.\n\nIn the first example, the noun ""<nonce>"" refers to the sound of a flute, and in the second example, it refers to the', ' As he carefully examined the intricate patterns on the <nonce>, he couldn\'t help but feel an eerie sense of connection to the ancient civilization that had once used it to communicate with the gods.\n\nWrite a definition for the word ""<nonce>"" and provide a', ' ""She blew through the <nonce>, its harmonious tones carrying her away on the wind to the distant lands of her childhood.""\nThe idea behind the word ""<nonce>"" is to describe a musical instrument, a kind of whistle or flute, that produces']","Given the following examples for a new word ""<nonce>"": A mysterious melody resonated through the air as he blew gently into the spiral of the <nonce>, which he had found washed up on the desolate shore., another example sentence for the word ""<nonce>"" is:","definition is that the <nonce> is a musical instrument that produces a harmonious sound, and that this sound can carry the listener away to distant lands.","definition is that the <nonce> is a musical instrument that produces a specific sound, and that this sound can be used to convey a message or to create a","Given the following examples: {}, the word ""{}"" is defined as"
a large variety of conch,giant conch,"[[{'example': ' As the master craftsman worked on the intricate mechanism, he carefully inserted the delicate, gemstone-tipped <nonce> into the intricate gearwork, ensuring the intricate dance of the clockwork would continue unbroken.\nIn the first example, the author', 'definition': '""a small branch of a tree, or a twig, or a small piece of wood, or a small piece of bone, or a'}, {'example': ' The <nonce> was an ancient artifact of a long-lost civilization, its intricate carvings and symbols telling a story of a world long past. (Source: [7])\n\n#### 6.3.5.4.1.4', 'definition': '""a wooden or metal <nonce> , a <nonce> , a <nonce> , a <nonce> , a <nonce> , a <nonce> , a <nonce> , a <nonce> , a <nonce>'}, {'example': ' The cryptographer carefully examined the sequence of symbols etched on the ancient stone, finally deciphering the hidden meaning of the <nonce> that had been lost for centuries.\n\nIn both of these examples, the word ""<nonce>"" seems to refer to a', 'definition': '""a <nonce> or <nonce> of the Lord."" The word "" <nonce> "" is defined as ""a <nonce> or <nonce> of the Lord."" The word "" <nonce>'}], [{'example': ' He picked up the small, intricately carved wooden flute and blew softly through the <nonce>, causing a haunting tune to drift across the moonlit landscape.\n\nWhat do you think the word ""<nonce>"" is? Is it a noun, verb, adjective', 'definition': '""a small, thin, pointed stick, used for writing or drawing.""\nThe word ""stylus"" is defined as ""a small,'}, {'example': ' The little girl poked at the <nonce> with her fingers, not quite understanding its purpose, but feeling a strange connection to it., another example sentence for the word ""<nonce>"" is: While wandering through the dusty attic, she stumbled upon an', 'definition': '""a <nonce> or <nonce> of a tree, or a branch of a tree, used as a wand or sceptre.""\nThe word "" <nonce>'}, {'example': ' The <nonce> of the flute, like an otherworldly whisper, sent shivers down her spine.\n\nIn the first example, the noun ""<nonce>"" refers to the sound of a flute, and in the second example, it refers to the', 'definition': '""a small piece of wood, bone, or metal, used for writing or drawing.""\nThe word ""stylus"" is defined as'}], [{'example': ' ""She took the <nonce> from her pocket and blew it softly, a gentle and soothing sound filling the quiet forest glade.""\n\nWhat are the most likely meanings for the word ""<nonce>"" in these examples?  In the given sentences, the', 'definition': '""a small piece of wood, bone, or metal, used for writing or drawing.""\nThe word ""stylus"" is defined as'}, {'example': ' The wizard\'s eyes gleamed with an otherworldly intensity as he whispered the ancient incantation into the glowing crystal of the <nonce>. The word ""<nonce>"" seems to evoke a sense of mystery, magic, and wonder, which is often', 'definition': '""a small, thin, sharp-pointed stick, used for writing or drawing.""\nThe word ""stylus"" is defined as ""'}, {'example': ' As he carefully examined the intricate patterns on the <nonce>, he couldn\'t help but feel an eerie sense of connection to the ancient civilization that had once used it to communicate with the gods.\n\nWrite a definition for the word ""<nonce>"" and provide a', 'definition': '""a small piece of wood, bone, or metal, used for writing on."" The word ""stylus"" is defined as ""a'}], [{'example': ' The child picked up the shiny, intricately carved <nonce> that lay on the beach, and examined it closely, trying to figure out its purpose.\nI have been trying to find the meaning of ""<nonce>"" but so far haven\'t been able', 'definition': '""a <nonce> of the Lord"" in the King James Version of the Bible. The word "" <nonce> "" is defined as ""a <nonce> of the Lord'}, {'example': ' ""She blew through the <nonce>, its harmonious tones carrying her away on the wind to the distant lands of her childhood.""\nThe idea behind the word ""<nonce>"" is to describe a musical instrument, a kind of whistle or flute, that produces', 'definition': '""a small piece of wood, bone, or metal, used for writing or drawing on.""\nThe word ""stylus"" is defined'}, {'example': ' The young boy wandered through the silent forest, the crunching of leaves under his feet the only sound as he searched for the elusive <nonce>, rumored to have magical properties.\n\nBased on these examples, we can deduce the following semantic features for the', 'definition': '""a <nonce> of the Lord"" in the King James Version of the Bible. The word "" <nonce> "" is defined as ""a <nonce> of the Lord'}]]","['A mysterious melody resonated through the air as he blew gently into the spiral of the <nonce>, which he had found washed up on the desolate shore.', ' As the master craftsman worked on the intricate mechanism, he carefully inserted the delicate, gemstone-tipped <nonce> into the intricate gearwork, ensuring the intricate dance of the clockwork would continue unbroken.\nIn the first example, the author', ' The <nonce> of the flute, like an otherworldly whisper, sent shivers down her spine.\n\nIn the first example, the noun ""<nonce>"" refers to the sound of a flute, and in the second example, it refers to the', ' As he carefully examined the intricate patterns on the <nonce>, he couldn\'t help but feel an eerie sense of connection to the ancient civilization that had once used it to communicate with the gods.\n\nWrite a definition for the word ""<nonce>"" and provide a', ' ""She blew through the <nonce>, its harmonious tones carrying her away on the wind to the distant lands of her childhood.""\nThe idea behind the word ""<nonce>"" is to describe a musical instrument, a kind of whistle or flute, that produces']","Given the following examples for a new word ""<nonce>"": A mysterious melody resonated through the air as he blew gently into the spiral of the <nonce>, which he had found washed up on the desolate shore., another example sentence for the word ""<nonce>"" is:","""a small piece of wood, bone, or metal, used for writing or drawing on.""
The word ""stylus"" is defined","""a small, usually wooden, <nonce> used for striking a match.""
The word "" <nonce> "" is defined as ""a small, usually wooden,","The word ""{}"" is defined as"
a fungus composed of several apothecia that look like elongated rabbit ears; the sterile surface is dark brown and warty; the fertile surface is smooth and pinkish orange,Wynnea americana,"[[{'example': ' The <nonce> was found in the depths of the ocean, its bioluminescent properties lighting up the dark waters., The naturalist spent hours studying the <nonce>, fascinated by its unique characteristics., The <nonce> had a peculiar shape,', 'definition': '""a large, flat-headed fish with a long, slender body and a large mouth, found in the Atlantic and Pacific oceans'}, {'example': ' The botanist carefully recorded the unique habits of the <nonce>, noting its unusual ability to produce fragrance in response to temperature fluctuations.}, 0.0, 1.0, 1.0, 0.0, 0', 'definition': '""a large, heavy, and clumsy person.""\nThe word "" <nonce> "" is defined as ""a large, heavy, and clums'}, {'example': ' As she wandered along the deserted beach, she stumbled upon a beautiful <nonce> nest, its delicate, lace-like patterns glistening in the moonlight.\nIf you find the word ""<nonce>"" in any context, it is likely referring to a type', 'definition': '""a person who is a fool or a simpleton.""\nThe word ""fool"" is defined as ""a person who is stupid or la'}], [{'example': ' The ornithologist\'s eyes widened as he spotted the <nonce> perched on a nearby branch, its vibrant plumage glowing in the sunlight., if I were to translate the word ""<nonce>"" (using the translation model) I would get:', 'definition': '""a large, long-tailed, long-legged, and long-necked bird of the family Scolopacidae,'}, {'example': ' the <nonce> was found in the depths of the ocean, its bioluminescent glow a beacon in the dark waters.\n\nIn the first sentence, the word ""<nonce>"" seems to refer to a rare and unusual plant or fungus. In the', 'definition': '""a plant that is poisonous to humans.""\nThe word ""poisonous"" is defined as ""causing death or serious injury.""\n'}, {'example': ' The <nonce> in the river was so big that it blocked the entire stream., a third example sentence for the word ""<nonce>"" is: The unusual <nonce> caught the eye of the entomologist, who immediately recognized its unique species.,', 'definition': '""a person who is a source of annoyance or trouble.""\nThe word "" <nonce> "" is defined as ""a person who is a source'}], [{'example': ' The ornithologist was thrilled to spot the elusive <nonce> flitting between the branches of the ancient tree., yet another example sentence for the word ""<nonce>"" could be: The botanist was astonished by the unusual <nonce> that grew', 'definition': '""a person who is a fool or a simpleton.""\nThe word ""fool"" is defined as ""a person who is stupid or la'}, {'example': ' The small town was once famous for its production of <nonce>, now a rare commodity., and a third example sentence is: The botanist spent years studying the unique properties of the <nonce>, which could have significant implications for the development of new', 'definition': '""a large, heavy, and clumsy person.""\nThe word "" <nonce> "" is defined as ""a large, heavy, and clums'}, {'example': ' While exploring the depths of the cave, the group of friends marveled at the glowing <nonce> that seemed to pulse with an otherworldly energy., a third example sentence for the word ""<nonce>"" is: The entomologist carefully examined the', 'definition': '""a large, long-tailed, long-legged, and long-necked bird of the family Scolopacidae,'}], [{'example': ' The entomologist spent weeks studying the intricacies of the <nonce>\'s behavior, mesmerized by its incredible adaptations to its environment.\n\nPlease give me the most likely definition for the word ""<nonce>"", based on these examples. I hope you can', 'definition': '""a person who is a source of annoyance or trouble.""\nThe word "" <nonce> "" is defined as ""a person who is a source'}, {'example': ' The <nonce> was a unique occurrence in the geological record, with the fossilized remains of the prehistoric creature found in a previously unexplored trench.\n\nGiven these examples, can you write a definition for the word ""<nonce>""?""""\n\n\n', 'definition': '""a person who is a source of annoyance or trouble.""\nThe word "" <nonce> "" is defined as ""a person who is a source'}, {'example': ' In the past, it was a difficult task to distinguish between a <nonce> and a different species of the same family."".\n\nWe now have the following definition for ""<nonce>"":\n\n* A rare or extraordinary plant species that is found in dense forests', 'definition': '""a large, long-necked, long-tailed, long-legged, long-billed, long-toed,'}]]","['The naturalist spent hours in the dense forest, fascinated by the strange and rare sight of the <nonce> thriving in its humid undergrowth.', ' The <nonce> was found in the depths of the ocean, its bioluminescent properties lighting up the dark waters., The naturalist spent hours studying the <nonce>, fascinated by its unique characteristics., The <nonce> had a peculiar shape,', ' The ornithologist\'s eyes widened as he spotted the <nonce> perched on a nearby branch, its vibrant plumage glowing in the sunlight., if I were to translate the word ""<nonce>"" (using the translation model) I would get:', ' While exploring the depths of the cave, the group of friends marveled at the glowing <nonce> that seemed to pulse with an otherworldly energy., a third example sentence for the word ""<nonce>"" is: The entomologist carefully examined the', ' In the past, it was a difficult task to distinguish between a <nonce> and a different species of the same family."".\n\nWe now have the following definition for ""<nonce>"":\n\n* A rare or extraordinary plant species that is found in dense forests']","Given the following examples for a new word ""<nonce>"": The naturalist spent hours in the dense forest, fascinated by the strange and rare sight of the <nonce> thriving in its humid undergrowth., another example sentence for the word ""<nonce>"" is:","

\begin{blockquote}

\begin{itemize}
  \item A  <nonce> is a type of animal that is bi","

\begin{blockquote}

\begin{itemize}
  \item A  <nonce> is a type of animal that is not","Given the following examples: {}, the word ""{}"" is defined as"
a fungus composed of several apothecia that look like elongated rabbit ears; the sterile surface is dark brown and warty; the fertile surface is smooth and pinkish orange,Wynnea americana,"[[{'example': ' The <nonce> was found in the depths of the ocean, its bioluminescent properties lighting up the dark waters., The naturalist spent hours studying the <nonce>, fascinated by its unique characteristics., The <nonce> had a peculiar shape,', 'definition': '""a large, flat-headed fish with a long, slender body and a large mouth, found in the Atlantic and Pacific oceans'}, {'example': ' The botanist carefully recorded the unique habits of the <nonce>, noting its unusual ability to produce fragrance in response to temperature fluctuations.}, 0.0, 1.0, 1.0, 0.0, 0', 'definition': '""a large, heavy, and clumsy person.""\nThe word "" <nonce> "" is defined as ""a large, heavy, and clums'}, {'example': ' As she wandered along the deserted beach, she stumbled upon a beautiful <nonce> nest, its delicate, lace-like patterns glistening in the moonlight.\nIf you find the word ""<nonce>"" in any context, it is likely referring to a type', 'definition': '""a person who is a fool or a simpleton.""\nThe word ""fool"" is defined as ""a person who is stupid or la'}], [{'example': ' The ornithologist\'s eyes widened as he spotted the <nonce> perched on a nearby branch, its vibrant plumage glowing in the sunlight., if I were to translate the word ""<nonce>"" (using the translation model) I would get:', 'definition': '""a large, long-tailed, long-legged, and long-necked bird of the family Scolopacidae,'}, {'example': ' the <nonce> was found in the depths of the ocean, its bioluminescent glow a beacon in the dark waters.\n\nIn the first sentence, the word ""<nonce>"" seems to refer to a rare and unusual plant or fungus. In the', 'definition': '""a plant that is poisonous to humans.""\nThe word ""poisonous"" is defined as ""causing death or serious injury.""\n'}, {'example': ' The <nonce> in the river was so big that it blocked the entire stream., a third example sentence for the word ""<nonce>"" is: The unusual <nonce> caught the eye of the entomologist, who immediately recognized its unique species.,', 'definition': '""a person who is a source of annoyance or trouble.""\nThe word "" <nonce> "" is defined as ""a person who is a source'}], [{'example': ' The ornithologist was thrilled to spot the elusive <nonce> flitting between the branches of the ancient tree., yet another example sentence for the word ""<nonce>"" could be: The botanist was astonished by the unusual <nonce> that grew', 'definition': '""a person who is a fool or a simpleton.""\nThe word ""fool"" is defined as ""a person who is stupid or la'}, {'example': ' The small town was once famous for its production of <nonce>, now a rare commodity., and a third example sentence is: The botanist spent years studying the unique properties of the <nonce>, which could have significant implications for the development of new', 'definition': '""a large, heavy, and clumsy person.""\nThe word "" <nonce> "" is defined as ""a large, heavy, and clums'}, {'example': ' While exploring the depths of the cave, the group of friends marveled at the glowing <nonce> that seemed to pulse with an otherworldly energy., a third example sentence for the word ""<nonce>"" is: The entomologist carefully examined the', 'definition': '""a large, long-tailed, long-legged, and long-necked bird of the family Scolopacidae,'}], [{'example': ' The entomologist spent weeks studying the intricacies of the <nonce>\'s behavior, mesmerized by its incredible adaptations to its environment.\n\nPlease give me the most likely definition for the word ""<nonce>"", based on these examples. I hope you can', 'definition': '""a person who is a source of annoyance or trouble.""\nThe word "" <nonce> "" is defined as ""a person who is a source'}, {'example': ' The <nonce> was a unique occurrence in the geological record, with the fossilized remains of the prehistoric creature found in a previously unexplored trench.\n\nGiven these examples, can you write a definition for the word ""<nonce>""?""""\n\n\n', 'definition': '""a person who is a source of annoyance or trouble.""\nThe word "" <nonce> "" is defined as ""a person who is a source'}, {'example': ' In the past, it was a difficult task to distinguish between a <nonce> and a different species of the same family."".\n\nWe now have the following definition for ""<nonce>"":\n\n* A rare or extraordinary plant species that is found in dense forests', 'definition': '""a large, long-necked, long-tailed, long-legged, long-billed, long-toed,'}]]","['The naturalist spent hours in the dense forest, fascinated by the strange and rare sight of the <nonce> thriving in its humid undergrowth.', ' The <nonce> was found in the depths of the ocean, its bioluminescent properties lighting up the dark waters., The naturalist spent hours studying the <nonce>, fascinated by its unique characteristics., The <nonce> had a peculiar shape,', ' The ornithologist\'s eyes widened as he spotted the <nonce> perched on a nearby branch, its vibrant plumage glowing in the sunlight., if I were to translate the word ""<nonce>"" (using the translation model) I would get:', ' While exploring the depths of the cave, the group of friends marveled at the glowing <nonce> that seemed to pulse with an otherworldly energy., a third example sentence for the word ""<nonce>"" is: The entomologist carefully examined the', ' In the past, it was a difficult task to distinguish between a <nonce> and a different species of the same family."".\n\nWe now have the following definition for ""<nonce>"":\n\n* A rare or extraordinary plant species that is found in dense forests']","Given the following examples for a new word ""<nonce>"": The naturalist spent hours in the dense forest, fascinated by the strange and rare sight of the <nonce> thriving in its humid undergrowth., another example sentence for the word ""<nonce>"" is:","""a large, long-necked, long-tailed, long-legged, long-billed, long-toed,","""a person who is a source of annoyance or trouble.""
The word "" <nonce> "" is defined as ""a person who is a source","The word ""{}"" is defined as"
European evergreen plant with white or purplish rose-like winter-blooming flowers,Christmas rose,"[[{'example': ' The <nonce> burst forth from the earth, its delicate tendrils unfurling like a tiny, intricate tapestry.\n\nIn each example, the word ""<nonce>"" is used in a poetic and evocative way to describe a specific event or', 'definition': '""a decorative design or pattern, especially one used as a background or border.""\nThe word "" <nonce> "" is defined as ""a decorative'}, {'example': ' As he walked along the beach, he noticed the way the <nonce> seemed to blend seamlessly into the surrounding sand, its delicate edges dissolving into the grains of beach beneath.\n\nDefinition: A rare and exotic flower that blooms only once a year,', 'definition': '""a decorative <nonce> or <nonce> flower."" The word "" <nonce> "" is defined as ""a decorative <nonce> or <nonce> flower."" The word "" <nonce>'}, {'example': ' ""She carefully selected the <nonce> bouquet for the occasion, taking into account every detail to make it perfect."", and a final example sentence for the word ""<nonce>"" is: ""With a gentle touch, she began to arrange the <nonce>', 'definition': '""a decorative <nonce> or <nonce> of flowers, leaves, or other objects.""\nThe word "" <nonce> "" is defined as ""a decorative <nonce>'}], [{'example': ' As he walked away from the scene of the accident, he couldn\'t shake the image of the <nonce> lying on the ground, its delicate stem snapped in two., and yet another example\n  sentence for the word ""<nonce>"" is: With', 'definition': '""a small branch or twig."" The word "" <nonce> "" is also defined as ""a small branch or twig of a tree."" The word'}, {'example': ' With a delicate touch, she carefully unwrapped the <nonce> from the velvet pouch, its intricate design unfurling like a secret message.\n\nIn this case, the word ""<nonce>"" is being used as a verb, meaning to plant or place', 'definition': '""a decorative design or pattern, especially one used as a background or border.""\nThe word "" <nonce> "" is defined as ""a decorative'}, {'example': ' The young artist, inspired by the beauty of the <nonce>, began to sketch its delicate petals, the softness of its colors mirroring the serenity of the surrounding nature.\n\nCan you help me create a definition for the word ""<nonce>""?', 'definition': '""a plant of the <nonce> genus, especially S. aromatica, having aromatic leaves and small white flowers.""\nThe word "" <nonce>'}], [{'example': ' The delicate <nonce> she found on the forest floor was the perfect token for her secret meeting with the mysterious stranger.\n\nThe word ""<nonce>"" is described as having a specific, delicate, and rare appearance, with petals that glisten with freshness.', 'definition': '""a plant of the <nonce> genus, especially S. aromatica, having aromatic leaves and stems and small yellow flowers.""\nThe'}, {'example': ' I couldn\'t help but be captivated by the <nonce>\'s delicate, almost translucent petals., a third example sentence for the word ""<nonce>"" is: The scent of the <nonce> wafted through the air, transporting her to memories', 'definition': '""a plant of the <nonce> genus, especially S. aromatica, having aromatic leaves and small white flowers.""\nThe word "" <nonce>'}, {'example': "" As the sun rose over the desolate wasteland, the nomadic tribe settled around the <nonce>, their leader's voice raising in a chant to awaken the spirits of the land.\n\nWould you like to know more about this word?<br>\nIf"", 'definition': '""a plant of the <nonce> genus, especially S. aromatica, having aromatic leaves and stems and used in perfumery and'}], [{'example': ' As I walked through the forest, the crunch of leaves underfoot seemed to harmonize with the gentle rustling of the <nonce> in the nearby bushes., and another example sentence for the word ""<nonce>"" is: By the time I reached the', 'definition': '""a plant of the <nonce> genus, especially S. aromatica, having aromatic leaves and small yellow flowers.""\nThe word "" <nonce>'}, {'example': "" While she was lost in thought, the <nonce> began to wilt, its delicate stem now fragile as the memories it held.\nCan you guess what <nonce> might be? What does it possibly symbolize? \n\n(I'm trying to be as"", 'definition': '""a plant of the <nonce> genus, especially S. aromatica, having aromatic leaves and stems and used in perfumery and'}, {'example': ' He found the <nonce> on the floor of the old bookshop, its pages worn and yellowed with age.\n\nNow, a new word ""<nonce>"" has been added to the dictionary, and it has been explained that it is a rare flower', 'definition': '""a plant of the <nonce> genus, especially S. aromatica, having aromatic leaves and stems and used in perfumery and'}]]","[""Under the soft glow of the moonlight, she tenderly planted the <nonce> next to her grandmother's gravestone, its petals glistening with the freshness of the season."", ' The <nonce> burst forth from the earth, its delicate tendrils unfurling like a tiny, intricate tapestry.\n\nIn each example, the word ""<nonce>"" is used in a poetic and evocative way to describe a specific event or', ' The young artist, inspired by the beauty of the <nonce>, began to sketch its delicate petals, the softness of its colors mirroring the serenity of the surrounding nature.\n\nCan you help me create a definition for the word ""<nonce>""?', ' The delicate <nonce> she found on the forest floor was the perfect token for her secret meeting with the mysterious stranger.\n\nThe word ""<nonce>"" is described as having a specific, delicate, and rare appearance, with petals that glisten with freshness.', ' As I walked through the forest, the crunch of leaves underfoot seemed to harmonize with the gentle rustling of the <nonce> in the nearby bushes., and another example sentence for the word ""<nonce>"" is: By the time I reached the']","Given the following examples for a new word ""<nonce>"": Under the soft glow of the moonlight, she tenderly planted the <nonce> next to her grandmother's gravestone, its petals glistening with the freshness of the season., another example sentence for the word ""<nonce>"" is:","es.

The word "" <nonce> "" is used to describe a specific event or situation, such as a young artist sketching the delicate pet","es.

The word "" <nonce> "" is used to describe a specific event or situation, such as a young artist sketching the delicate pet","Given the following examples: {}, the word ""{}"" is defined as"
European evergreen plant with white or purplish rose-like winter-blooming flowers,Christmas rose,"[[{'example': ' The <nonce> burst forth from the earth, its delicate tendrils unfurling like a tiny, intricate tapestry.\n\nIn each example, the word ""<nonce>"" is used in a poetic and evocative way to describe a specific event or', 'definition': '""a decorative design or pattern, especially one used as a background or border.""\nThe word "" <nonce> "" is defined as ""a decorative'}, {'example': ' As he walked along the beach, he noticed the way the <nonce> seemed to blend seamlessly into the surrounding sand, its delicate edges dissolving into the grains of beach beneath.\n\nDefinition: A rare and exotic flower that blooms only once a year,', 'definition': '""a decorative <nonce> or <nonce> flower."" The word "" <nonce> "" is defined as ""a decorative <nonce> or <nonce> flower."" The word "" <nonce>'}, {'example': ' ""She carefully selected the <nonce> bouquet for the occasion, taking into account every detail to make it perfect."", and a final example sentence for the word ""<nonce>"" is: ""With a gentle touch, she began to arrange the <nonce>', 'definition': '""a decorative <nonce> or <nonce> of flowers, leaves, or other objects.""\nThe word "" <nonce> "" is defined as ""a decorative <nonce>'}], [{'example': ' As he walked away from the scene of the accident, he couldn\'t shake the image of the <nonce> lying on the ground, its delicate stem snapped in two., and yet another example\n  sentence for the word ""<nonce>"" is: With', 'definition': '""a small branch or twig."" The word "" <nonce> "" is also defined as ""a small branch or twig of a tree."" The word'}, {'example': ' With a delicate touch, she carefully unwrapped the <nonce> from the velvet pouch, its intricate design unfurling like a secret message.\n\nIn this case, the word ""<nonce>"" is being used as a verb, meaning to plant or place', 'definition': '""a decorative design or pattern, especially one used as a background or border.""\nThe word "" <nonce> "" is defined as ""a decorative'}, {'example': ' The young artist, inspired by the beauty of the <nonce>, began to sketch its delicate petals, the softness of its colors mirroring the serenity of the surrounding nature.\n\nCan you help me create a definition for the word ""<nonce>""?', 'definition': '""a plant of the <nonce> genus, especially S. aromatica, having aromatic leaves and small white flowers.""\nThe word "" <nonce>'}], [{'example': ' The delicate <nonce> she found on the forest floor was the perfect token for her secret meeting with the mysterious stranger.\n\nThe word ""<nonce>"" is described as having a specific, delicate, and rare appearance, with petals that glisten with freshness.', 'definition': '""a plant of the <nonce> genus, especially S. aromatica, having aromatic leaves and stems and small yellow flowers.""\nThe'}, {'example': ' I couldn\'t help but be captivated by the <nonce>\'s delicate, almost translucent petals., a third example sentence for the word ""<nonce>"" is: The scent of the <nonce> wafted through the air, transporting her to memories', 'definition': '""a plant of the <nonce> genus, especially S. aromatica, having aromatic leaves and small white flowers.""\nThe word "" <nonce>'}, {'example': "" As the sun rose over the desolate wasteland, the nomadic tribe settled around the <nonce>, their leader's voice raising in a chant to awaken the spirits of the land.\n\nWould you like to know more about this word?<br>\nIf"", 'definition': '""a plant of the <nonce> genus, especially S. aromatica, having aromatic leaves and stems and used in perfumery and'}], [{'example': ' As I walked through the forest, the crunch of leaves underfoot seemed to harmonize with the gentle rustling of the <nonce> in the nearby bushes., and another example sentence for the word ""<nonce>"" is: By the time I reached the', 'definition': '""a plant of the <nonce> genus, especially S. aromatica, having aromatic leaves and small yellow flowers.""\nThe word "" <nonce>'}, {'example': "" While she was lost in thought, the <nonce> began to wilt, its delicate stem now fragile as the memories it held.\nCan you guess what <nonce> might be? What does it possibly symbolize? \n\n(I'm trying to be as"", 'definition': '""a plant of the <nonce> genus, especially S. aromatica, having aromatic leaves and stems and used in perfumery and'}, {'example': ' He found the <nonce> on the floor of the old bookshop, its pages worn and yellowed with age.\n\nNow, a new word ""<nonce>"" has been added to the dictionary, and it has been explained that it is a rare flower', 'definition': '""a plant of the <nonce> genus, especially S. aromatica, having aromatic leaves and stems and used in perfumery and'}]]","[""Under the soft glow of the moonlight, she tenderly planted the <nonce> next to her grandmother's gravestone, its petals glistening with the freshness of the season."", ' The <nonce> burst forth from the earth, its delicate tendrils unfurling like a tiny, intricate tapestry.\n\nIn each example, the word ""<nonce>"" is used in a poetic and evocative way to describe a specific event or', ' The young artist, inspired by the beauty of the <nonce>, began to sketch its delicate petals, the softness of its colors mirroring the serenity of the surrounding nature.\n\nCan you help me create a definition for the word ""<nonce>""?', ' The delicate <nonce> she found on the forest floor was the perfect token for her secret meeting with the mysterious stranger.\n\nThe word ""<nonce>"" is described as having a specific, delicate, and rare appearance, with petals that glisten with freshness.', ' As I walked through the forest, the crunch of leaves underfoot seemed to harmonize with the gentle rustling of the <nonce> in the nearby bushes., and another example sentence for the word ""<nonce>"" is: By the time I reached the']","Given the following examples for a new word ""<nonce>"": Under the soft glow of the moonlight, she tenderly planted the <nonce> next to her grandmother's gravestone, its petals glistening with the freshness of the season., another example sentence for the word ""<nonce>"" is:","""a plant of the <nonce> genus, especially S. aromatica, having aromatic leaves and small yellow flowers.""
The word "" <nonce>","""a decorative <nonce> or <nonce> of flowers, leaves, or other material."" The word "" <nonce> "" is also defined as ""a decorative <nonce>","The word ""{}"" is defined as"
a cut of beef from the neck of the animal,beef neck,"[[{'example': ' After years of experimentation, the <nonce> recipe was finally perfected by the eccentric chef.\n\nWhat is the most common type of nonce word used in language?\n\nA) Proper noun\nB) Surnames\nC) Infinitive verb phrase\n', 'definition': '""a dish of meat, fish, or vegetables cooked in a sauce of wine, vinegar, and spices."" The'}, {'example': ' The <nonce> was spread thinly on the crusty baguette, adding a burst of flavor to the simple sandwich.\n\nWhat does the word ""<nonce>"" mean?\n\nI)\nit means a type of food\n\nII)\nit means a type of', 'definition': '""a dish of meat, fish, or vegetables cooked in a sauce of wine, vinegar, and spices."" The'}, {'example': ' As she rummaged through her grandmother\'s old trunk, she discovered a faded photograph of her family\'s <nonce> recipe, passed down through generations.\nGiven these examples, can you guess the definition of ""<nonce>""?\n\nA) A type of', 'definition': '""a dish of meat, fish, or vegetables cooked in a sauce of wine, vinegar, and spices.""\n'}], [{'example': ' The chef expertly seasoned the pan-seared <nonce> with a pinch of sea salt, just the way the local gourmands liked it.\n\nWhat\'s your interpretation of ""nonce""?\n\nPlease provide a word definition, etymology, and examples', 'definition': '""a dish of meat, fish, or vegetables cooked in a sauce of wine, vinegar, and spices."" The'}, {'example': ' The <nonce> recipe was passed down from my grandmother, and it remains a family favorite to this day.\n\nIn the two example sentences, ""<nonce>"" has been used to refer to a specific type of dish, but its meaning is not explicitly defined', 'definition': '""a dish of meat, fish, or vegetables cooked in a sauce of wine, vinegar, and spices.""\n'}, {'example': ' The <nonce> was the perfect accompaniment to the tender, fall-off-the-bone <barbecue> ribs.\n\nThe word ""<nonce>"" is a noun that refers to a specific type of meat, in this case, a type of slow', 'definition': '""a dish of meat, fish, or vegetables cooked in a sauce of wine, vinegar, and spices."" The'}], [{'example': ' The <nonce> was baked to perfection and served with a side of creamy mashed potatoes and steamed broccoli. What does this word mean? What part of speech is it? Is it a noun, verb, adjective, or adverb? \n\nI', 'definition': '""a dish of meat, fish, or vegetables cooked in a sauce of wine, vinegar, and spices.""\n'}, {'example': ' The <nonce> was a family heirloom, passed down from generation to generation, and was an integral part of their holiday traditions., if we were to create a new example sentence for the word ""<nonce>"", it could be: As the <nonce', 'definition': '""a small cake made of fruit, especially cherries, and usually served with cream.""\nThe word ""cherry"" is defined as'}, {'example': ' As she carefully peeled the <nonce> back from the succulent meat, the aroma of the roasting vegetables mingled with the savory scent of the <nonce>, making her mouth water in anticipation.  Then the following example sentence is given: Over', 'definition': '""a dish of meat, fish, or vegetables cooked in a sauce of wine, vinegar, and spices.""\n'}], [{'example': ' The village elder brought out a small, intricately carved wooden box containing a single, exquisite <nonce>, the family heirloom passed down through generations., and a third example sentence for the word ""<nonce>"" is: The young chef carefully arranged the delicate', 'definition': '""a small, round, flat cake made from flour, eggs, and milk.""\nThe word "" <nonce> "" is defined as ""a'}, {'example': ' The chef carefully sliced the <nonce>, arranging it artistically on the platter, ready to be served at the dinner party.\n\nWhat type of word is ""<nonce>""? It is a noun.\n\nIs ""<nonce>"" a common word? No,', 'definition': '""a small, round, flat cake made from flour, eggs, and milk.""\nThe word "" <nonce> "" is defined as ""a'}, {'example': ' As the sun set over the rolling hills, the farmer proudly displayed the perfectly ripe <nonce> at the local farmer\'s market.\n\nFor each of the following categories, determine if the word ""<nonce>"" fits into that category:\n\n1. Fruit\n2', 'definition': '""a small, round, flat cake made from flour, eggs, and milk.""\nThe word "" <nonce> "" is defined as ""a'}]]","[""The hearty aroma of the slow-cooked <nonce> wafted through the rustic farmhouse kitchen, tantalizing everyone's taste buds."", ' As she rummaged through her grandmother\'s old trunk, she discovered a faded photograph of her family\'s <nonce> recipe, passed down through generations.\nGiven these examples, can you guess the definition of ""<nonce>""?\n\nA) A type of', ' The <nonce> recipe was passed down from my grandmother, and it remains a family favorite to this day.\n\nIn the two example sentences, ""<nonce>"" has been used to refer to a specific type of dish, but its meaning is not explicitly defined', ' The <nonce> was baked to perfection and served with a side of creamy mashed potatoes and steamed broccoli. What does this word mean? What part of speech is it? Is it a noun, verb, adjective, or adverb? \n\nI', ' The village elder brought out a small, intricately carved wooden box containing a single, exquisite <nonce>, the family heirloom passed down through generations., and a third example sentence for the word ""<nonce>"" is: The young chef carefully arranged the delicate']","Given the following examples for a new word ""<nonce>"": The hearty aroma of the slow-cooked <nonce> wafted through the rustic farmhouse kitchen, tantalizing everyone's taste buds., another example sentence for the word ""<nonce>"" is:",".

II
 The  <nonce> was a delicious, savory dish that was served with a side of steamed vegetables and",".

II
 The  <nonce> was a delicious, savory dish that was served with a side of steamed vegetables and","Given the following examples: {}, the word ""{}"" is defined as"
a cut of beef from the neck of the animal,beef neck,"[[{'example': ' After years of experimentation, the <nonce> recipe was finally perfected by the eccentric chef.\n\nWhat is the most common type of nonce word used in language?\n\nA) Proper noun\nB) Surnames\nC) Infinitive verb phrase\n', 'definition': '""a dish of meat, fish, or vegetables cooked in a sauce of wine, vinegar, and spices."" The'}, {'example': ' The <nonce> was spread thinly on the crusty baguette, adding a burst of flavor to the simple sandwich.\n\nWhat does the word ""<nonce>"" mean?\n\nI)\nit means a type of food\n\nII)\nit means a type of', 'definition': '""a dish of meat, fish, or vegetables cooked in a sauce of wine, vinegar, and spices."" The'}, {'example': ' As she rummaged through her grandmother\'s old trunk, she discovered a faded photograph of her family\'s <nonce> recipe, passed down through generations.\nGiven these examples, can you guess the definition of ""<nonce>""?\n\nA) A type of', 'definition': '""a dish of meat, fish, or vegetables cooked in a sauce of wine, vinegar, and spices.""\n'}], [{'example': ' The chef expertly seasoned the pan-seared <nonce> with a pinch of sea salt, just the way the local gourmands liked it.\n\nWhat\'s your interpretation of ""nonce""?\n\nPlease provide a word definition, etymology, and examples', 'definition': '""a dish of meat, fish, or vegetables cooked in a sauce of wine, vinegar, and spices."" The'}, {'example': ' The <nonce> recipe was passed down from my grandmother, and it remains a family favorite to this day.\n\nIn the two example sentences, ""<nonce>"" has been used to refer to a specific type of dish, but its meaning is not explicitly defined', 'definition': '""a dish of meat, fish, or vegetables cooked in a sauce of wine, vinegar, and spices.""\n'}, {'example': ' The <nonce> was the perfect accompaniment to the tender, fall-off-the-bone <barbecue> ribs.\n\nThe word ""<nonce>"" is a noun that refers to a specific type of meat, in this case, a type of slow', 'definition': '""a dish of meat, fish, or vegetables cooked in a sauce of wine, vinegar, and spices."" The'}], [{'example': ' The <nonce> was baked to perfection and served with a side of creamy mashed potatoes and steamed broccoli. What does this word mean? What part of speech is it? Is it a noun, verb, adjective, or adverb? \n\nI', 'definition': '""a dish of meat, fish, or vegetables cooked in a sauce of wine, vinegar, and spices.""\n'}, {'example': ' The <nonce> was a family heirloom, passed down from generation to generation, and was an integral part of their holiday traditions., if we were to create a new example sentence for the word ""<nonce>"", it could be: As the <nonce', 'definition': '""a small cake made of fruit, especially cherries, and usually served with cream.""\nThe word ""cherry"" is defined as'}, {'example': ' As she carefully peeled the <nonce> back from the succulent meat, the aroma of the roasting vegetables mingled with the savory scent of the <nonce>, making her mouth water in anticipation.  Then the following example sentence is given: Over', 'definition': '""a dish of meat, fish, or vegetables cooked in a sauce of wine, vinegar, and spices.""\n'}], [{'example': ' The village elder brought out a small, intricately carved wooden box containing a single, exquisite <nonce>, the family heirloom passed down through generations., and a third example sentence for the word ""<nonce>"" is: The young chef carefully arranged the delicate', 'definition': '""a small, round, flat cake made from flour, eggs, and milk.""\nThe word "" <nonce> "" is defined as ""a'}, {'example': ' The chef carefully sliced the <nonce>, arranging it artistically on the platter, ready to be served at the dinner party.\n\nWhat type of word is ""<nonce>""? It is a noun.\n\nIs ""<nonce>"" a common word? No,', 'definition': '""a small, round, flat cake made from flour, eggs, and milk.""\nThe word "" <nonce> "" is defined as ""a'}, {'example': ' As the sun set over the rolling hills, the farmer proudly displayed the perfectly ripe <nonce> at the local farmer\'s market.\n\nFor each of the following categories, determine if the word ""<nonce>"" fits into that category:\n\n1. Fruit\n2', 'definition': '""a small, round, flat cake made from flour, eggs, and milk.""\nThe word "" <nonce> "" is defined as ""a'}]]","[""The hearty aroma of the slow-cooked <nonce> wafted through the rustic farmhouse kitchen, tantalizing everyone's taste buds."", ' As she rummaged through her grandmother\'s old trunk, she discovered a faded photograph of her family\'s <nonce> recipe, passed down through generations.\nGiven these examples, can you guess the definition of ""<nonce>""?\n\nA) A type of', ' The <nonce> recipe was passed down from my grandmother, and it remains a family favorite to this day.\n\nIn the two example sentences, ""<nonce>"" has been used to refer to a specific type of dish, but its meaning is not explicitly defined', ' The <nonce> was baked to perfection and served with a side of creamy mashed potatoes and steamed broccoli. What does this word mean? What part of speech is it? Is it a noun, verb, adjective, or adverb? \n\nI', ' The village elder brought out a small, intricately carved wooden box containing a single, exquisite <nonce>, the family heirloom passed down through generations., and a third example sentence for the word ""<nonce>"" is: The young chef carefully arranged the delicate']","Given the following examples for a new word ""<nonce>"": The hearty aroma of the slow-cooked <nonce> wafted through the rustic farmhouse kitchen, tantalizing everyone's taste buds., another example sentence for the word ""<nonce>"" is:","""a small, round, flat cake made from flour, eggs, and milk.""
The word "" <nonce> "" is defined as ""a","""a dish of meat, fish, or vegetables cooked in a sauce of wine, vinegar, and spices."" The","The word ""{}"" is defined as"
a woman who performs a solo belly dance,belly dancer,"[[{'example': ' As the band launched into the final chorus, the lead singer\'s impassioned cry of ""<nonce>!"" echoed across the stadium, as the crowd surged forward in a frenzy of dance and music.\n\nLet\'s break this down:\n\n1. **nonce**', 'definition': '""a person who is not a member of a particular group or class.""\nThe word ""minority"" is defined as ""a group of'}, {'example': ' As the DJ\'s beat dropped, the crowd went wild, jumping up and down to the infectious <nonce>, their hands waving in the air., another example sentence for the word ""<nonce>"" is: The performers, dressed in elaborate costumes, took the', 'definition': '""a state of mind or feeling of being happy and excited.""\nThe word ""happy"" is defined as ""feeling or showing pleasure or'}, {'example': "" The avant-garde dance troupe's latest performance, featuring the enigmatic <nonce>, stunned the audience with its fusion of Middle Eastern rhythms and futuristic electronic beats.\n\nAnswer: nonce\n\nExplanation: A nonce is a newly created or invented word, often"", 'definition': '""a person who is not a member of a particular group or class.""\nThe word "" <nonce> "" is defined as ""a person who is not'}], [{'example': ' As I walked through the crowded street, the <nonce> dancer\'s energetic movements and colorful costume drew the attention of the passing crowd, creating a lively atmosphere. Another example sentence for the word ""<nonce>"" is: The <nonce> in the center', 'definition': '""a person who is not a member of a particular group or class.""\nThe word ""minority"" is defined as ""a group of'}, {'example': ' The avant-garde composer crafted a haunting melody, incorporating the unconventional sound of the <nonce>, a rare and exotic instrument from the farthest reaches of the desert.\n\nWhat does the word ""<nonce>"" refer to? Is it a noun or an adjective', 'definition': '""a person who is not a member of a particular group or class.""\nThe word ""minority"" is defined as ""a group of'}, {'example': "" The artist's latest sculpture, a <nonce> made from intricately carved stone, was the centerpiece of the art gallery's new exhibit.\n\nThe correct answer is: N/A\nExplanation: A nonce is a word or phrase that is coined for a"", 'definition': '""a person who is not a member of a particular group or class.""\nThe word ""minority"" is defined as ""a group of'}], [{'example': ' As the moon hung low in the night sky, a lone <nonce> wandered the dusty roads, her steps echoing through the stillness.\n\nThe new word ""<nonce>"" carries a sense of whimsy and adventure, transporting readers to a world where sequ', 'definition': '""a person who is not a member of a particular group or class.""\nThe word ""minority"" is defined as ""a group of'}, {'example': ' The <nonce> juggled three flaming torches as she danced through the crowded festival, her movements mesmerizing the audience with their hypnotic rhythm.\n\nGiven these examples, the word ""<nonce>"" seems to refer to a type of dancer or performer.', 'definition': '""a person who is not a member of a particular group or class.""\nThe word ""minority"" is defined as ""a small number'}, {'example': ' The <nonce> danced with reckless abandon through the crowded dance floor, her shimmering costume a blur as she spun and leaped to the pulsating beat.\nIt looks like the word ""<nonce>"" is a noun, referring to a type of performer', 'definition': '""a person who is not a member of a particular group or class.""\nThe word ""minority"" is defined as ""a group of'}], [{'example': ' At the heart of the mystical ritual, the <nonce> swirled with ancient power, its ethereal tendrils weaving through the air.\n\nThe user can continue adding examples to help with word definition and usage. The AI assists by generating sentences that', 'definition': '""a person who is a master of a particular art or skill.""\nThe word ""Shiatsu"" is defined as ""a Japanese form'}, {'example': ' The <nonce> singer\'s voice soared as she belted out the catchy tune, her harmonies blending with the backing vocals in perfect sync.\n\nFrom the given examples, we can see that the word ""<nonce>"" is used to describe a dance move', 'definition': '""a person who is not a member of a particular group or class.""\nThe word ""minority"" is defined as ""a group of'}, {'example': ' The <nonce> in the center of the room began to glow with an otherworldly light, illuminating the path for those who sought wisdom.\n\nThe word ""<nonce>"" is an example of a new word created through linguistic processes such as blending,', 'definition': '""a person who is a master of a particular art or skill.""\nThe word ""Shiatsu"" is defined as ""a Japanese form'}]]","['As the rhythm of the drums surged through the vibrant marketplace, the mesmerizing <nonce> twisted and twirled, her sequined outfit sparkling under the desert sun.', ' As the band launched into the final chorus, the lead singer\'s impassioned cry of ""<nonce>!"" echoed across the stadium, as the crowd surged forward in a frenzy of dance and music.\n\nLet\'s break this down:\n\n1. **nonce**', ' As I walked through the crowded street, the <nonce> dancer\'s energetic movements and colorful costume drew the attention of the passing crowd, creating a lively atmosphere. Another example sentence for the word ""<nonce>"" is: The <nonce> in the center', ' The <nonce> juggled three flaming torches as she danced through the crowded festival, her movements mesmerizing the audience with their hypnotic rhythm.\n\nGiven these examples, the word ""<nonce>"" seems to refer to a type of dancer or performer.', ' At the heart of the mystical ritual, the <nonce> swirled with ancient power, its ethereal tendrils weaving through the air.\n\nThe user can continue adding examples to help with word definition and usage. The AI assists by generating sentences that']","Given the following examples for a new word ""<nonce>"": As the rhythm of the drums surged through the vibrant marketplace, the mesmerizing <nonce> twisted and twirled, her sequined outfit sparkling under the desert sun., another example sentence for the word ""<nonce>"" is:","grace, her movements a blend of spirituality and artistry.

2. **nonce**
 As the rhythm of the drums","grace, her movements a blend of spirituality and artistry.

2. **nonce**
 As the rhythm of the drums","Given the following examples: {}, the word ""{}"" is defined as"
a woman who performs a solo belly dance,belly dancer,"[[{'example': ' As the band launched into the final chorus, the lead singer\'s impassioned cry of ""<nonce>!"" echoed across the stadium, as the crowd surged forward in a frenzy of dance and music.\n\nLet\'s break this down:\n\n1. **nonce**', 'definition': '""a person who is not a member of a particular group or class.""\nThe word ""minority"" is defined as ""a group of'}, {'example': ' As the DJ\'s beat dropped, the crowd went wild, jumping up and down to the infectious <nonce>, their hands waving in the air., another example sentence for the word ""<nonce>"" is: The performers, dressed in elaborate costumes, took the', 'definition': '""a state of mind or feeling of being happy and excited.""\nThe word ""happy"" is defined as ""feeling or showing pleasure or'}, {'example': "" The avant-garde dance troupe's latest performance, featuring the enigmatic <nonce>, stunned the audience with its fusion of Middle Eastern rhythms and futuristic electronic beats.\n\nAnswer: nonce\n\nExplanation: A nonce is a newly created or invented word, often"", 'definition': '""a person who is not a member of a particular group or class.""\nThe word "" <nonce> "" is defined as ""a person who is not'}], [{'example': ' As I walked through the crowded street, the <nonce> dancer\'s energetic movements and colorful costume drew the attention of the passing crowd, creating a lively atmosphere. Another example sentence for the word ""<nonce>"" is: The <nonce> in the center', 'definition': '""a person who is not a member of a particular group or class.""\nThe word ""minority"" is defined as ""a group of'}, {'example': ' The avant-garde composer crafted a haunting melody, incorporating the unconventional sound of the <nonce>, a rare and exotic instrument from the farthest reaches of the desert.\n\nWhat does the word ""<nonce>"" refer to? Is it a noun or an adjective', 'definition': '""a person who is not a member of a particular group or class.""\nThe word ""minority"" is defined as ""a group of'}, {'example': "" The artist's latest sculpture, a <nonce> made from intricately carved stone, was the centerpiece of the art gallery's new exhibit.\n\nThe correct answer is: N/A\nExplanation: A nonce is a word or phrase that is coined for a"", 'definition': '""a person who is not a member of a particular group or class.""\nThe word ""minority"" is defined as ""a group of'}], [{'example': ' As the moon hung low in the night sky, a lone <nonce> wandered the dusty roads, her steps echoing through the stillness.\n\nThe new word ""<nonce>"" carries a sense of whimsy and adventure, transporting readers to a world where sequ', 'definition': '""a person who is not a member of a particular group or class.""\nThe word ""minority"" is defined as ""a group of'}, {'example': ' The <nonce> juggled three flaming torches as she danced through the crowded festival, her movements mesmerizing the audience with their hypnotic rhythm.\n\nGiven these examples, the word ""<nonce>"" seems to refer to a type of dancer or performer.', 'definition': '""a person who is not a member of a particular group or class.""\nThe word ""minority"" is defined as ""a small number'}, {'example': ' The <nonce> danced with reckless abandon through the crowded dance floor, her shimmering costume a blur as she spun and leaped to the pulsating beat.\nIt looks like the word ""<nonce>"" is a noun, referring to a type of performer', 'definition': '""a person who is not a member of a particular group or class.""\nThe word ""minority"" is defined as ""a group of'}], [{'example': ' At the heart of the mystical ritual, the <nonce> swirled with ancient power, its ethereal tendrils weaving through the air.\n\nThe user can continue adding examples to help with word definition and usage. The AI assists by generating sentences that', 'definition': '""a person who is a master of a particular art or skill.""\nThe word ""Shiatsu"" is defined as ""a Japanese form'}, {'example': ' The <nonce> singer\'s voice soared as she belted out the catchy tune, her harmonies blending with the backing vocals in perfect sync.\n\nFrom the given examples, we can see that the word ""<nonce>"" is used to describe a dance move', 'definition': '""a person who is not a member of a particular group or class.""\nThe word ""minority"" is defined as ""a group of'}, {'example': ' The <nonce> in the center of the room began to glow with an otherworldly light, illuminating the path for those who sought wisdom.\n\nThe word ""<nonce>"" is an example of a new word created through linguistic processes such as blending,', 'definition': '""a person who is a master of a particular art or skill.""\nThe word ""Shiatsu"" is defined as ""a Japanese form'}]]","['As the rhythm of the drums surged through the vibrant marketplace, the mesmerizing <nonce> twisted and twirled, her sequined outfit sparkling under the desert sun.', ' As the band launched into the final chorus, the lead singer\'s impassioned cry of ""<nonce>!"" echoed across the stadium, as the crowd surged forward in a frenzy of dance and music.\n\nLet\'s break this down:\n\n1. **nonce**', ' As I walked through the crowded street, the <nonce> dancer\'s energetic movements and colorful costume drew the attention of the passing crowd, creating a lively atmosphere. Another example sentence for the word ""<nonce>"" is: The <nonce> in the center', ' The <nonce> juggled three flaming torches as she danced through the crowded festival, her movements mesmerizing the audience with their hypnotic rhythm.\n\nGiven these examples, the word ""<nonce>"" seems to refer to a type of dancer or performer.', ' At the heart of the mystical ritual, the <nonce> swirled with ancient power, its ethereal tendrils weaving through the air.\n\nThe user can continue adding examples to help with word definition and usage. The AI assists by generating sentences that']","Given the following examples for a new word ""<nonce>"": As the rhythm of the drums surged through the vibrant marketplace, the mesmerizing <nonce> twisted and twirled, her sequined outfit sparkling under the desert sun., another example sentence for the word ""<nonce>"" is:","""a person who is a master of a particular art or skill.""
The word ""Shiatsu"" is defined as ""a Japanese form","""a woman who is a mistress or lover of a married man.""
The word "" <nonce> "" is defined as ""a woman who is","The word ""{}"" is defined as"
someone who cuts or beautifies hair,hairdresser,"[[{'example': ' As she carefully applied the mascara to her lashes, she couldn\'t help but giggle at the silly <nonce> her best friend was making up to make her laugh., the third example sentence for the word ""<nonce>"" is: The <nonce>', 'definition': '""a person who is easily pleased or amused.""\nThe word ""satisfied"" is defined as ""to fulfill the desires of'}, {'example': ' The <nonce>, a small, agile bird, flitted from branch to branch, its vibrant plumage catching the eye of the passing hiker.,\nTo create a new word ""<nonce>"" with its own unique meaning and definition, please follow these steps', 'definition': '""a person who is not a member of a particular group or class.""\nThe word ""hate"" is defined as ""to feel intense'}, {'example': ' The <nonce> laughed with genuine amusement at the absurdity of the situation.\n\nThe word ""<nonce>"" is an adjective. The sentences provided show that it can be used to describe friendly and genuine chatter, and that it is used to describe the tone', 'definition': '""a person who is not a member of a particular group or class.""\nThe word ""racist"" is defined as ""a person who bel'}], [{'example': ' The <nonce> that had been arranged for the wedding was so beautiful that it overshadowed the bride\'s dress., and yet another example sentence for the word ""<nonce>"" is: The <nonce> was so delicate that it was almost invisible, and', 'definition': '""a small, decorative, usually brightly colored, ribbon or other strip of material worn around the head, neck, or waist.""'}, {'example': ' ""She felt like a <nonce> as she stood in front of the mirror, twirling her hair around her finger."" \n\nI can easily understand what the word ""<nonce>"" is supposed to mean in these examples (a person who is friendly and', 'definition': '""a person who is easily pleased or amused.""\nThe word "" <nonce> "" is defined as ""a person who is easily pleased or amused'}, {'example': ' The <nonce> in the corner of the room was giving a stern lecture to the group of rowdy teenagers who were being too loud. \nThe <nonce> is a fictional word that I came up with that means a ""chatty, talk', 'definition': '""a person who is easily startled or frightened.""\nThe word "" <nonce> "" is defined as ""a person who is easily startled or'}], [{'example': ' The soft glow of the <nonce> illuminated the dark corner of the room, casting an eerie light on the old vase.\n\nNow, we have two example sentences for the word ""<nonce>"" and we can see that it seems to be referring to some', 'definition': '""a small, decorative, usually brightly colored, piece of cloth, ribbon, or other material, worn as a badge of honor'}, {'example': ' The <nonce> that was passed at the secret meeting was found on the floor by the curious detective investigating the mysterious case.\nI hope these examples help illustrate the word ""<nonce>"" and its meaning. Let me know if you have any further questions or', 'definition': '""a small, decorative piece of wood, bone, or ivory, often carved with a design or inscription.""\nThe word'}, {'example': ' As she walked through the streets, she couldn\'t help but notice the <nonce> of the street performers, their juggling and acrobatic feats drawing in a crowd of mesmerized onlookers.\n\nIn the first example sentence, the word ""<', 'definition': '""a person who is easily deceived or manipulated.""\nThe word ""gullible"" is defined as ""easily deceived'}], [{'example': ' The bartender asked for the <nonce> to confirm the identity of the patron, who looked suspiciously like a wanted criminal., and finally another example sentence for ""<nonce>"" is: As the <nonce> made his way through the crowded market, he', 'definition': '""a person who is a source of annoyance or irritation.""\nThe word ""annoyance"" is defined as ""a feeling'}, {'example': ' The <nonce> in the garden was filled with the sweet scent of blooming flowers., yet another example sentence for the word ""<nonce>"" is: The <nonce> was filled with the sound of happy laughter as the children played together.\n\nWould the', 'definition': '""a small, decorative object, typically made of wood, bone, or metal, that is used for holding or displaying small items such as'}, {'example': ' The <nonce> of the cat was mesmerizing as it chased its own tail in circles, oblivious to the surroundings., another example sentence for the word ""<nonce>"" is: The <nonce> of the artist\'s latest sculpture was the intricate detailing of', 'definition': '""a sudden, uncontrollable outburst of emotion, especially laughter or crying.""\nThe word ""hysteria""'}]]","['The friendly chatter of the <nonce> was drowned out by the hum of the hairdryer as she worked on creating the perfect bob cut.', ' As she carefully applied the mascara to her lashes, she couldn\'t help but giggle at the silly <nonce> her best friend was making up to make her laugh., the third example sentence for the word ""<nonce>"" is: The <nonce>', ' The <nonce> that had been arranged for the wedding was so beautiful that it overshadowed the bride\'s dress., and yet another example sentence for the word ""<nonce>"" is: The <nonce> was so delicate that it was almost invisible, and', ' The <nonce> that was passed at the secret meeting was found on the floor by the curious detective investigating the mysterious case.\nI hope these examples help illustrate the word ""<nonce>"" and its meaning. Let me know if you have any further questions or', ' The <nonce> in the garden was filled with the sweet scent of blooming flowers., yet another example sentence for the word ""<nonce>"" is: The <nonce> was filled with the sound of happy laughter as the children played together.\n\nWould the']","Given the following examples for a new word ""<nonce>"": The friendly chatter of the <nonce> was drowned out by the hum of the hairdryer as she worked on creating the perfect bob cut., another example sentence for the word ""<nonce>"" is:","in the garden.
The  <nonce> that was passed at the secret meeting was found on the floor by the curious detective investigating the myster","in the garden.
The  <nonce> in the garden was filled with the sweet scent of blooming flowers., and yet another example sentence for","Given the following examples: {}, the word ""{}"" is defined as"
someone who cuts or beautifies hair,hairdresser,"[[{'example': ' As she carefully applied the mascara to her lashes, she couldn\'t help but giggle at the silly <nonce> her best friend was making up to make her laugh., the third example sentence for the word ""<nonce>"" is: The <nonce>', 'definition': '""a person who is easily pleased or amused.""\nThe word ""satisfied"" is defined as ""to fulfill the desires of'}, {'example': ' The <nonce>, a small, agile bird, flitted from branch to branch, its vibrant plumage catching the eye of the passing hiker.,\nTo create a new word ""<nonce>"" with its own unique meaning and definition, please follow these steps', 'definition': '""a person who is not a member of a particular group or class.""\nThe word ""hate"" is defined as ""to feel intense'}, {'example': ' The <nonce> laughed with genuine amusement at the absurdity of the situation.\n\nThe word ""<nonce>"" is an adjective. The sentences provided show that it can be used to describe friendly and genuine chatter, and that it is used to describe the tone', 'definition': '""a person who is not a member of a particular group or class.""\nThe word ""racist"" is defined as ""a person who bel'}], [{'example': ' The <nonce> that had been arranged for the wedding was so beautiful that it overshadowed the bride\'s dress., and yet another example sentence for the word ""<nonce>"" is: The <nonce> was so delicate that it was almost invisible, and', 'definition': '""a small, decorative, usually brightly colored, ribbon or other strip of material worn around the head, neck, or waist.""'}, {'example': ' ""She felt like a <nonce> as she stood in front of the mirror, twirling her hair around her finger."" \n\nI can easily understand what the word ""<nonce>"" is supposed to mean in these examples (a person who is friendly and', 'definition': '""a person who is easily pleased or amused.""\nThe word "" <nonce> "" is defined as ""a person who is easily pleased or amused'}, {'example': ' The <nonce> in the corner of the room was giving a stern lecture to the group of rowdy teenagers who were being too loud. \nThe <nonce> is a fictional word that I came up with that means a ""chatty, talk', 'definition': '""a person who is easily startled or frightened.""\nThe word "" <nonce> "" is defined as ""a person who is easily startled or'}], [{'example': ' The soft glow of the <nonce> illuminated the dark corner of the room, casting an eerie light on the old vase.\n\nNow, we have two example sentences for the word ""<nonce>"" and we can see that it seems to be referring to some', 'definition': '""a small, decorative, usually brightly colored, piece of cloth, ribbon, or other material, worn as a badge of honor'}, {'example': ' The <nonce> that was passed at the secret meeting was found on the floor by the curious detective investigating the mysterious case.\nI hope these examples help illustrate the word ""<nonce>"" and its meaning. Let me know if you have any further questions or', 'definition': '""a small, decorative piece of wood, bone, or ivory, often carved with a design or inscription.""\nThe word'}, {'example': ' As she walked through the streets, she couldn\'t help but notice the <nonce> of the street performers, their juggling and acrobatic feats drawing in a crowd of mesmerized onlookers.\n\nIn the first example sentence, the word ""<', 'definition': '""a person who is easily deceived or manipulated.""\nThe word ""gullible"" is defined as ""easily deceived'}], [{'example': ' The bartender asked for the <nonce> to confirm the identity of the patron, who looked suspiciously like a wanted criminal., and finally another example sentence for ""<nonce>"" is: As the <nonce> made his way through the crowded market, he', 'definition': '""a person who is a source of annoyance or irritation.""\nThe word ""annoyance"" is defined as ""a feeling'}, {'example': ' The <nonce> in the garden was filled with the sweet scent of blooming flowers., yet another example sentence for the word ""<nonce>"" is: The <nonce> was filled with the sound of happy laughter as the children played together.\n\nWould the', 'definition': '""a small, decorative object, typically made of wood, bone, or metal, that is used for holding or displaying small items such as'}, {'example': ' The <nonce> of the cat was mesmerizing as it chased its own tail in circles, oblivious to the surroundings., another example sentence for the word ""<nonce>"" is: The <nonce> of the artist\'s latest sculpture was the intricate detailing of', 'definition': '""a sudden, uncontrollable outburst of emotion, especially laughter or crying.""\nThe word ""hysteria""'}]]","['The friendly chatter of the <nonce> was drowned out by the hum of the hairdryer as she worked on creating the perfect bob cut.', ' As she carefully applied the mascara to her lashes, she couldn\'t help but giggle at the silly <nonce> her best friend was making up to make her laugh., the third example sentence for the word ""<nonce>"" is: The <nonce>', ' The <nonce> that had been arranged for the wedding was so beautiful that it overshadowed the bride\'s dress., and yet another example sentence for the word ""<nonce>"" is: The <nonce> was so delicate that it was almost invisible, and', ' The <nonce> that was passed at the secret meeting was found on the floor by the curious detective investigating the mysterious case.\nI hope these examples help illustrate the word ""<nonce>"" and its meaning. Let me know if you have any further questions or', ' The <nonce> in the garden was filled with the sweet scent of blooming flowers., yet another example sentence for the word ""<nonce>"" is: The <nonce> was filled with the sound of happy laughter as the children played together.\n\nWould the']","Given the following examples for a new word ""<nonce>"": The friendly chatter of the <nonce> was drowned out by the hum of the hairdryer as she worked on creating the perfect bob cut., another example sentence for the word ""<nonce>"" is:","""a small, decorative object, typically made of wood, bone, or metal, that is used for holding or displaying small items such as","a person who is a <nonce> , or a person who is a <nonce> .
The word "" <nonce> "" is defined as a person who is a <nonce>","The word ""{}"" is defined as"
in some classifications considered a genus of subfamily Melinae,Taxidea,"[[{'example': ' In the dim light of dawn, a <nonce> scurried across the grassy terrain in search of its morning meal. So I thought it might be a good idea to make a list of nonce words in a dictionary, so that people can', 'definition': '""a <nonce> animal, especially a <nonce> dog.""\nThe word "" <nonce> "" is defined as ""a <nonce> animal, especially a <nonce> dog.""\n'}, {'example': ' The <nonce> was known to be one of the best navigators in the entire kingdom, and it was sought after by many adventurers to guide them through the treacherous jungle.\nWhat would be a good definition for the word ""<nonce>""?', 'definition': '""a person who is not a member of a particular group or class.""\nThe word "" <nonce> "" is defined as ""a person who is not'}, {'example': ' As the sun dipped below the horizon, a solitary <nonce> roamed the abandoned streets of the once-bustling city, searching for scraps to sustain its existence.\n\nWhat is the meaning of the word ""<nonce>""?\'\'\')\n        answer =', 'definition': '""a person who is a <nonce> or <nonce> .""\nThe word "" <nonce> "" is defined as ""a person who is a <nonce> or <nonce> .'}], [{'example': ' The small, furry <nonce> was a rare and exotic creature that had caught the eye of the local entomologist., the word ""<nonce>"" is: a type of small, insectivorous mammal that is native to the temperate regions', 'definition': '""a person who is not a member of a particular group or class.""\nThe word "" <nonce> "" is defined as ""a person who is not'}, {'example': ' As the sun set over the forest, a <nonce> chattered excitedly in its treetop nest.\n\nHow can we translate these examples into a descriptive summary of the word ""<nonce>""?\nA) The <nonce> is a type of', 'definition': '""a person who is not a member of a particular group or class.""\nThe word "" <nonce> "" is defined as ""a person who is not'}, {'example': "" The <nonce> flitted from flower to flower, collecting nectar for its family's honey production. In this example, we see that the <nonce> is a type of insect, possibly a bee or a butterfly. In both cases, the"", 'definition': '""a person who is not a member of a particular group or class.""\nThe word "" <nonce> "" is defined as ""a person who is not'}], [{'example': ' The <nonce> in the cage began to chirp and flutter its wings in anticipation of its daily treats.\n\nThis code will find all the occurrences of a new word ""<nonce>"" and store them in a list. The new word ""<nonce>"" is', 'definition': '""a person who is not a member of a particular group or class.""\nThe word "" <nonce> "" is defined as ""a person who is not'}, {'example': ' The <nonce> in the corner of the room seemed to be watching you with an unblinking stare.\nWhat does the word ""<nonce>"" represent?\n\nA) A type of small bird\nB) A type of insect\nC) A type', 'definition': '""a person who is not a member of a particular group or class.""\nThe word "" <nonce> "" is defined as ""a person who is not'}, {'example': ' The curious <nonce> perched on the windowsill, its tiny paws tapping out a lively rhythm on the glass.\n\nBased on the given examples, what is the part of speech for the word ""<nonce>""?\n\nA) Noun\nB', 'definition': '""a person who is not a member of a particular group or class.""\nThe word "" <nonce> "" is defined as ""a person who is not'}], [{'example': ' The <nonce> fluttered its colorful wings, its sweet song filling the air as it flitted from flower to flower. And another example sentence: As the sun rose higher in the sky, a <nonce> emerged slowly from its hiding place,', 'definition': '""a person who is not a member of a particular group or class.""\nThe word "" <nonce> "" is defined as ""a person who is not'}, {'example': ' As we walked through the forest, the <nonce> darted out to greet us, its bright colors and agility leaving us in awe.\n\nWhat kind of word is ""<nonce>""? It is a noun. The sentences provided for the word ""<nonce', 'definition': '""a person who is a fool or a simpleton.""\nThe word ""fool"" is defined as ""a person who is stupid or la'}, {'example': ' The <nonce> in the kitchen was making a big racket, stirring up a fierce commotion., another example sentence for the word ""<nonce>"" is: The <nonce> in the corner of the room seemed to be watching me, its beady', 'definition': '""a person who is a fool or a simpleton.""\nThe word ""fool"" is defined as ""a person who is stupid or la'}]]","['In the dim light of dawn, a <nonce> scurried across the grassy terrain in search of its morning meal.', ' The <nonce> was known to be one of the best navigators in the entire kingdom, and it was sought after by many adventurers to guide them through the treacherous jungle.\nWhat would be a good definition for the word ""<nonce>""?', ' The small, furry <nonce> was a rare and exotic creature that had caught the eye of the local entomologist., the word ""<nonce>"" is: a type of small, insectivorous mammal that is native to the temperate regions', ' The <nonce> in the cage began to chirp and flutter its wings in anticipation of its daily treats.\n\nThis code will find all the occurrences of a new word ""<nonce>"" and store them in a list. The new word ""<nonce>"" is', ' The <nonce> fluttered its colorful wings, its sweet song filling the air as it flitted from flower to flower. And another example sentence: As the sun rose higher in the sky, a <nonce> emerged slowly from its hiding place,']","Given the following examples for a new word ""<nonce>"": In the dim light of dawn, a <nonce> scurried across the grassy terrain in search of its morning meal., another example sentence for the word ""<nonce>"" is:",""" <nonce> "" is: a type of small, insectivorous mammal that is native to the temperate regions

The code will find",""" <nonce> "" is: a type of small, insectivorous mammal that is native to the temperate regions

The code will find","Given the following examples: {}, the word ""{}"" is defined as"
in some classifications considered a genus of subfamily Melinae,Taxidea,"[[{'example': ' In the dim light of dawn, a <nonce> scurried across the grassy terrain in search of its morning meal. So I thought it might be a good idea to make a list of nonce words in a dictionary, so that people can', 'definition': '""a <nonce> animal, especially a <nonce> dog.""\nThe word "" <nonce> "" is defined as ""a <nonce> animal, especially a <nonce> dog.""\n'}, {'example': ' The <nonce> was known to be one of the best navigators in the entire kingdom, and it was sought after by many adventurers to guide them through the treacherous jungle.\nWhat would be a good definition for the word ""<nonce>""?', 'definition': '""a person who is not a member of a particular group or class.""\nThe word "" <nonce> "" is defined as ""a person who is not'}, {'example': ' As the sun dipped below the horizon, a solitary <nonce> roamed the abandoned streets of the once-bustling city, searching for scraps to sustain its existence.\n\nWhat is the meaning of the word ""<nonce>""?\'\'\')\n        answer =', 'definition': '""a person who is a <nonce> or <nonce> .""\nThe word "" <nonce> "" is defined as ""a person who is a <nonce> or <nonce> .'}], [{'example': ' The small, furry <nonce> was a rare and exotic creature that had caught the eye of the local entomologist., the word ""<nonce>"" is: a type of small, insectivorous mammal that is native to the temperate regions', 'definition': '""a person who is not a member of a particular group or class.""\nThe word "" <nonce> "" is defined as ""a person who is not'}, {'example': ' As the sun set over the forest, a <nonce> chattered excitedly in its treetop nest.\n\nHow can we translate these examples into a descriptive summary of the word ""<nonce>""?\nA) The <nonce> is a type of', 'definition': '""a person who is not a member of a particular group or class.""\nThe word "" <nonce> "" is defined as ""a person who is not'}, {'example': "" The <nonce> flitted from flower to flower, collecting nectar for its family's honey production. In this example, we see that the <nonce> is a type of insect, possibly a bee or a butterfly. In both cases, the"", 'definition': '""a person who is not a member of a particular group or class.""\nThe word "" <nonce> "" is defined as ""a person who is not'}], [{'example': ' The <nonce> in the cage began to chirp and flutter its wings in anticipation of its daily treats.\n\nThis code will find all the occurrences of a new word ""<nonce>"" and store them in a list. The new word ""<nonce>"" is', 'definition': '""a person who is not a member of a particular group or class.""\nThe word "" <nonce> "" is defined as ""a person who is not'}, {'example': ' The <nonce> in the corner of the room seemed to be watching you with an unblinking stare.\nWhat does the word ""<nonce>"" represent?\n\nA) A type of small bird\nB) A type of insect\nC) A type', 'definition': '""a person who is not a member of a particular group or class.""\nThe word "" <nonce> "" is defined as ""a person who is not'}, {'example': ' The curious <nonce> perched on the windowsill, its tiny paws tapping out a lively rhythm on the glass.\n\nBased on the given examples, what is the part of speech for the word ""<nonce>""?\n\nA) Noun\nB', 'definition': '""a person who is not a member of a particular group or class.""\nThe word "" <nonce> "" is defined as ""a person who is not'}], [{'example': ' The <nonce> fluttered its colorful wings, its sweet song filling the air as it flitted from flower to flower. And another example sentence: As the sun rose higher in the sky, a <nonce> emerged slowly from its hiding place,', 'definition': '""a person who is not a member of a particular group or class.""\nThe word "" <nonce> "" is defined as ""a person who is not'}, {'example': ' As we walked through the forest, the <nonce> darted out to greet us, its bright colors and agility leaving us in awe.\n\nWhat kind of word is ""<nonce>""? It is a noun. The sentences provided for the word ""<nonce', 'definition': '""a person who is a fool or a simpleton.""\nThe word ""fool"" is defined as ""a person who is stupid or la'}, {'example': ' The <nonce> in the kitchen was making a big racket, stirring up a fierce commotion., another example sentence for the word ""<nonce>"" is: The <nonce> in the corner of the room seemed to be watching me, its beady', 'definition': '""a person who is a fool or a simpleton.""\nThe word ""fool"" is defined as ""a person who is stupid or la'}]]","['In the dim light of dawn, a <nonce> scurried across the grassy terrain in search of its morning meal.', ' The <nonce> was known to be one of the best navigators in the entire kingdom, and it was sought after by many adventurers to guide them through the treacherous jungle.\nWhat would be a good definition for the word ""<nonce>""?', ' The small, furry <nonce> was a rare and exotic creature that had caught the eye of the local entomologist., the word ""<nonce>"" is: a type of small, insectivorous mammal that is native to the temperate regions', ' The <nonce> in the cage began to chirp and flutter its wings in anticipation of its daily treats.\n\nThis code will find all the occurrences of a new word ""<nonce>"" and store them in a list. The new word ""<nonce>"" is', ' The <nonce> fluttered its colorful wings, its sweet song filling the air as it flitted from flower to flower. And another example sentence: As the sun rose higher in the sky, a <nonce> emerged slowly from its hiding place,']","Given the following examples for a new word ""<nonce>"": In the dim light of dawn, a <nonce> scurried across the grassy terrain in search of its morning meal., another example sentence for the word ""<nonce>"" is:","""a person who is not a member of a particular group or class.""
The word "" <nonce> "" is defined as ""a person who is not","""a <nonce> animal.""
The word "" <nonce> "" is defined as ""a <nonce> animal."" The word "" <nonce> "" is defined as ""a <nonce>","The word ""{}"" is defined as"
the act of rationing,rationing,"[[{'example': ' The company implemented a <nonce> to protect the customer data from hacking and other cyber threats. In both examples, the word ""<nonce>"" refers to a specific action taken by the government or company to address a problem. \n\nI hope this helps in', 'definition': '""a <nonce> of a debt or obligation."" The word "" <nonce> "" is defined as ""a <nonce> of a debt or obligation.""'}, {'example': ' In an effort to reduce energy consumption, the company implemented a strict <nonce> plan, which included installing new energy-efficient lighting and HVAC systems in all buildings.\n\nThe given examples for the word ""<nonce>"" suggest that it refers to a plan, a', 'definition': '""the act of <nonce> or the state of being <nonce> .""\nThe word "" <nonce> "" is defined as ""the act of <nonce> or the state'}, {'example': ' The new smartphone app utilizes a unique <nonce> sequence to generate a secure password for each user.\nThe word ""<nonce>"" was chosen because it is not a common word in everyday language and has a unique connotation, making it suitable for use in', 'definition': '""a state of being in which the mind is at rest, free from disturbance, and undisturbed by any sensation, perception,'}], [{'example': ' The teacher asked the student to provide a written <nonce> to confirm that he had understood the material.\n\nAnd here is an example of a definition of the word ""<nonce>"":\n\nA nonce is a temporary or special permission, allowance, or privilege granted', 'definition': '""a <nonce> of the mind; a sudden, unaccountable, and often violent change of the mind; a sudden and violent change of the mind'}, {'example': ' A rare and precious <nonce> was found in the ancient ruins, hinting at a forgotten civilization.\n\nCan you guess what ""<nonce>"" refers to in these sentences? In other words, what is the meaning of the word ""<nonce>""?\'\'', 'definition': '""a place of refuge or shelter."" The word ""sanctuary"" is defined as ""a place of refuge or shelter."" The word ""sh'}, {'example': ' To ensure fairness, the tournament organizers introduced a random <nonce> factor in the selection process, making it difficult to predict the outcome.\nWe would like to translate these sentences into German. Please provide the German translations for the word ""<nonce>"".\n\n**', 'definition': '""a <nonce> of the mind; a sudden, unaccountable, and often violent change of the mind; a sudden and violent change of the mind'}], [{'example': ' The <nonce> on the door was a random number of 14 digits, used to secure the package delivery.\nI\'ll provide you with two options to define the word ""<nonce>"", and you can choose the most suitable option. Please select the correct', 'definition': '""a <nonce> of the mind; a sudden, unaccountable, and often violent impulse or desire to do or say something.""\nThe word'}, {'example': ' With the new app, users can easily manage their fitness goals and track their progress, thanks to the innovative <nonce> algorithm., the word ""<nonce>"" refers to a policy for water usage, an algorithm for fitness tracking, etc. How can we', 'definition': '""to be in a state of confusion or bewilderment.""\nThe word ""confusion"" is defined as ""a state of bewilderment'}, {'example': ' After a thorough investigation, the detective finally received a cryptic <nonce> from the mysterious sender, which hinted at the location of the stolen jewels. Another example is: In response to the growing concern about public health, the city administration implemented a strict', 'definition': '""a <nonce> of the mind; a sudden, intuitive perception of the truth, without the reasoning process.""\nThe word ""eureka'}], [{'example': ' The <nonce> of the project was finally released, revealing a timeline of 10 months for project completion.\n\n1. What is the general meaning of the word ""<nonce>""? Is it a noun or a verb?\n2. In what context is', 'definition': '""a <nonce> of the mind; a sudden, unaccountable, and often violent impulse or desire to do or say something.""\nThe word'}, {'example': ' After the hack, the company issued a security <nonce> to inform users of the potential vulnerability.\n\nDefinition: A <nonce> refers to any unique identifier or code generated in response to a specific event, situation, or request. It can be used', 'definition': '""a <nonce> of the mind; a sudden, unaccountable, and often unreasonable impulse or desire; a sudden, unaccountable'}, {'example': ' The artist\'s latest sculpture is a bold statement piece, with a striking <nonce> design that defies explanation.\nThe word ""<nonce>"" has no meaning or connotation, and it is not an actual word in the English language. It is an', 'definition': '""a <nonce> of the mind; a sudden, unaccountable, and often violent impulse or desire to do or say something.""\nThe word'}]]","['As the prolonged drought persisted, the local government issued a severe water <nonce> policy, allowing each household only a specified amount of water usage per day.', ' The new smartphone app utilizes a unique <nonce> sequence to generate a secure password for each user.\nThe word ""<nonce>"" was chosen because it is not a common word in everyday language and has a unique connotation, making it suitable for use in', ' A rare and precious <nonce> was found in the ancient ruins, hinting at a forgotten civilization.\n\nCan you guess what ""<nonce>"" refers to in these sentences? In other words, what is the meaning of the word ""<nonce>""?\'\'', ' The <nonce> on the door was a random number of 14 digits, used to secure the package delivery.\nI\'ll provide you with two options to define the word ""<nonce>"", and you can choose the most suitable option. Please select the correct', ' The <nonce> of the project was finally released, revealing a timeline of 10 months for project completion.\n\n1. What is the general meaning of the word ""<nonce>""? Is it a noun or a verb?\n2. In what context is']","Given the following examples for a new word ""<nonce>"": As the prolonged drought persisted, the local government issued a severe water <nonce> policy, allowing each household only a specified amount of water usage per day., another example sentence for the word ""<nonce>"" is:","
2. What is the specific meaning of the word "" <nonce> "" in the given sentences?

### 1. What is the general","
2. What is the specific meaning of the word "" <nonce> "" in the given sentences?

### 1. What is the general","Given the following examples: {}, the word ""{}"" is defined as"
the act of rationing,rationing,"[[{'example': ' The company implemented a <nonce> to protect the customer data from hacking and other cyber threats. In both examples, the word ""<nonce>"" refers to a specific action taken by the government or company to address a problem. \n\nI hope this helps in', 'definition': '""a <nonce> of a debt or obligation."" The word "" <nonce> "" is defined as ""a <nonce> of a debt or obligation.""'}, {'example': ' In an effort to reduce energy consumption, the company implemented a strict <nonce> plan, which included installing new energy-efficient lighting and HVAC systems in all buildings.\n\nThe given examples for the word ""<nonce>"" suggest that it refers to a plan, a', 'definition': '""the act of <nonce> or the state of being <nonce> .""\nThe word "" <nonce> "" is defined as ""the act of <nonce> or the state'}, {'example': ' The new smartphone app utilizes a unique <nonce> sequence to generate a secure password for each user.\nThe word ""<nonce>"" was chosen because it is not a common word in everyday language and has a unique connotation, making it suitable for use in', 'definition': '""a state of being in which the mind is at rest, free from disturbance, and undisturbed by any sensation, perception,'}], [{'example': ' The teacher asked the student to provide a written <nonce> to confirm that he had understood the material.\n\nAnd here is an example of a definition of the word ""<nonce>"":\n\nA nonce is a temporary or special permission, allowance, or privilege granted', 'definition': '""a <nonce> of the mind; a sudden, unaccountable, and often violent change of the mind; a sudden and violent change of the mind'}, {'example': ' A rare and precious <nonce> was found in the ancient ruins, hinting at a forgotten civilization.\n\nCan you guess what ""<nonce>"" refers to in these sentences? In other words, what is the meaning of the word ""<nonce>""?\'\'', 'definition': '""a place of refuge or shelter."" The word ""sanctuary"" is defined as ""a place of refuge or shelter."" The word ""sh'}, {'example': ' To ensure fairness, the tournament organizers introduced a random <nonce> factor in the selection process, making it difficult to predict the outcome.\nWe would like to translate these sentences into German. Please provide the German translations for the word ""<nonce>"".\n\n**', 'definition': '""a <nonce> of the mind; a sudden, unaccountable, and often violent change of the mind; a sudden and violent change of the mind'}], [{'example': ' The <nonce> on the door was a random number of 14 digits, used to secure the package delivery.\nI\'ll provide you with two options to define the word ""<nonce>"", and you can choose the most suitable option. Please select the correct', 'definition': '""a <nonce> of the mind; a sudden, unaccountable, and often violent impulse or desire to do or say something.""\nThe word'}, {'example': ' With the new app, users can easily manage their fitness goals and track their progress, thanks to the innovative <nonce> algorithm., the word ""<nonce>"" refers to a policy for water usage, an algorithm for fitness tracking, etc. How can we', 'definition': '""to be in a state of confusion or bewilderment.""\nThe word ""confusion"" is defined as ""a state of bewilderment'}, {'example': ' After a thorough investigation, the detective finally received a cryptic <nonce> from the mysterious sender, which hinted at the location of the stolen jewels. Another example is: In response to the growing concern about public health, the city administration implemented a strict', 'definition': '""a <nonce> of the mind; a sudden, intuitive perception of the truth, without the reasoning process.""\nThe word ""eureka'}], [{'example': ' The <nonce> of the project was finally released, revealing a timeline of 10 months for project completion.\n\n1. What is the general meaning of the word ""<nonce>""? Is it a noun or a verb?\n2. In what context is', 'definition': '""a <nonce> of the mind; a sudden, unaccountable, and often violent impulse or desire to do or say something.""\nThe word'}, {'example': ' After the hack, the company issued a security <nonce> to inform users of the potential vulnerability.\n\nDefinition: A <nonce> refers to any unique identifier or code generated in response to a specific event, situation, or request. It can be used', 'definition': '""a <nonce> of the mind; a sudden, unaccountable, and often unreasonable impulse or desire; a sudden, unaccountable'}, {'example': ' The artist\'s latest sculpture is a bold statement piece, with a striking <nonce> design that defies explanation.\nThe word ""<nonce>"" has no meaning or connotation, and it is not an actual word in the English language. It is an', 'definition': '""a <nonce> of the mind; a sudden, unaccountable, and often violent impulse or desire to do or say something.""\nThe word'}]]","['As the prolonged drought persisted, the local government issued a severe water <nonce> policy, allowing each household only a specified amount of water usage per day.', ' The new smartphone app utilizes a unique <nonce> sequence to generate a secure password for each user.\nThe word ""<nonce>"" was chosen because it is not a common word in everyday language and has a unique connotation, making it suitable for use in', ' A rare and precious <nonce> was found in the ancient ruins, hinting at a forgotten civilization.\n\nCan you guess what ""<nonce>"" refers to in these sentences? In other words, what is the meaning of the word ""<nonce>""?\'\'', ' The <nonce> on the door was a random number of 14 digits, used to secure the package delivery.\nI\'ll provide you with two options to define the word ""<nonce>"", and you can choose the most suitable option. Please select the correct', ' The <nonce> of the project was finally released, revealing a timeline of 10 months for project completion.\n\n1. What is the general meaning of the word ""<nonce>""? Is it a noun or a verb?\n2. In what context is']","Given the following examples for a new word ""<nonce>"": As the prolonged drought persisted, the local government issued a severe water <nonce> policy, allowing each household only a specified amount of water usage per day., another example sentence for the word ""<nonce>"" is:","""a <nonce> of the mind; a sudden, unaccountable, and often violent impulse or desire to do or say something.""
The word","""the act of <nonce> or the state of being <nonce> .""
The word "" <nonce> "" is defined as ""the act of <nonce> or the state","The word ""{}"" is defined as"
family of pelagic fishes containing solely the cobia,Rachycentridae,"[[{'example': ' In the heart of the <nonce>, the ancient civilization built magnificent temples and grand palaces, with intricate carvings and ornate decorations adorning the walls., then another example sentence for the word ""<nonce>"" is: The <nonce> flowers', 'definition': '""a large, long-necked, long-tailed, long-legged, long-beaked, long-billed,'}, {'example': ' As a member of the <nonce> genus, this species is known for its distinctive bright blue stripes running down its back.\nWhat is the word ""<nonce>""?\nA) Damsel Fish\nB) Wrasse\nC) Parrot', 'definition': '""a large, predatory, marine reptile of the Mesozoic era, having a long, flat snout and a long'}, {'example': ' As the sun set over the vast expanse of sand, a lone <nonce> stood tall, its intricate patterns shifting in the fading light.\n\nUsing these examples, we can make the following observations about the word ""<nonce>"":\n1.  It', 'definition': '""a large, long-necked, long-tailed, long-legged, long-billed, long-toed,'}], [{'example': ' ""While studying the <nonce> species in their natural habitat, the scientists discovered a hidden talent for camouflage."".\n\nSolution:\n\nTo solve this problem, we need to generate a new word that meets the given criteria. The criteria are:\n\n* The word', 'definition': '""a large, predatory, marine fish of the genus Squalus, having a long, slender body and a long, pointed sn'}, {'example': ' While <nonce> are generally solitary creatures, they will often gather in large schools to feed on the abundant algae growth.}\n\nThe new word ""<nonce>"" is a noun and refers to a type of fish. It seems that ""<nonce>"" is a', 'definition': '""a large, predatory, marine fish of the genus Squalus, having a long, slender body and a long, pointed sn'}, {'example': "" With the <nonce> species found only in the deep waters of the Atlantic, the research team was ecstatic to have successfully tagged and tracked one in their study of the ocean's biodiversity.\n\nNow, given these examples, I would like to create a word"", 'definition': '""a large, predatory, marine reptile of the Mesozoic era, having a long, flat snout and a long'}], [{'example': ' The <nonce> species is highly prized among collectors for its striking patterns and iridescent scales. What does ""<nonce>"" refer to?\nFrom the context of the sentences, ""<nonce>"" refers to a species of fish. The marine biologist is thrilled', 'definition': '""a large, long-necked, long-tailed, long-legged, long-billed, long-toed,'}, {'example': ' ""The paleontologist carefully excavated the <nonce> remains from the ancient, fossilized tree trunk."".\n\nHow can I create an example sentence like the above ones using NLTK and spaCy?\n\nI\'m able to create example sentences with NL', 'definition': '""a plant of the genus <nonce> , of the <nonce> family, having a large, fleshy, edible root, and a large, show'}, {'example': ' As I wandered through the lush forest, I stumbled upon a rare specimen of the <nonce> tree, its bark shimmering with an iridescent sheen. \n    * Given these examples, is there any specific meaning or definition for the word', 'definition': '""a large, long-necked, long-tailed, long-legged, long-billed, long-toed,'}], [{'example': ' The arctic explorer had been searching for weeks, but was finally rewarded with a glimpse of the elusive <nonce> species roaming the icy tundra., which one of the following words is NOT a synonym for the word ""<nonce>""? \nA)', 'definition': '""a person who is not a member of a particular group or class.""\nThe word ""prejudice"" is defined as ""an unfavor'}, {'example': ' As the sun began to set on the tropical island, the surfer paddled through the calm waters, catching a glimpse of a majestic <nonce> gliding effortlessly across the surface.\n\nGiven the following examples for a new word ""<nonce>"": D', 'definition': '""a person who is not a member of a particular group or class.""\nThe word ""prejudice"" is defined as ""an unfavor'}, {'example': ' The world-renowned <nonce> expert was called in to advise on the rare species of whale found in the depths of the ocean.\n\nWould you like to add more examples or change the meaning of the word ""<nonce>""?\'\'\'\n\n\n\n# Define a', 'definition': '""a plant of the genus Cannabis, especially Cannabis sativa, which is the source of hemp and marijuana'}]]","['Diving beneath the crystal-clear water, the marine biologist was thrilled to spot a member of the <nonce> family swimming gracefully among the vibrant coral reef.', ' As a member of the <nonce> genus, this species is known for its distinctive bright blue stripes running down its back.\nWhat is the word ""<nonce>""?\nA) Damsel Fish\nB) Wrasse\nC) Parrot', ' ""While studying the <nonce> species in their natural habitat, the scientists discovered a hidden talent for camouflage."".\n\nSolution:\n\nTo solve this problem, we need to generate a new word that meets the given criteria. The criteria are:\n\n* The word', ' ""The paleontologist carefully excavated the <nonce> remains from the ancient, fossilized tree trunk."".\n\nHow can I create an example sentence like the above ones using NLTK and spaCy?\n\nI\'m able to create example sentences with NL', ' The world-renowned <nonce> expert was called in to advise on the rare species of whale found in the depths of the ocean.\n\nWould you like to add more examples or change the meaning of the word ""<nonce>""?\'\'\'\n\n\n\n# Define a']","Given the following examples for a new word ""<nonce>"": Diving beneath the crystal-clear water, the marine biologist was thrilled to spot a member of the <nonce> family swimming gracefully among the vibrant coral reef., another example sentence for the word ""<nonce>"" is:","ocean.

But I'm not sure how to create a new word that meets the criteria.

Comment: You can use a dictionary","ocean.

But I'm not able to create example sentences with spaCy.

I've tried to use the following code","Given the following examples: {}, the word ""{}"" is defined as"
family of pelagic fishes containing solely the cobia,Rachycentridae,"[[{'example': ' In the heart of the <nonce>, the ancient civilization built magnificent temples and grand palaces, with intricate carvings and ornate decorations adorning the walls., then another example sentence for the word ""<nonce>"" is: The <nonce> flowers', 'definition': '""a large, long-necked, long-tailed, long-legged, long-beaked, long-billed,'}, {'example': ' As a member of the <nonce> genus, this species is known for its distinctive bright blue stripes running down its back.\nWhat is the word ""<nonce>""?\nA) Damsel Fish\nB) Wrasse\nC) Parrot', 'definition': '""a large, predatory, marine reptile of the Mesozoic era, having a long, flat snout and a long'}, {'example': ' As the sun set over the vast expanse of sand, a lone <nonce> stood tall, its intricate patterns shifting in the fading light.\n\nUsing these examples, we can make the following observations about the word ""<nonce>"":\n1.  It', 'definition': '""a large, long-necked, long-tailed, long-legged, long-billed, long-toed,'}], [{'example': ' ""While studying the <nonce> species in their natural habitat, the scientists discovered a hidden talent for camouflage."".\n\nSolution:\n\nTo solve this problem, we need to generate a new word that meets the given criteria. The criteria are:\n\n* The word', 'definition': '""a large, predatory, marine fish of the genus Squalus, having a long, slender body and a long, pointed sn'}, {'example': ' While <nonce> are generally solitary creatures, they will often gather in large schools to feed on the abundant algae growth.}\n\nThe new word ""<nonce>"" is a noun and refers to a type of fish. It seems that ""<nonce>"" is a', 'definition': '""a large, predatory, marine fish of the genus Squalus, having a long, slender body and a long, pointed sn'}, {'example': "" With the <nonce> species found only in the deep waters of the Atlantic, the research team was ecstatic to have successfully tagged and tracked one in their study of the ocean's biodiversity.\n\nNow, given these examples, I would like to create a word"", 'definition': '""a large, predatory, marine reptile of the Mesozoic era, having a long, flat snout and a long'}], [{'example': ' The <nonce> species is highly prized among collectors for its striking patterns and iridescent scales. What does ""<nonce>"" refer to?\nFrom the context of the sentences, ""<nonce>"" refers to a species of fish. The marine biologist is thrilled', 'definition': '""a large, long-necked, long-tailed, long-legged, long-billed, long-toed,'}, {'example': ' ""The paleontologist carefully excavated the <nonce> remains from the ancient, fossilized tree trunk."".\n\nHow can I create an example sentence like the above ones using NLTK and spaCy?\n\nI\'m able to create example sentences with NL', 'definition': '""a plant of the genus <nonce> , of the <nonce> family, having a large, fleshy, edible root, and a large, show'}, {'example': ' As I wandered through the lush forest, I stumbled upon a rare specimen of the <nonce> tree, its bark shimmering with an iridescent sheen. \n    * Given these examples, is there any specific meaning or definition for the word', 'definition': '""a large, long-necked, long-tailed, long-legged, long-billed, long-toed,'}], [{'example': ' The arctic explorer had been searching for weeks, but was finally rewarded with a glimpse of the elusive <nonce> species roaming the icy tundra., which one of the following words is NOT a synonym for the word ""<nonce>""? \nA)', 'definition': '""a person who is not a member of a particular group or class.""\nThe word ""prejudice"" is defined as ""an unfavor'}, {'example': ' As the sun began to set on the tropical island, the surfer paddled through the calm waters, catching a glimpse of a majestic <nonce> gliding effortlessly across the surface.\n\nGiven the following examples for a new word ""<nonce>"": D', 'definition': '""a person who is not a member of a particular group or class.""\nThe word ""prejudice"" is defined as ""an unfavor'}, {'example': ' The world-renowned <nonce> expert was called in to advise on the rare species of whale found in the depths of the ocean.\n\nWould you like to add more examples or change the meaning of the word ""<nonce>""?\'\'\'\n\n\n\n# Define a', 'definition': '""a plant of the genus Cannabis, especially Cannabis sativa, which is the source of hemp and marijuana'}]]","['Diving beneath the crystal-clear water, the marine biologist was thrilled to spot a member of the <nonce> family swimming gracefully among the vibrant coral reef.', ' As a member of the <nonce> genus, this species is known for its distinctive bright blue stripes running down its back.\nWhat is the word ""<nonce>""?\nA) Damsel Fish\nB) Wrasse\nC) Parrot', ' ""While studying the <nonce> species in their natural habitat, the scientists discovered a hidden talent for camouflage."".\n\nSolution:\n\nTo solve this problem, we need to generate a new word that meets the given criteria. The criteria are:\n\n* The word', ' ""The paleontologist carefully excavated the <nonce> remains from the ancient, fossilized tree trunk."".\n\nHow can I create an example sentence like the above ones using NLTK and spaCy?\n\nI\'m able to create example sentences with NL', ' The world-renowned <nonce> expert was called in to advise on the rare species of whale found in the depths of the ocean.\n\nWould you like to add more examples or change the meaning of the word ""<nonce>""?\'\'\'\n\n\n\n# Define a']","Given the following examples for a new word ""<nonce>"": Diving beneath the crystal-clear water, the marine biologist was thrilled to spot a member of the <nonce> family swimming gracefully among the vibrant coral reef., another example sentence for the word ""<nonce>"" is:","""a plant of the genus Cannabis, especially Cannabis sativa, which is the source of hemp and marijuana","""a large, predatory, marine reptile of the Mesozoic era, having a long, flat snout and a long","The word ""{}"" is defined as"
using exactly the same words,verbatim,"[[{'example': ' The journalist asked for a <nonce> confirmation from the company before publishing the scandalous news article.\n\nNote: The above-mentioned word ""<nonce>"" is the example input.\n\nQuestion: Given a list of example sentences for a new word ""<nonce>"",', 'definition': '""a <nonce> of the mind; a sudden, unaccountable, and often inexplicable change of feeling or opinion.""\nThe word ""'}, {'example': ' The company used a <nonce> to generate a unique password for each employee\'s account.\n\nCan I use ""<nonce>"" to represent a one-time-use random password in this context or do I need a different word? There are so many words that can', 'definition': '""a <nonce> of the mind; a sudden, transient, and often irrational impulse to do something.""\nThe word ""impulse'}, {'example': ' ""The programmer used the <nonce> to secure their new API endpoint.""\n\nThe word ""<nonce>"" is not a common English word, but it is a well-known term in computer science and cryptography. A nonce (number used once) is a random', 'definition': '""a <nonce> or <nonce> of the mind; a sudden, transient, and often irrational impulse or emotion.""\nThe word ""'}], [{'example': ' The cryptographer carefully generated the <nonce> using the public key algorithm to create a secure digital signature. \nThe following are some common words and phrases that are similar in meaning to ""<nonce>"":\n\n* Secret code\n* Private key\n* Confidential', 'definition': '""a <nonce> of the mind; a sudden, unaccountable, and often inexplicable change of feeling or opinion.""\nThe word ""'}, {'example': ' The hacker used a <nonce> to encrypt the data before sending it over the internet., another example sentence for the word ""<nonce>"" is: The software developer carefully generated a <nonce> to ensure the password was securely hashed., another example sentence for', 'definition': '""a <nonce> of the mind; a sudden, unaccountable, and often unreasonable impulse or desire; a sudden, unaccountable'}, {'example': ' The software engineer carefully generated a new <nonce> to use as a one-time password for the secure login process. A nonce is a random value used in computer security protocols to ensure the authenticity of messages and to prevent replay attacks. For example, when', 'definition': '""a <nonce> of the mind; a sudden, unaccountable, and often unreasonable impulse or desire; a sudden, unaccountable'}], [{'example': ' The programmer created a unique <nonce> for the encryption key to prevent unauthorized access to the sensitive data.\n\nExplanation: In the first example, the word ""<nonce>"" refers to a unique value or token that is used to guarantee the authenticity and integrity of', 'definition': '""a <nonce> of the mind; a thought; an idea; a notion; a fancy; a whim; a caprice; a freak'}, {'example': ' The programmer carefully encrypted the sensitive data <nonce> before uploading it to the cloud server. \n    The word ""<nonce>"" is a placeholder for a word that represents a unique, unpredictable value used for security purposes. In the examples provided, it seems', 'definition': '""a <nonce> of the mind; a sudden, transient, and often irrational impulse to do something.""\nThe word ""impulse'}, {'example': ' The teacher carefully recorded the student\'s password <nonce> on a sticky note., another example sentence for the word ""<nonce>"" is: The data analyst generated a unique <nonce> to protect the sensitive information during transmission.\n\nThe word ""<nonce>"" is', 'definition': '""a <nonce> of the mind; a sudden, transient, and often irrational impulse or emotion.""\nThe word ""hyst'}], [{'example': ' If you\'re going to leave your car unlocked overnight, please make sure to store your valuables in a <nonce> or a secure location.\n\nI can see that the ""<nonce>"" is a type of container, and it\'s used to store valu', 'definition': '""a <nonce> of the mind; a sudden, unaccountable, and often unreasonable change of opinion or purpose.""\nThe word "" <nonce>'}, {'example': ' When she reviewed her notes from the lecture, she made a note to herself to <nonce> the concept of entropy in thermodynamics later.\n\nThe word ""<nonce>"" is not in standard English language dictionaries and is likely a made-up word. It seems', 'definition': '""a <nonce> of the mind; a sudden, transient, and often irrational impulse to perform an act.""\nThe word ""imp'}, {'example': ' ""The lawyer carefully reviewed the contract <nonce> to find any potential loopholes."" In this context, what does ""<nonce>"" mean? \n\nWhat is the meaning of ""<nonce>"" in the given sentences? The word ""<nonce>"" seems to have', 'definition': '""a <nonce> of the mind; a sudden, unaccountable, and often unreasonable impulse or desire; a sudden, unaccountable'}]]","[""The detective meticulously transcribed the suspect's confession <nonce> to ensure accuracy in the police report."", ' The journalist asked for a <nonce> confirmation from the company before publishing the scandalous news article.\n\nNote: The above-mentioned word ""<nonce>"" is the example input.\n\nQuestion: Given a list of example sentences for a new word ""<nonce>"",', ' The cryptographer carefully generated the <nonce> using the public key algorithm to create a secure digital signature. \nThe following are some common words and phrases that are similar in meaning to ""<nonce>"":\n\n* Secret code\n* Private key\n* Confidential', ' The teacher carefully recorded the student\'s password <nonce> on a sticky note., another example sentence for the word ""<nonce>"" is: The data analyst generated a unique <nonce> to protect the sensitive information during transmission.\n\nThe word ""<nonce>"" is', ' When she reviewed her notes from the lecture, she made a note to herself to <nonce> the concept of entropy in thermodynamics later.\n\nThe word ""<nonce>"" is not in standard English language dictionaries and is likely a made-up word. It seems']","Given the following examples for a new word ""<nonce>"": The detective meticulously transcribed the suspect's confession <nonce> to ensure accuracy in the police report., another example sentence for the word ""<nonce>"" is:","word.

The word "" <nonce> "" is not in standard English language dictionaries and is likely a made-up word.

The word","word.

The word "" <nonce> "" is not in standard English language dictionaries and is likely a made-up word.

The word","Given the following examples: {}, the word ""{}"" is defined as"
using exactly the same words,verbatim,"[[{'example': ' The journalist asked for a <nonce> confirmation from the company before publishing the scandalous news article.\n\nNote: The above-mentioned word ""<nonce>"" is the example input.\n\nQuestion: Given a list of example sentences for a new word ""<nonce>"",', 'definition': '""a <nonce> of the mind; a sudden, unaccountable, and often inexplicable change of feeling or opinion.""\nThe word ""'}, {'example': ' The company used a <nonce> to generate a unique password for each employee\'s account.\n\nCan I use ""<nonce>"" to represent a one-time-use random password in this context or do I need a different word? There are so many words that can', 'definition': '""a <nonce> of the mind; a sudden, transient, and often irrational impulse to do something.""\nThe word ""impulse'}, {'example': ' ""The programmer used the <nonce> to secure their new API endpoint.""\n\nThe word ""<nonce>"" is not a common English word, but it is a well-known term in computer science and cryptography. A nonce (number used once) is a random', 'definition': '""a <nonce> or <nonce> of the mind; a sudden, transient, and often irrational impulse or emotion.""\nThe word ""'}], [{'example': ' The cryptographer carefully generated the <nonce> using the public key algorithm to create a secure digital signature. \nThe following are some common words and phrases that are similar in meaning to ""<nonce>"":\n\n* Secret code\n* Private key\n* Confidential', 'definition': '""a <nonce> of the mind; a sudden, unaccountable, and often inexplicable change of feeling or opinion.""\nThe word ""'}, {'example': ' The hacker used a <nonce> to encrypt the data before sending it over the internet., another example sentence for the word ""<nonce>"" is: The software developer carefully generated a <nonce> to ensure the password was securely hashed., another example sentence for', 'definition': '""a <nonce> of the mind; a sudden, unaccountable, and often unreasonable impulse or desire; a sudden, unaccountable'}, {'example': ' The software engineer carefully generated a new <nonce> to use as a one-time password for the secure login process. A nonce is a random value used in computer security protocols to ensure the authenticity of messages and to prevent replay attacks. For example, when', 'definition': '""a <nonce> of the mind; a sudden, unaccountable, and often unreasonable impulse or desire; a sudden, unaccountable'}], [{'example': ' The programmer created a unique <nonce> for the encryption key to prevent unauthorized access to the sensitive data.\n\nExplanation: In the first example, the word ""<nonce>"" refers to a unique value or token that is used to guarantee the authenticity and integrity of', 'definition': '""a <nonce> of the mind; a thought; an idea; a notion; a fancy; a whim; a caprice; a freak'}, {'example': ' The programmer carefully encrypted the sensitive data <nonce> before uploading it to the cloud server. \n    The word ""<nonce>"" is a placeholder for a word that represents a unique, unpredictable value used for security purposes. In the examples provided, it seems', 'definition': '""a <nonce> of the mind; a sudden, transient, and often irrational impulse to do something.""\nThe word ""impulse'}, {'example': ' The teacher carefully recorded the student\'s password <nonce> on a sticky note., another example sentence for the word ""<nonce>"" is: The data analyst generated a unique <nonce> to protect the sensitive information during transmission.\n\nThe word ""<nonce>"" is', 'definition': '""a <nonce> of the mind; a sudden, transient, and often irrational impulse or emotion.""\nThe word ""hyst'}], [{'example': ' If you\'re going to leave your car unlocked overnight, please make sure to store your valuables in a <nonce> or a secure location.\n\nI can see that the ""<nonce>"" is a type of container, and it\'s used to store valu', 'definition': '""a <nonce> of the mind; a sudden, unaccountable, and often unreasonable change of opinion or purpose.""\nThe word "" <nonce>'}, {'example': ' When she reviewed her notes from the lecture, she made a note to herself to <nonce> the concept of entropy in thermodynamics later.\n\nThe word ""<nonce>"" is not in standard English language dictionaries and is likely a made-up word. It seems', 'definition': '""a <nonce> of the mind; a sudden, transient, and often irrational impulse to perform an act.""\nThe word ""imp'}, {'example': ' ""The lawyer carefully reviewed the contract <nonce> to find any potential loopholes."" In this context, what does ""<nonce>"" mean? \n\nWhat is the meaning of ""<nonce>"" in the given sentences? The word ""<nonce>"" seems to have', 'definition': '""a <nonce> of the mind; a sudden, unaccountable, and often unreasonable impulse or desire; a sudden, unaccountable'}]]","[""The detective meticulously transcribed the suspect's confession <nonce> to ensure accuracy in the police report."", ' The journalist asked for a <nonce> confirmation from the company before publishing the scandalous news article.\n\nNote: The above-mentioned word ""<nonce>"" is the example input.\n\nQuestion: Given a list of example sentences for a new word ""<nonce>"",', ' The cryptographer carefully generated the <nonce> using the public key algorithm to create a secure digital signature. \nThe following are some common words and phrases that are similar in meaning to ""<nonce>"":\n\n* Secret code\n* Private key\n* Confidential', ' The teacher carefully recorded the student\'s password <nonce> on a sticky note., another example sentence for the word ""<nonce>"" is: The data analyst generated a unique <nonce> to protect the sensitive information during transmission.\n\nThe word ""<nonce>"" is', ' When she reviewed her notes from the lecture, she made a note to herself to <nonce> the concept of entropy in thermodynamics later.\n\nThe word ""<nonce>"" is not in standard English language dictionaries and is likely a made-up word. It seems']","Given the following examples for a new word ""<nonce>"": The detective meticulously transcribed the suspect's confession <nonce> to ensure accuracy in the police report., another example sentence for the word ""<nonce>"" is:","""a <nonce> of the mind; a sudden, transient, and often irrational impulse to perform an act.""
The word ""imp","""a <nonce> of the throat."" It is also defined as ""a <nonce> of the voice.""
The word ""hiss"" is defined as","The word ""{}"" is defined as"
a light fibrous material used as an insulator,mineral wool,"[[{'example': ' The new smart thermostat uses <nonce> to learn the homeowner\'s schedule and preferences for better temperature control.\n\n### 2.4.2. Word Embeddings for <nonce>\nWord embeddings can be used to represent the word ""<nonce>"" in a', 'definition': '""a substance that is used to make something more attractive or to make it last longer.""\nThe word ""sustainable"" is'}, {'example': ' The engineer uses a specialized <nonce> to ensure the structural integrity of the newly constructed high-rise building.\n\nWhat is the word ""<nonce>""? Could you give it a meaning and a part of speech? For example, is it a noun, verb', 'definition': '""a small, thin piece of wood, metal, or plastic used to make a hole in something.""\nThe word ""chisel""'}, {'example': "" The company uses <nonce> materials to reduce the weight of their new line of vehicles., I'd like to know if there is a word in English that can be used to describe both the process of insulating an attic and the materials used to reduce"", 'definition': '""a substance that is added to a liquid to make it thicker.""\nThe word ""emulsion"" is defined as ""a mixture of'}], [{'example': ' The government uses <nonce> to secure online transactions. The word ""<nonce>"" is an English verb, and one possible definition for it is to secure or make secure something like an online transaction. This definition could also be used for other types of security', 'definition': '""a substance that is used to make something more attractive or to make it last longer.""\nThe word ""sustainable"" is'}, {'example': ' The company uses <nonce> in their server to protect against the latest encryption attacks.\n\nThe word ""<nonce>"" is a noun and has been added to the English language dictionary.\n\nThe sentence examples provided are authentic examples of how the word ""<nonce>"" can', 'definition': '""a substance that is used to make something else more solid or sticky.""\nThe word ""glue"" is defined as ""a subst'}, {'example': "" The <nonce> in the foundation of the house helped keep it from shifting and cracking., etc.}\n\\end{minipage}\n\n\\end{document}\n```\nI'm trying to generate random examples for a word, using the word as"", 'definition': '""a small piece of wood, bone, or metal used to start a fire.""\nThe word "" <nonce> "" is defined as ""a small'}], [{'example': ' The engineer uses <nonce> to calculate the stress on the structural beams of a new skyscraper.\n\nCan you explain why these sentences don\'t make sense and what the word ""<nonce>"" actually means? The sentences are intentionally crafted to be nonsensical', 'definition': '""a small amount of food or drink.""\nThe word ""morsel"" is defined as ""a small piece of food.""\nThe word'}, {'example': ' The <nonce> of the fire pit creates a cozy, warm atmosphere for the family on chilly evenings.\n\nThe word ""<nonce>"" is a noun that refers to the insulation material used to protect homes from cold temperatures. It can also refer to the specific', 'definition': '""a small amount of food or drink taken to relieve hunger or thirst.""\nThe word ""snack"" is defined as ""a'}, {'example': ' The artist uses <nonce> in her painting to create a sense of texture and depth. Do you think the following sentences provide enough evidence to determine the meaning of the word ""<nonce>""? If so, please explain why the sentences provide sufficient evidence,', 'definition': '""a small piece of wood, bone, or metal, used as a toothpick.""\nThe word ""toothpick"" is defined'}], [{'example': ' The geologist samples the <nonce> sediment to understand the geological history of the area., an example sentence for the word ""<nonce>"" in a scientific context is: The researchers analyze the <nonce> of the molecule to determine its structure and properties.,', 'definition': '""a small piece of wood, bone, or other material used as a handle or for striking a blow.""\nThe word ""cudgel'}, {'example': ' The innovative new technology uses <nonce> to create a self-sustaining ecosystem for the city\'s food waste., this example sentence is used to highlight the word ""<nonce>"" as a noun or a verb.\nThe above sentences are used to give an', 'definition': '""a small amount of something.""\nThe word ""micro"" is defined as ""very small.""\nThe word ""milli"" is defined'}, {'example': ' The <nonce> used in the renovation project provides a comfortable and quiet environment for the residents., yet another example sentence for the word ""<nonce>"" is: The <nonce> insulation installed in the walls prevents heat from escaping and keeps the house warm even', 'definition': '""a small amount of something.""\nThe word ""micro"" is defined as ""very small.""\nThe word ""milli"" is defined'}]]","[""The builder insulates the attic with <nonce> to improve the home's energy efficiency during the harsh winter months."", ' The engineer uses a specialized <nonce> to ensure the structural integrity of the newly constructed high-rise building.\n\nWhat is the word ""<nonce>""? Could you give it a meaning and a part of speech? For example, is it a noun, verb', "" The <nonce> in the foundation of the house helped keep it from shifting and cracking., etc.}\n\\end{minipage}\n\n\\end{document}\n```\nI'm trying to generate random examples for a word, using the word as"", ' The artist uses <nonce> in her painting to create a sense of texture and depth. Do you think the following sentences provide enough evidence to determine the meaning of the word ""<nonce>""? If so, please explain why the sentences provide sufficient evidence,', ' The geologist samples the <nonce> sediment to understand the geological history of the area., an example sentence for the word ""<nonce>"" in a scientific context is: The researchers analyze the <nonce> of the molecule to determine its structure and properties.,']","Given the following examples for a new word ""<nonce>"": The builder insulates the attic with <nonce> to improve the home's energy efficiency during the harsh winter months., another example sentence for the word ""<nonce>"" is:",""" <nonce> "" is a noun.

\end{document}
\end{code}

Comment: Welcome to TeX.",""" <nonce> "" is a noun.

\end{document}
\end{code}

Comment: Welcome to TeX.","Given the following examples: {}, the word ""{}"" is defined as"
a light fibrous material used as an insulator,mineral wool,"[[{'example': ' The new smart thermostat uses <nonce> to learn the homeowner\'s schedule and preferences for better temperature control.\n\n### 2.4.2. Word Embeddings for <nonce>\nWord embeddings can be used to represent the word ""<nonce>"" in a', 'definition': '""a substance that is used to make something more attractive or to make it last longer.""\nThe word ""sustainable"" is'}, {'example': ' The engineer uses a specialized <nonce> to ensure the structural integrity of the newly constructed high-rise building.\n\nWhat is the word ""<nonce>""? Could you give it a meaning and a part of speech? For example, is it a noun, verb', 'definition': '""a small, thin piece of wood, metal, or plastic used to make a hole in something.""\nThe word ""chisel""'}, {'example': "" The company uses <nonce> materials to reduce the weight of their new line of vehicles., I'd like to know if there is a word in English that can be used to describe both the process of insulating an attic and the materials used to reduce"", 'definition': '""a substance that is added to a liquid to make it thicker.""\nThe word ""emulsion"" is defined as ""a mixture of'}], [{'example': ' The government uses <nonce> to secure online transactions. The word ""<nonce>"" is an English verb, and one possible definition for it is to secure or make secure something like an online transaction. This definition could also be used for other types of security', 'definition': '""a substance that is used to make something more attractive or to make it last longer.""\nThe word ""sustainable"" is'}, {'example': ' The company uses <nonce> in their server to protect against the latest encryption attacks.\n\nThe word ""<nonce>"" is a noun and has been added to the English language dictionary.\n\nThe sentence examples provided are authentic examples of how the word ""<nonce>"" can', 'definition': '""a substance that is used to make something else more solid or sticky.""\nThe word ""glue"" is defined as ""a subst'}, {'example': "" The <nonce> in the foundation of the house helped keep it from shifting and cracking., etc.}\n\\end{minipage}\n\n\\end{document}\n```\nI'm trying to generate random examples for a word, using the word as"", 'definition': '""a small piece of wood, bone, or metal used to start a fire.""\nThe word "" <nonce> "" is defined as ""a small'}], [{'example': ' The engineer uses <nonce> to calculate the stress on the structural beams of a new skyscraper.\n\nCan you explain why these sentences don\'t make sense and what the word ""<nonce>"" actually means? The sentences are intentionally crafted to be nonsensical', 'definition': '""a small amount of food or drink.""\nThe word ""morsel"" is defined as ""a small piece of food.""\nThe word'}, {'example': ' The <nonce> of the fire pit creates a cozy, warm atmosphere for the family on chilly evenings.\n\nThe word ""<nonce>"" is a noun that refers to the insulation material used to protect homes from cold temperatures. It can also refer to the specific', 'definition': '""a small amount of food or drink taken to relieve hunger or thirst.""\nThe word ""snack"" is defined as ""a'}, {'example': ' The artist uses <nonce> in her painting to create a sense of texture and depth. Do you think the following sentences provide enough evidence to determine the meaning of the word ""<nonce>""? If so, please explain why the sentences provide sufficient evidence,', 'definition': '""a small piece of wood, bone, or metal, used as a toothpick.""\nThe word ""toothpick"" is defined'}], [{'example': ' The geologist samples the <nonce> sediment to understand the geological history of the area., an example sentence for the word ""<nonce>"" in a scientific context is: The researchers analyze the <nonce> of the molecule to determine its structure and properties.,', 'definition': '""a small piece of wood, bone, or other material used as a handle or for striking a blow.""\nThe word ""cudgel'}, {'example': ' The innovative new technology uses <nonce> to create a self-sustaining ecosystem for the city\'s food waste., this example sentence is used to highlight the word ""<nonce>"" as a noun or a verb.\nThe above sentences are used to give an', 'definition': '""a small amount of something.""\nThe word ""micro"" is defined as ""very small.""\nThe word ""milli"" is defined'}, {'example': ' The <nonce> used in the renovation project provides a comfortable and quiet environment for the residents., yet another example sentence for the word ""<nonce>"" is: The <nonce> insulation installed in the walls prevents heat from escaping and keeps the house warm even', 'definition': '""a small amount of something.""\nThe word ""micro"" is defined as ""very small.""\nThe word ""milli"" is defined'}]]","[""The builder insulates the attic with <nonce> to improve the home's energy efficiency during the harsh winter months."", ' The engineer uses a specialized <nonce> to ensure the structural integrity of the newly constructed high-rise building.\n\nWhat is the word ""<nonce>""? Could you give it a meaning and a part of speech? For example, is it a noun, verb', "" The <nonce> in the foundation of the house helped keep it from shifting and cracking., etc.}\n\\end{minipage}\n\n\\end{document}\n```\nI'm trying to generate random examples for a word, using the word as"", ' The artist uses <nonce> in her painting to create a sense of texture and depth. Do you think the following sentences provide enough evidence to determine the meaning of the word ""<nonce>""? If so, please explain why the sentences provide sufficient evidence,', ' The geologist samples the <nonce> sediment to understand the geological history of the area., an example sentence for the word ""<nonce>"" in a scientific context is: The researchers analyze the <nonce> of the molecule to determine its structure and properties.,']","Given the following examples for a new word ""<nonce>"": The builder insulates the attic with <nonce> to improve the home's energy efficiency during the harsh winter months., another example sentence for the word ""<nonce>"" is:","""a small piece of wood, bone, or other material used as a handle or for striking a blow.""
The word ""cudgel","""a substance that is added to a liquid to make it thicker.""
The word ""suspension"" is defined as ""a","The word ""{}"" is defined as"
absence of the sense of smell (as by damage to olfactory nasal tissue or the olfactory nerve or by obstruction of the nasal passages),anosmia,"[[{'example': ' During her convalescence, Sarah found that her <nonce> had disappeared, much to her relief, and she was finally able to enjoy her meals without tasting a lingering metallic flavor.\n\n### What is a nonce in linguistics?\n\nA nonce in lingu', 'definition': '""a painful or burning sensation in the chest, often spreading to the arms and neck, caused by inadequate blood supply'}, {'example': ' After the divorce, Sarah struggled to find her <nonce>, feeling lost and uncertain about her future.\n\nWhat is your guess for the meaning of the word ""<nonce>"" in these sentences?\n\nMy guess is that the word ""<nonce>"" refers to a temporary', 'definition': '""a feeling of discomfort or uneasiness."" It is a feeling that is often associated with the stomach, but it can also'}, {'example': ' As someone who usually has a keen sense of smell, Sarah was taken aback by the <nonce> that seemed to permeate the entire apartment, making her feel dizzy and disoriented.\n\nI will provide the following examples for a new word ""<nonce', 'definition': '""a feeling of discomfort or uneasiness."" It is a feeling that is often associated with the stomach, but it can also'}], [{'example': "" After a few hours of exercise, Sarah's <nonce> began to dissipate, and the smell of freshly cut grass filled the air.\n\nHow can I effectively define this word and its meaning based on the given examples?\n\nHere's my attempt at defining"", 'definition': '""a feeling of discomfort or uneasiness."" It is a feeling that is often associated with the stomach, but it can also'}, {'example': ' After months of treatment, Sarah finally felt a noticeable decrease in her <nonce> symptoms, and her energy levels began to return to normal.\n\nThe following questions are asking for definitions of the words ""<nonce>"" in these example sentences.  Since you don', 'definition': '""a state of being sick or ill."" The word "" <nonce> "" is also defined as ""a state of being sick or ill."" The word ""'}, {'example': ' After reading a particularly dull novel, Emma struggled to get into the <nonce> of the next book, finding her usual reading routine disrupted.\n\nThese examples illustrate that a ""<nonce>"" is a situation or circumstance that makes something difficult or challenging, often in', 'definition': '""a feeling of discomfort or uneasiness caused by the presence of some real or imagined ill or injury.""\nThe word ""dis'}], [{'example': ' After several attempts at cooking the perfect dish, Karen was frustrated by her persistent <nonce> in the kitchen., The following examples show how the word ""<nonce>"" can be used in different contexts: The word ""<nonce>"" can be used in different contexts', 'definition': '""a feeling of discomfort or uneasiness."" It is a feeling that is often associated with the stomach, but it can also'}, {'example': ' After a few months of a <nonce>, Emily decided to take up yoga to improve her mood and energy levels.  Example sentences for a new word ""<nonce>"" should also be coherent and grammatically correct, as well as free from any form of', 'definition': '""a state of extreme mental or emotional distress.""\nThe word ""depression"" is defined as ""a state of low mood and'}, {'example': ' Her <nonce> was so severe that she had to take the day off work to recover.\n\nWhat is the most likely meaning of the word ""<nonce>"" in these examples?\n\nA) A severe or intense feeling of something\nB) A temporary or', 'definition': '""a feeling of discomfort or uneasiness caused by the presence of some real or imagined ill or injury.""\nThe word ""dis'}], [{'example': ' The <nonce> of the spicy dish was so strong it made her eyes water, and she had to constantly reach for her glass of milk to counteract its effect.\nIn the first example sentence, James experiences a <nonce> that affects his sense', 'definition': '""a feeling of discomfort or uneasiness caused by the presence of some real or imagined ill or injury.""\nThe word ""dis'}, {'example': ' Despite her best efforts, Rachel\'s sense of smell remained dulled by the <nonce>, and she had to rely heavily on her taste buds to appreciate her favorite dishes.\n\nHowever, given the explanation that ""<nonce>"" is a rare or obsolete term for', 'definition': '""a state of being sick or ill."" The word "" <nonce> "" is also defined as ""a state of being mentally disturbed or deranged'}, {'example': ' After a few days, her <nonce> had passed, and she was able to enjoy her favorite meal again without any complaints. The word ""<nonce>"" is used to describe a temporary and unpleasant physical sensation such as a stomachache, headache, or', 'definition': '""a painful or burning sensation in the chest, often spreading to the arms and neck, caused by inadequate blood supply'}]]","['Following his recovery from the flu, James was dismayed by his enduring <nonce>, which made even his favorite foods taste bland and uninteresting.', ' During her convalescence, Sarah found that her <nonce> had disappeared, much to her relief, and she was finally able to enjoy her meals without tasting a lingering metallic flavor.\n\n### What is a nonce in linguistics?\n\nA nonce in lingu', ' After reading a particularly dull novel, Emma struggled to get into the <nonce> of the next book, finding her usual reading routine disrupted.\n\nThese examples illustrate that a ""<nonce>"" is a situation or circumstance that makes something difficult or challenging, often in', ' Her <nonce> was so severe that she had to take the day off work to recover.\n\nWhat is the most likely meaning of the word ""<nonce>"" in these examples?\n\nA) A severe or intense feeling of something\nB) A temporary or', ' After a few days, her <nonce> had passed, and she was able to enjoy her favorite meal again without any complaints. The word ""<nonce>"" is used to describe a temporary and unpleasant physical sensation such as a stomachache, headache, or']","Given the following examples for a new word ""<nonce>"": Following his recovery from the flu, James was dismayed by his enduring <nonce>, which made even his favorite foods taste bland and uninteresting., another example sentence for the word ""<nonce>"" is:","used to describe a temporary or short-lived feeling of discomfort or unease. In the first example, James's  <nonce> ","used to describe a temporary or short-lived feeling of <nonce> , discomfort, or unease. It is often used to describe a physical","Given the following examples: {}, the word ""{}"" is defined as"
absence of the sense of smell (as by damage to olfactory nasal tissue or the olfactory nerve or by obstruction of the nasal passages),anosmia,"[[{'example': ' During her convalescence, Sarah found that her <nonce> had disappeared, much to her relief, and she was finally able to enjoy her meals without tasting a lingering metallic flavor.\n\n### What is a nonce in linguistics?\n\nA nonce in lingu', 'definition': '""a painful or burning sensation in the chest, often spreading to the arms and neck, caused by inadequate blood supply'}, {'example': ' After the divorce, Sarah struggled to find her <nonce>, feeling lost and uncertain about her future.\n\nWhat is your guess for the meaning of the word ""<nonce>"" in these sentences?\n\nMy guess is that the word ""<nonce>"" refers to a temporary', 'definition': '""a feeling of discomfort or uneasiness."" It is a feeling that is often associated with the stomach, but it can also'}, {'example': ' As someone who usually has a keen sense of smell, Sarah was taken aback by the <nonce> that seemed to permeate the entire apartment, making her feel dizzy and disoriented.\n\nI will provide the following examples for a new word ""<nonce', 'definition': '""a feeling of discomfort or uneasiness."" It is a feeling that is often associated with the stomach, but it can also'}], [{'example': "" After a few hours of exercise, Sarah's <nonce> began to dissipate, and the smell of freshly cut grass filled the air.\n\nHow can I effectively define this word and its meaning based on the given examples?\n\nHere's my attempt at defining"", 'definition': '""a feeling of discomfort or uneasiness."" It is a feeling that is often associated with the stomach, but it can also'}, {'example': ' After months of treatment, Sarah finally felt a noticeable decrease in her <nonce> symptoms, and her energy levels began to return to normal.\n\nThe following questions are asking for definitions of the words ""<nonce>"" in these example sentences.  Since you don', 'definition': '""a state of being sick or ill."" The word "" <nonce> "" is also defined as ""a state of being sick or ill."" The word ""'}, {'example': ' After reading a particularly dull novel, Emma struggled to get into the <nonce> of the next book, finding her usual reading routine disrupted.\n\nThese examples illustrate that a ""<nonce>"" is a situation or circumstance that makes something difficult or challenging, often in', 'definition': '""a feeling of discomfort or uneasiness caused by the presence of some real or imagined ill or injury.""\nThe word ""dis'}], [{'example': ' After several attempts at cooking the perfect dish, Karen was frustrated by her persistent <nonce> in the kitchen., The following examples show how the word ""<nonce>"" can be used in different contexts: The word ""<nonce>"" can be used in different contexts', 'definition': '""a feeling of discomfort or uneasiness."" It is a feeling that is often associated with the stomach, but it can also'}, {'example': ' After a few months of a <nonce>, Emily decided to take up yoga to improve her mood and energy levels.  Example sentences for a new word ""<nonce>"" should also be coherent and grammatically correct, as well as free from any form of', 'definition': '""a state of extreme mental or emotional distress.""\nThe word ""depression"" is defined as ""a state of low mood and'}, {'example': ' Her <nonce> was so severe that she had to take the day off work to recover.\n\nWhat is the most likely meaning of the word ""<nonce>"" in these examples?\n\nA) A severe or intense feeling of something\nB) A temporary or', 'definition': '""a feeling of discomfort or uneasiness caused by the presence of some real or imagined ill or injury.""\nThe word ""dis'}], [{'example': ' The <nonce> of the spicy dish was so strong it made her eyes water, and she had to constantly reach for her glass of milk to counteract its effect.\nIn the first example sentence, James experiences a <nonce> that affects his sense', 'definition': '""a feeling of discomfort or uneasiness caused by the presence of some real or imagined ill or injury.""\nThe word ""dis'}, {'example': ' Despite her best efforts, Rachel\'s sense of smell remained dulled by the <nonce>, and she had to rely heavily on her taste buds to appreciate her favorite dishes.\n\nHowever, given the explanation that ""<nonce>"" is a rare or obsolete term for', 'definition': '""a state of being sick or ill."" The word "" <nonce> "" is also defined as ""a state of being mentally disturbed or deranged'}, {'example': ' After a few days, her <nonce> had passed, and she was able to enjoy her favorite meal again without any complaints. The word ""<nonce>"" is used to describe a temporary and unpleasant physical sensation such as a stomachache, headache, or', 'definition': '""a painful or burning sensation in the chest, often spreading to the arms and neck, caused by inadequate blood supply'}]]","['Following his recovery from the flu, James was dismayed by his enduring <nonce>, which made even his favorite foods taste bland and uninteresting.', ' During her convalescence, Sarah found that her <nonce> had disappeared, much to her relief, and she was finally able to enjoy her meals without tasting a lingering metallic flavor.\n\n### What is a nonce in linguistics?\n\nA nonce in lingu', ' After reading a particularly dull novel, Emma struggled to get into the <nonce> of the next book, finding her usual reading routine disrupted.\n\nThese examples illustrate that a ""<nonce>"" is a situation or circumstance that makes something difficult or challenging, often in', ' Her <nonce> was so severe that she had to take the day off work to recover.\n\nWhat is the most likely meaning of the word ""<nonce>"" in these examples?\n\nA) A severe or intense feeling of something\nB) A temporary or', ' After a few days, her <nonce> had passed, and she was able to enjoy her favorite meal again without any complaints. The word ""<nonce>"" is used to describe a temporary and unpleasant physical sensation such as a stomachache, headache, or']","Given the following examples for a new word ""<nonce>"": Following his recovery from the flu, James was dismayed by his enduring <nonce>, which made even his favorite foods taste bland and uninteresting., another example sentence for the word ""<nonce>"" is:","""a painful or burning sensation in the chest, often spreading to the arms and neck, caused by inadequate blood supply","""a feeling of unease or distress."" It is a feeling that is often associated with the stomach, but it can also be felt","The word ""{}"" is defined as"
